transaction_id,transaction_date,customer_id,product_name,quantity,price,payment_method,transaction_status,total_amount,branch,city,country,region,department,manager,lat,lon,value_tier
T15693,2024-08-05,C3666,Smartphone,-2.0,597.0,Credit Card,,-1194.0,Branch A,Warsaw,Poland,Europe,Retail Banking,Anna,52.2297,21.0122,Low
T17672,2024-08-05,C645,Tablet,978.0,,Credit Card,Completed,,Branch C,Paris,France,Europe,Retail Banking,Michael,48.8566,2.3522,Low
,2024-08-05,C2821,Coffee Machine,-5.0,799.1914448102832,creditcard,completed,-3995.9572240514162,Branch B,Berlin,Germany,Europe,Retail Banking,John,52.52,13.405,Low
,2024-08-05,C1301,Tablet,5.0,817.7865836706592,pay pal,Failed,4088.932918353296,Branch C,Paris,France,Europe,Retail Banking,Michael,48.8566,2.3522,High
T34276,2024-08-06,C2359,Coffee Machine,-8.0,953.0706746269054,PayPal ,Pending,-7624.565397015243,Branch B,Berlin,Germany,Europe,Retail Banking,John,52.52,13.405,Low
T69709,2024-08-06,C1578,Smartphone,3.0,,PayPal ,completed,,Branch A,Warsaw,Poland,Europe,Retail Banking,Anna,52.2297,21.0122,Low
T85314,2024-08-06,C433,Tablet,1.0,,credit card,Pending,,Branch C,Paris,France,Europe,Retail Banking,Michael,48.8566,2.3522,Low
T61062,2024-08-06,C2536,Tablet,261.0,955.9806000027924,pay pal,Completed,249510.9366007288,Branch C,Paris,France,Europe,Retail Banking,Michael,48.8566,2.3522,High
T96386,2024-08-06,C4773,Laptop,5.0,693.8442563866579,Credit Card,complete,3469.2212819332894,Branch D,Prague,Czechia,Europe,Retail Banking,Elena,50.0755,14.4378,High
T3933,2024-08-06,C4532,Smartphone,-6.0,281.63046976728447,PayPal,completed,-1689.7828186037068,Branch A,Warsaw,Poland,Europe,Retail Banking,Anna,52.2297,21.0122,Low
T16431,2024-08-06,C2206,Tablet,890.0,153.40709867423834,pay pal,Failed,136532.31782007212,Branch C,Paris,France,Europe,Retail Banking,Michael,48.8566,2.3522,High
T69709,2024-08-06,C1578,Smartphone,3.0,,PayPal ,completed,,Branch A,Warsaw,Poland,Europe,Retail Banking,Anna,52.2297,21.0122,Low
T16975,2024-08-06,C3839,Smartphone,-1.0,,Cash,,,Branch A,Warsaw,Poland,Europe,Retail Banking,Anna,52.2297,21.0122,Low
T22932,2024-08-06,C616,Coffee Machine,1.0,416.6732014415215,Credit Card,,416.6732014415215,Branch B,Berlin,Germany,Europe,Retail Banking,John,52.52,13.405,Medium
T51805,2024-08-06,C3028,Tablet,5.0,803.1499639956189,PayPal ,complete,4015.749819978095,Branch C,Paris,France,Europe,Retail Banking,Michael,48.8566,2.3522,High
T83296,2024-08-06,C2930,Smartphone,865.0,605.9781549180352,PayPal ,complete,524171.1040041005,Branch A,Warsaw,Poland,Europe,Retail Banking,Anna,52.2297,21.0122,High
T3211,2024-08-06,C2708,Coffee Machine,2.0,636.5341375810178,Credit Card,,1273.0682751620357,Branch B,Berlin,Germany,Europe,Retail Banking,John,52.52,13.405,High
T78584,2024-08-06,C3193,Laptop,-7.0,,PayPal,Failed,,Branch D,Prague,Czechia,Europe,Retail Banking,Elena,50.0755,14.4378,Low
T65350,2024-08-06,C652,Coffee Machine,2.0,162.20867283155906,pay pal,Completed,324.4173456631181,Branch B,Berlin,Germany,Europe,Retail Banking,John,52.52,13.405,Medium
T83610,2024-08-07,C4710,Coffee Machine,10.0,893.2913183151362,PayPal,Completed,8932.913183151362,Branch B,Berlin,Germany,Europe,Retail Banking,John,52.52,13.405,High
T14076,2024-08-07,C1755,Laptop,596.0,484.600794078315,Credit Card,Failed,288822.0732706757,Branch D,Prague,Czechia,Europe,Retail Banking,Elena,50.0755,14.4378,High
T80844,2024-08-07,C2835,Smartphone,4.0,,pay pal,Completed,,Branch A,Warsaw,Poland,Europe,Retail Banking,Anna,52.2297,21.0122,Low
T21774,2024-08-07,C3647,Smartphone,3.0,964.2873743605962,Credit Card,,2892.862123081789,Branch A,Warsaw,Poland,Europe,Retail Banking,Anna,52.2297,21.0122,High
T58517,2024-08-07,C734,Tablet,195.0,718.2918544536448,Credit Card,complete,140066.91161846073,Branch C,Paris,France,Europe,Retail Banking,Michael,48.8566,2.3522,High
T90710,2024-08-07,C2477,Laptop,-3.0,259.53691717809374,PayPal ,,-778.6107515342812,Branch D,Prague,Czechia,Europe,Retail Banking,Elena,50.0755,14.4378,Low
T60156,2024-08-07,C4513,Laptop,-1.0,631.6684013182388,creditcard,Pending,-631.6684013182388,Branch D,Prague,Czechia,Europe,Retail Banking,Elena,50.0755,14.4378,Low
T3709,2024-08-07,C1721,Laptop,-4.0,,creditcard,complete,,Branch D,Prague,Czechia,Europe,Retail Banking,Elena,50.0755,14.4378,Low
T67117,2024-08-07,C3783,Coffee Machine,-8.0,,Credit Card,,,Branch B,Berlin,Germany,Europe,Retail Banking,John,52.52,13.405,Low
T49008,2024-08-07,C4994,Coffee Machine,423.0,,Cash,,,Branch B,Berlin,Germany,Europe,Retail Banking,John,52.52,13.405,Low
T8250,2024-08-07,C113,Coffee Machine,8.0,976.405183955766,credit card,completed,7811.241471646128,Branch B,Berlin,Germany,Europe,Retail Banking,John,52.52,13.405,High
T44074,2024-08-07,C3935,Smartphone,8.0,736.9269618022704,Credit Card,complete,5895.415694418163,Branch A,Warsaw,Poland,Europe,Retail Banking,Anna,52.2297,21.0122,High
T2417,2024-08-07,C4482,Coffee Machine,973.0,,credit card,completed,,Branch B,Berlin,Germany,Europe,Retail Banking,John,52.52,13.405,Low
T86335,2024-08-08,C2859,Smartphone,-7.0,87.93324795561045,creditcard,Failed,-615.5327356892732,Branch A,Warsaw,Poland,Europe,Retail Banking,Anna,52.2297,21.0122,Low
T80459,2024-08-08,C2770,Coffee Machine,8.0,311.56917286190736,creditcard,Failed,2492.553382895259,Branch B,Berlin,Germany,Europe,Retail Banking,John,52.52,13.405,High
T32315,2024-08-08,C3722,Smartphone,118.0,872.7551328494014,pay pal,Pending,102985.10567622937,Branch A,Warsaw,Poland,Europe,Retail Banking,Anna,52.2297,21.0122,High
T76637,2024-08-08,C4695,Tablet,7.0,,creditcard,Pending,,Branch C,Paris,France,Europe,Retail Banking,Michael,48.8566,2.3522,Low
T7167,2024-08-08,C1136,Headphones,302.0,150.2588804633982,PayPal,Pending,45378.18189994626,Branch E,Vienna,Austria,Europe,Retail Banking,Stefan,48.2082,16.3738,High
T75063,2024-08-08,C3896,Coffee Machine,-9.0,654.0528915773505,pay pal,Pending,-5886.476024196154,Branch B,Berlin,Germany,Europe,Retail Banking,John,52.52,13.405,Low
T73296,2024-08-08,C407,Smartphone,-7.0,746.0240641537299,credit card,Failed,-5222.168449076109,Branch A,Warsaw,Poland,Europe,Retail Banking,Anna,52.2297,21.0122,Low
T42970,2024-08-08,C3741,Laptop,-3.0,863.6865946183831,Credit Card,,-2591.0597838551494,Branch D,Prague,Czechia,Europe,Retail Banking,Elena,50.0755,14.4378,Low
T24343,2024-08-08,C3787,Smartphone,-1.0,312.9059574639496,creditcard,Pending,-312.9059574639496,Branch A,Warsaw,Poland,Europe,Retail Banking,Anna,52.2297,21.0122,Low
T22854,2024-08-08,C2219,Headphones,9.0,,PayPal ,,,Branch E,Vienna,Austria,Europe,Retail Banking,Stefan,48.2082,16.3738,Low
T80978,2024-08-08,,Smartphone,4.0,,creditcard,complete,,Branch A,Warsaw,Poland,Europe,Retail Banking,Anna,52.2297,21.0122,Low
T65565,2024-08-08,C762,Tablet,-2.0,291.8956116299265,Credit Card,completed,-583.791223259853,Branch C,Paris,France,Europe,Retail Banking,Michael,48.8566,2.3522,Low
T10316,2024-08-08,C4476,Coffee Machine,-3.0,716.4048179443969,credit card,completed,-2149.2144538331904,Branch B,Berlin,Germany,Europe,Retail Banking,John,52.52,13.405,Low
T98422,2024-08-08,C608,Coffee Machine,298.0,943.56,PayPal ,Failed,281180.88,Branch B,Berlin,Germany,Europe,Retail Banking,John,52.52,13.405,High
T1334,2024-08-08,,Smartphone,3.0,,PayPal ,Completed,,Branch A,Warsaw,Poland,Europe,Retail Banking,Anna,52.2297,21.0122,Low
T68452,2024-08-08,C2015,Smartphone,-9.0,,credit card,Failed,,Branch A,Warsaw,Poland,Europe,Retail Banking,Anna,52.2297,21.0122,Low
T68000,2024-08-08,C2804,Headphones,417.0,451.6184089454715,PayPal ,Failed,188324.87653026162,Branch E,Vienna,Austria,Europe,Retail Banking,Stefan,48.2082,16.3738,High
T79249,2024-08-09,C2484,Coffee Machine,6.0,,credit card,Completed,,Branch B,Berlin,Germany,Europe,Retail Banking,John,52.52,13.405,Low
T46281,2024-08-09,C3899,Tablet,-5.0,939.63,creditcard,complete,-4698.15,Branch C,Paris,France,Europe,Retail Banking,Michael,48.8566,2.3522,Low
T88158,2024-08-09,C455,Headphones,3.0,,PayPal ,completed,,Branch E,Vienna,Austria,Europe,Retail Banking,Stefan,48.2082,16.3738,Low
T53984,2024-08-09,C1500,Headphones,-7.0,586.7226091408886,Cash,completed,-4107.0582639862205,Branch E,Vienna,Austria,Europe,Retail Banking,Stefan,48.2082,16.3738,Low
T95849,2024-08-09,C3998,Tablet,-3.0,631.0913827316808,PayPal,Completed,-1893.2741481950425,Branch C,Paris,France,Europe,Retail Banking,Michael,48.8566,2.3522,Low
T45130,2024-08-09,,Laptop,-9.0,119.71018610766636,PayPal,Failed,-1077.3916749689972,Branch D,Prague,Czechia,Europe,Retail Banking,Elena,50.0755,14.4378,Low
T31383,2024-08-09,C169,Coffee Machine,-3.0,86.9393814045435,creditcard,completed,-260.8181442136305,Branch B,Berlin,Germany,Europe,Retail Banking,John,52.52,13.405,Low
T37513,2024-08-09,C034,Laptop,-1.0,430.7182302479771,pay pal,complete,-430.7182302479771,Branch D,Prague,Czechia,Europe,Retail Banking,Elena,50.0755,14.4378,Low
T6926,2024-08-09,,Laptop,-3.0,955.0373693818824,creditcard,Failed,-2865.112108145647,Branch D,Prague,Czechia,Europe,Retail Banking,Elena,50.0755,14.4378,Low
T72038,2024-08-09,C2747,Coffee Machine,6.0,303.38800508122233,PayPal ,complete,1820.328030487334,Branch B,Berlin,Germany,Europe,Retail Banking,John,52.52,13.405,High
T46366,2024-08-09,C3828,Tablet,454.0,142.57205537532116,PayPal,completed,64727.713140395805,Branch C,Paris,France,Europe,Retail Banking,Michael,48.8566,2.3522,High
T20095,2024-08-09,C1458,Smartphone,852.0,681.8863332808694,Credit Card,completed,580967.1559553007,Branch A,Warsaw,Poland,Europe,Retail Banking,Anna,52.2297,21.0122,High
,2024-08-09,C4268,Coffee Machine,-3.0,972.8021276951852,pay pal,complete,-2918.4063830855557,Branch B,Berlin,Germany,Europe,Retail Banking,John,52.52,13.405,Low
T0292,2024-08-09,,Laptop,980.0,233.90225085887437,Cash,Pending,229224.20584169688,Branch D,Prague,Czechia,Europe,Retail Banking,Elena,50.0755,14.4378,High
T14542,2024-08-09,C275,Tablet,5.0,116.00677062318351,PayPal,completed,580.0338531159175,Branch C,Paris,France,Europe,Retail Banking,Michael,48.8566,2.3522,Medium
T16544,2024-08-09,C1934,Smartphone,3.0,,credit card,Failed,,Branch A,Warsaw,Poland,Europe,Retail Banking,Anna,52.2297,21.0122,Low
T94215,2024-08-09,C1813,Tablet,971.0,,PayPal ,completed,,Branch C,Paris,France,Europe,Retail Banking,Michael,48.8566,2.3522,Low
T40193,2024-08-09,C2992,Tablet,7.0,,Cash,complete,,Branch C,Paris,France,Europe,Retail Banking,Michael,48.8566,2.3522,Low
T46061,2024-08-09,C4661,Headphones,215.0,,Credit Card,Pending,,Branch E,Vienna,Austria,Europe,Retail Banking,Stefan,48.2082,16.3738,Low
T46281,2024-08-09,C3899,Tablet,-5.0,939.63,creditcard,complete,-4698.15,Branch C,Paris,France,Europe,Retail Banking,Michael,48.8566,2.3522,Low
T28438,2024-08-09,,Tablet,7.0,906.417625640336,Cash,complete,6344.923379482352,Branch C,Paris,France,Europe,Retail Banking,Michael,48.8566,2.3522,High
T36411,2024-08-10,C2427,Tablet,296.0,193.0436496148832,PayPal,,57140.92028600543,Branch C,Paris,France,Europe,Retail Banking,Michael,48.8566,2.3522,High
T38678,2024-08-10,C2746,Laptop,-2.0,311.3332269597681,credit card,complete,-622.6664539195363,Branch D,Prague,Czechia,Europe,Retail Banking,Elena,50.0755,14.4378,Low
T27010,2024-08-10,C1046,Headphones,6.0,380.4,Cash,complete,2282.3999999999996,Branch E,Vienna,Austria,Europe,Retail Banking,Stefan,48.2082,16.3738,High
T14177,2024-08-10,C4030,Headphones,448.0,,pay pal,,,Branch E,Vienna,Austria,Europe,Retail Banking,Stefan,48.2082,16.3738,Low
T97961,2024-08-10,C4304,Headphones,-10.0,968.1984273339876,Cash,completed,-9681.984273339876,Branch E,Vienna,Austria,Europe,Retail Banking,Stefan,48.2082,16.3738,Low
T56295,2024-08-10,C4856,Coffee Machine,-2.0,985.6361959432749,PayPal ,complete,-1971.2723918865497,Branch B,Berlin,Germany,Europe,Retail Banking,John,52.52,13.405,Low
T53504,2024-08-10,C1398,Smartphone,633.0,785.2635994889001,credit card,Completed,497071.8584764738,Branch A,Warsaw,Poland,Europe,Retail Banking,Anna,52.2297,21.0122,High
T19509,2024-08-10,C982,Tablet,7.0,,credit card,,,Branch C,Paris,France,Europe,Retail Banking,Michael,48.8566,2.3522,Low
T67589,2024-08-10,C1262,Headphones,917.0,470.9994544699049,credit card,Completed,431906.4997489028,Branch E,Vienna,Austria,Europe,Retail Banking,Stefan,48.2082,16.3738,High
,2024-08-10,C2124,Headphones,427.0,206.31426556770475,Credit Card,Failed,88096.19139740993,Branch E,Vienna,Austria,Europe,Retail Banking,Stefan,48.2082,16.3738,High
T71424,2024-08-10,C1041,Smartphone,9.0,,Credit Card,,,Branch A,Warsaw,Poland,Europe,Retail Banking,Anna,52.2297,21.0122,Low
T92449,2024-08-10,C1026,Headphones,-7.0,434.2384105699592,PayPal,complete,-3039.6688739897145,Branch E,Vienna,Austria,Europe,Retail Banking,Stefan,48.2082,16.3738,Low
T58985,2024-08-10,C3314,Laptop,1.0,760.2754946759496,pay pal,complete,760.2754946759496,Branch D,Prague,Czechia,Europe,Retail Banking,Elena,50.0755,14.4378,Medium
T4320,2024-08-10,C4967,Smartphone,455.0,723.0206605514879,Credit Card,Pending,328974.40055092704,Branch A,Warsaw,Poland,Europe,Retail Banking,Anna,52.2297,21.0122,High
T34575,2024-08-10,C3972,Coffee Machine,-4.0,168.94904132405088,pay pal,completed,-675.7961652962035,Branch B,Berlin,Germany,Europe,Retail Banking,John,52.52,13.405,Low
T27913,2024-08-10,C2092,Tablet,-10.0,204.29879774669075,Cash,,-2042.9879774669075,Branch C,Paris,France,Europe,Retail Banking,Michael,48.8566,2.3522,Low
T66582,2024-08-10,C1025,Smartphone,-9.0,299.46128724432094,PayPal ,Completed,-2695.1515851988884,Branch A,Warsaw,Poland,Europe,Retail Banking,Anna,52.2297,21.0122,Low
T61588,2024-08-10,,Laptop,-4.0,,PayPal ,Pending,,Branch D,Prague,Czechia,Europe,Retail Banking,Elena,50.0755,14.4378,Low
T5421,2024-08-11,C1031,Headphones,879.0,,Cash,Pending,,Branch E,Vienna,Austria,Europe,Retail Banking,Stefan,48.2082,16.3738,Low
T66292,2024-08-11,C4643,Coffee Machine,102.0,,Credit Card,complete,,Branch B,Berlin,Germany,Europe,Retail Banking,John,52.52,13.405,Low
T66806,2024-08-11,C836,Coffee Machine,350.0,511.0502617135842,PayPal ,Failed,178867.59159975447,Branch B,Berlin,Germany,Europe,Retail Banking,John,52.52,13.405,High
T0883,2024-08-11,C4474,Smartphone,2.0,,Credit Card,Completed,,Branch A,Warsaw,Poland,Europe,Retail Banking,Anna,52.2297,21.0122,Low
T6176,2024-08-11,C1989,Headphones,10.0,346.4665913290368,Credit Card,completed,3464.6659132903683,Branch E,Vienna,Austria,Europe,Retail Banking,Stefan,48.2082,16.3738,High
T0269,2024-08-11,C3990,Coffee Machine,-8.0,810.4362003026442,credit card,Completed,-6483.489602421154,Branch B,Berlin,Germany,Europe,Retail Banking,John,52.52,13.405,Low
T91402,2024-08-11,C1512,Laptop,823.0,,pay pal,Failed,,Branch D,Prague,Czechia,Europe,Retail Banking,Elena,50.0755,14.4378,Low
T90743,2024-08-11,C4396,Laptop,821.0,199.3044384640703,PayPal ,Pending,163628.94397900172,Branch D,Prague,Czechia,Europe,Retail Banking,Elena,50.0755,14.4378,High
T1143,2024-08-11,C1763,Tablet,-4.0,770.7636943763692,credit card,complete,-3083.054777505477,Branch C,Paris,France,Europe,Retail Banking,Michael,48.8566,2.3522,Low
T9042,2024-08-11,C3281,Headphones,552.0,917.2267008519678,PayPal,complete,506309.13887028623,Branch E,Vienna,Austria,Europe,Retail Banking,Stefan,48.2082,16.3738,High
T14261,2024-08-11,C3099,Smartphone,-2.0,337.7739749384742,PayPal,,-675.5479498769485,Branch A,Warsaw,Poland,Europe,Retail Banking,Anna,52.2297,21.0122,Low
T27395,2024-08-11,C1802,Coffee Machine,352.0,,creditcard,complete,,Branch B,Berlin,Germany,Europe,Retail Banking,John,52.52,13.405,Low
T64038,2024-08-11,C3538,Coffee Machine,-4.0,346.7912037664188,PayPal,completed,-1387.1648150656752,Branch B,Berlin,Germany,Europe,Retail Banking,John,52.52,13.405,Low
T22055,2024-08-11,C385,Smartphone,-5.0,744.4630667775525,PayPal,Pending,-3722.315333887763,Branch A,Warsaw,Poland,Europe,Retail Banking,Anna,52.2297,21.0122,Low
T11900,2024-08-11,C093,Tablet,585.0,523.48,Credit Card,Failed,306235.8,Branch C,Paris,France,Europe,Retail Banking,Michael,48.8566,2.3522,High
T21725,2024-08-11,C2396,Coffee Machine,,992.8664971902056,PayPal,completed,,Branch B,Berlin,Germany,Europe,Retail Banking,John,52.52,13.405,Low
T37358,2024-08-11,C3484,Smartphone,9.0,802.7667976591104,creditcard,Completed,7224.901178931993,Branch A,Warsaw,Poland,Europe,Retail Banking,Anna,52.2297,21.0122,High
T29424,2024-08-11,C1967,Smartphone,-2.0,633.6861966106376,credit card,completed,-1267.3723932212752,Branch A,Warsaw,Poland,Europe,Retail Banking,Anna,52.2297,21.0122,Low
T69945,2024-08-11,,Headphones,818.0,319.88441202731667,Credit Card,Failed,261665.44903834505,Branch E,Vienna,Austria,Europe,Retail Banking,Stefan,48.2082,16.3738,High
T20741,2024-08-12,,Headphones,-5.0,356.31915190318045,PayPal,Pending,-1781.5957595159023,Branch E,Vienna,Austria,Europe,Retail Banking,Stefan,48.2082,16.3738,Low
T56031,2024-08-12,C1234,Smartphone,9.0,,creditcard,,,Branch A,Warsaw,Poland,Europe,Retail Banking,Anna,52.2297,21.0122,Low
T18480,2024-08-12,C3470,Headphones,1.0,703.4080720571205,creditcard,complete,703.4080720571205,Branch E,Vienna,Austria,Europe,Retail Banking,Stefan,48.2082,16.3738,Medium
T48998,2024-08-12,C293,Laptop,,,PayPal ,Pending,,Branch D,Prague,Czechia,Europe,Retail Banking,Elena,50.0755,14.4378,Low
T56774,2024-08-12,C2523,Smartphone,354.0,109.270606660127,PayPal,complete,38681.79475768496,Branch A,Warsaw,Poland,Europe,Retail Banking,Anna,52.2297,21.0122,High
T27819,2024-08-12,C2154,Coffee Machine,10.0,656.6808391334823,PayPal ,completed,6566.808391334824,Branch B,Berlin,Germany,Europe,Retail Banking,John,52.52,13.405,High
T15793,2024-08-12,C741,Headphones,693.0,183.6054793824669,Credit Card,,127238.59721204957,Branch E,Vienna,Austria,Europe,Retail Banking,Stefan,48.2082,16.3738,High
T42238,2024-08-12,C4587,Headphones,313.0,650.58,creditcard,,203631.54,Branch E,Vienna,Austria,Europe,Retail Banking,Stefan,48.2082,16.3738,High
,2024-08-12,C463,Smartphone,-4.0,,creditcard,completed,,Branch A,Warsaw,Poland,Europe,Retail Banking,Anna,52.2297,21.0122,Low
T25646,2024-08-12,C057,Headphones,-6.0,360.23,pay pal,Failed,-2161.38,Branch E,Vienna,Austria,Europe,Retail Banking,Stefan,48.2082,16.3738,Low
T77737,2024-08-12,C600,Headphones,6.0,,creditcard,Completed,,Branch E,Vienna,Austria,Europe,Retail Banking,Stefan,48.2082,16.3738,Low
T16760,2024-08-12,C1108,Smartphone,980.0,281.670149449449,creditcard,Failed,276036.74646046,Branch A,Warsaw,Poland,Europe,Retail Banking,Anna,52.2297,21.0122,High
T76889,2024-08-12,C3443,Coffee Machine,7.0,,PayPal,Completed,,Branch B,Berlin,Germany,Europe,Retail Banking,John,52.52,13.405,Low
T22575,2024-08-12,C2685,Smartphone,907.0,,credit card,Completed,,Branch A,Warsaw,Poland,Europe,Retail Banking,Anna,52.2297,21.0122,Low
T19357,2024-08-12,C3829,Tablet,4.0,287.79659698022743,pay pal,Completed,1151.1863879209097,Branch C,Paris,France,Europe,Retail Banking,Michael,48.8566,2.3522,High
T13836,2024-08-12,C3782,Smartphone,644.0,,PayPal ,,,Branch A,Warsaw,Poland,Europe,Retail Banking,Anna,52.2297,21.0122,Low
,2024-08-13,C1979,Coffee Machine,272.0,998.194970373822,pay pal,Failed,271509.0319416796,Branch B,Berlin,Germany,Europe,Retail Banking,John,52.52,13.405,High
T67318,2024-08-13,C3986,Coffee Machine,5.0,,credit card,Completed,,Branch B,Berlin,Germany,Europe,Retail Banking,John,52.52,13.405,Low
T28835,2024-08-13,C4123,Coffee Machine,7.0,,PayPal,Completed,,Branch B,Berlin,Germany,Europe,Retail Banking,John,52.52,13.405,Low
T91497,2024-08-13,C4348,Headphones,-10.0,72.29016420428286,credit card,complete,-722.9016420428286,Branch E,Vienna,Austria,Europe,Retail Banking,Stefan,48.2082,16.3738,Low
T73870,2024-08-13,C3102,Laptop,6.0,,Cash,Failed,,Branch D,Prague,Czechia,Europe,Retail Banking,Elena,50.0755,14.4378,Low
T23139,2024-08-13,C1370,Coffee Machine,4.0,734.5829218747616,PayPal,Failed,2938.3316874990464,Branch B,Berlin,Germany,Europe,Retail Banking,John,52.52,13.405,High
T1947,2024-08-13,C4363,Headphones,9.0,,PayPal ,,,Branch E,Vienna,Austria,Europe,Retail Banking,Stefan,48.2082,16.3738,Low
T40579,2024-08-13,C3116,Coffee Machine,516.0,596.42,credit card,complete,307752.72,Branch B,Berlin,Germany,Europe,Retail Banking,John,52.52,13.405,High
T86175,2024-08-13,C3230,Smartphone,8.0,817.8421916238053,credit card,,6542.737532990443,Branch A,Warsaw,Poland,Europe,Retail Banking,Anna,52.2297,21.0122,High
T87967,2024-08-13,C662,Coffee Machine,282.0,209.87480234525583,PayPal,Failed,59184.69426136214,Branch B,Berlin,Germany,Europe,Retail Banking,John,52.52,13.405,High
T81019,2024-08-13,C3261,Headphones,6.0,665.853574882087,PayPal,Pending,3995.121449292522,Branch E,Vienna,Austria,Europe,Retail Banking,Stefan,48.2082,16.3738,High
T89151,2024-08-13,C4958,Coffee Machine,6.0,495.67165881489257,pay pal,completed,2974.0299528893556,Branch B,Berlin,Germany,Europe,Retail Banking,John,52.52,13.405,High
T94159,2024-08-13,C001,Coffee Machine,631.0,,Cash,completed,,Branch B,Berlin,Germany,Europe,Retail Banking,John,52.52,13.405,Low
T73265,2024-08-13,C1050,Headphones,-8.0,,PayPal ,complete,,Branch E,Vienna,Austria,Europe,Retail Banking,Stefan,48.2082,16.3738,Low
T78720,2024-08-13,C4753,Headphones,774.0,753.06,creditcard,completed,582868.44,Branch E,Vienna,Austria,Europe,Retail Banking,Stefan,48.2082,16.3738,High
T50708,2024-08-13,C431,Headphones,-8.0,743.724807510484,creditcard,Failed,-5949.798460083872,Branch E,Vienna,Austria,Europe,Retail Banking,Stefan,48.2082,16.3738,Low
,2024-08-13,C2381,Tablet,710.0,97.84,pay pal,,69466.40000000001,Branch C,Paris,France,Europe,Retail Banking,Michael,48.8566,2.3522,High
T49743,2024-08-13,C3555,Headphones,9.0,677.5,PayPal,Pending,6097.5,Branch E,Vienna,Austria,Europe,Retail Banking,Stefan,48.2082,16.3738,High
T12434,2024-08-13,C3469,Smartphone,648.0,810.470495716503,PayPal,Pending,525184.881224294,Branch A,Warsaw,Poland,Europe,Retail Banking,Anna,52.2297,21.0122,High
T55356,2024-08-13,C3909,Headphones,-7.0,878.2124804735245,PayPal ,complete,-6147.487363314671,Branch E,Vienna,Austria,Europe,Retail Banking,Stefan,48.2082,16.3738,Low
T71197,2024-08-13,C4651,Laptop,2.0,154.88511939570702,PayPal,Pending,309.77023879141404,Branch D,Prague,Czechia,Europe,Retail Banking,Elena,50.0755,14.4378,Medium
T30093,2024-08-14,C4184,Headphones,8.0,,creditcard,complete,,Branch E,Vienna,Austria,Europe,Retail Banking,Stefan,48.2082,16.3738,Low
T33489,2024-08-14,C3441,Headphones,4.0,,Cash,Pending,,Branch E,Vienna,Austria,Europe,Retail Banking,Stefan,48.2082,16.3738,Low
T25314,2024-08-14,C1218,Laptop,150.0,156.58694808911548,pay pal,Completed,23488.042213367324,Branch D,Prague,Czechia,Europe,Retail Banking,Elena,50.0755,14.4378,High
T31034,2024-08-14,C4474,Coffee Machine,275.0,112.8892418929304,creditcard,Failed,31044.54152055586,Branch B,Berlin,Germany,Europe,Retail Banking,John,52.52,13.405,High
T76121,2024-08-14,C4814,Smartphone,8.0,511.0252269062961,Cash,,4088.201815250369,Branch A,Warsaw,Poland,Europe,Retail Banking,Anna,52.2297,21.0122,High
T35846,2024-08-14,C2002,Coffee Machine,3.0,,credit card,Pending,,Branch B,Berlin,Germany,Europe,Retail Banking,John,52.52,13.405,Low
T62615,2024-08-14,,Smartphone,156.0,390.8817971992302,creditcard,Completed,60977.560363079916,Branch A,Warsaw,Poland,Europe,Retail Banking,Anna,52.2297,21.0122,High
T59257,2024-08-14,C4479,Headphones,-6.0,302.77253314464656,creditcard,Completed,-1816.6351988678794,Branch E,Vienna,Austria,Europe,Retail Banking,Stefan,48.2082,16.3738,Low
T83755,2024-08-14,C1621,Coffee Machine,589.0,,PayPal,,,Branch B,Berlin,Germany,Europe,Retail Banking,John,52.52,13.405,Low
T76485,2024-08-14,C3364,Laptop,-4.0,,PayPal,completed,,Branch D,Prague,Czechia,Europe,Retail Banking,Elena,50.0755,14.4378,Low
T89910,2024-08-14,C4829,Coffee Machine,,530.3152213446482,Credit Card,complete,,Branch B,Berlin,Germany,Europe,Retail Banking,John,52.52,13.405,Low
T96562,2024-08-14,C3055,Headphones,645.0,531.6164324128522,PayPal ,complete,342892.59890628967,Branch E,Vienna,Austria,Europe,Retail Banking,Stefan,48.2082,16.3738,High
T18201,2024-08-14,C2799,Smartphone,2.0,957.03,credit card,Completed,1914.06,Branch A,Warsaw,Poland,Europe,Retail Banking,Anna,52.2297,21.0122,High
T35503,2024-08-14,C882,Tablet,-4.0,410.14541721005327,pay pal,Pending,-1640.581668840213,Branch C,Paris,France,Europe,Retail Banking,Michael,48.8566,2.3522,Low
T46712,2024-08-14,C2665,Tablet,190.0,,PayPal ,Failed,,Branch C,Paris,France,Europe,Retail Banking,Michael,48.8566,2.3522,Low
T22888,2024-08-14,C861,Coffee Machine,,958.9438805456704,Cash,Pending,,Branch B,Berlin,Germany,Europe,Retail Banking,John,52.52,13.405,Low
T12887,2024-08-14,C3878,Coffee Machine,408.0,234.02,creditcard,Pending,95480.16,Branch B,Berlin,Germany,Europe,Retail Banking,John,52.52,13.405,High
T59714,2024-08-14,C4425,Headphones,749.0,830.265627529535,credit card,Completed,621868.9550196216,Branch E,Vienna,Austria,Europe,Retail Banking,Stefan,48.2082,16.3738,High
T86738,2024-08-15,C2630,Coffee Machine,7.0,303.93281945669713,credit card,completed,2127.52973619688,Branch B,Berlin,Germany,Europe,Retail Banking,John,52.52,13.405,High
T95092,2024-08-15,C2242,Tablet,-7.0,203.56332831374027,PayPal ,completed,-1424.9432981961818,Branch C,Paris,France,Europe,Retail Banking,Michael,48.8566,2.3522,Low
,2024-08-15,C2952,Coffee Machine,869.0,140.40412540667955,Cash,Pending,122011.18497840453,Branch B,Berlin,Germany,Europe,Retail Banking,John,52.52,13.405,High
T88493,2024-08-15,C3044,Headphones,940.0,611.179777577499,pay pal,Pending,574508.990922849,Branch E,Vienna,Austria,Europe,Retail Banking,Stefan,48.2082,16.3738,High
T7478,2024-08-15,C1325,Laptop,-1.0,,PayPal,,,Branch D,Prague,Czechia,Europe,Retail Banking,Elena,50.0755,14.4378,Low
T34331,2024-08-15,C512,Coffee Machine,286.0,878.350718481986,credit card,Pending,251208.305485848,Branch B,Berlin,Germany,Europe,Retail Banking,John,52.52,13.405,High
T6928,2024-08-15,C4373,Coffee Machine,1.0,209.83047284038756,PayPal,,209.83047284038756,Branch B,Berlin,Germany,Europe,Retail Banking,John,52.52,13.405,Medium
T40139,2024-08-15,C1988,Headphones,-8.0,843.685166310987,PayPal ,completed,-6749.481330487896,Branch E,Vienna,Austria,Europe,Retail Banking,Stefan,48.2082,16.3738,Low
T54700,2024-08-15,C4086,Coffee Machine,-2.0,392.2109466729845,PayPal,Completed,-784.421893345969,Branch B,Berlin,Germany,Europe,Retail Banking,John,52.52,13.405,Low
,2024-08-15,C459,Tablet,409.0,878.2942282372013,PayPal,Failed,359222.3393490153,Branch C,Paris,France,Europe,Retail Banking,Michael,48.8566,2.3522,High
T88095,2024-08-15,C100,Headphones,3.0,,creditcard,,,Branch E,Vienna,Austria,Europe,Retail Banking,Stefan,48.2082,16.3738,Low
T87306,2024-08-15,C3905,Laptop,8.0,606.0617164330187,Cash,,4848.493731464149,Branch D,Prague,Czechia,Europe,Retail Banking,Elena,50.0755,14.4378,High
T92448,2024-08-15,C944,Tablet,-7.0,316.63728473262734,Cash,completed,-2216.4609931283912,Branch C,Paris,France,Europe,Retail Banking,Michael,48.8566,2.3522,Low
T71645,2024-08-15,C3807,Smartphone,9.0,,PayPal,Completed,,Branch A,Warsaw,Poland,Europe,Retail Banking,Anna,52.2297,21.0122,Low
T51952,2024-08-15,C4863,Smartphone,-3.0,,creditcard,Pending,,Branch A,Warsaw,Poland,Europe,Retail Banking,Anna,52.2297,21.0122,Low
T74069,2024-08-16,C2824,Tablet,567.0,,PayPal ,completed,,Branch C,Paris,France,Europe,Retail Banking,Michael,48.8566,2.3522,Low
T94090,2024-08-16,C2327,Laptop,833.0,231.8194319211636,creditcard,completed,193105.58679032928,Branch D,Prague,Czechia,Europe,Retail Banking,Elena,50.0755,14.4378,High
T13551,2024-08-16,C4937,Laptop,405.0,,PayPal ,,,Branch D,Prague,Czechia,Europe,Retail Banking,Elena,50.0755,14.4378,Low
T28042,2024-08-16,C2627,Laptop,6.0,227.31264040974636,PayPal ,Completed,1363.8758424584782,Branch D,Prague,Czechia,Europe,Retail Banking,Elena,50.0755,14.4378,High
T97493,2024-08-16,C2609,Smartphone,-10.0,,Cash,Failed,,Branch A,Warsaw,Poland,Europe,Retail Banking,Anna,52.2297,21.0122,Low
T56541,2024-08-16,C274,Smartphone,9.0,895.0977848855975,Credit Card,Completed,8055.880063970378,Branch A,Warsaw,Poland,Europe,Retail Banking,Anna,52.2297,21.0122,High
T37648,2024-08-16,C128,Headphones,239.0,,creditcard,Pending,,Branch E,Vienna,Austria,Europe,Retail Banking,Stefan,48.2082,16.3738,Low
T32058,2024-08-16,,Tablet,7.0,666.5987488424252,creditcard,,4666.191241896976,Branch C,Paris,France,Europe,Retail Banking,Michael,48.8566,2.3522,High
T78222,2024-08-16,C652,Coffee Machine,911.0,606.2229438981132,creditcard,complete,552269.1018911811,Branch B,Berlin,Germany,Europe,Retail Banking,John,52.52,13.405,High
T62974,2024-08-16,C3456,Headphones,635.0,,creditcard,Failed,,Branch E,Vienna,Austria,Europe,Retail Banking,Stefan,48.2082,16.3738,Low
T51072,2024-08-16,C1060,Coffee Machine,-9.0,541.5865667810654,PayPal ,Failed,-4874.279101029588,Branch B,Berlin,Germany,Europe,Retail Banking,John,52.52,13.405,Low
T22249,2024-08-16,C949,Smartphone,-7.0,646.9971293537415,Credit Card,complete,-4528.97990547619,Branch A,Warsaw,Poland,Europe,Retail Banking,Anna,52.2297,21.0122,Low
T70515,2024-08-16,C3863,Laptop,-5.0,,Cash,,,Branch D,Prague,Czechia,Europe,Retail Banking,Elena,50.0755,14.4378,Low
T64949,2024-08-17,C4805,Smartphone,-8.0,973.6214101610698,creditcard,,-7788.971281288558,Branch A,Warsaw,Poland,Europe,Retail Banking,Anna,52.2297,21.0122,Low
T87818,2024-08-17,C965,Smartphone,8.0,649.7467276919144,PayPal ,Completed,5197.973821535315,Branch A,Warsaw,Poland,Europe,Retail Banking,Anna,52.2297,21.0122,High
T58363,2024-08-17,C721,Tablet,-2.0,817.1941531815525,Credit Card,Failed,-1634.388306363105,Branch C,Paris,France,Europe,Retail Banking,Michael,48.8566,2.3522,Low
T28111,2024-08-17,C3860,Coffee Machine,-4.0,611.588831568052,PayPal,complete,-2446.355326272208,Branch B,Berlin,Germany,Europe,Retail Banking,John,52.52,13.405,Low
,2024-08-17,C1505,Headphones,9.0,,creditcard,Failed,,Branch E,Vienna,Austria,Europe,Retail Banking,Stefan,48.2082,16.3738,Low
T7152,2024-08-17,C3475,Headphones,576.0,97.1641462954409,creditcard,complete,55966.54826617396,Branch E,Vienna,Austria,Europe,Retail Banking,Stefan,48.2082,16.3738,High
T40162,2024-08-17,C1551,Coffee Machine,-9.0,,Credit Card,complete,,Branch B,Berlin,Germany,Europe,Retail Banking,John,52.52,13.405,Low
T77679,2024-08-17,C2803,Smartphone,3.0,701.3194194629461,pay pal,,2103.9582583888387,Branch A,Warsaw,Poland,Europe,Retail Banking,Anna,52.2297,21.0122,High
,2024-08-17,C3648,Smartphone,-4.0,302.46506708605204,pay pal,,-1209.8602683442082,Branch A,Warsaw,Poland,Europe,Retail Banking,Anna,52.2297,21.0122,Low
T29967,2024-08-17,C2002,Coffee Machine,9.0,651.0775584803455,credit card,complete,5859.698026323109,Branch B,Berlin,Germany,Europe,Retail Banking,John,52.52,13.405,High
,2024-08-17,C3788,Headphones,6.0,214.5901186675208,Cash,Completed,1287.540712005125,Branch E,Vienna,Austria,Europe,Retail Banking,Stefan,48.2082,16.3738,High
T21737,2024-08-17,C2069,Laptop,7.0,212.5599145400464,credit card,Pending,1487.9194017803247,Branch D,Prague,Czechia,Europe,Retail Banking,Elena,50.0755,14.4378,High
T99391,2024-08-17,C1099,Laptop,780.0,339.842330439826,PayPal ,completed,265077.01774306427,Branch D,Prague,Czechia,Europe,Retail Banking,Elena,50.0755,14.4378,High
T61194,2024-08-18,C4942,Coffee Machine,297.0,,pay pal,complete,,Branch B,Berlin,Germany,Europe,Retail Banking,John,52.52,13.405,Low
T49358,2024-08-18,C1137,Coffee Machine,433.0,976.6067308621414,credit card,Completed,422870.71446330723,Branch B,Berlin,Germany,Europe,Retail Banking,John,52.52,13.405,High
T90102,2024-08-18,C4666,Coffee Machine,8.0,85.86782923053715,credit card,Completed,686.9426338442972,Branch B,Berlin,Germany,Europe,Retail Banking,John,52.52,13.405,Medium
T47795,2024-08-18,C2127,Laptop,-8.0,,PayPal ,,,Branch D,Prague,Czechia,Europe,Retail Banking,Elena,50.0755,14.4378,Low
T93736,2024-08-18,C229,Coffee Machine,-3.0,97.95470779633196,Cash,Completed,-293.8641233889959,Branch B,Berlin,Germany,Europe,Retail Banking,John,52.52,13.405,Low
T70032,2024-08-18,C1292,Tablet,327.0,673.6233685163631,creditcard,,220274.84150485074,Branch C,Paris,France,Europe,Retail Banking,Michael,48.8566,2.3522,High
T30151,2024-08-18,C1650,Coffee Machine,8.0,542.6113055187675,pay pal,Pending,4340.89044415014,Branch B,Berlin,Germany,Europe,Retail Banking,John,52.52,13.405,High
T54678,2024-08-18,C769,Tablet,148.0,,credit card,complete,,Branch C,Paris,France,Europe,Retail Banking,Michael,48.8566,2.3522,Low
T61230,2024-08-18,C1039,Headphones,-8.0,,PayPal,complete,,Branch E,Vienna,Austria,Europe,Retail Banking,Stefan,48.2082,16.3738,Low
,2024-08-18,C4668,Tablet,4.0,146.48838647050087,Credit Card,,585.9535458820035,Branch C,Paris,France,Europe,Retail Banking,Michael,48.8566,2.3522,Medium
T56514,2024-08-18,C4543,Laptop,366.0,882.1290338037342,creditcard,Completed,322859.2263721667,Branch D,Prague,Czechia,Europe,Retail Banking,Elena,50.0755,14.4378,High
T42661,2024-08-18,C4087,Headphones,-3.0,330.5614925673993,PayPal,Failed,-991.6844777021979,Branch E,Vienna,Austria,Europe,Retail Banking,Stefan,48.2082,16.3738,Low
T87668,2024-08-18,C090,Laptop,-7.0,,Credit Card,completed,,Branch D,Prague,Czechia,Europe,Retail Banking,Elena,50.0755,14.4378,Low
T30671,2024-08-18,C1856,Smartphone,-3.0,990.3913904233732,pay pal,completed,-2971.1741712701196,Branch A,Warsaw,Poland,Europe,Retail Banking,Anna,52.2297,21.0122,Low
T23685,2024-08-18,C2717,Headphones,126.0,379.1453931062204,PayPal,completed,47772.31953138377,Branch E,Vienna,Austria,Europe,Retail Banking,Stefan,48.2082,16.3738,High
T67237,2024-08-18,C2360,Smartphone,4.0,739.1457877695527,credit card,completed,2956.583151078211,Branch A,Warsaw,Poland,Europe,Retail Banking,Anna,52.2297,21.0122,High
,2024-08-18,C4667,Headphones,-9.0,334.5945499766152,pay pal,Failed,-3011.350949789537,Branch E,Vienna,Austria,Europe,Retail Banking,Stefan,48.2082,16.3738,Low
T35438,2024-08-18,,Smartphone,9.0,502.4944907461805,Cash,completed,4522.450416715625,Branch A,Warsaw,Poland,Europe,Retail Banking,Anna,52.2297,21.0122,High
T26586,2024-08-18,C4342,Headphones,6.0,,PayPal,Pending,,Branch E,Vienna,Austria,Europe,Retail Banking,Stefan,48.2082,16.3738,Low
,2024-08-19,C4150,Headphones,5.0,808.586463803288,credit card,completed,4042.93231901644,Branch E,Vienna,Austria,Europe,Retail Banking,Stefan,48.2082,16.3738,High
T45325,2024-08-19,,Headphones,7.0,453.8842223034611,pay pal,completed,3177.1895561242277,Branch E,Vienna,Austria,Europe,Retail Banking,Stefan,48.2082,16.3738,High
,2024-08-19,,Tablet,-5.0,,PayPal,,,Branch C,Paris,France,Europe,Retail Banking,Michael,48.8566,2.3522,Low
T94231,2024-08-19,C883,Headphones,1.0,652.0,Cash,,652.0,Branch E,Vienna,Austria,Europe,Retail Banking,Stefan,48.2082,16.3738,Medium
T38998,2024-08-19,C2677,Laptop,10.0,,pay pal,Pending,,Branch D,Prague,Czechia,Europe,Retail Banking,Elena,50.0755,14.4378,Low
T39245,2024-08-19,C4511,Smartphone,,575.6237283930091,PayPal,Completed,,Branch A,Warsaw,Poland,Europe,Retail Banking,Anna,52.2297,21.0122,Low
T57791,2024-08-19,C641,Laptop,960.0,345.7949616306137,pay pal,Completed,331963.16316538915,Branch D,Prague,Czechia,Europe,Retail Banking,Elena,50.0755,14.4378,High
T84448,2024-08-19,C3507,Coffee Machine,446.0,675.0585823600176,PayPal,complete,301076.12773256784,Branch B,Berlin,Germany,Europe,Retail Banking,John,52.52,13.405,High
T55484,2024-08-19,C1564,Tablet,527.0,529.4559428751783,Cash,Completed,279023.28189521894,Branch C,Paris,France,Europe,Retail Banking,Michael,48.8566,2.3522,High
T61177,2024-08-19,C1237,Tablet,2.0,336.47854961957705,PayPal ,Pending,672.9570992391541,Branch C,Paris,France,Europe,Retail Banking,Michael,48.8566,2.3522,Medium
T54860,2024-08-19,C3190,Tablet,881.0,544.0421714730944,PayPal ,complete,479301.1530677962,Branch C,Paris,France,Europe,Retail Banking,Michael,48.8566,2.3522,High
T39286,2024-08-19,C3061,Coffee Machine,1.0,883.7998002473928,PayPal,completed,883.7998002473928,Branch B,Berlin,Germany,Europe,Retail Banking,John,52.52,13.405,Medium
T11552,2024-08-19,C2259,Headphones,565.0,,pay pal,complete,,Branch E,Vienna,Austria,Europe,Retail Banking,Stefan,48.2082,16.3738,Low
T78793,2024-08-19,C3373,Headphones,184.0,890.5223575579898,credit card,Pending,163856.11379067012,Branch E,Vienna,Austria,Europe,Retail Banking,Stefan,48.2082,16.3738,High
,2024-08-19,C1235,Tablet,894.0,,credit card,,,Branch C,Paris,France,Europe,Retail Banking,Michael,48.8566,2.3522,Low
T71512,2024-08-19,,Headphones,4.0,197.86211283760213,PayPal,Completed,791.4484513504085,Branch E,Vienna,Austria,Europe,Retail Banking,Stefan,48.2082,16.3738,Medium
T32007,2024-08-19,C162,Laptop,639.0,,PayPal,Pending,,Branch D,Prague,Czechia,Europe,Retail Banking,Elena,50.0755,14.4378,Low
T29136,2024-08-19,C248,Smartphone,305.0,,Cash,complete,,Branch A,Warsaw,Poland,Europe,Retail Banking,Anna,52.2297,21.0122,Low
,2024-08-19,C4150,Headphones,5.0,808.586463803288,credit card,completed,4042.93231901644,Branch E,Vienna,Austria,Europe,Retail Banking,Stefan,48.2082,16.3738,High
T27250,2024-08-19,,Coffee Machine,,,creditcard,completed,,Branch B,Berlin,Germany,Europe,Retail Banking,John,52.52,13.405,Low
T31516,2024-08-20,C4095,Coffee Machine,-3.0,449.4484636312138,PayPal,Failed,-1348.3453908936415,Branch B,Berlin,Germany,Europe,Retail Banking,John,52.52,13.405,Low
T10612,2024-08-20,,Tablet,,362.65176571595634,pay pal,complete,,Branch C,Paris,France,Europe,Retail Banking,Michael,48.8566,2.3522,Low
T20649,2024-08-20,C1875,Smartphone,1.0,,pay pal,Completed,,Branch A,Warsaw,Poland,Europe,Retail Banking,Anna,52.2297,21.0122,Low
T8942,2024-08-20,C2694,Coffee Machine,-1.0,208.6775444127732,pay pal,complete,-208.6775444127732,Branch B,Berlin,Germany,Europe,Retail Banking,John,52.52,13.405,Low
T62317,2024-08-20,C967,Headphones,9.0,986.5551293895152,creditcard,complete,8878.996164505637,Branch E,Vienna,Austria,Europe,Retail Banking,Stefan,48.2082,16.3738,High
T70811,2024-08-20,C1951,Coffee Machine,1.0,876.240743419921,pay pal,complete,876.240743419921,Branch B,Berlin,Germany,Europe,Retail Banking,John,52.52,13.405,Medium
T20993,2024-08-20,C2838,Headphones,4.0,840.8759580418542,PayPal ,Failed,3363.503832167417,Branch E,Vienna,Austria,Europe,Retail Banking,Stefan,48.2082,16.3738,High
T18002,2024-08-20,C2647,Headphones,,505.9272739218573,Credit Card,Failed,,Branch E,Vienna,Austria,Europe,Retail Banking,Stefan,48.2082,16.3738,Low
T82674,2024-08-20,C4964,Coffee Machine,1.0,474.3297674949523,Credit Card,,474.3297674949523,Branch B,Berlin,Germany,Europe,Retail Banking,John,52.52,13.405,Medium
T1762,2024-08-20,C2106,Headphones,,,Credit Card,complete,,Branch E,Vienna,Austria,Europe,Retail Banking,Stefan,48.2082,16.3738,Low
T85560,2024-08-20,C3631,Laptop,1.0,,credit card,complete,,Branch D,Prague,Czechia,Europe,Retail Banking,Elena,50.0755,14.4378,Low
T40620,2024-08-20,C1913,Tablet,4.0,785.4714203673624,creditcard,Failed,3141.8856814694495,Branch C,Paris,France,Europe,Retail Banking,Michael,48.8566,2.3522,High
T43391,2024-08-20,C4790,Headphones,-6.0,435.0639982610144,credit card,Failed,-2610.3839895660863,Branch E,Vienna,Austria,Europe,Retail Banking,Stefan,48.2082,16.3738,Low
T37081,2024-08-20,C3214,Laptop,195.0,645.7776892510341,pay pal,Pending,125926.64940395164,Branch D,Prague,Czechia,Europe,Retail Banking,Elena,50.0755,14.4378,High
T26163,2024-08-20,C705,Tablet,-5.0,394.6211266396825,Cash,Completed,-1973.1056331984123,Branch C,Paris,France,Europe,Retail Banking,Michael,48.8566,2.3522,Low
T56986,2024-08-20,C2649,Tablet,9.0,426.7781013051331,PayPal ,completed,3841.0029117461977,Branch C,Paris,France,Europe,Retail Banking,Michael,48.8566,2.3522,High
T42775,2024-08-20,C3059,Tablet,-10.0,701.5306994147302,pay pal,,-7015.306994147302,Branch C,Paris,France,Europe,Retail Banking,Michael,48.8566,2.3522,Low
T71215,2024-08-20,C1923,Smartphone,-9.0,,creditcard,Pending,,Branch A,Warsaw,Poland,Europe,Retail Banking,Anna,52.2297,21.0122,Low
T70256,2024-08-20,C3608,Tablet,-6.0,872.7979429222613,PayPal,complete,-5236.787657533568,Branch C,Paris,France,Europe,Retail Banking,Michael,48.8566,2.3522,Low
T18171,2024-08-20,C755,Coffee Machine,-2.0,,Credit Card,Failed,,Branch B,Berlin,Germany,Europe,Retail Banking,John,52.52,13.405,Low
,2024-08-20,C2390,Smartphone,7.0,,Credit Card,Pending,,Branch A,Warsaw,Poland,Europe,Retail Banking,Anna,52.2297,21.0122,Low
T22661,2024-08-20,C2132,Coffee Machine,-7.0,388.9455638723914,Cash,completed,-2722.61894710674,Branch B,Berlin,Germany,Europe,Retail Banking,John,52.52,13.405,Low
T2937,2024-08-21,C2452,Laptop,,248.63770441517173,PayPal ,,,Branch D,Prague,Czechia,Europe,Retail Banking,Elena,50.0755,14.4378,Low
T36742,2024-08-21,C727,Laptop,118.0,,Credit Card,Failed,,Branch D,Prague,Czechia,Europe,Retail Banking,Elena,50.0755,14.4378,Low
T61513,2024-08-21,C2054,Smartphone,411.0,253.3755817620466,creditcard,completed,104137.36410420116,Branch A,Warsaw,Poland,Europe,Retail Banking,Anna,52.2297,21.0122,High
T85850,2024-08-21,C4639,Tablet,1.0,,creditcard,completed,,Branch C,Paris,France,Europe,Retail Banking,Michael,48.8566,2.3522,Low
T19246,2024-08-21,C445,Coffee Machine,190.0,,pay pal,Pending,,Branch B,Berlin,Germany,Europe,Retail Banking,John,52.52,13.405,Low
T34815,2024-08-21,C4585,Tablet,3.0,641.3016881786317,credit card,,1923.9050645358952,Branch C,Paris,France,Europe,Retail Banking,Michael,48.8566,2.3522,High
T59450,2024-08-21,C4672,Smartphone,273.0,,creditcard,Pending,,Branch A,Warsaw,Poland,Europe,Retail Banking,Anna,52.2297,21.0122,Low
T72138,2024-08-21,C4918,Smartphone,,,Cash,Completed,,Branch A,Warsaw,Poland,Europe,Retail Banking,Anna,52.2297,21.0122,Low
T84394,2024-08-21,C3418,Coffee Machine,399.0,216.85229796584565,PayPal ,Failed,86524.06688837241,Branch B,Berlin,Germany,Europe,Retail Banking,John,52.52,13.405,High
T17448,2024-08-21,C4888,Laptop,-9.0,577.5001097403074,PayPal ,complete,-5197.500987662766,Branch D,Prague,Czechia,Europe,Retail Banking,Elena,50.0755,14.4378,Low
T41553,2024-08-21,C174,Tablet,5.0,,pay pal,Failed,,Branch C,Paris,France,Europe,Retail Banking,Michael,48.8566,2.3522,Low
,2024-08-21,C1371,Headphones,497.0,,PayPal ,,,Branch E,Vienna,Austria,Europe,Retail Banking,Stefan,48.2082,16.3738,Low
T35338,2024-08-21,C688,Headphones,-9.0,162.79287967487377,creditcard,complete,-1465.135917073864,Branch E,Vienna,Austria,Europe,Retail Banking,Stefan,48.2082,16.3738,Low
T22064,2024-08-22,C3629,Tablet,-9.0,943.24,PayPal,Pending,-8489.16,Branch C,Paris,France,Europe,Retail Banking,Michael,48.8566,2.3522,Low
T70043,2024-08-22,C4806,Tablet,7.0,318.9179007651238,pay pal,Failed,2232.425305355867,Branch C,Paris,France,Europe,Retail Banking,Michael,48.8566,2.3522,High
T66212,2024-08-22,C4801,Coffee Machine,5.0,416.7801712766921,pay pal,completed,2083.9008563834605,Branch B,Berlin,Germany,Europe,Retail Banking,John,52.52,13.405,High
T70194,2024-08-22,C4391,Laptop,832.0,248.66849210142647,pay pal,Pending,206892.18542838682,Branch D,Prague,Czechia,Europe,Retail Banking,Elena,50.0755,14.4378,High
T12554,2024-08-22,C4948,Headphones,-3.0,264.14,pay pal,,-792.42,Branch E,Vienna,Austria,Europe,Retail Banking,Stefan,48.2082,16.3738,Low
T95349,2024-08-22,C2898,Coffee Machine,377.0,528.9,creditcard,complete,199395.3,Branch B,Berlin,Germany,Europe,Retail Banking,John,52.52,13.405,High
T1306,2024-08-22,C962,Laptop,1.0,,PayPal,Completed,,Branch D,Prague,Czechia,Europe,Retail Banking,Elena,50.0755,14.4378,Low
T60876,2024-08-22,C4360,Laptop,4.0,367.4232042983982,Credit Card,Failed,1469.6928171935929,Branch D,Prague,Czechia,Europe,Retail Banking,Elena,50.0755,14.4378,High
T45263,2024-08-22,,Headphones,401.0,,pay pal,Completed,,Branch E,Vienna,Austria,Europe,Retail Banking,Stefan,48.2082,16.3738,Low
T75641,2024-08-22,C2164,Smartphone,813.0,62.995445883732486,Cash,Completed,51215.29750347451,Branch A,Warsaw,Poland,Europe,Retail Banking,Anna,52.2297,21.0122,High
T50062,2024-08-22,C1637,Headphones,-8.0,520.2993300685889,creditcard,Pending,-4162.394640548711,Branch E,Vienna,Austria,Europe,Retail Banking,Stefan,48.2082,16.3738,Low
T15329,2024-08-22,C3392,Tablet,-3.0,408.0275780199509,pay pal,Failed,-1224.0827340598528,Branch C,Paris,France,Europe,Retail Banking,Michael,48.8566,2.3522,Low
,2024-08-22,C2359,Smartphone,-4.0,,credit card,Failed,,Branch A,Warsaw,Poland,Europe,Retail Banking,Anna,52.2297,21.0122,Low
T26726,2024-08-22,C465,Headphones,-9.0,,Cash,Completed,,Branch E,Vienna,Austria,Europe,Retail Banking,Stefan,48.2082,16.3738,Low
T4319,2024-08-22,C3865,Smartphone,9.0,376.0840729704984,pay pal,Completed,3384.7566567344857,Branch A,Warsaw,Poland,Europe,Retail Banking,Anna,52.2297,21.0122,High
T78479,2024-08-23,C2776,Smartphone,185.0,425.7008645694904,creditcard,Pending,78754.65994535573,Branch A,Warsaw,Poland,Europe,Retail Banking,Anna,52.2297,21.0122,High
T54136,2024-08-23,C4479,Headphones,-9.0,680.1485328298136,creditcard,Completed,-6121.336795468322,Branch E,Vienna,Austria,Europe,Retail Banking,Stefan,48.2082,16.3738,Low
T62006,2024-08-23,C2646,Smartphone,-2.0,658.4126337298612,Cash,complete,-1316.8252674597225,Branch A,Warsaw,Poland,Europe,Retail Banking,Anna,52.2297,21.0122,Low
T66985,2024-08-23,,Coffee Machine,387.0,,PayPal ,Pending,,Branch B,Berlin,Germany,Europe,Retail Banking,John,52.52,13.405,Low
T87048,2024-08-23,C876,Coffee Machine,-1.0,874.6173062767086,PayPal,completed,-874.6173062767086,Branch B,Berlin,Germany,Europe,Retail Banking,John,52.52,13.405,Low
,2024-08-23,C474,Smartphone,-4.0,,PayPal,Completed,,Branch A,Warsaw,Poland,Europe,Retail Banking,Anna,52.2297,21.0122,Low
T37188,2024-08-23,C750,Laptop,891.0,,creditcard,Completed,,Branch D,Prague,Czechia,Europe,Retail Banking,Elena,50.0755,14.4378,Low
T86363,2024-08-23,C2127,Tablet,5.0,300.7693702295576,Credit Card,completed,1503.846851147788,Branch C,Paris,France,Europe,Retail Banking,Michael,48.8566,2.3522,High
T64684,2024-08-23,C1806,Laptop,8.0,315.09172801575994,Cash,,2520.7338241260795,Branch D,Prague,Czechia,Europe,Retail Banking,Elena,50.0755,14.4378,High
T60784,2024-08-23,C1751,Smartphone,,170.6214608218247,pay pal,completed,,Branch A,Warsaw,Poland,Europe,Retail Banking,Anna,52.2297,21.0122,Low
T5053,2024-08-23,C1862,Smartphone,-5.0,225.58921244245437,creditcard,,-1127.946062212272,Branch A,Warsaw,Poland,Europe,Retail Banking,Anna,52.2297,21.0122,Low
T82602,2024-08-23,C4012,Tablet,-3.0,,PayPal ,,,Branch C,Paris,France,Europe,Retail Banking,Michael,48.8566,2.3522,Low
,2024-08-23,C4897,Laptop,490.0,,pay pal,Failed,,Branch D,Prague,Czechia,Europe,Retail Banking,Elena,50.0755,14.4378,Low
T22060,2024-08-23,C3480,Tablet,-4.0,94.39746010797774,PayPal,Completed,-377.58984043191094,Branch C,Paris,France,Europe,Retail Banking,Michael,48.8566,2.3522,Low
T43523,2024-08-23,C058,Headphones,7.0,,pay pal,Pending,,Branch E,Vienna,Austria,Europe,Retail Banking,Stefan,48.2082,16.3738,Low
T5640,2024-08-23,C1070,Tablet,3.0,,creditcard,,,Branch C,Paris,France,Europe,Retail Banking,Michael,48.8566,2.3522,Low
T39240,2024-08-23,C155,Smartphone,-7.0,,PayPal,Completed,,Branch A,Warsaw,Poland,Europe,Retail Banking,Anna,52.2297,21.0122,Low
T14047,2024-08-23,C4005,Tablet,308.0,,Credit Card,complete,,Branch C,Paris,France,Europe,Retail Banking,Michael,48.8566,2.3522,Low
T45122,2024-08-24,C2308,Tablet,-8.0,428.7153157067777,creditcard,complete,-3429.7225256542215,Branch C,Paris,France,Europe,Retail Banking,Michael,48.8566,2.3522,Low
T76107,2024-08-24,C1019,Tablet,-9.0,299.34765286695745,PayPal,Completed,-2694.128875802617,Branch C,Paris,France,Europe,Retail Banking,Michael,48.8566,2.3522,Low
T0884,2024-08-24,C2042,Headphones,2.0,,PayPal ,Completed,,Branch E,Vienna,Austria,Europe,Retail Banking,Stefan,48.2082,16.3738,Low
T40077,2024-08-24,C555,Headphones,-6.0,716.674845993221,creditcard,Pending,-4300.049075959326,Branch E,Vienna,Austria,Europe,Retail Banking,Stefan,48.2082,16.3738,Low
T48111,2024-08-24,C842,Laptop,2.0,,PayPal ,complete,,Branch D,Prague,Czechia,Europe,Retail Banking,Elena,50.0755,14.4378,Low
T79453,2024-08-24,C3603,Tablet,484.0,,creditcard,complete,,Branch C,Paris,France,Europe,Retail Banking,Michael,48.8566,2.3522,Low
,2024-08-24,C2639,Smartphone,9.0,,PayPal ,completed,,Branch A,Warsaw,Poland,Europe,Retail Banking,Anna,52.2297,21.0122,Low
T39383,2024-08-24,C468,Tablet,564.0,,PayPal ,completed,,Branch C,Paris,France,Europe,Retail Banking,Michael,48.8566,2.3522,Low
,2024-08-24,C673,Laptop,-6.0,397.0198751665954,PayPal ,completed,-2382.1192509995726,Branch D,Prague,Czechia,Europe,Retail Banking,Elena,50.0755,14.4378,Low
T86574,2024-08-24,C219,Laptop,-3.0,725.108194941039,Credit Card,Completed,-2175.3245848231168,Branch D,Prague,Czechia,Europe,Retail Banking,Elena,50.0755,14.4378,Low
T36735,2024-08-24,C3206,Smartphone,874.0,470.63039419614,PayPal ,Pending,411330.96452742635,Branch A,Warsaw,Poland,Europe,Retail Banking,Anna,52.2297,21.0122,High
T37616,2024-08-24,,Headphones,436.0,849.3667327611956,Credit Card,complete,370323.8954838813,Branch E,Vienna,Austria,Europe,Retail Banking,Stefan,48.2082,16.3738,High
T2054,2024-08-24,,Smartphone,,629.2954215528734,PayPal ,completed,,Branch A,Warsaw,Poland,Europe,Retail Banking,Anna,52.2297,21.0122,Low
T43596,2024-08-24,C024,Tablet,1.0,,pay pal,complete,,Branch C,Paris,France,Europe,Retail Banking,Michael,48.8566,2.3522,Low
T12243,2024-08-25,C1460,Tablet,742.0,,creditcard,Completed,,Branch C,Paris,France,Europe,Retail Banking,Michael,48.8566,2.3522,Low
T99997,2024-08-25,C4830,Smartphone,,503.82951729633896,credit card,Completed,,Branch A,Warsaw,Poland,Europe,Retail Banking,Anna,52.2297,21.0122,Low
T64794,2024-08-25,C3934,Laptop,-9.0,314.08925410891965,Cash,Failed,-2826.803286980277,Branch D,Prague,Czechia,Europe,Retail Banking,Elena,50.0755,14.4378,Low
T80358,2024-08-25,C2070,Headphones,-9.0,425.7511429071532,pay pal,Pending,-3831.760286164379,Branch E,Vienna,Austria,Europe,Retail Banking,Stefan,48.2082,16.3738,Low
T16512,2024-08-25,C2776,Laptop,1.0,,Credit Card,Completed,,Branch D,Prague,Czechia,Europe,Retail Banking,Elena,50.0755,14.4378,Low
T46136,2024-08-25,C4801,Tablet,-8.0,373.685711997325,Cash,,-2989.4856959786,Branch C,Paris,France,Europe,Retail Banking,Michael,48.8566,2.3522,Low
T20271,2024-08-25,,Headphones,-7.0,,credit card,Failed,,Branch E,Vienna,Austria,Europe,Retail Banking,Stefan,48.2082,16.3738,Low
T16391,2024-08-25,C3873,Coffee Machine,-6.0,65.05310469237031,credit card,Pending,-390.31862815422187,Branch B,Berlin,Germany,Europe,Retail Banking,John,52.52,13.405,Low
T46449,2024-08-25,C372,Tablet,434.0,,pay pal,,,Branch C,Paris,France,Europe,Retail Banking,Michael,48.8566,2.3522,Low
T51817,2024-08-25,C1879,Headphones,8.0,609.29,pay pal,Completed,4874.32,Branch E,Vienna,Austria,Europe,Retail Banking,Stefan,48.2082,16.3738,High
T84979,2024-08-25,C833,Headphones,-3.0,76.97,Credit Card,completed,-230.91,Branch E,Vienna,Austria,Europe,Retail Banking,Stefan,48.2082,16.3738,Low
T17677,2024-08-25,C357,Tablet,625.0,306.3479484660334,creditcard,Failed,191467.46779127087,Branch C,Paris,France,Europe,Retail Banking,Michael,48.8566,2.3522,High
T30327,2024-08-25,C1254,Smartphone,-8.0,134.46601378491766,Cash,Failed,-1075.7281102793413,Branch A,Warsaw,Poland,Europe,Retail Banking,Anna,52.2297,21.0122,Low
T23779,2024-08-25,C1376,Headphones,5.0,,pay pal,Failed,,Branch E,Vienna,Austria,Europe,Retail Banking,Stefan,48.2082,16.3738,Low
T79674,2024-08-25,C1608,Coffee Machine,414.0,321.6327544048387,Credit Card,,133155.9603236032,Branch B,Berlin,Germany,Europe,Retail Banking,John,52.52,13.405,High
T48577,2024-08-25,C1109,Smartphone,592.0,673.3137642857121,credit card,,398601.74845714157,Branch A,Warsaw,Poland,Europe,Retail Banking,Anna,52.2297,21.0122,High
T2444,2024-08-25,C1701,Laptop,7.0,334.53084228628825,PayPal ,,2341.715896004018,Branch D,Prague,Czechia,Europe,Retail Banking,Elena,50.0755,14.4378,High
T55476,2024-08-25,C3561,Headphones,7.0,972.2132303128492,PayPal ,Pending,6805.492612189944,Branch E,Vienna,Austria,Europe,Retail Banking,Stefan,48.2082,16.3738,High
T21998,2024-08-25,C958,Laptop,-7.0,94.55290055254105,PayPal ,complete,-661.8703038677874,Branch D,Prague,Czechia,Europe,Retail Banking,Elena,50.0755,14.4378,Low
T51362,2024-08-26,C3648,Headphones,435.0,729.0731857354504,pay pal,Pending,317146.8357949209,Branch E,Vienna,Austria,Europe,Retail Banking,Stefan,48.2082,16.3738,High
,2024-08-26,C768,Coffee Machine,4.0,249.16125957391603,Cash,,996.6450382956641,Branch B,Berlin,Germany,Europe,Retail Banking,John,52.52,13.405,Medium
T94645,2024-08-26,C4785,Laptop,942.0,770.6956521384163,pay pal,Failed,725995.3043143882,Branch D,Prague,Czechia,Europe,Retail Banking,Elena,50.0755,14.4378,High
T38190,2024-08-26,C163,Tablet,665.0,745.0449453629243,PayPal ,Pending,495454.88866634463,Branch C,Paris,France,Europe,Retail Banking,Michael,48.8566,2.3522,High
T87028,2024-08-26,C2119,Smartphone,132.0,551.8479893328756,PayPal,,72843.93459193959,Branch A,Warsaw,Poland,Europe,Retail Banking,Anna,52.2297,21.0122,High
T17944,2024-08-26,C3442,Smartphone,-8.0,328.96080385406947,Cash,Failed,-2631.6864308325557,Branch A,Warsaw,Poland,Europe,Retail Banking,Anna,52.2297,21.0122,Low
T91040,2024-08-26,C3961,Smartphone,-3.0,389.81,credit card,,-1169.43,Branch A,Warsaw,Poland,Europe,Retail Banking,Anna,52.2297,21.0122,Low
T39793,2024-08-26,C2618,Smartphone,-7.0,138.963735587632,credit card,,-972.7461491134239,Branch A,Warsaw,Poland,Europe,Retail Banking,Anna,52.2297,21.0122,Low
T18862,2024-08-26,C2156,Headphones,9.0,,PayPal ,Pending,,Branch E,Vienna,Austria,Europe,Retail Banking,Stefan,48.2082,16.3738,Low
T8086,2024-08-26,C330,Coffee Machine,-8.0,,PayPal ,completed,,Branch B,Berlin,Germany,Europe,Retail Banking,John,52.52,13.405,Low
T86717,2024-08-26,C159,Tablet,702.0,,Cash,completed,,Branch C,Paris,France,Europe,Retail Banking,Michael,48.8566,2.3522,Low
T44927,2024-08-26,C2966,Headphones,7.0,898.2404474512826,Credit Card,,6287.683132158979,Branch E,Vienna,Austria,Europe,Retail Banking,Stefan,48.2082,16.3738,High
T4228,2024-08-26,C1934,Tablet,377.0,,Credit Card,complete,,Branch C,Paris,France,Europe,Retail Banking,Michael,48.8566,2.3522,Low
T24943,2024-08-26,C3125,Tablet,-10.0,,PayPal ,Completed,,Branch C,Paris,France,Europe,Retail Banking,Michael,48.8566,2.3522,Low
T6364,2024-08-26,C1824,Laptop,510.0,497.6459746730631,Credit Card,,253799.44708326217,Branch D,Prague,Czechia,Europe,Retail Banking,Elena,50.0755,14.4378,High
T71410,2024-08-27,C2036,Tablet,-4.0,,creditcard,,,Branch C,Paris,France,Europe,Retail Banking,Michael,48.8566,2.3522,Low
T21154,2024-08-27,C2064,Laptop,846.0,480.3852075854375,PayPal,Completed,406405.88561728015,Branch D,Prague,Czechia,Europe,Retail Banking,Elena,50.0755,14.4378,High
T99136,2024-08-27,C3875,Laptop,10.0,328.7652149068491,PayPal ,completed,3287.652149068491,Branch D,Prague,Czechia,Europe,Retail Banking,Elena,50.0755,14.4378,High
,2024-08-27,C1917,Tablet,909.0,,credit card,,,Branch C,Paris,France,Europe,Retail Banking,Michael,48.8566,2.3522,Low
T46969,2024-08-27,C2027,Tablet,8.0,120.21961893377896,pay pal,completed,961.7569514702317,Branch C,Paris,France,Europe,Retail Banking,Michael,48.8566,2.3522,Medium
T24588,2024-08-27,C4812,Tablet,591.0,290.2968645108808,creditcard,completed,171565.44692593056,Branch C,Paris,France,Europe,Retail Banking,Michael,48.8566,2.3522,High
T4021,2024-08-27,C3877,Headphones,-7.0,727.6016536846314,pay pal,completed,-5093.21157579242,Branch E,Vienna,Austria,Europe,Retail Banking,Stefan,48.2082,16.3738,Low
T11909,2024-08-27,C3490,Tablet,699.0,,PayPal,Pending,,Branch C,Paris,France,Europe,Retail Banking,Michael,48.8566,2.3522,Low
,2024-08-27,,Smartphone,-4.0,478.2552543439888,credit card,Pending,-1913.0210173759551,Branch A,Warsaw,Poland,Europe,Retail Banking,Anna,52.2297,21.0122,Low
T38556,2024-08-27,C461,Coffee Machine,-10.0,104.0446331797657,PayPal,complete,-1040.446331797657,Branch B,Berlin,Germany,Europe,Retail Banking,John,52.52,13.405,Low
T30316,2024-08-27,C4174,Coffee Machine,-2.0,,Credit Card,Pending,,Branch B,Berlin,Germany,Europe,Retail Banking,John,52.52,13.405,Low
T49043,2024-08-27,C3637,Tablet,8.0,408.6530256418776,Credit Card,completed,3269.224205135021,Branch C,Paris,France,Europe,Retail Banking,Michael,48.8566,2.3522,High
T69220,2024-08-27,C2101,Coffee Machine,-7.0,,Cash,Failed,,Branch B,Berlin,Germany,Europe,Retail Banking,John,52.52,13.405,Low
T45943,2024-08-27,C1808,Tablet,-6.0,763.4225665673387,Cash,complete,-4580.535399404032,Branch C,Paris,France,Europe,Retail Banking,Michael,48.8566,2.3522,Low
T11489,2024-08-27,C1522,Coffee Machine,-9.0,,credit card,completed,,Branch B,Berlin,Germany,Europe,Retail Banking,John,52.52,13.405,Low
T68478,2024-08-27,C4001,Tablet,3.0,,PayPal ,complete,,Branch C,Paris,France,Europe,Retail Banking,Michael,48.8566,2.3522,Low
T29180,2024-08-27,C3815,Tablet,3.0,112.8538313248866,pay pal,,338.5614939746598,Branch C,Paris,France,Europe,Retail Banking,Michael,48.8566,2.3522,Medium
T12803,2024-08-28,C753,Tablet,-7.0,,creditcard,Pending,,Branch C,Paris,France,Europe,Retail Banking,Michael,48.8566,2.3522,Low
T5521,2024-08-28,C3379,Smartphone,2.0,257.447439776404,creditcard,Completed,514.894879552808,Branch A,Warsaw,Poland,Europe,Retail Banking,Anna,52.2297,21.0122,Medium
T71355,2024-08-28,C2565,Headphones,-9.0,822.0514198765925,PayPal ,Pending,-7398.462778889332,Branch E,Vienna,Austria,Europe,Retail Banking,Stefan,48.2082,16.3738,Low
T64990,2024-08-28,C1154,Smartphone,-2.0,376.1856886962552,pay pal,completed,-752.3713773925105,Branch A,Warsaw,Poland,Europe,Retail Banking,Anna,52.2297,21.0122,Low
T52966,2024-08-28,C4518,Tablet,376.0,254.32725344746876,PayPal ,,95627.04729624826,Branch C,Paris,France,Europe,Retail Banking,Michael,48.8566,2.3522,High
T91226,2024-08-28,C4200,Smartphone,-3.0,,Credit Card,Completed,,Branch A,Warsaw,Poland,Europe,Retail Banking,Anna,52.2297,21.0122,Low
T59140,2024-08-28,C242,Tablet,-10.0,947.9133787461104,creditcard,completed,-9479.133787461104,Branch C,Paris,France,Europe,Retail Banking,Michael,48.8566,2.3522,Low
T1127,2024-08-28,C572,Laptop,4.0,877.2573667872541,PayPal ,,3509.0294671490165,Branch D,Prague,Czechia,Europe,Retail Banking,Elena,50.0755,14.4378,High
T62825,2024-08-28,C2512,Headphones,3.0,785.4457542063523,PayPal ,completed,2356.3372626190567,Branch E,Vienna,Austria,Europe,Retail Banking,Stefan,48.2082,16.3738,High
T58320,2024-08-28,C4412,Tablet,10.0,677.7878790635457,PayPal ,complete,6777.878790635457,Branch C,Paris,France,Europe,Retail Banking,Michael,48.8566,2.3522,High
T72435,2024-08-28,,Coffee Machine,3.0,218.47516100586984,creditcard,Failed,655.4254830176095,Branch B,Berlin,Germany,Europe,Retail Banking,John,52.52,13.405,Medium
T93404,2024-08-28,C3430,Laptop,606.0,160.60852695577026,PayPal ,Pending,97328.76733519678,Branch D,Prague,Czechia,Europe,Retail Banking,Elena,50.0755,14.4378,High
T95964,2024-08-28,C2603,Tablet,6.0,277.71,credit card,complete,1666.2599999999998,Branch C,Paris,France,Europe,Retail Banking,Michael,48.8566,2.3522,High
T69842,2024-08-28,C4579,Headphones,10.0,799.9968052110212,creditcard,Pending,7999.968052110212,Branch E,Vienna,Austria,Europe,Retail Banking,Stefan,48.2082,16.3738,High
T64836,2024-08-28,C203,Smartphone,2.0,657.3889153491207,credit card,completed,1314.7778306982414,Branch A,Warsaw,Poland,Europe,Retail Banking,Anna,52.2297,21.0122,High
T42287,2024-08-28,C422,Headphones,10.0,,credit card,Failed,,Branch E,Vienna,Austria,Europe,Retail Banking,Stefan,48.2082,16.3738,Low
T93034,2024-08-28,C3146,Smartphone,-2.0,810.0223485008513,Credit Card,Completed,-1620.0446970017026,Branch A,Warsaw,Poland,Europe,Retail Banking,Anna,52.2297,21.0122,Low
T62945,2024-08-28,C1920,Coffee Machine,7.0,,credit card,,,Branch B,Berlin,Germany,Europe,Retail Banking,John,52.52,13.405,Low
T44739,2024-08-28,C633,Headphones,235.0,,pay pal,Completed,,Branch E,Vienna,Austria,Europe,Retail Banking,Stefan,48.2082,16.3738,Low
T49292,2024-08-28,C4221,Smartphone,-5.0,269.4835649157,credit card,Failed,-1347.4178245785001,Branch A,Warsaw,Poland,Europe,Retail Banking,Anna,52.2297,21.0122,Low
T13079,2024-08-29,C2637,Laptop,3.0,909.47,creditcard,complete,2728.41,Branch D,Prague,Czechia,Europe,Retail Banking,Elena,50.0755,14.4378,High
T23862,2024-08-29,C2872,Tablet,763.0,,credit card,completed,,Branch C,Paris,France,Europe,Retail Banking,Michael,48.8566,2.3522,Low
T38032,2024-08-29,C2965,Laptop,243.0,,PayPal,,,Branch D,Prague,Czechia,Europe,Retail Banking,Elena,50.0755,14.4378,Low
T51175,2024-08-29,C3766,Tablet,480.0,839.585393640803,PayPal,complete,403000.98894758546,Branch C,Paris,France,Europe,Retail Banking,Michael,48.8566,2.3522,High
T33821,2024-08-29,C4933,Tablet,,,PayPal,complete,,Branch C,Paris,France,Europe,Retail Banking,Michael,48.8566,2.3522,Low
T63318,2024-08-29,C221,Coffee Machine,-6.0,975.5517624158588,creditcard,Pending,-5853.310574495153,Branch B,Berlin,Germany,Europe,Retail Banking,John,52.52,13.405,Low
T37981,2024-08-29,C1189,Tablet,558.0,607.3619613128994,creditcard,,338907.9744125979,Branch C,Paris,France,Europe,Retail Banking,Michael,48.8566,2.3522,High
T91142,2024-08-29,C4819,Tablet,-10.0,479.0913057808477,PayPal ,Completed,-4790.913057808477,Branch C,Paris,France,Europe,Retail Banking,Michael,48.8566,2.3522,Low
T17548,2024-08-29,C3762,Headphones,10.0,883.3490901916023,PayPal,Pending,8833.490901916022,Branch E,Vienna,Austria,Europe,Retail Banking,Stefan,48.2082,16.3738,High
T89518,2024-08-29,C1270,Laptop,,,pay pal,complete,,Branch D,Prague,Czechia,Europe,Retail Banking,Elena,50.0755,14.4378,Low
T99042,2024-08-29,C2317,Headphones,609.0,846.4474114847692,PayPal,Completed,515486.47359422443,Branch E,Vienna,Austria,Europe,Retail Banking,Stefan,48.2082,16.3738,High
T5508,2024-08-29,C2631,Coffee Machine,252.0,437.9983699581995,credit card,completed,110375.58922946626,Branch B,Berlin,Germany,Europe,Retail Banking,John,52.52,13.405,High
T61965,2024-08-29,C3128,Headphones,8.0,227.29160615176352,PayPal ,Pending,1818.3328492141081,Branch E,Vienna,Austria,Europe,Retail Banking,Stefan,48.2082,16.3738,High
T20689,2024-08-29,C1767,Tablet,3.0,457.640907590186,Credit Card,Completed,1372.9227227705578,Branch C,Paris,France,Europe,Retail Banking,Michael,48.8566,2.3522,High
T26917,2024-08-29,C2072,Tablet,-2.0,842.0736359760622,PayPal,,-1684.1472719521244,Branch C,Paris,France,Europe,Retail Banking,Michael,48.8566,2.3522,Low
T49714,2024-08-30,C2048,Coffee Machine,,185.63241169588852,creditcard,Completed,,Branch B,Berlin,Germany,Europe,Retail Banking,John,52.52,13.405,Low
,2024-08-30,C114,Headphones,-9.0,,Cash,,,Branch E,Vienna,Austria,Europe,Retail Banking,Stefan,48.2082,16.3738,Low
T16547,2024-08-30,C143,Headphones,-1.0,786.48,PayPal ,Pending,-786.48,Branch E,Vienna,Austria,Europe,Retail Banking,Stefan,48.2082,16.3738,Low
T46161,2024-08-30,C2397,Headphones,426.0,,pay pal,completed,,Branch E,Vienna,Austria,Europe,Retail Banking,Stefan,48.2082,16.3738,Low
,2024-08-30,C4694,Coffee Machine,8.0,,PayPal,Pending,,Branch B,Berlin,Germany,Europe,Retail Banking,John,52.52,13.405,Low
T31934,2024-08-30,C2956,Headphones,9.0,479.8123314758881,PayPal,completed,4318.310983282992,Branch E,Vienna,Austria,Europe,Retail Banking,Stefan,48.2082,16.3738,High
T53970,2024-08-30,C603,Smartphone,-4.0,,PayPal ,,,Branch A,Warsaw,Poland,Europe,Retail Banking,Anna,52.2297,21.0122,Low
T58864,2024-08-30,C1100,Coffee Machine,192.0,388.12392819174073,credit card,completed,74519.79421281422,Branch B,Berlin,Germany,Europe,Retail Banking,John,52.52,13.405,High
T6111,2024-08-30,C918,Laptop,10.0,835.9567399852565,Cash,Pending,8359.567399852565,Branch D,Prague,Czechia,Europe,Retail Banking,Elena,50.0755,14.4378,High
T34527,2024-08-30,,Laptop,2.0,76.1842152076114,Cash,,152.3684304152228,Branch D,Prague,Czechia,Europe,Retail Banking,Elena,50.0755,14.4378,Medium
T66001,2024-08-30,C4422,Headphones,342.0,866.3779995330743,pay pal,Pending,296301.2758403114,Branch E,Vienna,Austria,Europe,Retail Banking,Stefan,48.2082,16.3738,High
T19398,2024-08-30,C3373,Coffee Machine,-8.0,,Cash,,,Branch B,Berlin,Germany,Europe,Retail Banking,John,52.52,13.405,Low
T24226,2024-08-31,C896,Smartphone,160.0,,Cash,Pending,,Branch A,Warsaw,Poland,Europe,Retail Banking,Anna,52.2297,21.0122,Low
T50179,2024-08-31,C2219,Tablet,,,PayPal,complete,,Branch C,Paris,France,Europe,Retail Banking,Michael,48.8566,2.3522,Low
T40892,2024-08-31,C1573,Smartphone,-10.0,194.1351237545121,Cash,completed,-1941.351237545121,Branch A,Warsaw,Poland,Europe,Retail Banking,Anna,52.2297,21.0122,Low
T64359,2024-08-31,C242,Headphones,7.0,,pay pal,,,Branch E,Vienna,Austria,Europe,Retail Banking,Stefan,48.2082,16.3738,Low
T90247,2024-08-31,C340,Tablet,10.0,,Cash,completed,,Branch C,Paris,France,Europe,Retail Banking,Michael,48.8566,2.3522,Low
T23286,2024-08-31,C3669,Tablet,763.0,139.6796232565706,PayPal,completed,106575.55254476337,Branch C,Paris,France,Europe,Retail Banking,Michael,48.8566,2.3522,High
T58582,2024-08-31,C208,Tablet,-7.0,484.83,Cash,completed,-3393.81,Branch C,Paris,France,Europe,Retail Banking,Michael,48.8566,2.3522,Low
T59396,2024-08-31,C4281,Laptop,926.0,112.40343841429365,credit card,Failed,104085.58397163592,Branch D,Prague,Czechia,Europe,Retail Banking,Elena,50.0755,14.4378,High
T53652,2024-08-31,C4859,Smartphone,3.0,872.0210049079179,PayPal ,completed,2616.063014723754,Branch A,Warsaw,Poland,Europe,Retail Banking,Anna,52.2297,21.0122,High
T61091,2024-08-31,C4226,Laptop,116.0,,pay pal,completed,,Branch D,Prague,Czechia,Europe,Retail Banking,Elena,50.0755,14.4378,Low
T84105,2024-08-31,C619,Laptop,-10.0,356.56,credit card,Completed,-3565.6,Branch D,Prague,Czechia,Europe,Retail Banking,Elena,50.0755,14.4378,Low
T31605,2024-08-31,C4375,Headphones,-10.0,104.887538586324,Credit Card,Completed,-1048.87538586324,Branch E,Vienna,Austria,Europe,Retail Banking,Stefan,48.2082,16.3738,Low
,2024-08-31,C3717,Coffee Machine,-2.0,616.2779763683351,PayPal,Pending,-1232.5559527366702,Branch B,Berlin,Germany,Europe,Retail Banking,John,52.52,13.405,Low
T10037,2024-08-31,C1963,Headphones,-4.0,426.8453988519575,PayPal,completed,-1707.38159540783,Branch E,Vienna,Austria,Europe,Retail Banking,Stefan,48.2082,16.3738,Low
T44042,2024-08-31,C3043,Coffee Machine,1.0,601.8899819314257,PayPal ,,601.8899819314257,Branch B,Berlin,Germany,Europe,Retail Banking,John,52.52,13.405,Medium
T51462,2024-09-01,C232,Laptop,,,Cash,complete,,Branch D,Prague,Czechia,Europe,Retail Banking,Elena,50.0755,14.4378,Low
T52028,2024-09-01,C1104,Tablet,-6.0,292.9359249429297,Cash,complete,-1757.6155496575784,Branch C,Paris,France,Europe,Retail Banking,Michael,48.8566,2.3522,Low
T95903,2024-09-01,C3290,Tablet,2.0,332.443443232265,credit card,,664.88688646453,Branch C,Paris,France,Europe,Retail Banking,Michael,48.8566,2.3522,Medium
T35621,2024-09-01,C4616,Smartphone,1.0,,PayPal ,complete,,Branch A,Warsaw,Poland,Europe,Retail Banking,Anna,52.2297,21.0122,Low
T87288,2024-09-01,C4901,Headphones,-7.0,915.91,credit card,Completed,-6411.37,Branch E,Vienna,Austria,Europe,Retail Banking,Stefan,48.2082,16.3738,Low
T93157,2024-09-01,C306,Smartphone,-1.0,854.2012954833249,credit card,Failed,-854.2012954833249,Branch A,Warsaw,Poland,Europe,Retail Banking,Anna,52.2297,21.0122,Low
T41622,2024-09-01,C298,Headphones,920.0,,PayPal,Failed,,Branch E,Vienna,Austria,Europe,Retail Banking,Stefan,48.2082,16.3738,Low
T89413,2024-09-01,C2988,Smartphone,882.0,421.58735689018977,PayPal,Pending,371840.04877714737,Branch A,Warsaw,Poland,Europe,Retail Banking,Anna,52.2297,21.0122,High
T36247,2024-09-01,C3686,Smartphone,215.0,748.62,creditcard,Completed,160953.3,Branch A,Warsaw,Poland,Europe,Retail Banking,Anna,52.2297,21.0122,High
T97947,2024-09-01,C1435,Smartphone,-3.0,312.32209750166453,PayPal ,complete,-936.9662925049936,Branch A,Warsaw,Poland,Europe,Retail Banking,Anna,52.2297,21.0122,Low
T94289,2024-09-01,C2764,Laptop,,,PayPal ,Pending,,Branch D,Prague,Czechia,Europe,Retail Banking,Elena,50.0755,14.4378,Low
T94530,2024-09-01,C3535,Coffee Machine,664.0,500.0372801400989,PayPal ,Failed,332024.75401302567,Branch B,Berlin,Germany,Europe,Retail Banking,John,52.52,13.405,High
T89430,2024-09-01,C4547,Coffee Machine,-8.0,,creditcard,,,Branch B,Berlin,Germany,Europe,Retail Banking,John,52.52,13.405,Low
T2671,2024-09-01,C727,Smartphone,284.0,,Cash,Pending,,Branch A,Warsaw,Poland,Europe,Retail Banking,Anna,52.2297,21.0122,Low
T15842,2024-09-01,C1078,Headphones,-3.0,901.109603476686,credit card,complete,-2703.3288104300577,Branch E,Vienna,Austria,Europe,Retail Banking,Stefan,48.2082,16.3738,Low
T1738,2024-09-01,C2120,Smartphone,,,Cash,,,Branch A,Warsaw,Poland,Europe,Retail Banking,Anna,52.2297,21.0122,Low
T19454,2024-09-01,C006,Smartphone,853.0,981.58048807825,creditcard,Completed,837288.1563307473,Branch A,Warsaw,Poland,Europe,Retail Banking,Anna,52.2297,21.0122,High
T11694,2024-09-02,C3622,Laptop,287.0,450.2580736632184,Credit Card,Pending,129224.06714134368,Branch D,Prague,Czechia,Europe,Retail Banking,Elena,50.0755,14.4378,High
T75425,2024-09-02,C690,Tablet,117.0,351.3485258836597,Cash,Failed,41107.777528388186,Branch C,Paris,France,Europe,Retail Banking,Michael,48.8566,2.3522,High
T68589,2024-09-02,C371,Laptop,2.0,,Credit Card,Pending,,Branch D,Prague,Czechia,Europe,Retail Banking,Elena,50.0755,14.4378,Low
T89555,2024-09-02,C2653,Smartphone,3.0,,Credit Card,Pending,,Branch A,Warsaw,Poland,Europe,Retail Banking,Anna,52.2297,21.0122,Low
T45261,2024-09-02,C3111,Tablet,5.0,,Credit Card,,,Branch C,Paris,France,Europe,Retail Banking,Michael,48.8566,2.3522,Low
T57785,2024-09-02,C2047,Headphones,164.0,,PayPal,Pending,,Branch E,Vienna,Austria,Europe,Retail Banking,Stefan,48.2082,16.3738,Low
T15024,2024-09-02,C4261,Laptop,458.0,536.89,credit card,completed,245895.62,Branch D,Prague,Czechia,Europe,Retail Banking,Elena,50.0755,14.4378,High
T15599,2024-09-02,C3772,Coffee Machine,10.0,281.7498090443704,creditcard,completed,2817.4980904437043,Branch B,Berlin,Germany,Europe,Retail Banking,John,52.52,13.405,High
T67280,2024-09-02,C1518,Headphones,-10.0,988.2698888022034,PayPal,Failed,-9882.698888022034,Branch E,Vienna,Austria,Europe,Retail Banking,Stefan,48.2082,16.3738,Low
T85710,2024-09-02,C2733,Laptop,358.0,535.4127017258456,Cash,Completed,191677.74721785274,Branch D,Prague,Czechia,Europe,Retail Banking,Elena,50.0755,14.4378,High
T97972,2024-09-02,C2696,Coffee Machine,9.0,235.0756809407527,Cash,,2115.681128466774,Branch B,Berlin,Germany,Europe,Retail Banking,John,52.52,13.405,High
T99220,2024-09-02,C1550,Smartphone,255.0,226.8843463708655,creditcard,Failed,57855.5083245707,Branch A,Warsaw,Poland,Europe,Retail Banking,Anna,52.2297,21.0122,High
T30753,2024-09-02,C2883,Laptop,191.0,,Credit Card,completed,,Branch D,Prague,Czechia,Europe,Retail Banking,Elena,50.0755,14.4378,Low
T3125,2024-09-02,C2644,Coffee Machine,-6.0,769.4095893275735,PayPal,Pending,-4616.457535965441,Branch B,Berlin,Germany,Europe,Retail Banking,John,52.52,13.405,Low
T54780,2024-09-02,C307,Coffee Machine,10.0,352.92865582658624,PayPal,,3529.2865582658624,Branch B,Berlin,Germany,Europe,Retail Banking,John,52.52,13.405,High
T97060,2024-09-02,C1254,Smartphone,156.0,668.8558070994069,creditcard,complete,104341.50590750747,Branch A,Warsaw,Poland,Europe,Retail Banking,Anna,52.2297,21.0122,High
T91842,2024-09-02,,Tablet,-1.0,,PayPal,complete,,Branch C,Paris,France,Europe,Retail Banking,Michael,48.8566,2.3522,Low
T54340,2024-09-02,C901,Laptop,-10.0,849.1947291963158,PayPal ,Completed,-8491.947291963159,Branch D,Prague,Czechia,Europe,Retail Banking,Elena,50.0755,14.4378,Low
T11007,2024-09-02,C192,Laptop,838.0,680.2623719670069,creditcard,complete,570059.8677083517,Branch D,Prague,Czechia,Europe,Retail Banking,Elena,50.0755,14.4378,High
T8481,2024-09-02,C3816,Laptop,-5.0,,PayPal,Pending,,Branch D,Prague,Czechia,Europe,Retail Banking,Elena,50.0755,14.4378,Low
,2024-09-02,C1950,Laptop,919.0,523.8857548767686,Cash,Failed,481451.00873175036,Branch D,Prague,Czechia,Europe,Retail Banking,Elena,50.0755,14.4378,High
T58824,2024-09-02,C2409,Smartphone,,483.4113609722917,pay pal,Failed,,Branch A,Warsaw,Poland,Europe,Retail Banking,Anna,52.2297,21.0122,Low
T13406,2024-09-02,C1122,Smartphone,366.0,706.35,Cash,Completed,258524.1,Branch A,Warsaw,Poland,Europe,Retail Banking,Anna,52.2297,21.0122,High
T57305,2024-09-02,C4320,Smartphone,-4.0,,PayPal,Failed,,Branch A,Warsaw,Poland,Europe,Retail Banking,Anna,52.2297,21.0122,Low
T26714,2024-09-03,C870,Laptop,-8.0,70.40042027733281,credit card,,-563.2033622186625,Branch D,Prague,Czechia,Europe,Retail Banking,Elena,50.0755,14.4378,Low
T9563,2024-09-03,C1462,Laptop,-9.0,802.7362683041326,Cash,completed,-7224.626414737194,Branch D,Prague,Czechia,Europe,Retail Banking,Elena,50.0755,14.4378,Low
T13395,2024-09-03,C1720,Smartphone,6.0,204.37791139004963,Cash,complete,1226.267468340298,Branch A,Warsaw,Poland,Europe,Retail Banking,Anna,52.2297,21.0122,High
T11522,2024-09-03,C1555,Tablet,3.0,639.78,Credit Card,,1919.34,Branch C,Paris,France,Europe,Retail Banking,Michael,48.8566,2.3522,High
T29930,2024-09-03,C3801,Coffee Machine,8.0,758.7301795899715,PayPal ,Pending,6069.841436719772,Branch B,Berlin,Germany,Europe,Retail Banking,John,52.52,13.405,High
T59804,2024-09-03,C263,Laptop,733.0,823.57,Credit Card,Failed,603676.81,Branch D,Prague,Czechia,Europe,Retail Banking,Elena,50.0755,14.4378,High
T37143,2024-09-03,C2444,Headphones,-8.0,,Credit Card,completed,,Branch E,Vienna,Austria,Europe,Retail Banking,Stefan,48.2082,16.3738,Low
T99209,2024-09-03,C1455,Coffee Machine,124.0,756.8171687075271,Cash,completed,93845.32891973337,Branch B,Berlin,Germany,Europe,Retail Banking,John,52.52,13.405,High
T40352,2024-09-03,C3341,Coffee Machine,7.0,195.37584166340207,Cash,Pending,1367.6308916438145,Branch B,Berlin,Germany,Europe,Retail Banking,John,52.52,13.405,High
T78364,2024-09-03,C3484,Smartphone,901.0,,credit card,completed,,Branch A,Warsaw,Poland,Europe,Retail Banking,Anna,52.2297,21.0122,Low
T50815,2024-09-03,C4837,Smartphone,4.0,211.2746070902507,Cash,Failed,845.0984283610028,Branch A,Warsaw,Poland,Europe,Retail Banking,Anna,52.2297,21.0122,Medium
T76045,2024-09-03,C2127,Smartphone,-6.0,614.513217962547,pay pal,Pending,-3687.0793077752814,Branch A,Warsaw,Poland,Europe,Retail Banking,Anna,52.2297,21.0122,Low
,2024-09-03,C931,Headphones,393.0,621.6972535663476,pay pal,Pending,244327.02065157462,Branch E,Vienna,Austria,Europe,Retail Banking,Stefan,48.2082,16.3738,High
T48041,2024-09-03,C3944,Smartphone,2.0,786.8131764135105,Cash,Failed,1573.626352827021,Branch A,Warsaw,Poland,Europe,Retail Banking,Anna,52.2297,21.0122,High
T77325,2024-09-03,C2633,Smartphone,726.0,736.4328359078609,credit card,completed,534650.238869107,Branch A,Warsaw,Poland,Europe,Retail Banking,Anna,52.2297,21.0122,High
T6648,2024-09-04,C1764,Laptop,-2.0,873.4258740890422,creditcard,Failed,-1746.8517481780843,Branch D,Prague,Czechia,Europe,Retail Banking,Elena,50.0755,14.4378,Low
T82600,2024-09-04,C2971,Coffee Machine,,,Cash,complete,,Branch B,Berlin,Germany,Europe,Retail Banking,John,52.52,13.405,Low
T48012,2024-09-04,C1561,Smartphone,5.0,,Cash,complete,,Branch A,Warsaw,Poland,Europe,Retail Banking,Anna,52.2297,21.0122,Low
T13608,2024-09-04,C1303,Tablet,-5.0,,PayPal,Completed,,Branch C,Paris,France,Europe,Retail Banking,Michael,48.8566,2.3522,Low
T50514,2024-09-04,C417,Headphones,-9.0,501.1514057031136,credit card,,-4510.362651328022,Branch E,Vienna,Austria,Europe,Retail Banking,Stefan,48.2082,16.3738,Low
T36364,2024-09-04,C1986,Headphones,2.0,,Cash,Failed,,Branch E,Vienna,Austria,Europe,Retail Banking,Stefan,48.2082,16.3738,Low
T1951,2024-09-04,C4502,Laptop,716.0,306.8371536433126,Credit Card,Pending,219695.40200861183,Branch D,Prague,Czechia,Europe,Retail Banking,Elena,50.0755,14.4378,High
T62517,2024-09-04,C4766,Laptop,241.0,840.3023900767291,creditcard,Failed,202512.87600849173,Branch D,Prague,Czechia,Europe,Retail Banking,Elena,50.0755,14.4378,High
T14045,2024-09-04,C097,Smartphone,7.0,,PayPal,Pending,,Branch A,Warsaw,Poland,Europe,Retail Banking,Anna,52.2297,21.0122,Low
T60642,2024-09-04,,Tablet,930.0,674.5387617335939,PayPal ,complete,627321.0484122423,Branch C,Paris,France,Europe,Retail Banking,Michael,48.8566,2.3522,High
T18382,2024-09-04,C4984,Tablet,446.0,,PayPal ,Completed,,Branch C,Paris,France,Europe,Retail Banking,Michael,48.8566,2.3522,Low
T35077,2024-09-04,C1613,Tablet,,114.4143547700753,PayPal,Completed,,Branch C,Paris,France,Europe,Retail Banking,Michael,48.8566,2.3522,Low
T78099,2024-09-04,C2698,Tablet,-6.0,,creditcard,Pending,,Branch C,Paris,France,Europe,Retail Banking,Michael,48.8566,2.3522,Low
T3254,2024-09-04,C841,Smartphone,922.0,765.8673735596567,Credit Card,completed,706129.7184220034,Branch A,Warsaw,Poland,Europe,Retail Banking,Anna,52.2297,21.0122,High
T24394,2024-09-04,C3439,Laptop,10.0,186.53754073590164,PayPal,completed,1865.3754073590164,Branch D,Prague,Czechia,Europe,Retail Banking,Elena,50.0755,14.4378,High
T43633,2024-09-05,C4359,Tablet,2.0,414.9170448207838,creditcard,Pending,829.8340896415676,Branch C,Paris,France,Europe,Retail Banking,Michael,48.8566,2.3522,Medium
T30027,2024-09-05,C2017,Tablet,533.0,,PayPal ,complete,,Branch C,Paris,France,Europe,Retail Banking,Michael,48.8566,2.3522,Low
,2024-09-05,C3046,Headphones,408.0,206.3452101202253,Credit Card,,84188.84572905191,Branch E,Vienna,Austria,Europe,Retail Banking,Stefan,48.2082,16.3738,High
T32882,2024-09-05,C392,Coffee Machine,948.0,628.81,PayPal,Completed,596111.88,Branch B,Berlin,Germany,Europe,Retail Banking,John,52.52,13.405,High
T6529,2024-09-05,C1782,Coffee Machine,423.0,,credit card,Completed,,Branch B,Berlin,Germany,Europe,Retail Banking,John,52.52,13.405,Low
,2024-09-05,C4314,Laptop,,,credit card,,,Branch D,Prague,Czechia,Europe,Retail Banking,Elena,50.0755,14.4378,Low
T14809,2024-09-05,C1624,Tablet,-2.0,,credit card,Completed,,Branch C,Paris,France,Europe,Retail Banking,Michael,48.8566,2.3522,Low
T71407,2024-09-05,C2167,Coffee Machine,-10.0,680.9569889409822,pay pal,Completed,-6809.569889409822,Branch B,Berlin,Germany,Europe,Retail Banking,John,52.52,13.405,Low
T25958,2024-09-05,C4516,Laptop,-8.0,160.00657019933055,Cash,complete,-1280.0525615946444,Branch D,Prague,Czechia,Europe,Retail Banking,Elena,50.0755,14.4378,Low
T8667,2024-09-05,C144,Smartphone,10.0,976.949720522276,PayPal ,completed,9769.49720522276,Branch A,Warsaw,Poland,Europe,Retail Banking,Anna,52.2297,21.0122,High
,2024-09-05,C2123,Headphones,-5.0,787.3494247685651,PayPal,completed,-3936.747123842825,Branch E,Vienna,Austria,Europe,Retail Banking,Stefan,48.2082,16.3738,Low
T37824,2024-09-05,C4563,Smartphone,-2.0,60.14390088723405,PayPal,Completed,-120.2878017744681,Branch A,Warsaw,Poland,Europe,Retail Banking,Anna,52.2297,21.0122,Low
T9242,2024-09-05,C3876,Smartphone,642.0,,Cash,Failed,,Branch A,Warsaw,Poland,Europe,Retail Banking,Anna,52.2297,21.0122,Low
T44110,2024-09-05,C1830,Laptop,873.0,589.7284907755873,credit card,Completed,514832.9724470877,Branch D,Prague,Czechia,Europe,Retail Banking,Elena,50.0755,14.4378,High
T55964,2024-09-05,C1379,Coffee Machine,260.0,,PayPal ,Pending,,Branch B,Berlin,Germany,Europe,Retail Banking,John,52.52,13.405,Low
T92765,2024-09-05,C967,Headphones,241.0,,PayPal,Failed,,Branch E,Vienna,Austria,Europe,Retail Banking,Stefan,48.2082,16.3738,Low
T32366,2024-09-05,C3080,Tablet,924.0,550.0719520675567,pay pal,Failed,508266.4837104224,Branch C,Paris,France,Europe,Retail Banking,Michael,48.8566,2.3522,High
T98999,2024-09-05,C4023,Tablet,6.0,810.862500374543,Credit Card,Failed,4865.175002247258,Branch C,Paris,France,Europe,Retail Banking,Michael,48.8566,2.3522,High
T98186,2024-09-05,C3230,Headphones,-4.0,,credit card,Pending,,Branch E,Vienna,Austria,Europe,Retail Banking,Stefan,48.2082,16.3738,Low
T54057,2024-09-06,C3144,Coffee Machine,642.0,169.4967115228912,Cash,completed,108816.88879769614,Branch B,Berlin,Germany,Europe,Retail Banking,John,52.52,13.405,High
T25661,2024-09-06,C2747,Tablet,224.0,345.9144723272093,Credit Card,Completed,77484.84180129488,Branch C,Paris,France,Europe,Retail Banking,Michael,48.8566,2.3522,High
T63924,2024-09-06,C2244,Coffee Machine,521.0,,pay pal,Completed,,Branch B,Berlin,Germany,Europe,Retail Banking,John,52.52,13.405,Low
T82599,2024-09-06,C1085,Smartphone,-9.0,,PayPal,complete,,Branch A,Warsaw,Poland,Europe,Retail Banking,Anna,52.2297,21.0122,Low
T64103,2024-09-06,C2152,Tablet,-8.0,,Cash,Failed,,Branch C,Paris,France,Europe,Retail Banking,Michael,48.8566,2.3522,Low
T77934,2024-09-06,C4834,Smartphone,4.0,,Cash,Completed,,Branch A,Warsaw,Poland,Europe,Retail Banking,Anna,52.2297,21.0122,Low
T56961,2024-09-06,C182,Smartphone,-10.0,830.0454732736248,creditcard,,-8300.454732736249,Branch A,Warsaw,Poland,Europe,Retail Banking,Anna,52.2297,21.0122,Low
T63977,2024-09-06,C4627,Tablet,488.0,,PayPal,Pending,,Branch C,Paris,France,Europe,Retail Banking,Michael,48.8566,2.3522,Low
T67414,2024-09-06,C4720,Laptop,660.0,904.977333377001,Cash,Completed,597285.0400288206,Branch D,Prague,Czechia,Europe,Retail Banking,Elena,50.0755,14.4378,High
T32846,2024-09-06,C3677,Laptop,794.0,788.7189161124259,Credit Card,,626242.8193932661,Branch D,Prague,Czechia,Europe,Retail Banking,Elena,50.0755,14.4378,High
T0112,2024-09-06,C4249,Laptop,723.0,90.34728588175324,creditcard,Failed,65321.08769250759,Branch D,Prague,Czechia,Europe,Retail Banking,Elena,50.0755,14.4378,High
T42411,2024-09-06,,Coffee Machine,9.0,,PayPal ,,,Branch B,Berlin,Germany,Europe,Retail Banking,John,52.52,13.405,Low
T47221,2024-09-06,C1274,Laptop,,165.79956728633346,Cash,Pending,,Branch D,Prague,Czechia,Europe,Retail Banking,Elena,50.0755,14.4378,Low
T63977,2024-09-06,C4627,Tablet,488.0,,PayPal,Pending,,Branch C,Paris,France,Europe,Retail Banking,Michael,48.8566,2.3522,Low
T18031,2024-09-06,C3706,Coffee Machine,241.0,,credit card,Pending,,Branch B,Berlin,Germany,Europe,Retail Banking,John,52.52,13.405,Low
T36718,2024-09-06,C2019,Headphones,10.0,,PayPal,Completed,,Branch E,Vienna,Austria,Europe,Retail Banking,Stefan,48.2082,16.3738,Low
T79664,2024-09-06,C4112,Smartphone,939.0,,creditcard,Pending,,Branch A,Warsaw,Poland,Europe,Retail Banking,Anna,52.2297,21.0122,Low
T79621,2024-09-06,C4520,Smartphone,-3.0,521.3959163537987,PayPal ,complete,-1564.187749061396,Branch A,Warsaw,Poland,Europe,Retail Banking,Anna,52.2297,21.0122,Low
T51620,2024-09-06,C3986,Headphones,-4.0,,Cash,Failed,,Branch E,Vienna,Austria,Europe,Retail Banking,Stefan,48.2082,16.3738,Low
T58011,2024-09-06,C393,Tablet,624.0,944.5337911905486,Credit Card,,589389.0857029024,Branch C,Paris,France,Europe,Retail Banking,Michael,48.8566,2.3522,High
T14137,2024-09-06,C2191,Coffee Machine,403.0,587.3471079534602,PayPal ,Pending,236700.88450524447,Branch B,Berlin,Germany,Europe,Retail Banking,John,52.52,13.405,High
T43631,2024-09-06,C3760,Coffee Machine,-9.0,400.08,Credit Card,Pending,-3600.72,Branch B,Berlin,Germany,Europe,Retail Banking,John,52.52,13.405,Low
T55302,2024-09-06,C4748,Laptop,265.0,921.3976274808488,credit card,completed,244170.37128242492,Branch D,Prague,Czechia,Europe,Retail Banking,Elena,50.0755,14.4378,High
T39531,2024-09-07,C2791,Headphones,-8.0,,credit card,Completed,,Branch E,Vienna,Austria,Europe,Retail Banking,Stefan,48.2082,16.3738,Low
T58140,2024-09-07,C1283,Coffee Machine,-7.0,592.479787714278,Cash,complete,-4147.358513999946,Branch B,Berlin,Germany,Europe,Retail Banking,John,52.52,13.405,Low
T24606,2024-09-07,C4204,Coffee Machine,-4.0,330.46973651692,PayPal,complete,-1321.87894606768,Branch B,Berlin,Germany,Europe,Retail Banking,John,52.52,13.405,Low
T45925,2024-09-07,,Headphones,-8.0,,Credit Card,complete,,Branch E,Vienna,Austria,Europe,Retail Banking,Stefan,48.2082,16.3738,Low
T93577,2024-09-07,C1206,Coffee Machine,10.0,551.1296359571993,Cash,complete,5511.296359571993,Branch B,Berlin,Germany,Europe,Retail Banking,John,52.52,13.405,High
T5859,2024-09-07,C1980,Tablet,-6.0,893.6199610357417,pay pal,Pending,-5361.71976621445,Branch C,Paris,France,Europe,Retail Banking,Michael,48.8566,2.3522,Low
,2024-09-07,C2892,Tablet,-1.0,,PayPal,Completed,,Branch C,Paris,France,Europe,Retail Banking,Michael,48.8566,2.3522,Low
T5974,2024-09-07,C1807,Smartphone,351.0,529.2182292156856,credit card,completed,185755.59845470564,Branch A,Warsaw,Poland,Europe,Retail Banking,Anna,52.2297,21.0122,High
,2024-09-07,C819,Headphones,784.0,,pay pal,Failed,,Branch E,Vienna,Austria,Europe,Retail Banking,Stefan,48.2082,16.3738,Low
T67357,2024-09-07,C2017,Coffee Machine,960.0,,pay pal,Pending,,Branch B,Berlin,Germany,Europe,Retail Banking,John,52.52,13.405,Low
T58026,2024-09-07,,Coffee Machine,1.0,642.7848965680032,Cash,,642.7848965680032,Branch B,Berlin,Germany,Europe,Retail Banking,John,52.52,13.405,Medium
T76705,2024-09-07,C2618,Tablet,918.0,488.1195991560221,pay pal,Pending,448093.79202522826,Branch C,Paris,France,Europe,Retail Banking,Michael,48.8566,2.3522,High
T10268,2024-09-07,C1330,Tablet,3.0,374.31454038211393,Cash,Pending,1122.9436211463417,Branch C,Paris,France,Europe,Retail Banking,Michael,48.8566,2.3522,High
T87408,2024-09-07,C3195,Tablet,,,pay pal,,,Branch C,Paris,France,Europe,Retail Banking,Michael,48.8566,2.3522,Low
T59729,2024-09-07,C3067,Coffee Machine,-7.0,,pay pal,Pending,,Branch B,Berlin,Germany,Europe,Retail Banking,John,52.52,13.405,Low
T19008,2024-09-07,C4325,Coffee Machine,324.0,385.0218106402623,Cash,completed,124747.06664744498,Branch B,Berlin,Germany,Europe,Retail Banking,John,52.52,13.405,High
T67788,2024-09-07,C2056,Headphones,-3.0,829.4044778230789,PayPal,Failed,-2488.2134334692364,Branch E,Vienna,Austria,Europe,Retail Banking,Stefan,48.2082,16.3738,Low
T13955,2024-09-08,C3875,Coffee Machine,493.0,,pay pal,Completed,,Branch B,Berlin,Germany,Europe,Retail Banking,John,52.52,13.405,Low
T65537,2024-09-08,C3600,Laptop,711.0,550.9620595688349,creditcard,completed,391734.0243534416,Branch D,Prague,Czechia,Europe,Retail Banking,Elena,50.0755,14.4378,High
T59394,2024-09-08,C2636,Laptop,366.0,,creditcard,,,Branch D,Prague,Czechia,Europe,Retail Banking,Elena,50.0755,14.4378,Low
T70434,2024-09-08,C4833,Laptop,-1.0,857.16593079051,Credit Card,Failed,-857.16593079051,Branch D,Prague,Czechia,Europe,Retail Banking,Elena,50.0755,14.4378,Low
T39218,2024-09-08,C154,Headphones,-5.0,,Credit Card,Pending,,Branch E,Vienna,Austria,Europe,Retail Banking,Stefan,48.2082,16.3738,Low
,2024-09-08,C355,Headphones,2.0,,PayPal,completed,,Branch E,Vienna,Austria,Europe,Retail Banking,Stefan,48.2082,16.3738,Low
T42007,2024-09-08,C3924,Coffee Machine,-7.0,481.1830175611864,Cash,,-3368.2811229283047,Branch B,Berlin,Germany,Europe,Retail Banking,John,52.52,13.405,Low
T67510,2024-09-08,C263,Tablet,-1.0,673.9871994762728,credit card,completed,-673.9871994762728,Branch C,Paris,France,Europe,Retail Banking,Michael,48.8566,2.3522,Low
T42232,2024-09-08,C4616,Tablet,-3.0,,Cash,Completed,,Branch C,Paris,France,Europe,Retail Banking,Michael,48.8566,2.3522,Low
T84808,2024-09-08,C4706,Smartphone,-6.0,258.96019821429513,Credit Card,,-1553.7611892857708,Branch A,Warsaw,Poland,Europe,Retail Banking,Anna,52.2297,21.0122,Low
T25974,2024-09-08,C771,Smartphone,,909.16,PayPal ,,,Branch A,Warsaw,Poland,Europe,Retail Banking,Anna,52.2297,21.0122,Low
T58141,2024-09-08,C3580,Coffee Machine,469.0,65.21357938153744,pay pal,,30585.168729941062,Branch B,Berlin,Germany,Europe,Retail Banking,John,52.52,13.405,High
T86544,2024-09-08,C4349,Headphones,117.0,158.77608644854854,PayPal ,complete,18576.80211448018,Branch E,Vienna,Austria,Europe,Retail Banking,Stefan,48.2082,16.3738,High
,2024-09-08,C1968,Tablet,719.0,445.6911124614944,PayPal ,complete,320451.9098598145,Branch C,Paris,France,Europe,Retail Banking,Michael,48.8566,2.3522,High
T16212,2024-09-08,C3081,Laptop,-7.0,,Cash,Failed,,Branch D,Prague,Czechia,Europe,Retail Banking,Elena,50.0755,14.4378,Low
T20603,2024-09-08,C361,Smartphone,546.0,686.2253906602266,credit card,Completed,374679.06330048374,Branch A,Warsaw,Poland,Europe,Retail Banking,Anna,52.2297,21.0122,High
T25073,2024-09-08,C3311,Smartphone,530.0,917.06,credit card,Failed,486041.8,Branch A,Warsaw,Poland,Europe,Retail Banking,Anna,52.2297,21.0122,High
T90398,2024-09-08,C4033,Smartphone,8.0,454.8717366659287,PayPal,complete,3638.97389332743,Branch A,Warsaw,Poland,Europe,Retail Banking,Anna,52.2297,21.0122,High
T59662,2024-09-09,C3871,Headphones,1.0,367.1036169843204,Credit Card,Failed,367.1036169843204,Branch E,Vienna,Austria,Europe,Retail Banking,Stefan,48.2082,16.3738,Medium
,2024-09-09,C4013,Smartphone,-2.0,,PayPal,complete,,Branch A,Warsaw,Poland,Europe,Retail Banking,Anna,52.2297,21.0122,Low
T29792,2024-09-09,C3881,Headphones,-1.0,,PayPal ,Completed,,Branch E,Vienna,Austria,Europe,Retail Banking,Stefan,48.2082,16.3738,Low
T40492,2024-09-09,C4869,Tablet,-1.0,952.7041001614105,PayPal,complete,-952.7041001614105,Branch C,Paris,France,Europe,Retail Banking,Michael,48.8566,2.3522,Low
T0525,2024-09-09,C2309,Smartphone,,104.35615706425232,PayPal ,Failed,,Branch A,Warsaw,Poland,Europe,Retail Banking,Anna,52.2297,21.0122,Low
T57924,2024-09-09,C2045,Laptop,-1.0,165.21,Cash,,-165.21,Branch D,Prague,Czechia,Europe,Retail Banking,Elena,50.0755,14.4378,Low
T20638,2024-09-09,C3253,Coffee Machine,902.0,343.57678275304806,Cash,Pending,309906.25804324937,Branch B,Berlin,Germany,Europe,Retail Banking,John,52.52,13.405,High
T7965,2024-09-09,C3659,Headphones,475.0,,creditcard,completed,,Branch E,Vienna,Austria,Europe,Retail Banking,Stefan,48.2082,16.3738,Low
T5278,2024-09-09,C303,Tablet,4.0,652.0137625875145,creditcard,complete,2608.055050350058,Branch C,Paris,France,Europe,Retail Banking,Michael,48.8566,2.3522,High
T38520,2024-09-09,C1861,Smartphone,7.0,,pay pal,Failed,,Branch A,Warsaw,Poland,Europe,Retail Banking,Anna,52.2297,21.0122,Low
T0922,2024-09-09,C4518,Tablet,7.0,,creditcard,complete,,Branch C,Paris,France,Europe,Retail Banking,Michael,48.8566,2.3522,Low
T94405,2024-09-09,C4469,Headphones,,218.4356363725892,Credit Card,Completed,,Branch E,Vienna,Austria,Europe,Retail Banking,Stefan,48.2082,16.3738,Low
T80929,2024-09-09,C1008,Headphones,318.0,482.4532326792836,PayPal,completed,153420.1279920122,Branch E,Vienna,Austria,Europe,Retail Banking,Stefan,48.2082,16.3738,High
T5799,2024-09-09,C1146,Headphones,337.0,,Cash,completed,,Branch E,Vienna,Austria,Europe,Retail Banking,Stefan,48.2082,16.3738,Low
T39803,2024-09-09,C1204,Tablet,390.0,,pay pal,,,Branch C,Paris,France,Europe,Retail Banking,Michael,48.8566,2.3522,Low
T3132,2024-09-09,C694,Headphones,9.0,800.5988667421934,PayPal ,completed,7205.389800679741,Branch E,Vienna,Austria,Europe,Retail Banking,Stefan,48.2082,16.3738,High
T20781,2024-09-09,C923,Laptop,6.0,423.627253359769,Credit Card,,2541.763520158614,Branch D,Prague,Czechia,Europe,Retail Banking,Elena,50.0755,14.4378,High
T50592,2024-09-09,C4766,Laptop,8.0,222.14508604040088,Cash,Failed,1777.160688323207,Branch D,Prague,Czechia,Europe,Retail Banking,Elena,50.0755,14.4378,High
T56667,2024-09-09,,Smartphone,567.0,561.2830789421537,Cash,Completed,318247.50576020114,Branch A,Warsaw,Poland,Europe,Retail Banking,Anna,52.2297,21.0122,High
T51609,2024-09-10,C3930,Smartphone,333.0,665.9847853610665,credit card,Pending,221772.93352523516,Branch A,Warsaw,Poland,Europe,Retail Banking,Anna,52.2297,21.0122,High
T98140,2024-09-10,C4905,Smartphone,-4.0,,credit card,Pending,,Branch A,Warsaw,Poland,Europe,Retail Banking,Anna,52.2297,21.0122,Low
T70039,2024-09-10,C2824,Headphones,839.0,,creditcard,Pending,,Branch E,Vienna,Austria,Europe,Retail Banking,Stefan,48.2082,16.3738,Low
T41765,2024-09-10,C2859,Smartphone,-7.0,,creditcard,,,Branch A,Warsaw,Poland,Europe,Retail Banking,Anna,52.2297,21.0122,Low
T54893,2024-09-10,C4865,Tablet,135.0,772.3910482255053,PayPal ,Pending,104272.79151044322,Branch C,Paris,France,Europe,Retail Banking,Michael,48.8566,2.3522,High
T55716,2024-09-10,C3666,Smartphone,-4.0,375.8252173896384,PayPal,Completed,-1503.3008695585536,Branch A,Warsaw,Poland,Europe,Retail Banking,Anna,52.2297,21.0122,Low
T27528,2024-09-10,C631,Tablet,879.0,213.3483168416071,creditcard,Pending,187533.17050377265,Branch C,Paris,France,Europe,Retail Banking,Michael,48.8566,2.3522,High
T20059,2024-09-10,C2715,Headphones,4.0,818.1386458761723,PayPal,completed,3272.554583504689,Branch E,Vienna,Austria,Europe,Retail Banking,Stefan,48.2082,16.3738,High
,2024-09-10,C2264,Coffee Machine,699.0,,Cash,Failed,,Branch B,Berlin,Germany,Europe,Retail Banking,John,52.52,13.405,Low
T84444,2024-09-10,C855,Tablet,-1.0,319.2902788355666,creditcard,complete,-319.2902788355666,Branch C,Paris,France,Europe,Retail Banking,Michael,48.8566,2.3522,Low
,2024-09-10,C939,Tablet,784.0,121.942967991763,PayPal,Failed,95603.28690554219,Branch C,Paris,France,Europe,Retail Banking,Michael,48.8566,2.3522,High
T93747,2024-09-10,C1959,Laptop,7.0,232.9784613808752,creditcard,Completed,1630.8492296661263,Branch D,Prague,Czechia,Europe,Retail Banking,Elena,50.0755,14.4378,High
T66297,2024-09-10,C3942,Smartphone,6.0,,pay pal,complete,,Branch A,Warsaw,Poland,Europe,Retail Banking,Anna,52.2297,21.0122,Low
T9268,2024-09-10,C3205,Laptop,550.0,578.2713316764764,pay pal,Pending,318049.232422062,Branch D,Prague,Czechia,Europe,Retail Banking,Elena,50.0755,14.4378,High
T9364,2024-09-10,C446,Tablet,162.0,129.58063793668703,PayPal,complete,20992.0633457433,Branch C,Paris,France,Europe,Retail Banking,Michael,48.8566,2.3522,High
,2024-09-10,C1871,Smartphone,870.0,,Cash,Pending,,Branch A,Warsaw,Poland,Europe,Retail Banking,Anna,52.2297,21.0122,Low
T62765,2024-09-11,C2150,Coffee Machine,116.0,398.6845010471513,PayPal ,completed,46247.402121469546,Branch B,Berlin,Germany,Europe,Retail Banking,John,52.52,13.405,High
T63496,2024-09-11,C4383,Laptop,-10.0,207.4512844686916,PayPal ,Pending,-2074.5128446869157,Branch D,Prague,Czechia,Europe,Retail Banking,Elena,50.0755,14.4378,Low
T7634,2024-09-11,C3893,Coffee Machine,2.0,543.0806686368064,PayPal,,1086.1613372736128,Branch B,Berlin,Germany,Europe,Retail Banking,John,52.52,13.405,High
T63502,2024-09-11,C2806,Tablet,8.0,827.5159010281633,PayPal,,6620.127208225306,Branch C,Paris,France,Europe,Retail Banking,Michael,48.8566,2.3522,High
T7598,2024-09-11,C3551,Tablet,673.0,878.6109916922447,credit card,completed,591305.1974088807,Branch C,Paris,France,Europe,Retail Banking,Michael,48.8566,2.3522,High
T15334,2024-09-11,C2791,Coffee Machine,-8.0,84.10745953412425,creditcard,completed,-672.859676272994,Branch B,Berlin,Germany,Europe,Retail Banking,John,52.52,13.405,Low
T29734,2024-09-11,C1052,Headphones,-3.0,,credit card,Pending,,Branch E,Vienna,Austria,Europe,Retail Banking,Stefan,48.2082,16.3738,Low
T10954,2024-09-11,C2303,Laptop,645.0,756.4467522444044,credit card,Completed,487908.1551976408,Branch D,Prague,Czechia,Europe,Retail Banking,Elena,50.0755,14.4378,High
T89965,2024-09-11,C2407,Headphones,-6.0,536.4513974583824,Cash,completed,-3218.7083847502945,Branch E,Vienna,Austria,Europe,Retail Banking,Stefan,48.2082,16.3738,Low
T59924,2024-09-11,C009,Headphones,401.0,405.2324240354439,PayPal,completed,162498.202038213,Branch E,Vienna,Austria,Europe,Retail Banking,Stefan,48.2082,16.3738,High
T78457,2024-09-11,C672,Tablet,867.0,65.98302801261461,PayPal,Pending,57207.285286936865,Branch C,Paris,France,Europe,Retail Banking,Michael,48.8566,2.3522,High
T83877,2024-09-11,C3276,Coffee Machine,300.0,274.1162939131757,creditcard,complete,82234.88817395271,Branch B,Berlin,Germany,Europe,Retail Banking,John,52.52,13.405,High
T82755,2024-09-11,,Smartphone,-6.0,,PayPal,Failed,,Branch A,Warsaw,Poland,Europe,Retail Banking,Anna,52.2297,21.0122,Low
T1014,2024-09-11,C1914,Laptop,4.0,,Credit Card,completed,,Branch D,Prague,Czechia,Europe,Retail Banking,Elena,50.0755,14.4378,Low
T48887,2024-09-11,C3613,Tablet,-9.0,,PayPal ,Pending,,Branch C,Paris,France,Europe,Retail Banking,Michael,48.8566,2.3522,Low
T23001,2024-09-11,C3675,Smartphone,2.0,,PayPal,Completed,,Branch A,Warsaw,Poland,Europe,Retail Banking,Anna,52.2297,21.0122,Low
T96926,2024-09-11,C540,Smartphone,718.0,520.8248462435589,creditcard,completed,373952.2396028753,Branch A,Warsaw,Poland,Europe,Retail Banking,Anna,52.2297,21.0122,High
T34019,2024-09-11,C3987,Headphones,796.0,740.7349289733422,Credit Card,,589625.0034627804,Branch E,Vienna,Austria,Europe,Retail Banking,Stefan,48.2082,16.3738,High
T8271,2024-09-11,C2124,Laptop,607.0,,PayPal ,Pending,,Branch D,Prague,Czechia,Europe,Retail Banking,Elena,50.0755,14.4378,Low
T70040,2024-09-12,C459,Coffee Machine,,,Credit Card,Pending,,Branch B,Berlin,Germany,Europe,Retail Banking,John,52.52,13.405,Low
,2024-09-12,C4845,Tablet,4.0,945.7568279443832,credit card,Failed,3783.0273117775328,Branch C,Paris,France,Europe,Retail Banking,Michael,48.8566,2.3522,High
T8873,2024-09-12,C3313,Laptop,751.0,966.090664173438,PayPal,Failed,725534.0887942519,Branch D,Prague,Czechia,Europe,Retail Banking,Elena,50.0755,14.4378,High
T44766,2024-09-12,C2843,Headphones,10.0,,creditcard,complete,,Branch E,Vienna,Austria,Europe,Retail Banking,Stefan,48.2082,16.3738,Low
T2123,2024-09-12,C2204,Headphones,3.0,770.1661693153279,PayPal,Pending,2310.498507945984,Branch E,Vienna,Austria,Europe,Retail Banking,Stefan,48.2082,16.3738,High
T84949,2024-09-12,C2233,Smartphone,5.0,,PayPal ,Failed,,Branch A,Warsaw,Poland,Europe,Retail Banking,Anna,52.2297,21.0122,Low
T74650,2024-09-12,C4165,Smartphone,-5.0,,PayPal ,complete,,Branch A,Warsaw,Poland,Europe,Retail Banking,Anna,52.2297,21.0122,Low
T20247,2024-09-12,C2743,Laptop,4.0,,pay pal,Pending,,Branch D,Prague,Czechia,Europe,Retail Banking,Elena,50.0755,14.4378,Low
T23486,2024-09-12,C579,Tablet,6.0,74.27983610329323,PayPal,,445.6790166197594,Branch C,Paris,France,Europe,Retail Banking,Michael,48.8566,2.3522,Medium
T68643,2024-09-12,C3019,Laptop,232.0,,pay pal,,,Branch D,Prague,Czechia,Europe,Retail Banking,Elena,50.0755,14.4378,Low
T23295,2024-09-12,C3665,Tablet,9.0,267.2471784904774,pay pal,Pending,2405.2246064142964,Branch C,Paris,France,Europe,Retail Banking,Michael,48.8566,2.3522,High
T44819,2024-09-12,,Coffee Machine,548.0,,PayPal ,completed,,Branch B,Berlin,Germany,Europe,Retail Banking,John,52.52,13.405,Low
T39426,2024-09-12,C1303,Coffee Machine,-5.0,786.04,PayPal ,complete,-3930.2,Branch B,Berlin,Germany,Europe,Retail Banking,John,52.52,13.405,Low
T75660,2024-09-12,C2230,Laptop,-10.0,,creditcard,Pending,,Branch D,Prague,Czechia,Europe,Retail Banking,Elena,50.0755,14.4378,Low
T49427,2024-09-12,C3838,Tablet,340.0,62.10331569633588,Cash,completed,21115.1273367542,Branch C,Paris,France,Europe,Retail Banking,Michael,48.8566,2.3522,High
,2024-09-12,C1482,Laptop,-8.0,815.192293778617,credit card,Pending,-6521.538350228936,Branch D,Prague,Czechia,Europe,Retail Banking,Elena,50.0755,14.4378,Low
T21547,2024-09-12,C3688,Tablet,938.0,50.55891944455016,Credit Card,Failed,47424.26643898805,Branch C,Paris,France,Europe,Retail Banking,Michael,48.8566,2.3522,High
T50349,2024-09-12,C2483,Smartphone,244.0,,Cash,,,Branch A,Warsaw,Poland,Europe,Retail Banking,Anna,52.2297,21.0122,Low
T71213,2024-09-12,C3016,Tablet,492.0,263.8917152275807,creditcard,Completed,129834.7238919697,Branch C,Paris,France,Europe,Retail Banking,Michael,48.8566,2.3522,High
T17421,2024-09-13,C2504,Coffee Machine,,,pay pal,Pending,,Branch B,Berlin,Germany,Europe,Retail Banking,John,52.52,13.405,Low
T58950,2024-09-13,C803,Coffee Machine,,888.1627016498553,Cash,Completed,,Branch B,Berlin,Germany,Europe,Retail Banking,John,52.52,13.405,Low
T38208,2024-09-13,C1876,Headphones,-8.0,272.9199930624484,credit card,Failed,-2183.359944499587,Branch E,Vienna,Austria,Europe,Retail Banking,Stefan,48.2082,16.3738,Low
T32863,2024-09-13,C3313,Tablet,7.0,783.6924206915586,PayPal,complete,5485.8469448409105,Branch C,Paris,France,Europe,Retail Banking,Michael,48.8566,2.3522,High
T33910,2024-09-13,C2918,Tablet,-1.0,413.3713525780767,Cash,complete,-413.3713525780767,Branch C,Paris,France,Europe,Retail Banking,Michael,48.8566,2.3522,Low
T1243,2024-09-13,C1731,Coffee Machine,-7.0,,PayPal ,Failed,,Branch B,Berlin,Germany,Europe,Retail Banking,John,52.52,13.405,Low
T60348,2024-09-13,C210,Headphones,612.0,760.6121765052275,PayPal,Pending,465494.65202119923,Branch E,Vienna,Austria,Europe,Retail Banking,Stefan,48.2082,16.3738,High
T54191,2024-09-13,C2256,Smartphone,716.0,386.2635612356322,Credit Card,Completed,276564.70984471263,Branch A,Warsaw,Poland,Europe,Retail Banking,Anna,52.2297,21.0122,High
T36513,2024-09-13,C3781,Headphones,100.0,,PayPal ,Failed,,Branch E,Vienna,Austria,Europe,Retail Banking,Stefan,48.2082,16.3738,Low
T6003,2024-09-13,C2806,Smartphone,714.0,754.83,creditcard,completed,538948.62,Branch A,Warsaw,Poland,Europe,Retail Banking,Anna,52.2297,21.0122,High
T44041,2024-09-13,C3438,Coffee Machine,8.0,,creditcard,Completed,,Branch B,Berlin,Germany,Europe,Retail Banking,John,52.52,13.405,Low
T57441,2024-09-13,C1077,Coffee Machine,-1.0,182.78235496069976,creditcard,completed,-182.78235496069976,Branch B,Berlin,Germany,Europe,Retail Banking,John,52.52,13.405,Low
T11950,2024-09-13,C1784,Laptop,549.0,206.90178137892715,PayPal ,Completed,113589.077977031,Branch D,Prague,Czechia,Europe,Retail Banking,Elena,50.0755,14.4378,High
T36513,2024-09-13,C3781,Headphones,100.0,,PayPal ,Failed,,Branch E,Vienna,Austria,Europe,Retail Banking,Stefan,48.2082,16.3738,Low
T62659,2024-09-13,C2685,Laptop,3.0,926.1322658770836,Cash,Pending,2778.3967976312506,Branch D,Prague,Czechia,Europe,Retail Banking,Elena,50.0755,14.4378,High
T76656,2024-09-13,C2165,Laptop,824.0,,Credit Card,Failed,,Branch D,Prague,Czechia,Europe,Retail Banking,Elena,50.0755,14.4378,Low
T37097,2024-09-13,C3104,Smartphone,658.0,899.1021738314547,pay pal,,591609.2303810972,Branch A,Warsaw,Poland,Europe,Retail Banking,Anna,52.2297,21.0122,High
T52466,2024-09-14,C4513,Tablet,6.0,260.200221897667,creditcard,complete,1561.201331386002,Branch C,Paris,France,Europe,Retail Banking,Michael,48.8566,2.3522,High
T71906,2024-09-14,,Headphones,9.0,119.39320831083351,Cash,Completed,1074.5388747975016,Branch E,Vienna,Austria,Europe,Retail Banking,Stefan,48.2082,16.3738,High
T50858,2024-09-14,,Smartphone,-3.0,,pay pal,completed,,Branch A,Warsaw,Poland,Europe,Retail Banking,Anna,52.2297,21.0122,Low
T19190,2024-09-14,C711,Coffee Machine,697.0,697.660401156439,Credit Card,Completed,486269.29960603797,Branch B,Berlin,Germany,Europe,Retail Banking,John,52.52,13.405,High
T81728,2024-09-14,C291,Tablet,658.0,,pay pal,Completed,,Branch C,Paris,France,Europe,Retail Banking,Michael,48.8566,2.3522,Low
T83689,2024-09-14,C1058,Headphones,,624.0952915671761,credit card,Failed,,Branch E,Vienna,Austria,Europe,Retail Banking,Stefan,48.2082,16.3738,Low
T36329,2024-09-14,C2416,Laptop,-6.0,286.84486407009103,pay pal,,-1721.0691844205462,Branch D,Prague,Czechia,Europe,Retail Banking,Elena,50.0755,14.4378,Low
T2256,2024-09-14,C4448,Tablet,-10.0,,credit card,Completed,,Branch C,Paris,France,Europe,Retail Banking,Michael,48.8566,2.3522,Low
T57664,2024-09-14,C3719,Smartphone,7.0,,Cash,Completed,,Branch A,Warsaw,Poland,Europe,Retail Banking,Anna,52.2297,21.0122,Low
T8102,2024-09-14,C3456,Smartphone,-8.0,800.0210538995657,creditcard,Pending,-6400.1684311965255,Branch A,Warsaw,Poland,Europe,Retail Banking,Anna,52.2297,21.0122,Low
T84749,2024-09-14,C4700,Smartphone,727.0,,PayPal,Completed,,Branch A,Warsaw,Poland,Europe,Retail Banking,Anna,52.2297,21.0122,Low
T35471,2024-09-14,C4993,Smartphone,4.0,693.8056709479265,creditcard,completed,2775.222683791706,Branch A,Warsaw,Poland,Europe,Retail Banking,Anna,52.2297,21.0122,High
T90640,2024-09-14,C4300,Tablet,1.0,79.09774566242368,Credit Card,complete,79.09774566242368,Branch C,Paris,France,Europe,Retail Banking,Michael,48.8566,2.3522,Low
T54655,2024-09-14,C4767,Laptop,926.0,773.0328636105546,pay pal,complete,715828.4317033736,Branch D,Prague,Czechia,Europe,Retail Banking,Elena,50.0755,14.4378,High
,2024-09-15,C2475,Headphones,734.0,337.08547346262634,PayPal ,complete,247420.73752156773,Branch E,Vienna,Austria,Europe,Retail Banking,Stefan,48.2082,16.3738,High
T32996,2024-09-15,C1051,Headphones,-2.0,530.581926459487,credit card,complete,-1061.163852918974,Branch E,Vienna,Austria,Europe,Retail Banking,Stefan,48.2082,16.3738,Low
T44025,2024-09-15,C1746,Tablet,822.0,,pay pal,Pending,,Branch C,Paris,France,Europe,Retail Banking,Michael,48.8566,2.3522,Low
T94886,2024-09-15,C3201,Coffee Machine,343.0,120.2543589086658,credit card,complete,41247.245105672366,Branch B,Berlin,Germany,Europe,Retail Banking,John,52.52,13.405,High
T89667,2024-09-15,C3764,Laptop,136.0,110.56428223997526,Credit Card,complete,15036.742384636635,Branch D,Prague,Czechia,Europe,Retail Banking,Elena,50.0755,14.4378,High
T67129,2024-09-15,C347,Headphones,-1.0,,Credit Card,complete,,Branch E,Vienna,Austria,Europe,Retail Banking,Stefan,48.2082,16.3738,Low
T20357,2024-09-15,C2774,Coffee Machine,-10.0,,PayPal ,,,Branch B,Berlin,Germany,Europe,Retail Banking,John,52.52,13.405,Low
T74559,2024-09-15,C3426,Smartphone,-6.0,261.4475995492637,PayPal,Completed,-1568.6855972955823,Branch A,Warsaw,Poland,Europe,Retail Banking,Anna,52.2297,21.0122,Low
T93423,2024-09-15,C3120,Headphones,-8.0,407.23,credit card,complete,-3257.84,Branch E,Vienna,Austria,Europe,Retail Banking,Stefan,48.2082,16.3738,Low
T91224,2024-09-15,C4850,Coffee Machine,1.0,,creditcard,Pending,,Branch B,Berlin,Germany,Europe,Retail Banking,John,52.52,13.405,Low
T85572,2024-09-15,C4403,Coffee Machine,2.0,166.4649267949519,credit card,completed,332.9298535899038,Branch B,Berlin,Germany,Europe,Retail Banking,John,52.52,13.405,Medium
T42947,2024-09-15,C505,Coffee Machine,10.0,438.224363795994,creditcard,complete,4382.24363795994,Branch B,Berlin,Germany,Europe,Retail Banking,John,52.52,13.405,High
T21044,2024-09-15,C2424,Headphones,-3.0,,PayPal,,,Branch E,Vienna,Austria,Europe,Retail Banking,Stefan,48.2082,16.3738,Low
T43017,2024-09-15,C1602,Headphones,,,PayPal ,Completed,,Branch E,Vienna,Austria,Europe,Retail Banking,Stefan,48.2082,16.3738,Low
T26376,2024-09-15,C3576,Smartphone,7.0,,creditcard,completed,,Branch A,Warsaw,Poland,Europe,Retail Banking,Anna,52.2297,21.0122,Low
T70666,2024-09-15,C974,Headphones,6.0,436.2238222354069,PayPal,Pending,2617.342933412441,Branch E,Vienna,Austria,Europe,Retail Banking,Stefan,48.2082,16.3738,High
T72019,2024-09-15,C3090,Coffee Machine,-10.0,,Credit Card,Pending,,Branch B,Berlin,Germany,Europe,Retail Banking,John,52.52,13.405,Low
T83760,2024-09-15,C3831,Headphones,10.0,456.6653939953098,PayPal,Failed,4566.6539399530975,Branch E,Vienna,Austria,Europe,Retail Banking,Stefan,48.2082,16.3738,High
T64421,2024-09-15,C1757,Laptop,367.0,609.16,Credit Card,completed,223561.72,Branch D,Prague,Czechia,Europe,Retail Banking,Elena,50.0755,14.4378,High
T13876,2024-09-16,C048,Laptop,194.0,553.1302122468958,pay pal,Pending,107307.26117589779,Branch D,Prague,Czechia,Europe,Retail Banking,Elena,50.0755,14.4378,High
,2024-09-16,C1007,Laptop,,924.5632839439104,Cash,Failed,,Branch D,Prague,Czechia,Europe,Retail Banking,Elena,50.0755,14.4378,Low
T40032,2024-09-16,C229,Tablet,1.0,783.4250265080336,pay pal,complete,783.4250265080336,Branch C,Paris,France,Europe,Retail Banking,Michael,48.8566,2.3522,Medium
T53589,2024-09-16,C1242,Laptop,570.0,,pay pal,Pending,,Branch D,Prague,Czechia,Europe,Retail Banking,Elena,50.0755,14.4378,Low
T30959,2024-09-16,,Laptop,,191.1325263064216,Credit Card,complete,,Branch D,Prague,Czechia,Europe,Retail Banking,Elena,50.0755,14.4378,Low
T7155,2024-09-16,C778,Coffee Machine,2.0,399.9378085904961,PayPal,completed,799.8756171809922,Branch B,Berlin,Germany,Europe,Retail Banking,John,52.52,13.405,Medium
,2024-09-16,,Laptop,5.0,,Credit Card,completed,,Branch D,Prague,Czechia,Europe,Retail Banking,Elena,50.0755,14.4378,Low
T7155,2024-09-16,C778,Coffee Machine,2.0,399.9378085904961,PayPal,completed,799.8756171809922,Branch B,Berlin,Germany,Europe,Retail Banking,John,52.52,13.405,Medium
T70963,2024-09-16,C3711,Coffee Machine,-1.0,,pay pal,completed,,Branch B,Berlin,Germany,Europe,Retail Banking,John,52.52,13.405,Low
T69739,2024-09-16,C3727,Headphones,9.0,,pay pal,completed,,Branch E,Vienna,Austria,Europe,Retail Banking,Stefan,48.2082,16.3738,Low
,2024-09-16,C3740,Laptop,8.0,,credit card,Completed,,Branch D,Prague,Czechia,Europe,Retail Banking,Elena,50.0755,14.4378,Low
T51508,2024-09-16,C689,Tablet,,557.8054599605714,creditcard,Failed,,Branch C,Paris,France,Europe,Retail Banking,Michael,48.8566,2.3522,Low
T11983,2024-09-16,C1607,Laptop,5.0,,creditcard,,,Branch D,Prague,Czechia,Europe,Retail Banking,Elena,50.0755,14.4378,Low
T69099,2024-09-16,C4993,Headphones,1.0,,pay pal,Pending,,Branch E,Vienna,Austria,Europe,Retail Banking,Stefan,48.2082,16.3738,Low
T20898,2024-09-16,C2333,Tablet,-1.0,745.297011976918,PayPal ,complete,-745.297011976918,Branch C,Paris,France,Europe,Retail Banking,Michael,48.8566,2.3522,Low
T15036,2024-09-16,,Smartphone,2.0,767.5952286608555,pay pal,Failed,1535.190457321711,Branch A,Warsaw,Poland,Europe,Retail Banking,Anna,52.2297,21.0122,High
T41729,2024-09-16,C3142,Coffee Machine,-2.0,504.7563470742969,pay pal,Pending,-1009.5126941485938,Branch B,Berlin,Germany,Europe,Retail Banking,John,52.52,13.405,Low
T60024,2024-09-16,C367,Tablet,110.0,707.4942806903075,creditcard,completed,77824.37087593382,Branch C,Paris,France,Europe,Retail Banking,Michael,48.8566,2.3522,High
T96761,2024-09-16,C2529,Tablet,-6.0,978.4454966537728,Credit Card,Pending,-5870.672979922637,Branch C,Paris,France,Europe,Retail Banking,Michael,48.8566,2.3522,Low
T68461,2024-09-17,C2507,Headphones,347.0,,credit card,Completed,,Branch E,Vienna,Austria,Europe,Retail Banking,Stefan,48.2082,16.3738,Low
T87419,2024-09-17,C206,Laptop,-2.0,,Credit Card,Failed,,Branch D,Prague,Czechia,Europe,Retail Banking,Elena,50.0755,14.4378,Low
T69485,2024-09-17,C3164,Headphones,8.0,,Credit Card,complete,,Branch E,Vienna,Austria,Europe,Retail Banking,Stefan,48.2082,16.3738,Low
T46965,2024-09-17,C3544,Headphones,870.0,,Credit Card,Failed,,Branch E,Vienna,Austria,Europe,Retail Banking,Stefan,48.2082,16.3738,Low
T3237,2024-09-17,C1770,Laptop,956.0,352.8176596604214,Credit Card,Failed,337293.68263536284,Branch D,Prague,Czechia,Europe,Retail Banking,Elena,50.0755,14.4378,High
T24548,2024-09-17,C3147,Smartphone,933.0,433.54,Credit Card,completed,404492.82,Branch A,Warsaw,Poland,Europe,Retail Banking,Anna,52.2297,21.0122,High
T26775,2024-09-17,C1752,Tablet,-9.0,803.3015817661608,Cash,completed,-7229.714235895447,Branch C,Paris,France,Europe,Retail Banking,Michael,48.8566,2.3522,Low
T58835,2024-09-17,C4863,Laptop,2.0,352.35508937172057,PayPal,completed,704.7101787434411,Branch D,Prague,Czechia,Europe,Retail Banking,Elena,50.0755,14.4378,Medium
T15822,2024-09-17,,Headphones,-7.0,320.7545170742126,credit card,completed,-2245.2816195194882,Branch E,Vienna,Austria,Europe,Retail Banking,Stefan,48.2082,16.3738,Low
T67256,2024-09-17,C4409,Coffee Machine,10.0,114.95321022789663,PayPal ,completed,1149.5321022789662,Branch B,Berlin,Germany,Europe,Retail Banking,John,52.52,13.405,High
T54440,2024-09-17,C2517,Laptop,-6.0,777.4087928613584,creditcard,Pending,-4664.45275716815,Branch D,Prague,Czechia,Europe,Retail Banking,Elena,50.0755,14.4378,Low
T88796,2024-09-17,C4191,Tablet,-3.0,297.6494227739777,creditcard,completed,-892.948268321933,Branch C,Paris,France,Europe,Retail Banking,Michael,48.8566,2.3522,Low
T26877,2024-09-17,C2339,Laptop,-6.0,790.044544940831,creditcard,completed,-4740.267269644986,Branch D,Prague,Czechia,Europe,Retail Banking,Elena,50.0755,14.4378,Low
T44552,2024-09-17,C2432,Laptop,-2.0,,Credit Card,,,Branch D,Prague,Czechia,Europe,Retail Banking,Elena,50.0755,14.4378,Low
,2024-09-17,C3532,Tablet,619.0,,credit card,completed,,Branch C,Paris,France,Europe,Retail Banking,Michael,48.8566,2.3522,Low
T94888,2024-09-17,C1437,Smartphone,7.0,,Cash,Pending,,Branch A,Warsaw,Poland,Europe,Retail Banking,Anna,52.2297,21.0122,Low
T23402,2024-09-17,C288,Laptop,-3.0,795.7102577055955,PayPal,,-2387.1307731167863,Branch D,Prague,Czechia,Europe,Retail Banking,Elena,50.0755,14.4378,Low
T16071,2024-09-17,C2047,Coffee Machine,9.0,992.1814341497768,creditcard,Completed,8929.632907347992,Branch B,Berlin,Germany,Europe,Retail Banking,John,52.52,13.405,High
T27739,2024-09-17,C4092,Smartphone,841.0,,Cash,complete,,Branch A,Warsaw,Poland,Europe,Retail Banking,Anna,52.2297,21.0122,Low
T5635,2024-09-18,C222,Tablet,1.0,270.3486598778966,pay pal,Failed,270.3486598778966,Branch C,Paris,France,Europe,Retail Banking,Michael,48.8566,2.3522,Medium
T98771,2024-09-18,C1436,Tablet,-4.0,556.48974434202,Credit Card,completed,-2225.95897736808,Branch C,Paris,France,Europe,Retail Banking,Michael,48.8566,2.3522,Low
T74899,2024-09-18,C1477,Headphones,8.0,475.9991824413702,Credit Card,Completed,3807.9934595309614,Branch E,Vienna,Austria,Europe,Retail Banking,Stefan,48.2082,16.3738,High
T20978,2024-09-18,C4284,Tablet,-7.0,404.1746662382677,PayPal,completed,-2829.2226636678743,Branch C,Paris,France,Europe,Retail Banking,Michael,48.8566,2.3522,Low
T21248,2024-09-18,,Coffee Machine,131.0,,Cash,Pending,,Branch B,Berlin,Germany,Europe,Retail Banking,John,52.52,13.405,Low
T16886,2024-09-18,C1740,Tablet,,373.3132919492723,PayPal,completed,,Branch C,Paris,France,Europe,Retail Banking,Michael,48.8566,2.3522,Low
T74757,2024-09-18,C3078,Tablet,10.0,985.5595940710372,Credit Card,completed,9855.595940710371,Branch C,Paris,France,Europe,Retail Banking,Michael,48.8566,2.3522,High
T72097,2024-09-18,C4102,Headphones,,,Credit Card,Failed,,Branch E,Vienna,Austria,Europe,Retail Banking,Stefan,48.2082,16.3738,Low
T59145,2024-09-18,C4111,Smartphone,-9.0,975.1904605015902,pay pal,complete,-8776.714144514312,Branch A,Warsaw,Poland,Europe,Retail Banking,Anna,52.2297,21.0122,Low
T25674,2024-09-18,C1716,Tablet,277.0,740.8534754609607,creditcard,,205216.4127026861,Branch C,Paris,France,Europe,Retail Banking,Michael,48.8566,2.3522,High
T45687,2024-09-18,C4131,Smartphone,-3.0,,Cash,Pending,,Branch A,Warsaw,Poland,Europe,Retail Banking,Anna,52.2297,21.0122,Low
T16886,2024-09-18,C1740,Tablet,,373.3132919492723,PayPal,completed,,Branch C,Paris,France,Europe,Retail Banking,Michael,48.8566,2.3522,Low
T83797,2024-09-18,C3080,Laptop,9.0,,PayPal,,,Branch D,Prague,Czechia,Europe,Retail Banking,Elena,50.0755,14.4378,Low
T63978,2024-09-18,C2646,Smartphone,-10.0,,Credit Card,Completed,,Branch A,Warsaw,Poland,Europe,Retail Banking,Anna,52.2297,21.0122,Low
T23273,2024-09-18,C490,Laptop,2.0,542.7087401635849,pay pal,Completed,1085.4174803271699,Branch D,Prague,Czechia,Europe,Retail Banking,Elena,50.0755,14.4378,High
T45441,2024-09-18,C976,Headphones,-8.0,63.50251602089176,Credit Card,complete,-508.0201281671341,Branch E,Vienna,Austria,Europe,Retail Banking,Stefan,48.2082,16.3738,Low
T49601,2024-09-18,C279,Laptop,7.0,,credit card,completed,,Branch D,Prague,Czechia,Europe,Retail Banking,Elena,50.0755,14.4378,Low
T23309,2024-09-18,C3310,Coffee Machine,6.0,372.8145232980081,PayPal ,,2236.8871397880484,Branch B,Berlin,Germany,Europe,Retail Banking,John,52.52,13.405,High
T54602,2024-09-18,C2897,Tablet,946.0,,Credit Card,Failed,,Branch C,Paris,France,Europe,Retail Banking,Michael,48.8566,2.3522,Low
,2024-09-18,C3542,Smartphone,955.0,,credit card,complete,,Branch A,Warsaw,Poland,Europe,Retail Banking,Anna,52.2297,21.0122,Low
T93771,2024-09-18,C618,Laptop,621.0,,Cash,Completed,,Branch D,Prague,Czechia,Europe,Retail Banking,Elena,50.0755,14.4378,Low
T34458,2024-09-19,C618,Headphones,9.0,863.98752263577,Cash,Failed,7775.88770372193,Branch E,Vienna,Austria,Europe,Retail Banking,Stefan,48.2082,16.3738,High
T98974,2024-09-19,C1058,Laptop,5.0,571.5463695695123,PayPal,Completed,2857.7318478475618,Branch D,Prague,Czechia,Europe,Retail Banking,Elena,50.0755,14.4378,High
T47895,2024-09-19,C2406,Smartphone,911.0,531.3133568712949,credit card,completed,484026.46810974967,Branch A,Warsaw,Poland,Europe,Retail Banking,Anna,52.2297,21.0122,High
T95725,2024-09-19,C2427,Headphones,527.0,475.9154391073736,pay pal,complete,250807.43640958588,Branch E,Vienna,Austria,Europe,Retail Banking,Stefan,48.2082,16.3738,High
T70509,2024-09-19,C4244,Tablet,864.0,714.0022136854415,credit card,complete,616897.9126242214,Branch C,Paris,France,Europe,Retail Banking,Michael,48.8566,2.3522,High
T35904,2024-09-19,C427,Coffee Machine,272.0,442.9794358979228,PayPal,Pending,120490.406564235,Branch B,Berlin,Germany,Europe,Retail Banking,John,52.52,13.405,High
T41460,2024-09-19,C4018,Headphones,1.0,763.162413257553,creditcard,completed,763.162413257553,Branch E,Vienna,Austria,Europe,Retail Banking,Stefan,48.2082,16.3738,Medium
T25334,2024-09-19,C1725,Coffee Machine,-5.0,419.6276087344015,Credit Card,Completed,-2098.1380436720074,Branch B,Berlin,Germany,Europe,Retail Banking,John,52.52,13.405,Low
T71727,2024-09-19,C1093,Laptop,-9.0,379.6017694543956,PayPal ,Pending,-3416.4159250895605,Branch D,Prague,Czechia,Europe,Retail Banking,Elena,50.0755,14.4378,Low
T49266,2024-09-19,C4898,Headphones,-3.0,654.6202901085004,creditcard,Failed,-1963.8608703255013,Branch E,Vienna,Austria,Europe,Retail Banking,Stefan,48.2082,16.3738,Low
T60563,2024-09-19,C2844,Coffee Machine,-9.0,,Credit Card,,,Branch B,Berlin,Germany,Europe,Retail Banking,John,52.52,13.405,Low
T84178,2024-09-19,C2170,Laptop,534.0,124.4198899246652,Credit Card,completed,66440.22121977122,Branch D,Prague,Czechia,Europe,Retail Banking,Elena,50.0755,14.4378,High
T95358,2024-09-19,C4308,Tablet,503.0,140.50223640546162,pay pal,,70672.62491194719,Branch C,Paris,France,Europe,Retail Banking,Michael,48.8566,2.3522,High
T45869,2024-09-19,C1602,Laptop,,545.6373335125675,PayPal,Pending,,Branch D,Prague,Czechia,Europe,Retail Banking,Elena,50.0755,14.4378,Low
T80803,2024-09-19,C1227,Headphones,-5.0,,creditcard,completed,,Branch E,Vienna,Austria,Europe,Retail Banking,Stefan,48.2082,16.3738,Low
T89603,2024-09-19,C2976,Smartphone,,826.2445983812901,Credit Card,Completed,,Branch A,Warsaw,Poland,Europe,Retail Banking,Anna,52.2297,21.0122,Low
T70509,2024-09-19,C4244,Tablet,864.0,714.0022136854415,credit card,complete,616897.9126242214,Branch C,Paris,France,Europe,Retail Banking,Michael,48.8566,2.3522,High
T94525,2024-09-19,C2218,Tablet,10.0,89.85995656646963,creditcard,Pending,898.5995656646963,Branch C,Paris,France,Europe,Retail Banking,Michael,48.8566,2.3522,Medium
T31965,2024-09-19,C2479,Tablet,10.0,55.03840914313567,PayPal ,complete,550.3840914313566,Branch C,Paris,France,Europe,Retail Banking,Michael,48.8566,2.3522,Medium
,2024-09-20,C3328,Laptop,381.0,,Credit Card,,,Branch D,Prague,Czechia,Europe,Retail Banking,Elena,50.0755,14.4378,Low
T54460,2024-09-20,C1164,Laptop,581.0,419.99508963757455,PayPal ,completed,244017.1470794308,Branch D,Prague,Czechia,Europe,Retail Banking,Elena,50.0755,14.4378,High
T71520,2024-09-20,,Smartphone,8.0,,creditcard,Pending,,Branch A,Warsaw,Poland,Europe,Retail Banking,Anna,52.2297,21.0122,Low
T88255,2024-09-20,C3953,Tablet,,946.08,creditcard,completed,,Branch C,Paris,France,Europe,Retail Banking,Michael,48.8566,2.3522,Low
T19675,2024-09-20,C1310,Smartphone,10.0,868.9835182187273,Cash,complete,8689.835182187273,Branch A,Warsaw,Poland,Europe,Retail Banking,Anna,52.2297,21.0122,High
T2866,2024-09-20,C869,Coffee Machine,-9.0,,PayPal,Pending,,Branch B,Berlin,Germany,Europe,Retail Banking,John,52.52,13.405,Low
T65610,2024-09-20,C2616,Tablet,7.0,209.0331337819473,Cash,completed,1463.231936473631,Branch C,Paris,France,Europe,Retail Banking,Michael,48.8566,2.3522,High
,2024-09-20,C4337,Tablet,683.0,700.8733282789997,pay pal,completed,478696.48321455676,Branch C,Paris,France,Europe,Retail Banking,Michael,48.8566,2.3522,High
T27012,2024-09-20,C1898,Headphones,-4.0,,Credit Card,Completed,,Branch E,Vienna,Austria,Europe,Retail Banking,Stefan,48.2082,16.3738,Low
T7225,2024-09-20,,Laptop,3.0,352.42,creditcard,Failed,1057.26,Branch D,Prague,Czechia,Europe,Retail Banking,Elena,50.0755,14.4378,High
T52003,2024-09-20,C4805,Laptop,775.0,376.2960706756836,pay pal,,291629.4547736548,Branch D,Prague,Czechia,Europe,Retail Banking,Elena,50.0755,14.4378,High
T38832,2024-09-20,C2688,Coffee Machine,-8.0,,pay pal,completed,,Branch B,Berlin,Germany,Europe,Retail Banking,John,52.52,13.405,Low
T3386,2024-09-20,C487,Laptop,188.0,506.04169733588026,pay pal,Failed,95135.8390991455,Branch D,Prague,Czechia,Europe,Retail Banking,Elena,50.0755,14.4378,High
T47834,2024-09-20,C1850,Laptop,-4.0,343.69,pay pal,Completed,-1374.76,Branch D,Prague,Czechia,Europe,Retail Banking,Elena,50.0755,14.4378,Low
T21209,2024-09-20,C2364,Tablet,4.0,939.868978704002,credit card,Pending,3759.475914816008,Branch C,Paris,France,Europe,Retail Banking,Michael,48.8566,2.3522,High
T5560,2024-09-20,,Laptop,10.0,905.4019836972774,PayPal,Pending,9054.019836972773,Branch D,Prague,Czechia,Europe,Retail Banking,Elena,50.0755,14.4378,High
T8784,2024-09-20,C1141,Laptop,10.0,498.9129972644803,Cash,Pending,4989.129972644803,Branch D,Prague,Czechia,Europe,Retail Banking,Elena,50.0755,14.4378,High
T29675,2024-09-20,C2317,Tablet,1.0,679.68,Credit Card,,679.68,Branch C,Paris,France,Europe,Retail Banking,Michael,48.8566,2.3522,Medium
,2024-09-20,,Headphones,5.0,163.64605803408028,Cash,Completed,818.2302901704014,Branch E,Vienna,Austria,Europe,Retail Banking,Stefan,48.2082,16.3738,Medium
T0736,2024-09-21,C791,Tablet,,484.222173563398,credit card,Failed,,Branch C,Paris,France,Europe,Retail Banking,Michael,48.8566,2.3522,Low
T69164,2024-09-21,C3576,Laptop,2.0,712.1700252569583,PayPal ,complete,1424.3400505139166,Branch D,Prague,Czechia,Europe,Retail Banking,Elena,50.0755,14.4378,High
T25820,2024-09-21,C4132,Laptop,256.0,87.0510223798309,PayPal,complete,22285.06172923671,Branch D,Prague,Czechia,Europe,Retail Banking,Elena,50.0755,14.4378,High
,2024-09-21,C4966,Laptop,-3.0,284.3615541169894,Credit Card,,-853.0846623509682,Branch D,Prague,Czechia,Europe,Retail Banking,Elena,50.0755,14.4378,Low
T74268,2024-09-21,C1411,Tablet,,818.5932869913952,pay pal,Pending,,Branch C,Paris,France,Europe,Retail Banking,Michael,48.8566,2.3522,Low
T91757,2024-09-21,C1317,Smartphone,-4.0,895.975072832121,pay pal,completed,-3583.900291328484,Branch A,Warsaw,Poland,Europe,Retail Banking,Anna,52.2297,21.0122,Low
T45465,2024-09-21,C3870,Smartphone,-2.0,761.155311225592,credit card,Completed,-1522.310622451184,Branch A,Warsaw,Poland,Europe,Retail Banking,Anna,52.2297,21.0122,Low
T72956,2024-09-21,C1605,Tablet,,,PayPal,completed,,Branch C,Paris,France,Europe,Retail Banking,Michael,48.8566,2.3522,Low
T62152,2024-09-21,C809,Smartphone,-1.0,,PayPal,Pending,,Branch A,Warsaw,Poland,Europe,Retail Banking,Anna,52.2297,21.0122,Low
T10891,2024-09-21,C072,Coffee Machine,8.0,,PayPal,completed,,Branch B,Berlin,Germany,Europe,Retail Banking,John,52.52,13.405,Low
T79489,2024-09-21,C1561,Coffee Machine,-6.0,625.2,Credit Card,,-3751.2000000000003,Branch B,Berlin,Germany,Europe,Retail Banking,John,52.52,13.405,Low
T40430,2024-09-21,C4196,Coffee Machine,948.0,555.952929002456,Credit Card,Completed,527043.3766943283,Branch B,Berlin,Germany,Europe,Retail Banking,John,52.52,13.405,High
T22107,2024-09-21,C2177,Smartphone,6.0,212.71003225898107,creditcard,Completed,1276.2601935538864,Branch A,Warsaw,Poland,Europe,Retail Banking,Anna,52.2297,21.0122,High
T44663,2024-09-21,C1357,Coffee Machine,750.0,378.03909715433656,pay pal,Completed,283529.32286575245,Branch B,Berlin,Germany,Europe,Retail Banking,John,52.52,13.405,High
T74048,2024-09-21,C4216,Headphones,125.0,660.3114502948553,creditcard,Pending,82538.93128685691,Branch E,Vienna,Austria,Europe,Retail Banking,Stefan,48.2082,16.3738,High
T62152,2024-09-21,C809,Smartphone,-1.0,,PayPal,Pending,,Branch A,Warsaw,Poland,Europe,Retail Banking,Anna,52.2297,21.0122,Low
T59550,2024-09-21,C466,Smartphone,849.0,,creditcard,completed,,Branch A,Warsaw,Poland,Europe,Retail Banking,Anna,52.2297,21.0122,Low
T17485,2024-09-21,C1516,Laptop,620.0,338.65033215913945,Credit Card,Completed,209963.20593866645,Branch D,Prague,Czechia,Europe,Retail Banking,Elena,50.0755,14.4378,High
T28754,2024-09-21,,Smartphone,485.0,,pay pal,Pending,,Branch A,Warsaw,Poland,Europe,Retail Banking,Anna,52.2297,21.0122,Low
T67916,2024-09-21,C749,Coffee Machine,10.0,,Credit Card,,,Branch B,Berlin,Germany,Europe,Retail Banking,John,52.52,13.405,Low
T58499,2024-09-22,C3939,Coffee Machine,688.0,475.0457394974089,PayPal,complete,326831.4687742173,Branch B,Berlin,Germany,Europe,Retail Banking,John,52.52,13.405,High
T93469,2024-09-22,C4846,Coffee Machine,515.0,647.6981664387778,Cash,Pending,333564.5557159706,Branch B,Berlin,Germany,Europe,Retail Banking,John,52.52,13.405,High
T26364,2024-09-22,C4603,Laptop,313.0,243.6591537035401,Cash,Failed,76265.31510920805,Branch D,Prague,Czechia,Europe,Retail Banking,Elena,50.0755,14.4378,High
T84882,2024-09-22,C3863,Coffee Machine,231.0,192.03270327759228,credit card,completed,44359.55445712381,Branch B,Berlin,Germany,Europe,Retail Banking,John,52.52,13.405,High
T5202,2024-09-22,C578,Laptop,558.0,120.34965576749414,credit card,complete,67155.10791826172,Branch D,Prague,Czechia,Europe,Retail Banking,Elena,50.0755,14.4378,High
T45543,2024-09-22,C4713,Tablet,5.0,706.3983103518076,pay pal,Completed,3531.991551759038,Branch C,Paris,France,Europe,Retail Banking,Michael,48.8566,2.3522,High
T62183,2024-09-22,C2441,Coffee Machine,8.0,,PayPal,completed,,Branch B,Berlin,Germany,Europe,Retail Banking,John,52.52,13.405,Low
T44497,2024-09-22,C3367,Tablet,1.0,,PayPal,Completed,,Branch C,Paris,France,Europe,Retail Banking,Michael,48.8566,2.3522,Low
T38233,2024-09-22,C1283,Headphones,-7.0,,Credit Card,,,Branch E,Vienna,Austria,Europe,Retail Banking,Stefan,48.2082,16.3738,Low
T86033,2024-09-22,C4718,Headphones,8.0,421.8553261694564,PayPal,completed,3374.8426093556513,Branch E,Vienna,Austria,Europe,Retail Banking,Stefan,48.2082,16.3738,High
T49776,2024-09-22,C4417,Laptop,430.0,540.5737716018119,credit card,completed,232446.72178877913,Branch D,Prague,Czechia,Europe,Retail Banking,Elena,50.0755,14.4378,High
T48681,2024-09-22,C4500,Coffee Machine,4.0,183.5015937854094,PayPal ,completed,734.0063751416376,Branch B,Berlin,Germany,Europe,Retail Banking,John,52.52,13.405,Medium
T82592,2024-09-22,C4245,Laptop,1.0,247.26844436215669,creditcard,Pending,247.26844436215669,Branch D,Prague,Czechia,Europe,Retail Banking,Elena,50.0755,14.4378,Medium
T96090,2024-09-23,C1434,Smartphone,5.0,,pay pal,completed,,Branch A,Warsaw,Poland,Europe,Retail Banking,Anna,52.2297,21.0122,Low
T30898,2024-09-23,C2024,Tablet,-8.0,546.5074651870301,Credit Card,Pending,-4372.059721496241,Branch C,Paris,France,Europe,Retail Banking,Michael,48.8566,2.3522,Low
T8262,2024-09-23,C412,Smartphone,943.0,707.1383578391433,PayPal ,Completed,666831.4714423121,Branch A,Warsaw,Poland,Europe,Retail Banking,Anna,52.2297,21.0122,High
T77780,2024-09-23,C654,Headphones,-7.0,628.5834699215309,credit card,complete,-4400.084289450716,Branch E,Vienna,Austria,Europe,Retail Banking,Stefan,48.2082,16.3738,Low
T28999,2024-09-23,C3674,Coffee Machine,5.0,246.69,credit card,Failed,1233.45,Branch B,Berlin,Germany,Europe,Retail Banking,John,52.52,13.405,High
T47322,2024-09-23,C375,Coffee Machine,10.0,,Credit Card,Failed,,Branch B,Berlin,Germany,Europe,Retail Banking,John,52.52,13.405,Low
T73528,2024-09-23,C2901,Laptop,446.0,688.106592326578,PayPal ,Pending,306895.5401776538,Branch D,Prague,Czechia,Europe,Retail Banking,Elena,50.0755,14.4378,High
T24105,2024-09-23,C3458,Headphones,,,credit card,Completed,,Branch E,Vienna,Austria,Europe,Retail Banking,Stefan,48.2082,16.3738,Low
,2024-09-23,C255,Tablet,4.0,180.97503142734203,Cash,completed,723.9001257093681,Branch C,Paris,France,Europe,Retail Banking,Michael,48.8566,2.3522,Medium
T73321,2024-09-23,,Tablet,-6.0,54.31498411789892,credit card,completed,-325.88990470739355,Branch C,Paris,France,Europe,Retail Banking,Michael,48.8566,2.3522,Low
T65538,2024-09-23,,Coffee Machine,-1.0,,Cash,completed,,Branch B,Berlin,Germany,Europe,Retail Banking,John,52.52,13.405,Low
T40996,2024-09-23,C1994,Coffee Machine,405.0,529.8567041789515,Credit Card,complete,214591.96519247536,Branch B,Berlin,Germany,Europe,Retail Banking,John,52.52,13.405,High
T74537,2024-09-23,C1584,Smartphone,367.0,,PayPal,,,Branch A,Warsaw,Poland,Europe,Retail Banking,Anna,52.2297,21.0122,Low
T85342,2024-09-23,C454,Coffee Machine,10.0,759.4158499180572,Cash,Completed,7594.158499180572,Branch B,Berlin,Germany,Europe,Retail Banking,John,52.52,13.405,High
T56721,2024-09-23,C3448,Laptop,-1.0,,PayPal,completed,,Branch D,Prague,Czechia,Europe,Retail Banking,Elena,50.0755,14.4378,Low
T81720,2024-09-23,C3340,Tablet,890.0,253.02,creditcard,Failed,225187.80000000002,Branch C,Paris,France,Europe,Retail Banking,Michael,48.8566,2.3522,High
T28970,2024-09-23,C1217,Headphones,885.0,736.5597286166757,PayPal,completed,651855.3598257579,Branch E,Vienna,Austria,Europe,Retail Banking,Stefan,48.2082,16.3738,High
T68344,2024-09-24,C1678,Smartphone,-8.0,756.4129225561287,creditcard,Failed,-6051.30338044903,Branch A,Warsaw,Poland,Europe,Retail Banking,Anna,52.2297,21.0122,Low
T69350,2024-09-24,C4398,Headphones,-7.0,744.7341327761472,PayPal ,,-5213.138929433031,Branch E,Vienna,Austria,Europe,Retail Banking,Stefan,48.2082,16.3738,Low
T58889,2024-09-24,C1747,Smartphone,-5.0,464.19,PayPal,complete,-2320.95,Branch A,Warsaw,Poland,Europe,Retail Banking,Anna,52.2297,21.0122,Low
T23641,2024-09-24,C2521,Tablet,429.0,529.7470587460882,PayPal,,227261.48820207184,Branch C,Paris,France,Europe,Retail Banking,Michael,48.8566,2.3522,High
T12985,2024-09-24,C3020,Headphones,-9.0,946.5157604165942,Cash,Pending,-8518.641843749347,Branch E,Vienna,Austria,Europe,Retail Banking,Stefan,48.2082,16.3738,Low
T82273,2024-09-24,C2386,Laptop,-3.0,,credit card,Pending,,Branch D,Prague,Czechia,Europe,Retail Banking,Elena,50.0755,14.4378,Low
T50415,2024-09-24,,Tablet,997.0,,creditcard,complete,,Branch C,Paris,France,Europe,Retail Banking,Michael,48.8566,2.3522,Low
T96629,2024-09-24,C3380,Tablet,2.0,230.1122011964009,PayPal ,complete,460.2244023928018,Branch C,Paris,France,Europe,Retail Banking,Michael,48.8566,2.3522,Medium
T70743,2024-09-24,C2159,Laptop,10.0,,creditcard,Pending,,Branch D,Prague,Czechia,Europe,Retail Banking,Elena,50.0755,14.4378,Low
T37247,2024-09-24,C364,Tablet,-6.0,,creditcard,complete,,Branch C,Paris,France,Europe,Retail Banking,Michael,48.8566,2.3522,Low
T85963,2024-09-24,C694,Laptop,-9.0,,credit card,completed,,Branch D,Prague,Czechia,Europe,Retail Banking,Elena,50.0755,14.4378,Low
T31681,2024-09-24,C2921,Coffee Machine,-7.0,379.8753634620468,PayPal ,completed,-2659.1275442343276,Branch B,Berlin,Germany,Europe,Retail Banking,John,52.52,13.405,Low
T88672,2024-09-24,C1288,Tablet,-9.0,362.42993724602593,PayPal,Failed,-3261.8694352142334,Branch C,Paris,France,Europe,Retail Banking,Michael,48.8566,2.3522,Low
T48374,2024-09-24,C4430,Headphones,843.0,,creditcard,,,Branch E,Vienna,Austria,Europe,Retail Banking,Stefan,48.2082,16.3738,Low
T44236,2024-09-24,C568,Headphones,10.0,,Cash,,,Branch E,Vienna,Austria,Europe,Retail Banking,Stefan,48.2082,16.3738,Low
T54548,2024-09-24,C2539,Tablet,7.0,326.7955807733448,credit card,complete,2287.5690654134137,Branch C,Paris,France,Europe,Retail Banking,Michael,48.8566,2.3522,High
T34123,2024-09-24,C4251,Laptop,708.0,176.30730747616644,PayPal ,completed,124825.57369312584,Branch D,Prague,Czechia,Europe,Retail Banking,Elena,50.0755,14.4378,High
T66779,2024-09-24,C942,Coffee Machine,6.0,,pay pal,Pending,,Branch B,Berlin,Germany,Europe,Retail Banking,John,52.52,13.405,Low
T54769,2024-09-24,C756,Laptop,3.0,996.348602801343,PayPal,Pending,2989.045808404029,Branch D,Prague,Czechia,Europe,Retail Banking,Elena,50.0755,14.4378,High
T4776,2024-09-24,C4992,Laptop,992.0,429.5651899174902,creditcard,,426128.6683981503,Branch D,Prague,Czechia,Europe,Retail Banking,Elena,50.0755,14.4378,High
T32255,2024-09-24,,Coffee Machine,-2.0,255.94038701681208,creditcard,Failed,-511.88077403362416,Branch B,Berlin,Germany,Europe,Retail Banking,John,52.52,13.405,Low
T68044,2024-09-25,C497,Coffee Machine,2.0,913.694668541558,creditcard,Pending,1827.389337083116,Branch B,Berlin,Germany,Europe,Retail Banking,John,52.52,13.405,High
T90244,2024-09-25,C4831,Laptop,-4.0,741.2094264004324,PayPal,Failed,-2964.83770560173,Branch D,Prague,Czechia,Europe,Retail Banking,Elena,50.0755,14.4378,Low
T65334,2024-09-25,C4479,Laptop,-2.0,,pay pal,,,Branch D,Prague,Czechia,Europe,Retail Banking,Elena,50.0755,14.4378,Low
T36043,2024-09-25,C2067,Laptop,360.0,,PayPal ,Pending,,Branch D,Prague,Czechia,Europe,Retail Banking,Elena,50.0755,14.4378,Low
T89133,2024-09-25,C1301,Coffee Machine,668.0,933.3313288172598,creditcard,completed,623465.3276499296,Branch B,Berlin,Germany,Europe,Retail Banking,John,52.52,13.405,High
T23861,2024-09-25,C1572,Laptop,482.0,240.83282364133143,creditcard,completed,116081.42099512175,Branch D,Prague,Czechia,Europe,Retail Banking,Elena,50.0755,14.4378,High
T24565,2024-09-25,C1294,Coffee Machine,-6.0,,Credit Card,Failed,,Branch B,Berlin,Germany,Europe,Retail Banking,John,52.52,13.405,Low
T74678,2024-09-25,C4616,Headphones,-10.0,,credit card,Failed,,Branch E,Vienna,Austria,Europe,Retail Banking,Stefan,48.2082,16.3738,Low
T92447,2024-09-25,C2034,Tablet,251.0,,creditcard,,,Branch C,Paris,France,Europe,Retail Banking,Michael,48.8566,2.3522,Low
T54454,2024-09-25,C1321,Laptop,-8.0,741.2206060868881,pay pal,completed,-5929.764848695105,Branch D,Prague,Czechia,Europe,Retail Banking,Elena,50.0755,14.4378,Low
T53728,2024-09-25,C2085,Coffee Machine,967.0,,Credit Card,,,Branch B,Berlin,Germany,Europe,Retail Banking,John,52.52,13.405,Low
T90431,2024-09-25,C3150,Coffee Machine,-2.0,627.5720774577521,PayPal,Failed,-1255.1441549155043,Branch B,Berlin,Germany,Europe,Retail Banking,John,52.52,13.405,Low
T14833,2024-09-25,C3921,Headphones,9.0,68.33527506911298,PayPal ,Failed,615.0174756220168,Branch E,Vienna,Austria,Europe,Retail Banking,Stefan,48.2082,16.3738,Medium
T33727,2024-09-25,C1711,Headphones,534.0,915.8847654071662,pay pal,completed,489082.46472742676,Branch E,Vienna,Austria,Europe,Retail Banking,Stefan,48.2082,16.3738,High
T39278,2024-09-25,C2081,Headphones,896.0,,Credit Card,,,Branch E,Vienna,Austria,Europe,Retail Banking,Stefan,48.2082,16.3738,Low
T43417,2024-09-25,C3830,Laptop,,173.8541461361653,credit card,Pending,,Branch D,Prague,Czechia,Europe,Retail Banking,Elena,50.0755,14.4378,Low
T73015,2024-09-25,C798,Headphones,492.0,,pay pal,,,Branch E,Vienna,Austria,Europe,Retail Banking,Stefan,48.2082,16.3738,Low
T74548,2024-09-25,C4950,Headphones,6.0,708.3739456012692,PayPal,complete,4250.243673607615,Branch E,Vienna,Austria,Europe,Retail Banking,Stefan,48.2082,16.3738,High
T6235,2024-09-25,C4494,Tablet,749.0,288.16101758535115,creditcard,completed,215832.602171428,Branch C,Paris,France,Europe,Retail Banking,Michael,48.8566,2.3522,High
T8277,2024-09-25,C1400,Tablet,5.0,176.05158578302814,pay pal,,880.2579289151407,Branch C,Paris,France,Europe,Retail Banking,Michael,48.8566,2.3522,Medium
T15406,2024-09-25,C1158,Coffee Machine,-2.0,403.6780293378027,Cash,Failed,-807.3560586756054,Branch B,Berlin,Germany,Europe,Retail Banking,John,52.52,13.405,Low
T38989,2024-09-25,C818,Headphones,5.0,675.7306312047608,pay pal,Pending,3378.653156023804,Branch E,Vienna,Austria,Europe,Retail Banking,Stefan,48.2082,16.3738,High
T5182,2024-09-25,C2680,Headphones,-1.0,583.9551698808364,Credit Card,Pending,-583.9551698808364,Branch E,Vienna,Austria,Europe,Retail Banking,Stefan,48.2082,16.3738,Low
T26745,2024-09-25,C1774,Tablet,2.0,,Cash,Failed,,Branch C,Paris,France,Europe,Retail Banking,Michael,48.8566,2.3522,Low
T90133,2024-09-25,C4539,Headphones,-9.0,,PayPal ,,,Branch E,Vienna,Austria,Europe,Retail Banking,Stefan,48.2082,16.3738,Low
T44120,2024-09-25,C114,Tablet,9.0,951.5832341627564,pay pal,,8564.249107464808,Branch C,Paris,France,Europe,Retail Banking,Michael,48.8566,2.3522,High
,2024-09-26,C216,Headphones,3.0,272.0294071231754,creditcard,Completed,816.0882213695263,Branch E,Vienna,Austria,Europe,Retail Banking,Stefan,48.2082,16.3738,Medium
T12911,2024-09-26,C2263,Smartphone,250.0,,Cash,,,Branch A,Warsaw,Poland,Europe,Retail Banking,Anna,52.2297,21.0122,Low
T36166,2024-09-26,C3717,Laptop,614.0,553.4058396594489,pay pal,complete,339791.18555090163,Branch D,Prague,Czechia,Europe,Retail Banking,Elena,50.0755,14.4378,High
T48650,2024-09-26,C2112,Coffee Machine,3.0,260.66399761015737,PayPal ,Completed,781.9919928304721,Branch B,Berlin,Germany,Europe,Retail Banking,John,52.52,13.405,Medium
,2024-09-26,C2660,Smartphone,150.0,526.9687664791198,pay pal,Pending,79045.31497186798,Branch A,Warsaw,Poland,Europe,Retail Banking,Anna,52.2297,21.0122,High
T49005,2024-09-26,C4866,Smartphone,-9.0,,PayPal ,,,Branch A,Warsaw,Poland,Europe,Retail Banking,Anna,52.2297,21.0122,Low
T64860,2024-09-26,C801,Coffee Machine,-8.0,947.6541469261056,credit card,Failed,-7581.2331754088445,Branch B,Berlin,Germany,Europe,Retail Banking,John,52.52,13.405,Low
T52254,2024-09-26,C3478,Smartphone,2.0,,creditcard,Failed,,Branch A,Warsaw,Poland,Europe,Retail Banking,Anna,52.2297,21.0122,Low
T16439,2024-09-26,C1073,Smartphone,871.0,801.53,PayPal ,Completed,698132.63,Branch A,Warsaw,Poland,Europe,Retail Banking,Anna,52.2297,21.0122,High
T71746,2024-09-26,C327,Smartphone,10.0,,Cash,Failed,,Branch A,Warsaw,Poland,Europe,Retail Banking,Anna,52.2297,21.0122,Low
T46899,2024-09-26,C954,Laptop,-5.0,350.26,pay pal,complete,-1751.3,Branch D,Prague,Czechia,Europe,Retail Banking,Elena,50.0755,14.4378,Low
T41699,2024-09-26,C4807,Laptop,-2.0,477.074826536276,PayPal,Pending,-954.149653072552,Branch D,Prague,Czechia,Europe,Retail Banking,Elena,50.0755,14.4378,Low
T53374,2024-09-26,C2512,Smartphone,3.0,,Cash,completed,,Branch A,Warsaw,Poland,Europe,Retail Banking,Anna,52.2297,21.0122,Low
T27953,2024-09-26,C2909,Smartphone,9.0,602.5333972432229,credit card,Pending,5422.800575189006,Branch A,Warsaw,Poland,Europe,Retail Banking,Anna,52.2297,21.0122,High
T47161,2024-09-26,C020,Tablet,8.0,977.198011034198,credit card,completed,7817.584088273584,Branch C,Paris,France,Europe,Retail Banking,Michael,48.8566,2.3522,High
T5753,2024-09-26,C2396,Tablet,-10.0,78.98280405707612,Credit Card,completed,-789.8280405707612,Branch C,Paris,France,Europe,Retail Banking,Michael,48.8566,2.3522,Low
T42678,2024-09-27,C3706,Smartphone,3.0,398.2189772612873,Cash,Completed,1194.6569317838619,Branch A,Warsaw,Poland,Europe,Retail Banking,Anna,52.2297,21.0122,High
T53946,2024-09-27,C187,Headphones,524.0,,Cash,completed,,Branch E,Vienna,Austria,Europe,Retail Banking,Stefan,48.2082,16.3738,Low
T36912,2024-09-27,C2660,Tablet,507.0,673.7919811773454,Credit Card,,341612.5344569141,Branch C,Paris,France,Europe,Retail Banking,Michael,48.8566,2.3522,High
T91516,2024-09-27,C3004,Laptop,2.0,126.98533682147615,PayPal ,completed,253.9706736429523,Branch D,Prague,Czechia,Europe,Retail Banking,Elena,50.0755,14.4378,Medium
T49434,2024-09-27,,Headphones,-6.0,139.73386262816524,creditcard,,-838.4031757689914,Branch E,Vienna,Austria,Europe,Retail Banking,Stefan,48.2082,16.3738,Low
T48873,2024-09-27,C2388,Tablet,10.0,814.6848702056357,PayPal,Failed,8146.848702056357,Branch C,Paris,France,Europe,Retail Banking,Michael,48.8566,2.3522,High
T68938,2024-09-27,C1641,Smartphone,-2.0,,creditcard,completed,,Branch A,Warsaw,Poland,Europe,Retail Banking,Anna,52.2297,21.0122,Low
T51674,2024-09-27,C2875,Headphones,9.0,434.6008425448916,Credit Card,Completed,3911.4075829040244,Branch E,Vienna,Austria,Europe,Retail Banking,Stefan,48.2082,16.3738,High
T92597,2024-09-27,C311,Coffee Machine,5.0,,credit card,Completed,,Branch B,Berlin,Germany,Europe,Retail Banking,John,52.52,13.405,Low
T22010,2024-09-27,C2522,Smartphone,840.0,944.5709219210876,PayPal ,Completed,793439.5744137135,Branch A,Warsaw,Poland,Europe,Retail Banking,Anna,52.2297,21.0122,High
T0878,2024-09-27,C4449,Tablet,5.0,948.8816063349858,PayPal,Failed,4744.408031674929,Branch C,Paris,France,Europe,Retail Banking,Michael,48.8566,2.3522,High
T61527,2024-09-27,C2997,Smartphone,671.0,,Cash,,,Branch A,Warsaw,Poland,Europe,Retail Banking,Anna,52.2297,21.0122,Low
T32031,2024-09-27,C318,Smartphone,6.0,523.1345266221406,creditcard,Failed,3138.8071597328435,Branch A,Warsaw,Poland,Europe,Retail Banking,Anna,52.2297,21.0122,High
T98359,2024-09-27,,Coffee Machine,8.0,317.26,Credit Card,completed,2538.08,Branch B,Berlin,Germany,Europe,Retail Banking,John,52.52,13.405,High
T45248,2024-09-27,C054,Tablet,869.0,904.9695275993814,Credit Card,Pending,786418.5194838624,Branch C,Paris,France,Europe,Retail Banking,Michael,48.8566,2.3522,High
T35068,2024-09-27,C4642,Laptop,347.0,580.1780931247488,PayPal,Completed,201321.79831428782,Branch D,Prague,Czechia,Europe,Retail Banking,Elena,50.0755,14.4378,High
T78821,2024-09-28,C525,Laptop,1.0,932.7497550241249,Cash,,932.7497550241249,Branch D,Prague,Czechia,Europe,Retail Banking,Elena,50.0755,14.4378,Medium
T86962,2024-09-28,C914,Coffee Machine,831.0,,Cash,Completed,,Branch B,Berlin,Germany,Europe,Retail Banking,John,52.52,13.405,Low
T61791,2024-09-28,C580,Headphones,-1.0,864.7433188110504,credit card,Pending,-864.7433188110504,Branch E,Vienna,Austria,Europe,Retail Banking,Stefan,48.2082,16.3738,Low
T18030,2024-09-28,C018,Laptop,995.0,,creditcard,,,Branch D,Prague,Czechia,Europe,Retail Banking,Elena,50.0755,14.4378,Low
T93166,2024-09-28,C4776,Tablet,-6.0,693.3940498471957,Credit Card,Failed,-4160.364299083174,Branch C,Paris,France,Europe,Retail Banking,Michael,48.8566,2.3522,Low
T96449,2024-09-28,C303,Laptop,389.0,,PayPal,,,Branch D,Prague,Czechia,Europe,Retail Banking,Elena,50.0755,14.4378,Low
T65052,2024-09-28,C4834,Headphones,-5.0,516.12,credit card,,-2580.6,Branch E,Vienna,Austria,Europe,Retail Banking,Stefan,48.2082,16.3738,Low
T28283,2024-09-28,C2331,Laptop,2.0,549.0625283080691,PayPal ,Failed,1098.1250566161382,Branch D,Prague,Czechia,Europe,Retail Banking,Elena,50.0755,14.4378,High
T18030,2024-09-28,C018,Laptop,995.0,,creditcard,,,Branch D,Prague,Czechia,Europe,Retail Banking,Elena,50.0755,14.4378,Low
T82972,2024-09-28,C116,Laptop,7.0,,creditcard,Failed,,Branch D,Prague,Czechia,Europe,Retail Banking,Elena,50.0755,14.4378,Low
T0916,2024-09-28,C4449,Coffee Machine,9.0,,pay pal,completed,,Branch B,Berlin,Germany,Europe,Retail Banking,John,52.52,13.405,Low
T85236,2024-09-29,C015,Tablet,344.0,802.7325827286445,Credit Card,Pending,276140.0084586537,Branch C,Paris,France,Europe,Retail Banking,Michael,48.8566,2.3522,High
T5402,2024-09-29,C4674,Tablet,371.0,,PayPal ,,,Branch C,Paris,France,Europe,Retail Banking,Michael,48.8566,2.3522,Low
T5788,2024-09-29,C3691,Tablet,-4.0,510.5433100945864,Cash,,-2042.1732403783456,Branch C,Paris,France,Europe,Retail Banking,Michael,48.8566,2.3522,Low
T84851,2024-09-29,C2605,Headphones,4.0,,PayPal ,complete,,Branch E,Vienna,Austria,Europe,Retail Banking,Stefan,48.2082,16.3738,Low
T71863,2024-09-29,C1027,Tablet,781.0,,PayPal ,Completed,,Branch C,Paris,France,Europe,Retail Banking,Michael,48.8566,2.3522,Low
T77338,2024-09-29,C872,Laptop,-4.0,951.3813526789193,creditcard,Completed,-3805.525410715677,Branch D,Prague,Czechia,Europe,Retail Banking,Elena,50.0755,14.4378,Low
,2024-09-29,C2028,Laptop,256.0,767.2877155666412,PayPal,,196425.65518506014,Branch D,Prague,Czechia,Europe,Retail Banking,Elena,50.0755,14.4378,High
T87366,2024-09-29,C1251,Smartphone,-8.0,488.84670923291486,PayPal,Failed,-3910.773673863319,Branch A,Warsaw,Poland,Europe,Retail Banking,Anna,52.2297,21.0122,Low
T28717,2024-09-29,C4307,Laptop,-3.0,551.9800970732496,pay pal,Completed,-1655.9402912197488,Branch D,Prague,Czechia,Europe,Retail Banking,Elena,50.0755,14.4378,Low
T82691,2024-09-29,C2503,Headphones,9.0,498.0407621211384,creditcard,,4482.366859090245,Branch E,Vienna,Austria,Europe,Retail Banking,Stefan,48.2082,16.3738,High
T37971,2024-09-29,C3251,Coffee Machine,-7.0,54.49989701893708,PayPal,Completed,-381.49927913255954,Branch B,Berlin,Germany,Europe,Retail Banking,John,52.52,13.405,Low
T50334,2024-09-29,C4344,Coffee Machine,475.0,,pay pal,complete,,Branch B,Berlin,Germany,Europe,Retail Banking,John,52.52,13.405,Low
T55116,2024-09-29,C2990,Coffee Machine,-6.0,328.96463886014004,PayPal ,Completed,-1973.7878331608404,Branch B,Berlin,Germany,Europe,Retail Banking,John,52.52,13.405,Low
T80733,2024-09-29,C4793,Coffee Machine,813.0,599.1881645292735,creditcard,Completed,487139.97776229936,Branch B,Berlin,Germany,Europe,Retail Banking,John,52.52,13.405,High
T81063,2024-09-29,C1039,Tablet,877.0,853.147667078855,PayPal ,Failed,748210.5040281558,Branch C,Paris,France,Europe,Retail Banking,Michael,48.8566,2.3522,High
T54770,2024-09-29,C2857,Tablet,329.0,157.25243073195452,creditcard,completed,51736.04971081304,Branch C,Paris,France,Europe,Retail Banking,Michael,48.8566,2.3522,High
T18275,2024-09-29,,Coffee Machine,5.0,,Cash,completed,,Branch B,Berlin,Germany,Europe,Retail Banking,John,52.52,13.405,Low
T95620,2024-09-29,C4265,Tablet,-5.0,506.11002439930405,Cash,Completed,-2530.5501219965204,Branch C,Paris,France,Europe,Retail Banking,Michael,48.8566,2.3522,Low
T41924,2024-09-29,C4375,Tablet,-7.0,,Credit Card,Pending,,Branch C,Paris,France,Europe,Retail Banking,Michael,48.8566,2.3522,Low
T69200,2024-09-29,C3907,Headphones,2.0,447.0367912496644,Credit Card,Completed,894.0735824993288,Branch E,Vienna,Austria,Europe,Retail Banking,Stefan,48.2082,16.3738,Medium
T55696,2024-09-29,C987,Smartphone,-4.0,791.5953580224246,pay pal,complete,-3166.3814320896986,Branch A,Warsaw,Poland,Europe,Retail Banking,Anna,52.2297,21.0122,Low
,2024-09-29,C1583,Coffee Machine,-9.0,523.08,Credit Card,Failed,-4707.72,Branch B,Berlin,Germany,Europe,Retail Banking,John,52.52,13.405,Low
T95792,2024-09-29,C2991,Laptop,4.0,935.0062016332928,Credit Card,completed,3740.024806533171,Branch D,Prague,Czechia,Europe,Retail Banking,Elena,50.0755,14.4378,High
T18275,2024-09-29,,Coffee Machine,5.0,,Cash,completed,,Branch B,Berlin,Germany,Europe,Retail Banking,John,52.52,13.405,Low
T66877,2024-09-30,C4863,Coffee Machine,-8.0,341.49854539294233,credit card,complete,-2731.9883631435387,Branch B,Berlin,Germany,Europe,Retail Banking,John,52.52,13.405,Low
T30684,2024-09-30,,Laptop,477.0,,creditcard,Completed,,Branch D,Prague,Czechia,Europe,Retail Banking,Elena,50.0755,14.4378,Low
T67611,2024-09-30,C1298,Laptop,144.0,,pay pal,Failed,,Branch D,Prague,Czechia,Europe,Retail Banking,Elena,50.0755,14.4378,Low
T69081,2024-09-30,C4038,Tablet,-4.0,,credit card,Completed,,Branch C,Paris,France,Europe,Retail Banking,Michael,48.8566,2.3522,Low
T0976,2024-09-30,C3523,Coffee Machine,-3.0,,pay pal,complete,,Branch B,Berlin,Germany,Europe,Retail Banking,John,52.52,13.405,Low
T70647,2024-09-30,C4156,Headphones,967.0,,Cash,completed,,Branch E,Vienna,Austria,Europe,Retail Banking,Stefan,48.2082,16.3738,Low
T19808,2024-09-30,C601,Smartphone,172.0,,credit card,completed,,Branch A,Warsaw,Poland,Europe,Retail Banking,Anna,52.2297,21.0122,Low
T19192,2024-09-30,C1666,Laptop,367.0,122.7199351339696,Credit Card,complete,45038.216194166846,Branch D,Prague,Czechia,Europe,Retail Banking,Elena,50.0755,14.4378,High
T41203,2024-09-30,C1553,Smartphone,8.0,729.0139058225708,PayPal ,completed,5832.111246580566,Branch A,Warsaw,Poland,Europe,Retail Banking,Anna,52.2297,21.0122,High
T16952,2024-09-30,C2311,Coffee Machine,367.0,604.3528726051763,creditcard,Pending,221797.5042460997,Branch B,Berlin,Germany,Europe,Retail Banking,John,52.52,13.405,High
,2024-09-30,,Laptop,673.0,817.600654471793,pay pal,Failed,550245.2404595166,Branch D,Prague,Czechia,Europe,Retail Banking,Elena,50.0755,14.4378,High
T46649,2024-09-30,C1265,Coffee Machine,269.0,426.2880125496984,credit card,Completed,114671.47537586887,Branch B,Berlin,Germany,Europe,Retail Banking,John,52.52,13.405,High
T39551,2024-09-30,C2469,Headphones,320.0,839.1352328726077,Cash,complete,268523.2745192345,Branch E,Vienna,Austria,Europe,Retail Banking,Stefan,48.2082,16.3738,High
T85878,2024-09-30,C3510,Smartphone,450.0,644.2023950541429,PayPal,Pending,289891.0777743643,Branch A,Warsaw,Poland,Europe,Retail Banking,Anna,52.2297,21.0122,High
T5267,2024-09-30,C1754,Smartphone,-6.0,395.7675490359683,credit card,complete,-2374.6052942158094,Branch A,Warsaw,Poland,Europe,Retail Banking,Anna,52.2297,21.0122,Low
T12370,2024-09-30,C005,Coffee Machine,9.0,335.02219303336216,PayPal,,3015.1997373002596,Branch B,Berlin,Germany,Europe,Retail Banking,John,52.52,13.405,High
T21985,2024-09-30,C2642,Headphones,-9.0,959.0845871158364,Credit Card,Pending,-8631.761284042528,Branch E,Vienna,Austria,Europe,Retail Banking,Stefan,48.2082,16.3738,Low
,2024-09-30,C2496,Tablet,-8.0,59.8437788190626,creditcard,Completed,-478.7502305525008,Branch C,Paris,France,Europe,Retail Banking,Michael,48.8566,2.3522,Low
T79208,2024-09-30,C1463,Smartphone,4.0,,Credit Card,completed,,Branch A,Warsaw,Poland,Europe,Retail Banking,Anna,52.2297,21.0122,Low
T41342,2024-09-30,C059,Coffee Machine,-8.0,597.5283197457763,creditcard,completed,-4780.226557966211,Branch B,Berlin,Germany,Europe,Retail Banking,John,52.52,13.405,Low
T97198,2024-09-30,C1874,Tablet,-7.0,,pay pal,Completed,,Branch C,Paris,France,Europe,Retail Banking,Michael,48.8566,2.3522,Low
T9482,2024-09-30,C1661,Tablet,8.0,655.4091172879757,Credit Card,,5243.272938303806,Branch C,Paris,France,Europe,Retail Banking,Michael,48.8566,2.3522,High
T2002,2024-10-01,C207,Coffee Machine,4.0,,Cash,complete,,Branch B,Berlin,Germany,Europe,Retail Banking,John,52.52,13.405,Low
T70706,2024-10-01,C2162,Coffee Machine,5.0,,creditcard,,,Branch B,Berlin,Germany,Europe,Retail Banking,John,52.52,13.405,Low
T58570,2024-10-01,C4125,Headphones,728.0,700.6615642233319,Cash,,510081.6187545856,Branch E,Vienna,Austria,Europe,Retail Banking,Stefan,48.2082,16.3738,High
T93903,2024-10-01,C4218,Tablet,9.0,988.6806045612428,credit card,,8898.125441051185,Branch C,Paris,France,Europe,Retail Banking,Michael,48.8566,2.3522,High
T84215,2024-10-01,C253,Headphones,4.0,809.6,pay pal,Completed,3238.4,Branch E,Vienna,Austria,Europe,Retail Banking,Stefan,48.2082,16.3738,High
T66046,2024-10-01,C1824,Tablet,1.0,,PayPal ,Failed,,Branch C,Paris,France,Europe,Retail Banking,Michael,48.8566,2.3522,Low
T77108,2024-10-01,C147,Headphones,630.0,802.5912247841532,Credit Card,completed,505632.4716140165,Branch E,Vienna,Austria,Europe,Retail Banking,Stefan,48.2082,16.3738,High
T32038,2024-10-01,C3476,Coffee Machine,-7.0,609.6218122423352,PayPal,Failed,-4267.352685696346,Branch B,Berlin,Germany,Europe,Retail Banking,John,52.52,13.405,Low
T11330,2024-10-01,C3193,Headphones,686.0,774.6327574978656,credit card,completed,531398.0716435357,Branch E,Vienna,Austria,Europe,Retail Banking,Stefan,48.2082,16.3738,High
T86410,2024-10-01,C935,Smartphone,-7.0,,credit card,Pending,,Branch A,Warsaw,Poland,Europe,Retail Banking,Anna,52.2297,21.0122,Low
T21051,2024-10-01,,Coffee Machine,707.0,308.9769788932064,PayPal ,Completed,218446.72407749694,Branch B,Berlin,Germany,Europe,Retail Banking,John,52.52,13.405,High
T86889,2024-10-01,C851,Tablet,461.0,,creditcard,Completed,,Branch C,Paris,France,Europe,Retail Banking,Michael,48.8566,2.3522,Low
T38944,2024-10-01,C1553,Headphones,,,PayPal,,,Branch E,Vienna,Austria,Europe,Retail Banking,Stefan,48.2082,16.3738,Low
T25100,2024-10-01,C4048,Tablet,179.0,376.76302715567977,Cash,completed,67440.58186086667,Branch C,Paris,France,Europe,Retail Banking,Michael,48.8566,2.3522,High
T42327,2024-10-01,C1774,Laptop,,,PayPal,Completed,,Branch D,Prague,Czechia,Europe,Retail Banking,Elena,50.0755,14.4378,Low
,2024-10-01,C2578,Laptop,,,credit card,Completed,,Branch D,Prague,Czechia,Europe,Retail Banking,Elena,50.0755,14.4378,Low
T32038,2024-10-01,C3476,Coffee Machine,-7.0,609.6218122423352,PayPal,Failed,-4267.352685696346,Branch B,Berlin,Germany,Europe,Retail Banking,John,52.52,13.405,Low
T19305,2024-10-01,C4485,Coffee Machine,589.0,,PayPal,complete,,Branch B,Berlin,Germany,Europe,Retail Banking,John,52.52,13.405,Low
T63712,2024-10-02,C314,Laptop,-7.0,839.9188947704877,Credit Card,,-5879.432263393413,Branch D,Prague,Czechia,Europe,Retail Banking,Elena,50.0755,14.4378,Low
T68246,2024-10-02,C4708,Coffee Machine,-8.0,248.71372206440893,PayPal ,completed,-1989.7097765152714,Branch B,Berlin,Germany,Europe,Retail Banking,John,52.52,13.405,Low
T13005,2024-10-02,C3816,Laptop,,619.9545285072418,Cash,Completed,,Branch D,Prague,Czechia,Europe,Retail Banking,Elena,50.0755,14.4378,Low
T40347,2024-10-02,C3903,Coffee Machine,8.0,683.3984906149599,PayPal,completed,5467.187924919679,Branch B,Berlin,Germany,Europe,Retail Banking,John,52.52,13.405,High
T25624,2024-10-02,C1949,Coffee Machine,-1.0,,creditcard,Pending,,Branch B,Berlin,Germany,Europe,Retail Banking,John,52.52,13.405,Low
T86292,2024-10-02,C1283,Headphones,-5.0,996.5620800640452,pay pal,,-4982.810400320226,Branch E,Vienna,Austria,Europe,Retail Banking,Stefan,48.2082,16.3738,Low
T97898,2024-10-02,C2916,Laptop,4.0,710.4655688030851,PayPal,complete,2841.8622752123406,Branch D,Prague,Czechia,Europe,Retail Banking,Elena,50.0755,14.4378,High
T18441,2024-10-02,C781,Coffee Machine,-7.0,,PayPal,Failed,,Branch B,Berlin,Germany,Europe,Retail Banking,John,52.52,13.405,Low
T62262,2024-10-02,C600,Headphones,10.0,913.3513094063752,PayPal,Completed,9133.513094063752,Branch E,Vienna,Austria,Europe,Retail Banking,Stefan,48.2082,16.3738,High
T43569,2024-10-02,C2310,Laptop,-3.0,630.0831538299758,creditcard,Pending,-1890.2494614899274,Branch D,Prague,Czechia,Europe,Retail Banking,Elena,50.0755,14.4378,Low
T70385,2024-10-02,C3597,Smartphone,-5.0,869.2225622754252,pay pal,,-4346.112811377126,Branch A,Warsaw,Poland,Europe,Retail Banking,Anna,52.2297,21.0122,Low
T36644,2024-10-02,C1866,Coffee Machine,478.0,872.2913595468887,PayPal ,Failed,416955.2698634128,Branch B,Berlin,Germany,Europe,Retail Banking,John,52.52,13.405,High
T93509,2024-10-02,C3278,Headphones,575.0,,pay pal,Completed,,Branch E,Vienna,Austria,Europe,Retail Banking,Stefan,48.2082,16.3738,Low
T7447,2024-10-02,C1831,Tablet,-3.0,,pay pal,completed,,Branch C,Paris,France,Europe,Retail Banking,Michael,48.8566,2.3522,Low
T7562,2024-10-02,C1258,Smartphone,-3.0,336.6,PayPal ,Failed,-1009.8000000000001,Branch A,Warsaw,Poland,Europe,Retail Banking,Anna,52.2297,21.0122,Low
T33045,2024-10-02,,Tablet,1.0,175.9896724320172,creditcard,Completed,175.9896724320172,Branch C,Paris,France,Europe,Retail Banking,Michael,48.8566,2.3522,Medium
T67927,2024-10-02,C993,Laptop,-6.0,725.7659036721536,creditcard,complete,-4354.595422032922,Branch D,Prague,Czechia,Europe,Retail Banking,Elena,50.0755,14.4378,Low
,2024-10-02,C4074,Coffee Machine,,,PayPal,complete,,Branch B,Berlin,Germany,Europe,Retail Banking,John,52.52,13.405,Low
T57396,2024-10-02,C3196,Coffee Machine,4.0,603.4517505060185,Cash,complete,2413.807002024074,Branch B,Berlin,Germany,Europe,Retail Banking,John,52.52,13.405,High
T39874,2024-10-02,C243,Smartphone,-3.0,826.6482941051585,Cash,Pending,-2479.9448823154753,Branch A,Warsaw,Poland,Europe,Retail Banking,Anna,52.2297,21.0122,Low
T47829,2024-10-02,C567,Headphones,888.0,654.1587043730398,pay pal,completed,580892.9294832593,Branch E,Vienna,Austria,Europe,Retail Banking,Stefan,48.2082,16.3738,High
T25364,2024-10-03,C2939,Tablet,-10.0,,creditcard,completed,,Branch C,Paris,France,Europe,Retail Banking,Michael,48.8566,2.3522,Low
T54488,2024-10-03,C2262,Coffee Machine,447.0,952.6985131270628,pay pal,Failed,425856.2353677971,Branch B,Berlin,Germany,Europe,Retail Banking,John,52.52,13.405,High
T20987,2024-10-03,C3579,Laptop,310.0,643.135504409156,PayPal ,Failed,199372.00636683838,Branch D,Prague,Czechia,Europe,Retail Banking,Elena,50.0755,14.4378,High
T17131,2024-10-03,C1786,Smartphone,-5.0,622.3883208907621,PayPal,Pending,-3111.94160445381,Branch A,Warsaw,Poland,Europe,Retail Banking,Anna,52.2297,21.0122,Low
T48395,2024-10-03,C1219,Coffee Machine,124.0,912.5440951964614,PayPal,,113155.46780436121,Branch B,Berlin,Germany,Europe,Retail Banking,John,52.52,13.405,High
T26338,2024-10-03,C4090,Smartphone,493.0,690.2075622610099,Credit Card,complete,340272.3281946779,Branch A,Warsaw,Poland,Europe,Retail Banking,Anna,52.2297,21.0122,High
T75235,2024-10-03,C4677,Tablet,682.0,,Cash,Failed,,Branch C,Paris,France,Europe,Retail Banking,Michael,48.8566,2.3522,Low
T53367,2024-10-03,C4262,Coffee Machine,3.0,174.64902524434194,Credit Card,Completed,523.9470757330258,Branch B,Berlin,Germany,Europe,Retail Banking,John,52.52,13.405,Medium
T62933,2024-10-03,C2192,Laptop,908.0,374.8775200926698,creditcard,complete,340388.7882441442,Branch D,Prague,Czechia,Europe,Retail Banking,Elena,50.0755,14.4378,High
T86399,2024-10-03,C3359,Laptop,-8.0,,creditcard,Pending,,Branch D,Prague,Czechia,Europe,Retail Banking,Elena,50.0755,14.4378,Low
T95534,2024-10-03,C3618,Laptop,7.0,,PayPal,complete,,Branch D,Prague,Czechia,Europe,Retail Banking,Elena,50.0755,14.4378,Low
T91510,2024-10-03,,Laptop,-6.0,260.76452024727985,PayPal ,Completed,-1564.587121483679,Branch D,Prague,Czechia,Europe,Retail Banking,Elena,50.0755,14.4378,Low
T79640,2024-10-03,C2359,Headphones,-9.0,197.02584557052205,credit card,,-1773.2326101346985,Branch E,Vienna,Austria,Europe,Retail Banking,Stefan,48.2082,16.3738,Low
T27686,2024-10-03,C363,Headphones,111.0,,Cash,Failed,,Branch E,Vienna,Austria,Europe,Retail Banking,Stefan,48.2082,16.3738,Low
T35347,2024-10-03,C3457,Smartphone,6.0,,Cash,complete,,Branch A,Warsaw,Poland,Europe,Retail Banking,Anna,52.2297,21.0122,Low
T7695,2024-10-03,C3749,Tablet,807.0,616.4587511085986,creditcard,completed,497482.21214463905,Branch C,Paris,France,Europe,Retail Banking,Michael,48.8566,2.3522,High
T57068,2024-10-03,C2054,Smartphone,135.0,637.48,Credit Card,Failed,86059.8,Branch A,Warsaw,Poland,Europe,Retail Banking,Anna,52.2297,21.0122,High
T90174,2024-10-03,C445,Smartphone,,256.6231370438521,PayPal ,,,Branch A,Warsaw,Poland,Europe,Retail Banking,Anna,52.2297,21.0122,Low
T73398,2024-10-03,C1435,Laptop,8.0,,Cash,,,Branch D,Prague,Czechia,Europe,Retail Banking,Elena,50.0755,14.4378,Low
T35680,2024-10-04,C4650,Coffee Machine,7.0,479.4846337152119,Credit Card,completed,3356.392436006483,Branch B,Berlin,Germany,Europe,Retail Banking,John,52.52,13.405,High
T33901,2024-10-04,C4351,Smartphone,385.0,,Cash,completed,,Branch A,Warsaw,Poland,Europe,Retail Banking,Anna,52.2297,21.0122,Low
T20567,2024-10-04,C3056,Tablet,9.0,995.1506306749932,PayPal ,,8956.355676074938,Branch C,Paris,France,Europe,Retail Banking,Michael,48.8566,2.3522,High
T51096,2024-10-04,C2354,Laptop,574.0,,PayPal ,Failed,,Branch D,Prague,Czechia,Europe,Retail Banking,Elena,50.0755,14.4378,Low
T55845,2024-10-04,C3801,Coffee Machine,10.0,257.5420035211994,Credit Card,Completed,2575.4200352119938,Branch B,Berlin,Germany,Europe,Retail Banking,John,52.52,13.405,High
T96073,2024-10-04,C3279,Tablet,2.0,471.89,credit card,Pending,943.78,Branch C,Paris,France,Europe,Retail Banking,Michael,48.8566,2.3522,Medium
T20495,2024-10-04,C1483,Smartphone,4.0,656.647231332496,Cash,completed,2626.588925329984,Branch A,Warsaw,Poland,Europe,Retail Banking,Anna,52.2297,21.0122,High
T9236,2024-10-04,C1142,Smartphone,-7.0,,PayPal ,Failed,,Branch A,Warsaw,Poland,Europe,Retail Banking,Anna,52.2297,21.0122,Low
,2024-10-04,C473,Smartphone,-5.0,620.5352577778025,PayPal ,,-3102.6762888890125,Branch A,Warsaw,Poland,Europe,Retail Banking,Anna,52.2297,21.0122,Low
T86974,2024-10-04,C4455,Coffee Machine,-10.0,844.880908243311,credit card,Failed,-8448.80908243311,Branch B,Berlin,Germany,Europe,Retail Banking,John,52.52,13.405,Low
T83624,2024-10-04,C4323,Laptop,1.0,,credit card,Pending,,Branch D,Prague,Czechia,Europe,Retail Banking,Elena,50.0755,14.4378,Low
T8839,2024-10-04,C2124,Coffee Machine,-4.0,699.3862785183616,credit card,completed,-2797.5451140734463,Branch B,Berlin,Germany,Europe,Retail Banking,John,52.52,13.405,Low
T26271,2024-10-04,C573,Smartphone,-3.0,119.16610511159251,Cash,Failed,-357.49831533477754,Branch A,Warsaw,Poland,Europe,Retail Banking,Anna,52.2297,21.0122,Low
T48765,2024-10-05,C2040,Tablet,924.0,,PayPal ,completed,,Branch C,Paris,France,Europe,Retail Banking,Michael,48.8566,2.3522,Low
T79535,2024-10-05,C290,Headphones,448.0,,PayPal,Pending,,Branch E,Vienna,Austria,Europe,Retail Banking,Stefan,48.2082,16.3738,Low
T34392,2024-10-05,C2200,Tablet,-6.0,880.2906258686655,Credit Card,Completed,-5281.743755211994,Branch C,Paris,France,Europe,Retail Banking,Michael,48.8566,2.3522,Low
T96664,2024-10-05,C504,Tablet,,,credit card,Completed,,Branch C,Paris,France,Europe,Retail Banking,Michael,48.8566,2.3522,Low
,2024-10-05,C740,Coffee Machine,-10.0,296.833968945968,pay pal,completed,-2968.3396894596804,Branch B,Berlin,Germany,Europe,Retail Banking,John,52.52,13.405,Low
T90198,2024-10-05,,Coffee Machine,-4.0,,PayPal,complete,,Branch B,Berlin,Germany,Europe,Retail Banking,John,52.52,13.405,Low
T91327,2024-10-05,C1662,Coffee Machine,-6.0,160.36309861181803,PayPal,Failed,-962.1785916709082,Branch B,Berlin,Germany,Europe,Retail Banking,John,52.52,13.405,Low
T35337,2024-10-05,C223,Coffee Machine,,89.74597512529192,creditcard,complete,,Branch B,Berlin,Germany,Europe,Retail Banking,John,52.52,13.405,Low
T80920,2024-10-05,C2926,Tablet,544.0,,Credit Card,completed,,Branch C,Paris,France,Europe,Retail Banking,Michael,48.8566,2.3522,Low
T31281,2024-10-05,C815,Tablet,-4.0,194.43550458867705,creditcard,complete,-777.7420183547082,Branch C,Paris,France,Europe,Retail Banking,Michael,48.8566,2.3522,Low
T74985,2024-10-06,C4651,Smartphone,681.0,255.82,Cash,,174213.41999999998,Branch A,Warsaw,Poland,Europe,Retail Banking,Anna,52.2297,21.0122,High
T15706,2024-10-06,C3719,Coffee Machine,-10.0,,credit card,,,Branch B,Berlin,Germany,Europe,Retail Banking,John,52.52,13.405,Low
T62518,2024-10-06,C664,Laptop,,853.700139767956,creditcard,Pending,,Branch D,Prague,Czechia,Europe,Retail Banking,Elena,50.0755,14.4378,Low
T53684,2024-10-06,C4485,Laptop,-4.0,668.4096513567926,Credit Card,completed,-2673.63860542717,Branch D,Prague,Czechia,Europe,Retail Banking,Elena,50.0755,14.4378,Low
T49425,2024-10-06,C1575,Laptop,483.0,,PayPal,Completed,,Branch D,Prague,Czechia,Europe,Retail Banking,Elena,50.0755,14.4378,Low
T85702,2024-10-06,C1154,Coffee Machine,-6.0,777.340327551684,Cash,Completed,-4664.041965310104,Branch B,Berlin,Germany,Europe,Retail Banking,John,52.52,13.405,Low
T67785,2024-10-06,C1513,Tablet,600.0,,creditcard,,,Branch C,Paris,France,Europe,Retail Banking,Michael,48.8566,2.3522,Low
T5273,2024-10-06,,Coffee Machine,-4.0,,pay pal,Pending,,Branch B,Berlin,Germany,Europe,Retail Banking,John,52.52,13.405,Low
T10494,2024-10-06,C660,Smartphone,111.0,,credit card,Pending,,Branch A,Warsaw,Poland,Europe,Retail Banking,Anna,52.2297,21.0122,Low
T13146,2024-10-06,C3762,Coffee Machine,657.0,616.960594353528,credit card,Failed,405343.11049026786,Branch B,Berlin,Germany,Europe,Retail Banking,John,52.52,13.405,High
T92503,2024-10-06,C3080,Coffee Machine,-1.0,783.5112125571465,creditcard,,-783.5112125571465,Branch B,Berlin,Germany,Europe,Retail Banking,John,52.52,13.405,Low
T6409,2024-10-06,C4865,Coffee Machine,-1.0,,Cash,completed,,Branch B,Berlin,Germany,Europe,Retail Banking,John,52.52,13.405,Low
T93813,2024-10-06,C2019,Tablet,7.0,948.096385302055,PayPal ,Pending,6636.674697114385,Branch C,Paris,France,Europe,Retail Banking,Michael,48.8566,2.3522,High
T34598,2024-10-06,C395,Smartphone,-5.0,514.7792306716393,Credit Card,complete,-2573.8961533581964,Branch A,Warsaw,Poland,Europe,Retail Banking,Anna,52.2297,21.0122,Low
T18687,2024-10-06,C2724,Tablet,296.0,194.8778211950032,PayPal,Completed,57683.83507372095,Branch C,Paris,France,Europe,Retail Banking,Michael,48.8566,2.3522,High
T77572,2024-10-07,C1512,Coffee Machine,-4.0,,pay pal,completed,,Branch B,Berlin,Germany,Europe,Retail Banking,John,52.52,13.405,Low
T51164,2024-10-07,C4504,Smartphone,6.0,741.289524043404,creditcard,Failed,4447.7371442604235,Branch A,Warsaw,Poland,Europe,Retail Banking,Anna,52.2297,21.0122,High
T16207,2024-10-07,C4024,Tablet,-6.0,,Credit Card,Pending,,Branch C,Paris,France,Europe,Retail Banking,Michael,48.8566,2.3522,Low
T78568,2024-10-07,C4852,Laptop,589.0,353.8477310796556,credit card,Failed,208416.31360591715,Branch D,Prague,Czechia,Europe,Retail Banking,Elena,50.0755,14.4378,High
T23283,2024-10-07,C4697,Headphones,-4.0,,PayPal,complete,,Branch E,Vienna,Austria,Europe,Retail Banking,Stefan,48.2082,16.3738,Low
T75290,2024-10-07,C1540,Coffee Machine,-2.0,761.836374706269,creditcard,complete,-1523.672749412538,Branch B,Berlin,Germany,Europe,Retail Banking,John,52.52,13.405,Low
T70868,2024-10-07,C3792,Laptop,,103.80413922673216,credit card,,,Branch D,Prague,Czechia,Europe,Retail Banking,Elena,50.0755,14.4378,Low
T46276,2024-10-07,C2780,Tablet,776.0,,pay pal,Failed,,Branch C,Paris,France,Europe,Retail Banking,Michael,48.8566,2.3522,Low
T14718,2024-10-07,C2680,Smartphone,-6.0,708.86,Credit Card,Completed,-4253.16,Branch A,Warsaw,Poland,Europe,Retail Banking,Anna,52.2297,21.0122,Low
T21014,2024-10-07,C2855,Coffee Machine,-8.0,797.22,Credit Card,complete,-6377.76,Branch B,Berlin,Germany,Europe,Retail Banking,John,52.52,13.405,Low
T46042,2024-10-07,,Tablet,-1.0,480.8420194586865,creditcard,completed,-480.8420194586865,Branch C,Paris,France,Europe,Retail Banking,Michael,48.8566,2.3522,Low
T50541,2024-10-07,C2115,Headphones,916.0,,credit card,complete,,Branch E,Vienna,Austria,Europe,Retail Banking,Stefan,48.2082,16.3738,Low
T40332,2024-10-08,C4675,Coffee Machine,-4.0,670.577993034608,Credit Card,Failed,-2682.311972138432,Branch B,Berlin,Germany,Europe,Retail Banking,John,52.52,13.405,Low
T51519,2024-10-08,C566,Smartphone,9.0,,pay pal,Completed,,Branch A,Warsaw,Poland,Europe,Retail Banking,Anna,52.2297,21.0122,Low
T40332,2024-10-08,C4675,Coffee Machine,-4.0,670.577993034608,Credit Card,Failed,-2682.311972138432,Branch B,Berlin,Germany,Europe,Retail Banking,John,52.52,13.405,Low
T37456,2024-10-08,C1755,Coffee Machine,-1.0,339.25,pay pal,complete,-339.25,Branch B,Berlin,Germany,Europe,Retail Banking,John,52.52,13.405,Low
T58817,2024-10-08,,Coffee Machine,262.0,,PayPal ,complete,,Branch B,Berlin,Germany,Europe,Retail Banking,John,52.52,13.405,Low
T75233,2024-10-08,C2017,Headphones,,,PayPal,completed,,Branch E,Vienna,Austria,Europe,Retail Banking,Stefan,48.2082,16.3738,Low
T25193,2024-10-08,C1608,Coffee Machine,588.0,440.9410637709342,credit card,Pending,259273.34549730932,Branch B,Berlin,Germany,Europe,Retail Banking,John,52.52,13.405,High
T86874,2024-10-08,C2077,Headphones,6.0,52.74970667789478,creditcard,Completed,316.49824006736867,Branch E,Vienna,Austria,Europe,Retail Banking,Stefan,48.2082,16.3738,Medium
T1007,2024-10-08,C538,Coffee Machine,697.0,,Cash,Pending,,Branch B,Berlin,Germany,Europe,Retail Banking,John,52.52,13.405,Low
T14175,2024-10-09,C4718,Laptop,2.0,587.7889379324407,creditcard,Pending,1175.5778758648814,Branch D,Prague,Czechia,Europe,Retail Banking,Elena,50.0755,14.4378,High
T56754,2024-10-09,C1281,Headphones,-3.0,305.46824861516563,Credit Card,,-916.4047458454969,Branch E,Vienna,Austria,Europe,Retail Banking,Stefan,48.2082,16.3738,Low
T13262,2024-10-09,C1791,Headphones,315.0,462.2804781841567,Credit Card,Failed,145618.35062800936,Branch E,Vienna,Austria,Europe,Retail Banking,Stefan,48.2082,16.3738,High
T58134,2024-10-09,C3709,Headphones,-6.0,,pay pal,Failed,,Branch E,Vienna,Austria,Europe,Retail Banking,Stefan,48.2082,16.3738,Low
T4675,2024-10-09,C4309,Tablet,207.0,649.7877588309517,PayPal ,Pending,134506.066078007,Branch C,Paris,France,Europe,Retail Banking,Michael,48.8566,2.3522,High
T17538,2024-10-09,C1204,Laptop,4.0,906.7751252499452,PayPal ,completed,3627.1005009997807,Branch D,Prague,Czechia,Europe,Retail Banking,Elena,50.0755,14.4378,High
T0328,2024-10-09,C1878,Headphones,989.0,448.0931012413039,Cash,complete,443164.07712764957,Branch E,Vienna,Austria,Europe,Retail Banking,Stefan,48.2082,16.3738,High
T46862,2024-10-09,C210,Laptop,534.0,351.84,PayPal,Completed,187882.56,Branch D,Prague,Czechia,Europe,Retail Banking,Elena,50.0755,14.4378,High
T54314,2024-10-09,C619,Coffee Machine,,854.1671588568936,creditcard,,,Branch B,Berlin,Germany,Europe,Retail Banking,John,52.52,13.405,Low
T2018,2024-10-09,C3486,Tablet,-7.0,513.3595003784812,Credit Card,,-3593.5165026493687,Branch C,Paris,France,Europe,Retail Banking,Michael,48.8566,2.3522,Low
T81613,2024-10-09,C460,Coffee Machine,4.0,681.2338650851513,pay pal,Failed,2724.935460340605,Branch B,Berlin,Germany,Europe,Retail Banking,John,52.52,13.405,High
T40838,2024-10-09,,Headphones,481.0,,PayPal,Completed,,Branch E,Vienna,Austria,Europe,Retail Banking,Stefan,48.2082,16.3738,Low
T40527,2024-10-09,C2163,Tablet,7.0,824.4361913258045,PayPal ,Pending,5771.053339280632,Branch C,Paris,France,Europe,Retail Banking,Michael,48.8566,2.3522,High
T18830,2024-10-09,C705,Headphones,3.0,,Cash,,,Branch E,Vienna,Austria,Europe,Retail Banking,Stefan,48.2082,16.3738,Low
T5803,2024-10-09,C4697,Laptop,-4.0,306.2457522253203,PayPal ,complete,-1224.9830089012812,Branch D,Prague,Czechia,Europe,Retail Banking,Elena,50.0755,14.4378,Low
T48557,2024-10-09,C1395,Laptop,-1.0,228.28260124571463,pay pal,completed,-228.28260124571463,Branch D,Prague,Czechia,Europe,Retail Banking,Elena,50.0755,14.4378,Low
T80050,2024-10-09,C3048,Headphones,614.0,489.88601872859647,PayPal ,Completed,300790.01549935824,Branch E,Vienna,Austria,Europe,Retail Banking,Stefan,48.2082,16.3738,High
T58477,2024-10-09,C384,Coffee Machine,-5.0,,credit card,complete,,Branch B,Berlin,Germany,Europe,Retail Banking,John,52.52,13.405,Low
,2024-10-09,C752,Smartphone,9.0,173.69145781590464,PayPal,Pending,1563.2231203431418,Branch A,Warsaw,Poland,Europe,Retail Banking,Anna,52.2297,21.0122,High
T47644,2024-10-09,C937,Coffee Machine,-2.0,923.7391864528036,credit card,completed,-1847.478372905607,Branch B,Berlin,Germany,Europe,Retail Banking,John,52.52,13.405,Low
T64206,2024-10-09,C4074,Tablet,252.0,,credit card,Pending,,Branch C,Paris,France,Europe,Retail Banking,Michael,48.8566,2.3522,Low
T4106,2024-10-09,C3604,Tablet,-9.0,182.3019855719448,PayPal ,Pending,-1640.7178701475034,Branch C,Paris,France,Europe,Retail Banking,Michael,48.8566,2.3522,Low
T69594,2024-10-10,C1822,Smartphone,-1.0,,Cash,Completed,,Branch A,Warsaw,Poland,Europe,Retail Banking,Anna,52.2297,21.0122,Low
T93741,2024-10-10,C310,Tablet,245.0,318.02893775799055,PayPal,Failed,77917.08975070769,Branch C,Paris,France,Europe,Retail Banking,Michael,48.8566,2.3522,High
,2024-10-10,C1046,Tablet,,284.6,Credit Card,complete,,Branch C,Paris,France,Europe,Retail Banking,Michael,48.8566,2.3522,Low
T5815,2024-10-10,C2423,Laptop,-4.0,434.12085392329845,Credit Card,Failed,-1736.4834156931938,Branch D,Prague,Czechia,Europe,Retail Banking,Elena,50.0755,14.4378,Low
T16863,2024-10-10,C1523,Coffee Machine,990.0,269.9144339157824,PayPal,completed,267215.2895766246,Branch B,Berlin,Germany,Europe,Retail Banking,John,52.52,13.405,High
,2024-10-10,C1571,Laptop,753.0,,creditcard,Failed,,Branch D,Prague,Czechia,Europe,Retail Banking,Elena,50.0755,14.4378,Low
T13124,2024-10-10,C1855,Coffee Machine,924.0,,PayPal,Failed,,Branch B,Berlin,Germany,Europe,Retail Banking,John,52.52,13.405,Low
T50921,2024-10-10,C2589,Coffee Machine,-4.0,242.9433143967551,credit card,complete,-971.7732575870205,Branch B,Berlin,Germany,Europe,Retail Banking,John,52.52,13.405,Low
T63623,2024-10-10,C2278,Smartphone,4.0,280.7576378460782,credit card,complete,1123.0305513843127,Branch A,Warsaw,Poland,Europe,Retail Banking,Anna,52.2297,21.0122,High
T59480,2024-10-10,C2677,Laptop,7.0,414.8948278945955,PayPal,completed,2904.2637952621685,Branch D,Prague,Czechia,Europe,Retail Banking,Elena,50.0755,14.4378,High
,2024-10-10,C4948,Headphones,9.0,361.5567610677821,PayPal,,3254.010849610039,Branch E,Vienna,Austria,Europe,Retail Banking,Stefan,48.2082,16.3738,High
T28670,2024-10-10,C2633,Headphones,368.0,,PayPal,Completed,,Branch E,Vienna,Austria,Europe,Retail Banking,Stefan,48.2082,16.3738,Low
T84693,2024-10-10,C2781,Laptop,552.0,,creditcard,complete,,Branch D,Prague,Czechia,Europe,Retail Banking,Elena,50.0755,14.4378,Low
T81624,2024-10-10,C1891,Laptop,,633.515799050087,PayPal,Failed,,Branch D,Prague,Czechia,Europe,Retail Banking,Elena,50.0755,14.4378,Low
T60181,2024-10-10,C955,Smartphone,8.0,316.67000933272016,PayPal ,,2533.3600746617612,Branch A,Warsaw,Poland,Europe,Retail Banking,Anna,52.2297,21.0122,High
T42655,2024-10-10,C3845,Smartphone,10.0,612.8490993998814,Cash,Pending,6128.490993998814,Branch A,Warsaw,Poland,Europe,Retail Banking,Anna,52.2297,21.0122,High
T84693,2024-10-10,C2781,Laptop,552.0,,creditcard,complete,,Branch D,Prague,Czechia,Europe,Retail Banking,Elena,50.0755,14.4378,Low
T48805,2024-10-10,C790,Coffee Machine,575.0,250.867033084072,PayPal,Pending,144248.5440233414,Branch B,Berlin,Germany,Europe,Retail Banking,John,52.52,13.405,High
T89755,2024-10-10,C2217,Coffee Machine,-8.0,444.86487787244073,creditcard,completed,-3558.919022979526,Branch B,Berlin,Germany,Europe,Retail Banking,John,52.52,13.405,Low
T82788,2024-10-11,C4598,Tablet,182.0,,credit card,complete,,Branch C,Paris,France,Europe,Retail Banking,Michael,48.8566,2.3522,Low
T55483,2024-10-11,C4361,Tablet,245.0,943.1684897284704,PayPal,Failed,231076.27998347525,Branch C,Paris,France,Europe,Retail Banking,Michael,48.8566,2.3522,High
T12689,2024-10-11,C4000,Headphones,388.0,922.7711068339952,credit card,Pending,358035.1894515901,Branch E,Vienna,Austria,Europe,Retail Banking,Stefan,48.2082,16.3738,High
T70146,2024-10-11,C270,Tablet,-8.0,804.0178567403532,PayPal,complete,-6432.142853922825,Branch C,Paris,France,Europe,Retail Banking,Michael,48.8566,2.3522,Low
T45901,2024-10-11,C3172,Tablet,900.0,,creditcard,,,Branch C,Paris,France,Europe,Retail Banking,Michael,48.8566,2.3522,Low
T28674,2024-10-11,C4930,Headphones,3.0,766.2197168566637,Credit Card,completed,2298.659150569991,Branch E,Vienna,Austria,Europe,Retail Banking,Stefan,48.2082,16.3738,High
T89542,2024-10-11,C4242,Coffee Machine,-5.0,681.04,Cash,complete,-3405.2,Branch B,Berlin,Germany,Europe,Retail Banking,John,52.52,13.405,Low
T86397,2024-10-11,C3085,Laptop,1.0,298.3730824994632,pay pal,complete,298.3730824994632,Branch D,Prague,Czechia,Europe,Retail Banking,Elena,50.0755,14.4378,Medium
T64638,2024-10-11,C4669,Coffee Machine,-6.0,,creditcard,Failed,,Branch B,Berlin,Germany,Europe,Retail Banking,John,52.52,13.405,Low
T4953,2024-10-11,C4294,Smartphone,-10.0,55.88796144354307,Credit Card,complete,-558.8796144354307,Branch A,Warsaw,Poland,Europe,Retail Banking,Anna,52.2297,21.0122,Low
T34971,2024-10-11,C468,Tablet,-3.0,804.791152358442,Cash,,-2414.373457075326,Branch C,Paris,France,Europe,Retail Banking,Michael,48.8566,2.3522,Low
T75407,2024-10-11,C3261,Tablet,10.0,756.8178700734446,pay pal,complete,7568.1787007344465,Branch C,Paris,France,Europe,Retail Banking,Michael,48.8566,2.3522,High
T36803,2024-10-11,C2863,Smartphone,8.0,99.80400401370946,credit card,Failed,798.4320321096757,Branch A,Warsaw,Poland,Europe,Retail Banking,Anna,52.2297,21.0122,Medium
T55183,2024-10-11,C3030,Tablet,-9.0,74.4819257692551,PayPal,Completed,-670.3373319232959,Branch C,Paris,France,Europe,Retail Banking,Michael,48.8566,2.3522,Low
T27956,2024-10-11,C4522,Smartphone,-5.0,158.78548035593462,Credit Card,Pending,-793.9274017796731,Branch A,Warsaw,Poland,Europe,Retail Banking,Anna,52.2297,21.0122,Low
T86394,2024-10-11,C3384,Smartphone,6.0,,pay pal,,,Branch A,Warsaw,Poland,Europe,Retail Banking,Anna,52.2297,21.0122,Low
T18231,2024-10-11,C1048,Laptop,,517.2572360738843,credit card,,,Branch D,Prague,Czechia,Europe,Retail Banking,Elena,50.0755,14.4378,Low
T60120,2024-10-11,C2858,Tablet,-9.0,,PayPal ,Failed,,Branch C,Paris,France,Europe,Retail Banking,Michael,48.8566,2.3522,Low
T79366,2024-10-12,C4921,Laptop,8.0,485.9718803705889,pay pal,complete,3887.7750429647112,Branch D,Prague,Czechia,Europe,Retail Banking,Elena,50.0755,14.4378,High
,2024-10-12,C3754,Headphones,1.0,997.5785238695158,PayPal ,Failed,997.5785238695158,Branch E,Vienna,Austria,Europe,Retail Banking,Stefan,48.2082,16.3738,Medium
T11443,2024-10-12,C2906,Smartphone,386.0,229.92227527507,Cash,complete,88749.99825617702,Branch A,Warsaw,Poland,Europe,Retail Banking,Anna,52.2297,21.0122,High
T78492,2024-10-12,C1139,Tablet,-8.0,,PayPal,complete,,Branch C,Paris,France,Europe,Retail Banking,Michael,48.8566,2.3522,Low
T49027,2024-10-12,,Tablet,711.0,597.6850722299971,Credit Card,Completed,424954.0863555279,Branch C,Paris,France,Europe,Retail Banking,Michael,48.8566,2.3522,High
T15230,2024-10-12,C785,Tablet,918.0,734.506818703489,PayPal,complete,674277.2595698029,Branch C,Paris,France,Europe,Retail Banking,Michael,48.8566,2.3522,High
T58163,2024-10-12,C3657,Smartphone,-2.0,636.9847591032635,creditcard,completed,-1273.969518206527,Branch A,Warsaw,Poland,Europe,Retail Banking,Anna,52.2297,21.0122,Low
T30487,2024-10-12,,Coffee Machine,,,Cash,Failed,,Branch B,Berlin,Germany,Europe,Retail Banking,John,52.52,13.405,Low
T10587,2024-10-12,C1504,Tablet,10.0,,pay pal,Pending,,Branch C,Paris,France,Europe,Retail Banking,Michael,48.8566,2.3522,Low
T33663,2024-10-13,C934,Headphones,-5.0,,credit card,Completed,,Branch E,Vienna,Austria,Europe,Retail Banking,Stefan,48.2082,16.3738,Low
T27249,2024-10-13,C4362,Coffee Machine,-8.0,664.9023579655877,credit card,Failed,-5319.218863724702,Branch B,Berlin,Germany,Europe,Retail Banking,John,52.52,13.405,Low
T93774,2024-10-13,C2743,Coffee Machine,-1.0,738.1538880287193,pay pal,completed,-738.1538880287193,Branch B,Berlin,Germany,Europe,Retail Banking,John,52.52,13.405,Low
T4769,2024-10-13,C608,Coffee Machine,9.0,224.8153989206276,Credit Card,Failed,2023.3385902856483,Branch B,Berlin,Germany,Europe,Retail Banking,John,52.52,13.405,High
T90179,2024-10-13,C1589,Smartphone,-6.0,899.120627915564,PayPal ,completed,-5394.723767493384,Branch A,Warsaw,Poland,Europe,Retail Banking,Anna,52.2297,21.0122,Low
T69767,2024-10-13,C207,Coffee Machine,,126.56896733724784,creditcard,Pending,,Branch B,Berlin,Germany,Europe,Retail Banking,John,52.52,13.405,Low
T79900,2024-10-13,C2530,Headphones,999.0,,PayPal ,completed,,Branch E,Vienna,Austria,Europe,Retail Banking,Stefan,48.2082,16.3738,Low
T39695,2024-10-13,C4283,Smartphone,10.0,,PayPal,Pending,,Branch A,Warsaw,Poland,Europe,Retail Banking,Anna,52.2297,21.0122,Low
T75996,2024-10-13,C3705,Smartphone,837.0,695.3191041430714,PayPal ,Failed,581982.0901677507,Branch A,Warsaw,Poland,Europe,Retail Banking,Anna,52.2297,21.0122,High
T59592,2024-10-13,,Tablet,644.0,423.0092112912976,PayPal ,,272417.9320715957,Branch C,Paris,France,Europe,Retail Banking,Michael,48.8566,2.3522,High
T95785,2024-10-13,C1976,Headphones,554.0,,PayPal ,completed,,Branch E,Vienna,Austria,Europe,Retail Banking,Stefan,48.2082,16.3738,Low
,2024-10-13,C2398,Tablet,283.0,,Credit Card,Failed,,Branch C,Paris,France,Europe,Retail Banking,Michael,48.8566,2.3522,Low
T91979,2024-10-13,C2482,Laptop,946.0,,credit card,complete,,Branch D,Prague,Czechia,Europe,Retail Banking,Elena,50.0755,14.4378,Low
T69390,2024-10-13,C108,Coffee Machine,551.0,580.856521085992,Cash,Failed,320051.9431183816,Branch B,Berlin,Germany,Europe,Retail Banking,John,52.52,13.405,High
T33388,2024-10-13,C1128,Smartphone,156.0,150.11436182822854,PayPal ,Pending,23417.840445203652,Branch A,Warsaw,Poland,Europe,Retail Banking,Anna,52.2297,21.0122,High
T38765,2024-10-14,C476,Headphones,648.0,,creditcard,complete,,Branch E,Vienna,Austria,Europe,Retail Banking,Stefan,48.2082,16.3738,Low
T71007,2024-10-14,C3763,Laptop,1.0,,creditcard,Completed,,Branch D,Prague,Czechia,Europe,Retail Banking,Elena,50.0755,14.4378,Low
T43283,2024-10-14,C4069,Headphones,-7.0,,pay pal,complete,,Branch E,Vienna,Austria,Europe,Retail Banking,Stefan,48.2082,16.3738,Low
T53200,2024-10-14,C2395,Smartphone,-3.0,829.96,pay pal,Completed,-2489.88,Branch A,Warsaw,Poland,Europe,Retail Banking,Anna,52.2297,21.0122,Low
T37623,2024-10-14,C2786,Laptop,514.0,395.9474693147872,PayPal ,Pending,203516.99922780064,Branch D,Prague,Czechia,Europe,Retail Banking,Elena,50.0755,14.4378,High
T35967,2024-10-14,C162,Tablet,976.0,848.8676593265716,credit card,Pending,828494.8355027338,Branch C,Paris,France,Europe,Retail Banking,Michael,48.8566,2.3522,High
T36536,2024-10-14,C4036,Coffee Machine,1.0,,PayPal,Completed,,Branch B,Berlin,Germany,Europe,Retail Banking,John,52.52,13.405,Low
T78049,2024-10-14,C1181,Laptop,639.0,,credit card,,,Branch D,Prague,Czechia,Europe,Retail Banking,Elena,50.0755,14.4378,Low
T82944,2024-10-14,C2753,Coffee Machine,1.0,161.50105601888532,PayPal,Completed,161.50105601888532,Branch B,Berlin,Germany,Europe,Retail Banking,John,52.52,13.405,Medium
T11080,2024-10-14,C975,Tablet,478.0,689.4611292540498,credit card,Failed,329562.41978343576,Branch C,Paris,France,Europe,Retail Banking,Michael,48.8566,2.3522,High
T91121,2024-10-14,C2774,Headphones,,,pay pal,completed,,Branch E,Vienna,Austria,Europe,Retail Banking,Stefan,48.2082,16.3738,Low
T4167,2024-10-14,C2374,Headphones,1.0,725.9995065974834,creditcard,complete,725.9995065974834,Branch E,Vienna,Austria,Europe,Retail Banking,Stefan,48.2082,16.3738,Medium
T82541,2024-10-14,C448,Tablet,1.0,,Cash,Pending,,Branch C,Paris,France,Europe,Retail Banking,Michael,48.8566,2.3522,Low
T39844,2024-10-14,C157,Coffee Machine,-10.0,,pay pal,Failed,,Branch B,Berlin,Germany,Europe,Retail Banking,John,52.52,13.405,Low
T62982,2024-10-14,C1039,Laptop,-5.0,681.7648327635916,Cash,completed,-3408.824163817958,Branch D,Prague,Czechia,Europe,Retail Banking,Elena,50.0755,14.4378,Low
T30694,2024-10-14,C879,Laptop,1.0,227.48,pay pal,completed,227.48,Branch D,Prague,Czechia,Europe,Retail Banking,Elena,50.0755,14.4378,Medium
,2024-10-14,C4718,Headphones,3.0,547.6821544557108,Credit Card,Failed,1643.0464633671324,Branch E,Vienna,Austria,Europe,Retail Banking,Stefan,48.2082,16.3738,High
T99659,2024-10-15,C636,Headphones,10.0,212.7801336131995,credit card,completed,2127.801336131995,Branch E,Vienna,Austria,Europe,Retail Banking,Stefan,48.2082,16.3738,High
T53768,2024-10-15,C3988,Smartphone,3.0,438.813032053833,Cash,Completed,1316.439096161499,Branch A,Warsaw,Poland,Europe,Retail Banking,Anna,52.2297,21.0122,High
T41176,2024-10-15,C1080,Smartphone,-1.0,498.0719672334621,PayPal,completed,-498.0719672334621,Branch A,Warsaw,Poland,Europe,Retail Banking,Anna,52.2297,21.0122,Low
T71964,2024-10-15,C704,Coffee Machine,131.0,,creditcard,Failed,,Branch B,Berlin,Germany,Europe,Retail Banking,John,52.52,13.405,Low
T90814,2024-10-15,C1436,Laptop,3.0,,PayPal ,Completed,,Branch D,Prague,Czechia,Europe,Retail Banking,Elena,50.0755,14.4378,Low
T16227,2024-10-15,C3912,Tablet,849.0,,credit card,Completed,,Branch C,Paris,France,Europe,Retail Banking,Michael,48.8566,2.3522,Low
T42329,2024-10-15,C2234,Laptop,10.0,,Credit Card,Pending,,Branch D,Prague,Czechia,Europe,Retail Banking,Elena,50.0755,14.4378,Low
T90216,2024-10-15,C2713,Headphones,-8.0,,Cash,completed,,Branch E,Vienna,Austria,Europe,Retail Banking,Stefan,48.2082,16.3738,Low
T48124,2024-10-15,C2572,Laptop,975.0,512.3391742056273,creditcard,completed,499530.6948504866,Branch D,Prague,Czechia,Europe,Retail Banking,Elena,50.0755,14.4378,High
T92587,2024-10-15,C708,Tablet,8.0,,Credit Card,,,Branch C,Paris,France,Europe,Retail Banking,Michael,48.8566,2.3522,Low
T5668,2024-10-15,,Headphones,,783.201633441414,Cash,Completed,,Branch E,Vienna,Austria,Europe,Retail Banking,Stefan,48.2082,16.3738,Low
,2024-10-16,C280,Headphones,219.0,,creditcard,Completed,,Branch E,Vienna,Austria,Europe,Retail Banking,Stefan,48.2082,16.3738,Low
T89946,2024-10-16,C3438,Smartphone,-7.0,760.1356150773673,PayPal ,Pending,-5320.949305541571,Branch A,Warsaw,Poland,Europe,Retail Banking,Anna,52.2297,21.0122,Low
T58865,2024-10-16,,Tablet,997.0,,Cash,,,Branch C,Paris,France,Europe,Retail Banking,Michael,48.8566,2.3522,Low
T48708,2024-10-16,C4637,Tablet,10.0,229.73,Cash,Completed,2297.2999999999997,Branch C,Paris,France,Europe,Retail Banking,Michael,48.8566,2.3522,High
T85844,2024-10-16,C3231,Coffee Machine,743.0,614.2253515977554,pay pal,Pending,456369.4362371323,Branch B,Berlin,Germany,Europe,Retail Banking,John,52.52,13.405,High
T17393,2024-10-16,C1619,Tablet,-5.0,,Cash,Failed,,Branch C,Paris,France,Europe,Retail Banking,Michael,48.8566,2.3522,Low
T43740,2024-10-16,C2776,Smartphone,305.0,382.4766226649598,pay pal,Pending,116655.36991281273,Branch A,Warsaw,Poland,Europe,Retail Banking,Anna,52.2297,21.0122,High
T65585,2024-10-16,C4293,Laptop,-6.0,975.1698489068982,creditcard,Completed,-5851.0190934413895,Branch D,Prague,Czechia,Europe,Retail Banking,Elena,50.0755,14.4378,Low
T1471,2024-10-16,C1465,Coffee Machine,3.0,78.58534558323566,PayPal ,Failed,235.756036749707,Branch B,Berlin,Germany,Europe,Retail Banking,John,52.52,13.405,Medium
T2862,2024-10-16,C3455,Laptop,,838.9912536590409,credit card,,,Branch D,Prague,Czechia,Europe,Retail Banking,Elena,50.0755,14.4378,Low
T22897,2024-10-16,C4025,Coffee Machine,205.0,,PayPal ,,,Branch B,Berlin,Germany,Europe,Retail Banking,John,52.52,13.405,Low
T36638,2024-10-16,C3975,Coffee Machine,-4.0,228.3248101672359,Credit Card,Completed,-913.2992406689436,Branch B,Berlin,Germany,Europe,Retail Banking,John,52.52,13.405,Low
T71884,2024-10-16,C1958,Coffee Machine,3.0,,Cash,complete,,Branch B,Berlin,Germany,Europe,Retail Banking,John,52.52,13.405,Low
T73009,2024-10-16,,Laptop,-5.0,337.2319521225052,Credit Card,,-1686.159760612526,Branch D,Prague,Czechia,Europe,Retail Banking,Elena,50.0755,14.4378,Low
T3176,2024-10-16,C955,Smartphone,8.0,774.504902539251,PayPal ,Pending,6196.039220314008,Branch A,Warsaw,Poland,Europe,Retail Banking,Anna,52.2297,21.0122,High
T32008,2024-10-16,C3146,Coffee Machine,-9.0,,credit card,completed,,Branch B,Berlin,Germany,Europe,Retail Banking,John,52.52,13.405,Low
T51714,2024-10-16,C1927,Tablet,,939.3056126320704,credit card,,,Branch C,Paris,France,Europe,Retail Banking,Michael,48.8566,2.3522,Low
T2397,2024-10-16,C4760,Smartphone,133.0,84.27467329682857,pay pal,Completed,11208.531548478199,Branch A,Warsaw,Poland,Europe,Retail Banking,Anna,52.2297,21.0122,High
T89431,2024-10-16,C3227,Tablet,430.0,320.8650970336611,credit card,complete,137971.99172447427,Branch C,Paris,France,Europe,Retail Banking,Michael,48.8566,2.3522,High
T89937,2024-10-16,C1258,Coffee Machine,239.0,610.0569565258949,Cash,completed,145803.61260968886,Branch B,Berlin,Germany,Europe,Retail Banking,John,52.52,13.405,High
T90560,2024-10-16,C986,Tablet,,,PayPal,Completed,,Branch C,Paris,France,Europe,Retail Banking,Michael,48.8566,2.3522,Low
T31810,2024-10-17,C594,Smartphone,8.0,776.0292181196173,credit card,complete,6208.233744956939,Branch A,Warsaw,Poland,Europe,Retail Banking,Anna,52.2297,21.0122,High
T50400,2024-10-17,C2343,Tablet,5.0,383.003025374387,PayPal ,completed,1915.015126871935,Branch C,Paris,France,Europe,Retail Banking,Michael,48.8566,2.3522,High
T29850,2024-10-17,C539,Headphones,868.0,179.61795818574888,Credit Card,complete,155908.38770523004,Branch E,Vienna,Austria,Europe,Retail Banking,Stefan,48.2082,16.3738,High
T3775,2024-10-17,C1802,Headphones,414.0,,PayPal,completed,,Branch E,Vienna,Austria,Europe,Retail Banking,Stefan,48.2082,16.3738,Low
T15945,2024-10-17,C4891,Coffee Machine,808.0,,pay pal,Completed,,Branch B,Berlin,Germany,Europe,Retail Banking,John,52.52,13.405,Low
T47422,2024-10-17,C2695,Headphones,-1.0,568.11,creditcard,complete,-568.11,Branch E,Vienna,Austria,Europe,Retail Banking,Stefan,48.2082,16.3738,Low
T12983,2024-10-17,,Coffee Machine,-9.0,361.7196525898215,PayPal,Failed,-3255.476873308394,Branch B,Berlin,Germany,Europe,Retail Banking,John,52.52,13.405,Low
T67055,2024-10-17,C411,Smartphone,512.0,,PayPal,completed,,Branch A,Warsaw,Poland,Europe,Retail Banking,Anna,52.2297,21.0122,Low
T77714,2024-10-17,C3078,Headphones,10.0,905.3494829210072,creditcard,completed,9053.49482921007,Branch E,Vienna,Austria,Europe,Retail Banking,Stefan,48.2082,16.3738,High
T11432,2024-10-17,C725,Headphones,5.0,,PayPal,Pending,,Branch E,Vienna,Austria,Europe,Retail Banking,Stefan,48.2082,16.3738,Low
T95677,2024-10-17,C699,Headphones,3.0,,PayPal ,completed,,Branch E,Vienna,Austria,Europe,Retail Banking,Stefan,48.2082,16.3738,Low
T93334,2024-10-17,C1053,Coffee Machine,273.0,327.3683479327665,PayPal,Completed,89371.55898564524,Branch B,Berlin,Germany,Europe,Retail Banking,John,52.52,13.405,High
T45164,2024-10-17,C1006,Headphones,661.0,756.8877985041951,Credit Card,Completed,500302.834811273,Branch E,Vienna,Austria,Europe,Retail Banking,Stefan,48.2082,16.3738,High
T62630,2024-10-17,C003,Tablet,-1.0,792.511941475256,PayPal,complete,-792.511941475256,Branch C,Paris,France,Europe,Retail Banking,Michael,48.8566,2.3522,Low
T59755,2024-10-17,C1805,Smartphone,3.0,,credit card,completed,,Branch A,Warsaw,Poland,Europe,Retail Banking,Anna,52.2297,21.0122,Low
T71278,2024-10-18,C3932,Coffee Machine,964.0,826.7206270269684,Cash,Pending,796958.6844539975,Branch B,Berlin,Germany,Europe,Retail Banking,John,52.52,13.405,High
T27167,2024-10-18,C2208,Tablet,-8.0,,Credit Card,Failed,,Branch C,Paris,France,Europe,Retail Banking,Michael,48.8566,2.3522,Low
T81310,2024-10-18,C3799,Headphones,658.0,59.65359647569653,PayPal,Failed,39252.06648100832,Branch E,Vienna,Austria,Europe,Retail Banking,Stefan,48.2082,16.3738,High
T20727,2024-10-18,C4123,Laptop,-4.0,,PayPal,complete,,Branch D,Prague,Czechia,Europe,Retail Banking,Elena,50.0755,14.4378,Low
T51037,2024-10-18,C4243,Tablet,8.0,847.2305757727672,pay pal,Failed,6777.844606182138,Branch C,Paris,France,Europe,Retail Banking,Michael,48.8566,2.3522,High
T59073,2024-10-18,C4504,Tablet,7.0,,pay pal,Pending,,Branch C,Paris,France,Europe,Retail Banking,Michael,48.8566,2.3522,Low
T81103,2024-10-18,C2067,Laptop,893.0,918.7294205809256,Cash,,820425.3725787665,Branch D,Prague,Czechia,Europe,Retail Banking,Elena,50.0755,14.4378,High
,2024-10-18,C4428,Headphones,956.0,57.28,Cash,Failed,54759.68,Branch E,Vienna,Austria,Europe,Retail Banking,Stefan,48.2082,16.3738,High
T61629,2024-10-18,,Laptop,868.0,768.0785154755198,creditcard,,666692.1514327512,Branch D,Prague,Czechia,Europe,Retail Banking,Elena,50.0755,14.4378,High
T93739,2024-10-18,C1958,Coffee Machine,-8.0,692.108412826632,PayPal ,Pending,-5536.867302613056,Branch B,Berlin,Germany,Europe,Retail Banking,John,52.52,13.405,Low
T72307,2024-10-18,C1132,Smartphone,-5.0,,PayPal ,,,Branch A,Warsaw,Poland,Europe,Retail Banking,Anna,52.2297,21.0122,Low
T59747,2024-10-18,C2536,Tablet,955.0,651.040520272461,pay pal,Pending,621743.6968602003,Branch C,Paris,France,Europe,Retail Banking,Michael,48.8566,2.3522,High
T25403,2024-10-18,C4263,Smartphone,481.0,,credit card,complete,,Branch A,Warsaw,Poland,Europe,Retail Banking,Anna,52.2297,21.0122,Low
T67214,2024-10-18,C4394,Laptop,-3.0,483.13269939500606,credit card,,-1449.3980981850182,Branch D,Prague,Czechia,Europe,Retail Banking,Elena,50.0755,14.4378,Low
T62717,2024-10-18,C3085,Coffee Machine,7.0,449.2494996157087,credit card,complete,3144.746497309961,Branch B,Berlin,Germany,Europe,Retail Banking,John,52.52,13.405,High
T92286,2024-10-18,C3157,Laptop,4.0,612.3519077790005,Cash,completed,2449.407631116002,Branch D,Prague,Czechia,Europe,Retail Banking,Elena,50.0755,14.4378,High
T59569,2024-10-18,C2316,Coffee Machine,846.0,,Credit Card,,,Branch B,Berlin,Germany,Europe,Retail Banking,John,52.52,13.405,Low
T71607,2024-10-18,C1890,Smartphone,-10.0,,PayPal ,completed,,Branch A,Warsaw,Poland,Europe,Retail Banking,Anna,52.2297,21.0122,Low
T93921,2024-10-18,C2859,Headphones,5.0,804.2170530353434,pay pal,,4021.085265176717,Branch E,Vienna,Austria,Europe,Retail Banking,Stefan,48.2082,16.3738,High
T28784,2024-10-19,C2432,Smartphone,2.0,378.9680844863341,Credit Card,completed,757.9361689726682,Branch A,Warsaw,Poland,Europe,Retail Banking,Anna,52.2297,21.0122,Medium
T53995,2024-10-19,,Headphones,1.0,678.39489266571,PayPal,completed,678.39489266571,Branch E,Vienna,Austria,Europe,Retail Banking,Stefan,48.2082,16.3738,Medium
T93718,2024-10-19,C2153,Tablet,8.0,349.6017096449341,Credit Card,complete,2796.8136771594727,Branch C,Paris,France,Europe,Retail Banking,Michael,48.8566,2.3522,High
T86650,2024-10-19,C332,Tablet,596.0,,pay pal,completed,,Branch C,Paris,France,Europe,Retail Banking,Michael,48.8566,2.3522,Low
T11480,2024-10-19,C1847,Coffee Machine,110.0,596.6707364679985,PayPal,Failed,65633.78101147983,Branch B,Berlin,Germany,Europe,Retail Banking,John,52.52,13.405,High
T39375,2024-10-19,,Laptop,3.0,,Credit Card,Completed,,Branch D,Prague,Czechia,Europe,Retail Banking,Elena,50.0755,14.4378,Low
T13343,2024-10-19,C1493,Laptop,860.0,200.10044476098903,Credit Card,Completed,172086.38249445058,Branch D,Prague,Czechia,Europe,Retail Banking,Elena,50.0755,14.4378,High
T57420,2024-10-19,C2728,Tablet,2.0,,creditcard,complete,,Branch C,Paris,France,Europe,Retail Banking,Michael,48.8566,2.3522,Low
T3863,2024-10-19,C4469,Smartphone,2.0,618.9624839212693,creditcard,Pending,1237.9249678425385,Branch A,Warsaw,Poland,Europe,Retail Banking,Anna,52.2297,21.0122,High
T41955,2024-10-19,C4042,Smartphone,7.0,,creditcard,Pending,,Branch A,Warsaw,Poland,Europe,Retail Banking,Anna,52.2297,21.0122,Low
T51721,2024-10-19,C1467,Laptop,341.0,,pay pal,Pending,,Branch D,Prague,Czechia,Europe,Retail Banking,Elena,50.0755,14.4378,Low
T41912,2024-10-19,C2823,Smartphone,6.0,658.9751895960785,credit card,Pending,3953.851137576471,Branch A,Warsaw,Poland,Europe,Retail Banking,Anna,52.2297,21.0122,High
T55961,2024-10-19,C2572,Tablet,5.0,492.03250503055045,creditcard,Pending,2460.162525152752,Branch C,Paris,France,Europe,Retail Banking,Michael,48.8566,2.3522,High
T83159,2024-10-19,C1589,Laptop,10.0,364.3402217468497,credit card,complete,3643.402217468497,Branch D,Prague,Czechia,Europe,Retail Banking,Elena,50.0755,14.4378,High
T65467,2024-10-19,C579,Tablet,,286.2658114967321,PayPal,Failed,,Branch C,Paris,France,Europe,Retail Banking,Michael,48.8566,2.3522,Low
T81526,2024-10-19,C4611,Tablet,-8.0,130.5398847830612,credit card,,-1044.3190782644897,Branch C,Paris,France,Europe,Retail Banking,Michael,48.8566,2.3522,Low
,2024-10-19,C4174,Laptop,324.0,559.99,Credit Card,completed,181436.76,Branch D,Prague,Czechia,Europe,Retail Banking,Elena,50.0755,14.4378,High
T24250,2024-10-19,C2126,Tablet,110.0,876.8135005759125,PayPal ,Failed,96449.48506335037,Branch C,Paris,France,Europe,Retail Banking,Michael,48.8566,2.3522,High
T68657,2024-10-19,C4103,Tablet,-8.0,277.2890668753171,credit card,,-2218.3125350025366,Branch C,Paris,France,Europe,Retail Banking,Michael,48.8566,2.3522,Low
T93130,2024-10-19,C3775,Tablet,5.0,,pay pal,completed,,Branch C,Paris,France,Europe,Retail Banking,Michael,48.8566,2.3522,Low
T61823,2024-10-20,C348,Coffee Machine,-5.0,97.69627145770528,PayPal,complete,-488.4813572885264,Branch B,Berlin,Germany,Europe,Retail Banking,John,52.52,13.405,Low
T91248,2024-10-20,C1871,Smartphone,-2.0,583.2774810269415,credit card,complete,-1166.554962053883,Branch A,Warsaw,Poland,Europe,Retail Banking,Anna,52.2297,21.0122,Low
T67183,2024-10-20,C3478,Headphones,-8.0,255.9476780931675,Cash,complete,-2047.58142474534,Branch E,Vienna,Austria,Europe,Retail Banking,Stefan,48.2082,16.3738,Low
T92097,2024-10-20,C2486,Tablet,108.0,284.2013088801733,PayPal,complete,30693.741359058717,Branch C,Paris,France,Europe,Retail Banking,Michael,48.8566,2.3522,High
T87431,2024-10-20,C4771,Smartphone,698.0,814.1432669406506,PayPal ,Pending,568272.0003245742,Branch A,Warsaw,Poland,Europe,Retail Banking,Anna,52.2297,21.0122,High
T14018,2024-10-20,C1550,Coffee Machine,9.0,832.7840543901917,pay pal,Pending,7495.056489511726,Branch B,Berlin,Germany,Europe,Retail Banking,John,52.52,13.405,High
T26414,2024-10-20,C410,Coffee Machine,465.0,960.2940904860744,Credit Card,Failed,446536.7520760246,Branch B,Berlin,Germany,Europe,Retail Banking,John,52.52,13.405,High
T72324,2024-10-20,C3764,Tablet,,,PayPal,completed,,Branch C,Paris,France,Europe,Retail Banking,Michael,48.8566,2.3522,Low
T41556,2024-10-20,,Smartphone,-8.0,201.8905039885742,credit card,Failed,-1615.1240319085937,Branch A,Warsaw,Poland,Europe,Retail Banking,Anna,52.2297,21.0122,Low
T50196,2024-10-20,C775,Smartphone,-10.0,,Cash,complete,,Branch A,Warsaw,Poland,Europe,Retail Banking,Anna,52.2297,21.0122,Low
T2673,2024-10-20,C3930,Smartphone,,,PayPal,,,Branch A,Warsaw,Poland,Europe,Retail Banking,Anna,52.2297,21.0122,Low
T89303,2024-10-20,C744,Smartphone,169.0,,PayPal ,Completed,,Branch A,Warsaw,Poland,Europe,Retail Banking,Anna,52.2297,21.0122,Low
T76657,2024-10-20,C1162,Headphones,-7.0,670.4798913854338,credit card,Completed,-4693.359239698037,Branch E,Vienna,Austria,Europe,Retail Banking,Stefan,48.2082,16.3738,Low
T27127,2024-10-20,C4744,Smartphone,8.0,182.25907084344985,Credit Card,,1458.0725667475988,Branch A,Warsaw,Poland,Europe,Retail Banking,Anna,52.2297,21.0122,High
T51887,2024-10-20,C433,Headphones,311.0,889.8226486481634,PayPal ,Failed,276734.84372957883,Branch E,Vienna,Austria,Europe,Retail Banking,Stefan,48.2082,16.3738,High
T0551,2024-10-20,C1351,Coffee Machine,7.0,677.8996430726346,PayPal ,Completed,4745.297501508442,Branch B,Berlin,Germany,Europe,Retail Banking,John,52.52,13.405,High
T25543,2024-10-20,C1620,Tablet,9.0,,PayPal ,Pending,,Branch C,Paris,France,Europe,Retail Banking,Michael,48.8566,2.3522,Low
T69657,2024-10-20,C2212,Laptop,780.0,291.08601080714925,pay pal,Failed,227047.08842957643,Branch D,Prague,Czechia,Europe,Retail Banking,Elena,50.0755,14.4378,High
T60920,2024-10-21,C4457,Coffee Machine,3.0,,pay pal,Completed,,Branch B,Berlin,Germany,Europe,Retail Banking,John,52.52,13.405,Low
T41413,2024-10-21,C709,Tablet,599.0,474.44762735749055,PayPal,completed,284194.1287871368,Branch C,Paris,France,Europe,Retail Banking,Michael,48.8566,2.3522,High
T45636,2024-10-21,C3081,Tablet,1.0,180.44,PayPal ,Failed,180.44,Branch C,Paris,France,Europe,Retail Banking,Michael,48.8566,2.3522,Medium
T21206,2024-10-21,C2459,Coffee Machine,114.0,348.3607735885435,creditcard,Completed,39713.12818909396,Branch B,Berlin,Germany,Europe,Retail Banking,John,52.52,13.405,High
T89017,2024-10-21,C2207,Coffee Machine,6.0,,creditcard,Pending,,Branch B,Berlin,Germany,Europe,Retail Banking,John,52.52,13.405,Low
T21397,2024-10-21,,Headphones,338.0,875.0332498499438,Credit Card,Completed,295761.238449281,Branch E,Vienna,Austria,Europe,Retail Banking,Stefan,48.2082,16.3738,High
T43211,2024-10-21,C1391,Tablet,402.0,314.53155691390543,PayPal,Failed,126441.68587938999,Branch C,Paris,France,Europe,Retail Banking,Michael,48.8566,2.3522,High
T95581,2024-10-21,C4083,Coffee Machine,,,PayPal,Pending,,Branch B,Berlin,Germany,Europe,Retail Banking,John,52.52,13.405,Low
T98220,2024-10-21,C920,Laptop,8.0,715.9697617803762,creditcard,Failed,5727.7580942430095,Branch D,Prague,Czechia,Europe,Retail Banking,Elena,50.0755,14.4378,High
T8826,2024-10-21,C1192,Smartphone,-2.0,903.47973903436,PayPal ,Completed,-1806.95947806872,Branch A,Warsaw,Poland,Europe,Retail Banking,Anna,52.2297,21.0122,Low
T11785,2024-10-21,C2472,Smartphone,-8.0,144.7123203110201,creditcard,complete,-1157.6985624881609,Branch A,Warsaw,Poland,Europe,Retail Banking,Anna,52.2297,21.0122,Low
T58150,2024-10-21,C471,Smartphone,-8.0,662.58,PayPal ,,-5300.64,Branch A,Warsaw,Poland,Europe,Retail Banking,Anna,52.2297,21.0122,Low
T32925,2024-10-21,C4298,Headphones,2.0,,PayPal,Pending,,Branch E,Vienna,Austria,Europe,Retail Banking,Stefan,48.2082,16.3738,Low
T30110,2024-10-22,C2210,Tablet,10.0,277.51682281008743,creditcard,,2775.1682281008743,Branch C,Paris,France,Europe,Retail Banking,Michael,48.8566,2.3522,High
T26485,2024-10-22,C774,Laptop,-7.0,,pay pal,completed,,Branch D,Prague,Czechia,Europe,Retail Banking,Elena,50.0755,14.4378,Low
T5716,2024-10-22,C3000,Tablet,8.0,652.6333798805742,Cash,completed,5221.067039044594,Branch C,Paris,France,Europe,Retail Banking,Michael,48.8566,2.3522,High
T42269,2024-10-22,C2888,Coffee Machine,450.0,611.5751763348851,Cash,,275208.8293506983,Branch B,Berlin,Germany,Europe,Retail Banking,John,52.52,13.405,High
T79832,2024-10-22,C4227,Tablet,,,Cash,complete,,Branch C,Paris,France,Europe,Retail Banking,Michael,48.8566,2.3522,Low
T9709,2024-10-22,C538,Smartphone,3.0,450.5380224710974,PayPal,completed,1351.614067413292,Branch A,Warsaw,Poland,Europe,Retail Banking,Anna,52.2297,21.0122,High
T42825,2024-10-22,C3155,Smartphone,7.0,581.62,Cash,Pending,4071.34,Branch A,Warsaw,Poland,Europe,Retail Banking,Anna,52.2297,21.0122,High
T97460,2024-10-22,C1468,Laptop,-1.0,533.85,PayPal ,complete,-533.85,Branch D,Prague,Czechia,Europe,Retail Banking,Elena,50.0755,14.4378,Low
T45680,2024-10-22,C4069,Headphones,10.0,757.2247149907237,Credit Card,Pending,7572.247149907236,Branch E,Vienna,Austria,Europe,Retail Banking,Stefan,48.2082,16.3738,High
T1102,2024-10-22,C799,Tablet,10.0,,creditcard,complete,,Branch C,Paris,France,Europe,Retail Banking,Michael,48.8566,2.3522,Low
T83137,2024-10-22,C1433,Coffee Machine,325.0,,creditcard,Completed,,Branch B,Berlin,Germany,Europe,Retail Banking,John,52.52,13.405,Low
T63792,2024-10-22,C2586,Tablet,-8.0,179.07932383516845,credit card,complete,-1432.6345906813476,Branch C,Paris,France,Europe,Retail Banking,Michael,48.8566,2.3522,Low
,2024-10-22,,Tablet,10.0,159.49253133583568,credit card,complete,1594.9253133583568,Branch C,Paris,France,Europe,Retail Banking,Michael,48.8566,2.3522,High
T5669,2024-10-22,C4709,Smartphone,5.0,,Cash,complete,,Branch A,Warsaw,Poland,Europe,Retail Banking,Anna,52.2297,21.0122,Low
T62602,2024-10-22,C3999,Headphones,4.0,247.724160617159,PayPal ,Failed,990.896642468636,Branch E,Vienna,Austria,Europe,Retail Banking,Stefan,48.2082,16.3738,Medium
T64180,2024-10-22,C3800,Smartphone,-4.0,,creditcard,,,Branch A,Warsaw,Poland,Europe,Retail Banking,Anna,52.2297,21.0122,Low
T42267,2024-10-22,,Smartphone,-7.0,221.2159310838149,credit card,,-1548.5115175867043,Branch A,Warsaw,Poland,Europe,Retail Banking,Anna,52.2297,21.0122,Low
T44947,2024-10-23,C2237,Laptop,,722.0670817354802,Cash,,,Branch D,Prague,Czechia,Europe,Retail Banking,Elena,50.0755,14.4378,Low
T44629,2024-10-23,C2785,Coffee Machine,243.0,,credit card,,,Branch B,Berlin,Germany,Europe,Retail Banking,John,52.52,13.405,Low
T71160,2024-10-23,C025,Laptop,565.0,283.47489411617727,PayPal ,complete,160163.31517564016,Branch D,Prague,Czechia,Europe,Retail Banking,Elena,50.0755,14.4378,High
T7176,2024-10-23,C006,Coffee Machine,-1.0,,PayPal ,,,Branch B,Berlin,Germany,Europe,Retail Banking,John,52.52,13.405,Low
T10915,2024-10-23,C4670,Tablet,894.0,149.1072843045079,Cash,completed,133301.91216823008,Branch C,Paris,France,Europe,Retail Banking,Michael,48.8566,2.3522,High
T84645,2024-10-23,C015,Smartphone,-9.0,,pay pal,Completed,,Branch A,Warsaw,Poland,Europe,Retail Banking,Anna,52.2297,21.0122,Low
T4879,2024-10-23,C1206,Coffee Machine,-1.0,365.2636583949847,Cash,,-365.2636583949847,Branch B,Berlin,Germany,Europe,Retail Banking,John,52.52,13.405,Low
T15444,2024-10-23,C1447,Tablet,-1.0,,Cash,completed,,Branch C,Paris,France,Europe,Retail Banking,Michael,48.8566,2.3522,Low
T10413,2024-10-23,C2694,Tablet,4.0,,PayPal ,Failed,,Branch C,Paris,France,Europe,Retail Banking,Michael,48.8566,2.3522,Low
,2024-10-23,C4250,Headphones,-8.0,419.61276250841,Credit Card,complete,-3356.90210006728,Branch E,Vienna,Austria,Europe,Retail Banking,Stefan,48.2082,16.3738,Low
T96771,2024-10-23,C1201,Tablet,338.0,132.67,pay pal,Failed,44842.46,Branch C,Paris,France,Europe,Retail Banking,Michael,48.8566,2.3522,High
T3249,2024-10-23,C3850,Smartphone,-9.0,,credit card,Completed,,Branch A,Warsaw,Poland,Europe,Retail Banking,Anna,52.2297,21.0122,Low
T14867,2024-10-23,C703,Smartphone,-3.0,,credit card,completed,,Branch A,Warsaw,Poland,Europe,Retail Banking,Anna,52.2297,21.0122,Low
T25212,2024-10-23,C516,Headphones,,309.6426294432447,PayPal ,completed,,Branch E,Vienna,Austria,Europe,Retail Banking,Stefan,48.2082,16.3738,Low
T85559,2024-10-23,C4116,Smartphone,739.0,597.2635681994253,creditcard,Completed,441377.7768993753,Branch A,Warsaw,Poland,Europe,Retail Banking,Anna,52.2297,21.0122,High
T20925,2024-10-23,C3421,Tablet,-4.0,869.8841563561197,Cash,,-3479.5366254244786,Branch C,Paris,France,Europe,Retail Banking,Michael,48.8566,2.3522,Low
T25214,2024-10-23,C057,Laptop,124.0,,pay pal,complete,,Branch D,Prague,Czechia,Europe,Retail Banking,Elena,50.0755,14.4378,Low
T13047,2024-10-23,C050,Laptop,-4.0,,Credit Card,Pending,,Branch D,Prague,Czechia,Europe,Retail Banking,Elena,50.0755,14.4378,Low
T29461,2024-10-24,C2802,Headphones,9.0,590.9609994183589,pay pal,Pending,5318.648994765231,Branch E,Vienna,Austria,Europe,Retail Banking,Stefan,48.2082,16.3738,High
T86295,2024-10-24,C1033,Headphones,2.0,,credit card,completed,,Branch E,Vienna,Austria,Europe,Retail Banking,Stefan,48.2082,16.3738,Low
T93188,2024-10-24,C1209,Headphones,749.0,632.7879576965428,credit card,Completed,473958.18031471054,Branch E,Vienna,Austria,Europe,Retail Banking,Stefan,48.2082,16.3738,High
,2024-10-24,C479,Tablet,6.0,71.7792405119751,Credit Card,,430.6754430718506,Branch C,Paris,France,Europe,Retail Banking,Michael,48.8566,2.3522,Medium
T49063,2024-10-24,C2288,Headphones,672.0,,PayPal ,Completed,,Branch E,Vienna,Austria,Europe,Retail Banking,Stefan,48.2082,16.3738,Low
T84392,2024-10-24,C027,Laptop,,,credit card,Completed,,Branch D,Prague,Czechia,Europe,Retail Banking,Elena,50.0755,14.4378,Low
T84853,2024-10-24,C3475,Laptop,8.0,716.4113386346747,Credit Card,Completed,5731.290709077398,Branch D,Prague,Czechia,Europe,Retail Banking,Elena,50.0755,14.4378,High
T63173,2024-10-24,C1191,Tablet,-2.0,508.3996424153775,PayPal,complete,-1016.799284830755,Branch C,Paris,France,Europe,Retail Banking,Michael,48.8566,2.3522,Low
T72620,2024-10-24,C4731,Coffee Machine,,,credit card,,,Branch B,Berlin,Germany,Europe,Retail Banking,John,52.52,13.405,Low
T98493,2024-10-24,C1884,Headphones,3.0,193.93,creditcard,completed,581.79,Branch E,Vienna,Austria,Europe,Retail Banking,Stefan,48.2082,16.3738,Medium
T24380,2024-10-24,C2222,Laptop,9.0,327.8715320381043,creditcard,Pending,2950.8437883429388,Branch D,Prague,Czechia,Europe,Retail Banking,Elena,50.0755,14.4378,High
T26232,2024-10-24,C4636,Tablet,7.0,,Credit Card,Pending,,Branch C,Paris,France,Europe,Retail Banking,Michael,48.8566,2.3522,Low
T81968,2024-10-25,C1765,Coffee Machine,-6.0,564.0568792642225,PayPal,complete,-3384.341275585335,Branch B,Berlin,Germany,Europe,Retail Banking,John,52.52,13.405,Low
T50186,2024-10-25,,Headphones,872.0,,pay pal,complete,,Branch E,Vienna,Austria,Europe,Retail Banking,Stefan,48.2082,16.3738,Low
,2024-10-25,C2329,Smartphone,-9.0,,credit card,Pending,,Branch A,Warsaw,Poland,Europe,Retail Banking,Anna,52.2297,21.0122,Low
T52787,2024-10-25,C2493,Laptop,-1.0,,Cash,Failed,,Branch D,Prague,Czechia,Europe,Retail Banking,Elena,50.0755,14.4378,Low
T82110,2024-10-25,C762,Coffee Machine,3.0,57.41930254844678,PayPal ,Failed,172.25790764534034,Branch B,Berlin,Germany,Europe,Retail Banking,John,52.52,13.405,Medium
T56280,2024-10-25,C4383,Smartphone,-6.0,,Credit Card,Completed,,Branch A,Warsaw,Poland,Europe,Retail Banking,Anna,52.2297,21.0122,Low
T42324,2024-10-25,C2454,Smartphone,4.0,946.561074999483,pay pal,Completed,3786.244299997932,Branch A,Warsaw,Poland,Europe,Retail Banking,Anna,52.2297,21.0122,High
T48847,2024-10-25,C2712,Headphones,9.0,700.5457599818387,pay pal,,6304.911839836548,Branch E,Vienna,Austria,Europe,Retail Banking,Stefan,48.2082,16.3738,High
T4042,2024-10-25,C3952,Smartphone,-5.0,234.2508377489575,PayPal,Completed,-1171.2541887447876,Branch A,Warsaw,Poland,Europe,Retail Banking,Anna,52.2297,21.0122,Low
T6097,2024-10-25,C3109,Tablet,479.0,,creditcard,,,Branch C,Paris,France,Europe,Retail Banking,Michael,48.8566,2.3522,Low
T71911,2024-10-25,C3272,Tablet,7.0,663.3315288370634,Cash,complete,4643.320701859444,Branch C,Paris,France,Europe,Retail Banking,Michael,48.8566,2.3522,High
T72266,2024-10-25,C2535,Coffee Machine,7.0,962.2622097300448,Credit Card,Pending,6735.835468110314,Branch B,Berlin,Germany,Europe,Retail Banking,John,52.52,13.405,High
T30328,2024-10-25,C3764,Laptop,-5.0,148.8615550969534,PayPal,,-744.307775484767,Branch D,Prague,Czechia,Europe,Retail Banking,Elena,50.0755,14.4378,Low
T32987,2024-10-25,C1218,Tablet,1.0,,creditcard,Pending,,Branch C,Paris,France,Europe,Retail Banking,Michael,48.8566,2.3522,Low
T38335,2024-10-25,C546,Smartphone,780.0,249.87076891087852,PayPal,completed,194899.19975048525,Branch A,Warsaw,Poland,Europe,Retail Banking,Anna,52.2297,21.0122,High
T72165,2024-10-25,C1790,Headphones,1.0,325.0727300718018,Credit Card,,325.0727300718018,Branch E,Vienna,Austria,Europe,Retail Banking,Stefan,48.2082,16.3738,Medium
T76206,2024-10-25,C1257,Headphones,497.0,716.0510679851154,Cash,Completed,355877.38078860234,Branch E,Vienna,Austria,Europe,Retail Banking,Stefan,48.2082,16.3738,High
T29209,2024-10-26,C2347,Headphones,-5.0,257.1689841386926,PayPal,,-1285.844920693463,Branch E,Vienna,Austria,Europe,Retail Banking,Stefan,48.2082,16.3738,Low
T19822,2024-10-26,C133,Laptop,-10.0,368.85,PayPal,Pending,-3688.5,Branch D,Prague,Czechia,Europe,Retail Banking,Elena,50.0755,14.4378,Low
T45296,2024-10-26,C4824,Laptop,9.0,98.1355434785795,Cash,,883.2198913072156,Branch D,Prague,Czechia,Europe,Retail Banking,Elena,50.0755,14.4378,Medium
T59834,2024-10-26,C2826,Smartphone,391.0,,pay pal,complete,,Branch A,Warsaw,Poland,Europe,Retail Banking,Anna,52.2297,21.0122,Low
T36594,2024-10-26,C1851,Tablet,-5.0,,PayPal,complete,,Branch C,Paris,France,Europe,Retail Banking,Michael,48.8566,2.3522,Low
T63744,2024-10-26,C054,Laptop,,70.08,PayPal,Pending,,Branch D,Prague,Czechia,Europe,Retail Banking,Elena,50.0755,14.4378,Low
T83291,2024-10-26,C887,Tablet,,,pay pal,completed,,Branch C,Paris,France,Europe,Retail Banking,Michael,48.8566,2.3522,Low
T5728,2024-10-26,,Coffee Machine,289.0,471.5437175851911,credit card,Completed,136276.13438212022,Branch B,Berlin,Germany,Europe,Retail Banking,John,52.52,13.405,High
T49914,2024-10-26,C2456,Tablet,535.0,,PayPal ,completed,,Branch C,Paris,France,Europe,Retail Banking,Michael,48.8566,2.3522,Low
T31021,2024-10-26,,Coffee Machine,3.0,163.85342459497986,PayPal,,491.56027378493957,Branch B,Berlin,Germany,Europe,Retail Banking,John,52.52,13.405,Medium
T5728,2024-10-26,,Coffee Machine,289.0,471.5437175851911,credit card,Completed,136276.13438212022,Branch B,Berlin,Germany,Europe,Retail Banking,John,52.52,13.405,High
T5808,2024-10-26,C1171,Laptop,752.0,532.4700637460506,creditcard,Failed,400417.4879370301,Branch D,Prague,Czechia,Europe,Retail Banking,Elena,50.0755,14.4378,High
T23188,2024-10-26,C3249,Smartphone,-5.0,,creditcard,Completed,,Branch A,Warsaw,Poland,Europe,Retail Banking,Anna,52.2297,21.0122,Low
T47437,2024-10-26,C4692,Laptop,909.0,114.18407692125804,PayPal,completed,103793.32592142356,Branch D,Prague,Czechia,Europe,Retail Banking,Elena,50.0755,14.4378,High
T14036,2024-10-26,C3064,Laptop,9.0,179.77958534179766,pay pal,Failed,1618.016268076179,Branch D,Prague,Czechia,Europe,Retail Banking,Elena,50.0755,14.4378,High
T9266,2024-10-26,C2229,Smartphone,4.0,,PayPal ,,,Branch A,Warsaw,Poland,Europe,Retail Banking,Anna,52.2297,21.0122,Low
T87948,2024-10-26,C3454,Coffee Machine,1.0,,Credit Card,complete,,Branch B,Berlin,Germany,Europe,Retail Banking,John,52.52,13.405,Low
T60857,2024-10-26,C2533,Laptop,927.0,,pay pal,,,Branch D,Prague,Czechia,Europe,Retail Banking,Elena,50.0755,14.4378,Low
T28581,2024-10-26,,Laptop,-1.0,,pay pal,completed,,Branch D,Prague,Czechia,Europe,Retail Banking,Elena,50.0755,14.4378,Low
T41225,2024-10-26,C1389,Smartphone,466.0,413.1603170209531,creditcard,Pending,192532.70773176412,Branch A,Warsaw,Poland,Europe,Retail Banking,Anna,52.2297,21.0122,High
,2024-10-26,C947,Tablet,-10.0,318.2248214510496,PayPal ,Failed,-3182.248214510496,Branch C,Paris,France,Europe,Retail Banking,Michael,48.8566,2.3522,Low
T29750,2024-10-27,C746,Smartphone,542.0,973.4413888019014,Cash,Completed,527605.2327306306,Branch A,Warsaw,Poland,Europe,Retail Banking,Anna,52.2297,21.0122,High
T66378,2024-10-27,C1324,Laptop,194.0,266.3252259006329,Credit Card,Failed,51667.09382472278,Branch D,Prague,Czechia,Europe,Retail Banking,Elena,50.0755,14.4378,High
T79300,2024-10-27,C979,Coffee Machine,372.0,,Cash,,,Branch B,Berlin,Germany,Europe,Retail Banking,John,52.52,13.405,Low
T27413,2024-10-27,C4498,Tablet,,637.3795327896842,Credit Card,Completed,,Branch C,Paris,France,Europe,Retail Banking,Michael,48.8566,2.3522,Low
T94544,2024-10-27,C901,Coffee Machine,-9.0,,Credit Card,Pending,,Branch B,Berlin,Germany,Europe,Retail Banking,John,52.52,13.405,Low
T54167,2024-10-27,C3586,Headphones,2.0,358.6359575003976,Cash,completed,717.2719150007952,Branch E,Vienna,Austria,Europe,Retail Banking,Stefan,48.2082,16.3738,Medium
T49088,2024-10-27,C4974,Laptop,-7.0,,credit card,completed,,Branch D,Prague,Czechia,Europe,Retail Banking,Elena,50.0755,14.4378,Low
,2024-10-27,C3389,Headphones,8.0,,pay pal,Completed,,Branch E,Vienna,Austria,Europe,Retail Banking,Stefan,48.2082,16.3738,Low
T69428,2024-10-27,C1998,Smartphone,831.0,178.02705546970805,creditcard,Completed,147940.4830953274,Branch A,Warsaw,Poland,Europe,Retail Banking,Anna,52.2297,21.0122,High
,2024-10-27,C2311,Coffee Machine,1.0,201.61777106436045,creditcard,Completed,201.61777106436045,Branch B,Berlin,Germany,Europe,Retail Banking,John,52.52,13.405,Medium
T76886,2024-10-27,C4573,Coffee Machine,834.0,226.99097510046124,creditcard,Pending,189310.47323378467,Branch B,Berlin,Germany,Europe,Retail Banking,John,52.52,13.405,High
T68878,2024-10-27,C2618,Headphones,-4.0,,pay pal,Pending,,Branch E,Vienna,Austria,Europe,Retail Banking,Stefan,48.2082,16.3738,Low
T16904,2024-10-27,C3926,Tablet,2.0,709.4220775641595,PayPal ,completed,1418.844155128319,Branch C,Paris,France,Europe,Retail Banking,Michael,48.8566,2.3522,High
T39717,2024-10-27,C1719,Coffee Machine,-4.0,98.57628246017778,PayPal ,complete,-394.3051298407111,Branch B,Berlin,Germany,Europe,Retail Banking,John,52.52,13.405,Low
T39000,2024-10-27,C2495,Headphones,-7.0,,PayPal ,Completed,,Branch E,Vienna,Austria,Europe,Retail Banking,Stefan,48.2082,16.3738,Low
T4265,2024-10-27,C3457,Laptop,5.0,497.5448115596647,PayPal,Completed,2487.7240577983234,Branch D,Prague,Czechia,Europe,Retail Banking,Elena,50.0755,14.4378,High
T89660,2024-10-27,C3606,Tablet,345.0,,PayPal ,completed,,Branch C,Paris,France,Europe,Retail Banking,Michael,48.8566,2.3522,Low
T27626,2024-10-28,C4447,Tablet,3.0,,PayPal,complete,,Branch C,Paris,France,Europe,Retail Banking,Michael,48.8566,2.3522,Low
T14253,2024-10-28,C1093,Laptop,594.0,,Cash,,,Branch D,Prague,Czechia,Europe,Retail Banking,Elena,50.0755,14.4378,Low
T22441,2024-10-28,C4264,Laptop,9.0,,credit card,Failed,,Branch D,Prague,Czechia,Europe,Retail Banking,Elena,50.0755,14.4378,Low
T65081,2024-10-28,C627,Smartphone,10.0,254.29707477406876,pay pal,,2542.970747740688,Branch A,Warsaw,Poland,Europe,Retail Banking,Anna,52.2297,21.0122,High
T2199,2024-10-28,C2928,Tablet,10.0,752.96,credit card,Failed,7529.6,Branch C,Paris,France,Europe,Retail Banking,Michael,48.8566,2.3522,High
T11673,2024-10-28,C1380,Coffee Machine,2.0,,PayPal ,Failed,,Branch B,Berlin,Germany,Europe,Retail Banking,John,52.52,13.405,Low
T20601,2024-10-28,C2514,Laptop,-4.0,,PayPal ,Failed,,Branch D,Prague,Czechia,Europe,Retail Banking,Elena,50.0755,14.4378,Low
T45336,2024-10-28,C4620,Coffee Machine,,145.80612358941192,PayPal ,Completed,,Branch B,Berlin,Germany,Europe,Retail Banking,John,52.52,13.405,Low
T22441,2024-10-28,C4264,Laptop,9.0,,credit card,Failed,,Branch D,Prague,Czechia,Europe,Retail Banking,Elena,50.0755,14.4378,Low
T39132,2024-10-28,C3849,Laptop,950.0,972.0637468211368,PayPal ,,923460.5594800799,Branch D,Prague,Czechia,Europe,Retail Banking,Elena,50.0755,14.4378,High
T15865,2024-10-28,C2445,Smartphone,4.0,865.4802133556918,Credit Card,,3461.9208534227673,Branch A,Warsaw,Poland,Europe,Retail Banking,Anna,52.2297,21.0122,High
T62459,2024-10-28,,Smartphone,-6.0,,PayPal ,,,Branch A,Warsaw,Poland,Europe,Retail Banking,Anna,52.2297,21.0122,Low
T44277,2024-10-28,C4867,Laptop,-2.0,306.92909687988123,Credit Card,Pending,-613.8581937597625,Branch D,Prague,Czechia,Europe,Retail Banking,Elena,50.0755,14.4378,Low
T55777,2024-10-29,C2427,Tablet,-9.0,,PayPal,complete,,Branch C,Paris,France,Europe,Retail Banking,Michael,48.8566,2.3522,Low
T24677,2024-10-29,C851,Headphones,530.0,862.6496642176338,creditcard,Completed,457204.32203534595,Branch E,Vienna,Austria,Europe,Retail Banking,Stefan,48.2082,16.3738,High
T10857,2024-10-29,C1031,Smartphone,1.0,672.6102308165651,credit card,,672.6102308165651,Branch A,Warsaw,Poland,Europe,Retail Banking,Anna,52.2297,21.0122,Medium
T20918,2024-10-29,C3246,Laptop,692.0,434.698715928312,Credit Card,,300811.5114223919,Branch D,Prague,Czechia,Europe,Retail Banking,Elena,50.0755,14.4378,High
T44848,2024-10-29,C2605,Smartphone,612.0,,pay pal,,,Branch A,Warsaw,Poland,Europe,Retail Banking,Anna,52.2297,21.0122,Low
T70060,2024-10-29,C4615,Laptop,2.0,,creditcard,completed,,Branch D,Prague,Czechia,Europe,Retail Banking,Elena,50.0755,14.4378,Low
,2024-10-29,C162,Tablet,-6.0,,pay pal,complete,,Branch C,Paris,France,Europe,Retail Banking,Michael,48.8566,2.3522,Low
T10857,2024-10-29,C1031,Smartphone,1.0,672.6102308165651,credit card,,672.6102308165651,Branch A,Warsaw,Poland,Europe,Retail Banking,Anna,52.2297,21.0122,Medium
T7655,2024-10-29,C515,Tablet,2.0,79.8539463342669,credit card,Failed,159.7078926685338,Branch C,Paris,France,Europe,Retail Banking,Michael,48.8566,2.3522,Medium
T59127,2024-10-29,C1181,Headphones,7.0,,creditcard,Failed,,Branch E,Vienna,Austria,Europe,Retail Banking,Stefan,48.2082,16.3738,Low
T87485,2024-10-29,C4138,Headphones,-3.0,91.0729838927191,credit card,completed,-273.2189516781573,Branch E,Vienna,Austria,Europe,Retail Banking,Stefan,48.2082,16.3738,Low
T44946,2024-10-29,C2618,Laptop,837.0,785.8575769358775,Cash,Completed,657762.7918953295,Branch D,Prague,Czechia,Europe,Retail Banking,Elena,50.0755,14.4378,High
T99440,2024-10-29,C868,Coffee Machine,849.0,674.0196502952354,Credit Card,Pending,572242.6831006549,Branch B,Berlin,Germany,Europe,Retail Banking,John,52.52,13.405,High
T39936,2024-10-29,C1939,Tablet,,394.4336290277584,Cash,Completed,,Branch C,Paris,France,Europe,Retail Banking,Michael,48.8566,2.3522,Low
T53368,2024-10-30,C4181,Laptop,357.0,,Cash,Failed,,Branch D,Prague,Czechia,Europe,Retail Banking,Elena,50.0755,14.4378,Low
T24173,2024-10-30,C1942,Coffee Machine,5.0,,pay pal,,,Branch B,Berlin,Germany,Europe,Retail Banking,John,52.52,13.405,Low
T61942,2024-10-30,C1160,Headphones,585.0,871.8412276549345,PayPal,Pending,510027.1181781367,Branch E,Vienna,Austria,Europe,Retail Banking,Stefan,48.2082,16.3738,High
T97214,2024-10-30,C811,Laptop,320.0,816.1824979266805,PayPal,complete,261178.39933653775,Branch D,Prague,Czechia,Europe,Retail Banking,Elena,50.0755,14.4378,High
T79604,2024-10-30,C4193,Laptop,-3.0,761.0180444700858,creditcard,complete,-2283.0541334102572,Branch D,Prague,Czechia,Europe,Retail Banking,Elena,50.0755,14.4378,Low
T76365,2024-10-30,C1352,Coffee Machine,798.0,,PayPal ,Completed,,Branch B,Berlin,Germany,Europe,Retail Banking,John,52.52,13.405,Low
T79569,2024-10-30,C3425,Smartphone,,445.4609657842186,credit card,,,Branch A,Warsaw,Poland,Europe,Retail Banking,Anna,52.2297,21.0122,Low
T61512,2024-10-30,C3038,Tablet,-10.0,,Credit Card,completed,,Branch C,Paris,France,Europe,Retail Banking,Michael,48.8566,2.3522,Low
T5902,2024-10-30,C1082,Headphones,-3.0,,PayPal,complete,,Branch E,Vienna,Austria,Europe,Retail Banking,Stefan,48.2082,16.3738,Low
,2024-10-30,C1834,Tablet,1.0,545.5618900232473,Cash,complete,545.5618900232473,Branch C,Paris,France,Europe,Retail Banking,Michael,48.8566,2.3522,Medium
T34113,2024-10-30,C839,Tablet,-4.0,105.78733569597586,PayPal ,Failed,-423.1493427839034,Branch C,Paris,France,Europe,Retail Banking,Michael,48.8566,2.3522,Low
T57964,2024-10-30,C4289,Smartphone,263.0,532.9531308541327,pay pal,Pending,140166.6734146369,Branch A,Warsaw,Poland,Europe,Retail Banking,Anna,52.2297,21.0122,High
T28131,2024-10-30,C3821,Tablet,10.0,,pay pal,Pending,,Branch C,Paris,France,Europe,Retail Banking,Michael,48.8566,2.3522,Low
T73122,2024-10-30,C1133,Laptop,9.0,386.534997412985,creditcard,completed,3478.8149767168647,Branch D,Prague,Czechia,Europe,Retail Banking,Elena,50.0755,14.4378,High
T67443,2024-10-30,C1940,Headphones,-4.0,,pay pal,Failed,,Branch E,Vienna,Austria,Europe,Retail Banking,Stefan,48.2082,16.3738,Low
T41215,2024-10-30,C4617,Laptop,1.0,55.11468426258179,creditcard,Completed,55.11468426258179,Branch D,Prague,Czechia,Europe,Retail Banking,Elena,50.0755,14.4378,Low
T74499,2024-10-30,C2015,Laptop,-2.0,149.25000593392633,Credit Card,completed,-298.50001186785266,Branch D,Prague,Czechia,Europe,Retail Banking,Elena,50.0755,14.4378,Low
T99930,2024-10-30,C3254,Smartphone,411.0,998.8642753883212,credit card,Completed,410533.2171846,Branch A,Warsaw,Poland,Europe,Retail Banking,Anna,52.2297,21.0122,High
T17438,2024-10-30,C3750,Headphones,669.0,117.59,PayPal ,Completed,78667.71,Branch E,Vienna,Austria,Europe,Retail Banking,Stefan,48.2082,16.3738,High
T99913,2024-10-30,C4376,Tablet,-6.0,404.11038662148,Cash,,-2424.66231972888,Branch C,Paris,France,Europe,Retail Banking,Michael,48.8566,2.3522,Low
,2024-10-30,C2137,Headphones,746.0,,Credit Card,,,Branch E,Vienna,Austria,Europe,Retail Banking,Stefan,48.2082,16.3738,Low
T41215,2024-10-30,C4617,Laptop,1.0,55.11468426258179,creditcard,Completed,55.11468426258179,Branch D,Prague,Czechia,Europe,Retail Banking,Elena,50.0755,14.4378,Low
T27439,2024-10-31,C2542,Coffee Machine,-7.0,,pay pal,complete,,Branch B,Berlin,Germany,Europe,Retail Banking,John,52.52,13.405,Low
T89636,2024-10-31,C2062,Tablet,9.0,179.4069974091159,credit card,Completed,1614.6629766820429,Branch C,Paris,France,Europe,Retail Banking,Michael,48.8566,2.3522,High
T31941,2024-10-31,C4308,Coffee Machine,776.0,189.55671607628528,credit card,Pending,147096.01167519737,Branch B,Berlin,Germany,Europe,Retail Banking,John,52.52,13.405,High
T2480,2024-10-31,C2623,Tablet,735.0,938.7191255207046,PayPal,Failed,689958.5572577178,Branch C,Paris,France,Europe,Retail Banking,Michael,48.8566,2.3522,High
T72364,2024-10-31,C1703,Laptop,113.0,490.85778052880113,Cash,Completed,55466.92919975453,Branch D,Prague,Czechia,Europe,Retail Banking,Elena,50.0755,14.4378,High
,2024-10-31,C4859,Smartphone,-3.0,122.17685398921658,creditcard,Completed,-366.53056196764976,Branch A,Warsaw,Poland,Europe,Retail Banking,Anna,52.2297,21.0122,Low
T78188,2024-10-31,C2598,Headphones,268.0,173.04948209809734,Cash,complete,46377.26120229009,Branch E,Vienna,Austria,Europe,Retail Banking,Stefan,48.2082,16.3738,High
T45929,2024-10-31,C1545,Smartphone,9.0,187.80846328467416,creditcard,complete,1690.2761695620675,Branch A,Warsaw,Poland,Europe,Retail Banking,Anna,52.2297,21.0122,High
T61589,2024-10-31,C4253,Smartphone,-5.0,,creditcard,,,Branch A,Warsaw,Poland,Europe,Retail Banking,Anna,52.2297,21.0122,Low
T43485,2024-10-31,C3062,Coffee Machine,-4.0,411.24,Credit Card,complete,-1644.96,Branch B,Berlin,Germany,Europe,Retail Banking,John,52.52,13.405,Low
T98875,2024-10-31,C1839,Tablet,-2.0,391.8780855628327,PayPal ,Pending,-783.7561711256654,Branch C,Paris,France,Europe,Retail Banking,Michael,48.8566,2.3522,Low
T87243,2024-10-31,C3914,Coffee Machine,5.0,712.7775405306586,creditcard,Pending,3563.8877026532928,Branch B,Berlin,Germany,Europe,Retail Banking,John,52.52,13.405,High
T9181,2024-10-31,C792,Tablet,553.0,,credit card,complete,,Branch C,Paris,France,Europe,Retail Banking,Michael,48.8566,2.3522,Low
T48727,2024-10-31,C2812,Tablet,7.0,727.5057572480619,PayPal,completed,5092.540300736433,Branch C,Paris,France,Europe,Retail Banking,Michael,48.8566,2.3522,High
T61022,2024-10-31,C3488,Laptop,318.0,79.86303525973483,Cash,complete,25396.445212595674,Branch D,Prague,Czechia,Europe,Retail Banking,Elena,50.0755,14.4378,High
,2024-11-01,C3735,Smartphone,908.0,510.4048413297188,PayPal,complete,463447.5959273847,Branch A,Warsaw,Poland,Europe,Retail Banking,Anna,52.2297,21.0122,High
T60100,2024-11-01,C1519,Tablet,-3.0,136.58288232975508,creditcard,,-409.74864698926524,Branch C,Paris,France,Europe,Retail Banking,Michael,48.8566,2.3522,Low
T57063,2024-11-01,C736,Laptop,5.0,455.5128505082803,Cash,complete,2277.5642525414014,Branch D,Prague,Czechia,Europe,Retail Banking,Elena,50.0755,14.4378,High
T10567,2024-11-01,C2660,Smartphone,277.0,338.2778750653832,pay pal,Failed,93702.97139311115,Branch A,Warsaw,Poland,Europe,Retail Banking,Anna,52.2297,21.0122,High
T43036,2024-11-01,C3255,Tablet,3.0,247.2,Cash,Completed,741.5999999999999,Branch C,Paris,France,Europe,Retail Banking,Michael,48.8566,2.3522,Medium
T62297,2024-11-01,C163,Headphones,-2.0,,creditcard,,,Branch E,Vienna,Austria,Europe,Retail Banking,Stefan,48.2082,16.3738,Low
T20498,2024-11-01,C490,Headphones,4.0,69.75635751912841,PayPal,,279.02543007651366,Branch E,Vienna,Austria,Europe,Retail Banking,Stefan,48.2082,16.3738,Medium
T84867,2024-11-01,C1936,Tablet,-8.0,803.4929163017632,PayPal ,,-6427.943330414106,Branch C,Paris,France,Europe,Retail Banking,Michael,48.8566,2.3522,Low
T79868,2024-11-01,C3348,Tablet,-3.0,915.1304195189308,credit card,completed,-2745.3912585567923,Branch C,Paris,France,Europe,Retail Banking,Michael,48.8566,2.3522,Low
T34906,2024-11-01,C3147,Headphones,-7.0,596.5312329403877,PayPal ,complete,-4175.718630582714,Branch E,Vienna,Austria,Europe,Retail Banking,Stefan,48.2082,16.3738,Low
T11208,2024-11-01,C4961,Smartphone,,,creditcard,complete,,Branch A,Warsaw,Poland,Europe,Retail Banking,Anna,52.2297,21.0122,Low
T14506,2024-11-01,C4208,Coffee Machine,207.0,,PayPal ,Completed,,Branch B,Berlin,Germany,Europe,Retail Banking,John,52.52,13.405,Low
T11307,2024-11-01,C4144,Laptop,845.0,138.3228104654413,pay pal,complete,116882.7748432979,Branch D,Prague,Czechia,Europe,Retail Banking,Elena,50.0755,14.4378,High
T55053,2024-11-01,C3047,Laptop,839.0,464.1835018808629,Credit Card,Pending,389449.95807804394,Branch D,Prague,Czechia,Europe,Retail Banking,Elena,50.0755,14.4378,High
T88192,2024-11-01,C2150,Smartphone,825.0,217.9179982138924,PayPal ,,179782.34852646122,Branch A,Warsaw,Poland,Europe,Retail Banking,Anna,52.2297,21.0122,High
T17584,2024-11-01,C262,Laptop,2.0,763.993347361994,Cash,completed,1527.986694723988,Branch D,Prague,Czechia,Europe,Retail Banking,Elena,50.0755,14.4378,High
T76238,2024-11-01,C2943,Tablet,489.0,,Credit Card,Failed,,Branch C,Paris,France,Europe,Retail Banking,Michael,48.8566,2.3522,Low
T51908,2024-11-02,C4776,Tablet,399.0,291.17,PayPal ,,116176.83,Branch C,Paris,France,Europe,Retail Banking,Michael,48.8566,2.3522,High
T22505,2024-11-02,C2309,Coffee Machine,-6.0,,PayPal ,,,Branch B,Berlin,Germany,Europe,Retail Banking,John,52.52,13.405,Low
T77856,2024-11-02,C1441,Smartphone,1.0,,credit card,completed,,Branch A,Warsaw,Poland,Europe,Retail Banking,Anna,52.2297,21.0122,Low
T2823,2024-11-02,C4695,Smartphone,7.0,546.1040670603834,creditcard,Pending,3822.7284694226837,Branch A,Warsaw,Poland,Europe,Retail Banking,Anna,52.2297,21.0122,High
T35837,2024-11-02,C2543,Laptop,877.0,533.0477646399568,Cash,Completed,467482.8895892421,Branch D,Prague,Czechia,Europe,Retail Banking,Elena,50.0755,14.4378,High
T55312,2024-11-02,C2582,Tablet,3.0,213.23609282803463,Credit Card,Failed,639.7082784841039,Branch C,Paris,France,Europe,Retail Banking,Michael,48.8566,2.3522,Medium
T33181,2024-11-02,C900,Coffee Machine,6.0,378.53248669572616,PayPal,complete,2271.194920174357,Branch B,Berlin,Germany,Europe,Retail Banking,John,52.52,13.405,High
T96199,2024-11-02,C929,Laptop,633.0,933.205817158188,Credit Card,Pending,590719.282261133,Branch D,Prague,Czechia,Europe,Retail Banking,Elena,50.0755,14.4378,High
T93684,2024-11-02,C009,Laptop,788.0,579.3506216081154,creditcard,Completed,456528.28982719494,Branch D,Prague,Czechia,Europe,Retail Banking,Elena,50.0755,14.4378,High
T83408,2024-11-02,C3785,Coffee Machine,2.0,670.8772388341979,credit card,completed,1341.7544776683958,Branch B,Berlin,Germany,Europe,Retail Banking,John,52.52,13.405,High
,2024-11-02,C3426,Coffee Machine,602.0,410.8422476692034,PayPal,complete,247327.03309686045,Branch B,Berlin,Germany,Europe,Retail Banking,John,52.52,13.405,High
T1829,2024-11-02,C4048,Smartphone,200.0,716.5798749546208,pay pal,Pending,143315.97499092415,Branch A,Warsaw,Poland,Europe,Retail Banking,Anna,52.2297,21.0122,High
T83794,2024-11-02,C1990,Smartphone,444.0,907.5481261685268,Credit Card,complete,402951.3680188259,Branch A,Warsaw,Poland,Europe,Retail Banking,Anna,52.2297,21.0122,High
T64191,2024-11-02,C4358,Coffee Machine,-9.0,897.3978923628652,PayPal ,Completed,-8076.581031265787,Branch B,Berlin,Germany,Europe,Retail Banking,John,52.52,13.405,Low
T64606,2024-11-02,C1359,Coffee Machine,-2.0,672.266642610556,Cash,complete,-1344.533285221112,Branch B,Berlin,Germany,Europe,Retail Banking,John,52.52,13.405,Low
T88776,2024-11-02,C1955,Laptop,1.0,,PayPal ,complete,,Branch D,Prague,Czechia,Europe,Retail Banking,Elena,50.0755,14.4378,Low
T32910,2024-11-02,C2103,Tablet,7.0,575.6722381616095,PayPal,,4029.705667131266,Branch C,Paris,France,Europe,Retail Banking,Michael,48.8566,2.3522,High
T64502,2024-11-02,C560,Laptop,5.0,351.03065581803764,Cash,complete,1755.1532790901883,Branch D,Prague,Czechia,Europe,Retail Banking,Elena,50.0755,14.4378,High
T32514,2024-11-02,C1594,Smartphone,9.0,,PayPal ,complete,,Branch A,Warsaw,Poland,Europe,Retail Banking,Anna,52.2297,21.0122,Low
T0323,2024-11-02,C2361,Headphones,2.0,,Credit Card,Pending,,Branch E,Vienna,Austria,Europe,Retail Banking,Stefan,48.2082,16.3738,Low
T90798,2024-11-02,C466,Tablet,-7.0,69.46,Credit Card,,-486.21999999999997,Branch C,Paris,France,Europe,Retail Banking,Michael,48.8566,2.3522,Low
T7408,2024-11-03,C196,Tablet,6.0,292.34658667929654,Cash,Failed,1754.0795200757793,Branch C,Paris,France,Europe,Retail Banking,Michael,48.8566,2.3522,High
T3435,2024-11-03,C1477,Coffee Machine,-6.0,,pay pal,Completed,,Branch B,Berlin,Germany,Europe,Retail Banking,John,52.52,13.405,Low
T28153,2024-11-03,C758,Laptop,10.0,620.9974977151375,Credit Card,Pending,6209.974977151374,Branch D,Prague,Czechia,Europe,Retail Banking,Elena,50.0755,14.4378,High
T50329,2024-11-03,C4690,Headphones,3.0,864.1397922377707,creditcard,completed,2592.419376713312,Branch E,Vienna,Austria,Europe,Retail Banking,Stefan,48.2082,16.3738,High
T77804,2024-11-03,C667,Smartphone,1.0,679.4657217263926,PayPal,completed,679.4657217263926,Branch A,Warsaw,Poland,Europe,Retail Banking,Anna,52.2297,21.0122,Medium
T29547,2024-11-03,C4685,Coffee Machine,-7.0,550.91,Credit Card,completed,-3856.37,Branch B,Berlin,Germany,Europe,Retail Banking,John,52.52,13.405,Low
T54934,2024-11-03,C1720,Coffee Machine,1.0,429.4911189222871,Cash,Completed,429.4911189222871,Branch B,Berlin,Germany,Europe,Retail Banking,John,52.52,13.405,Medium
T1627,2024-11-03,,Smartphone,-2.0,715.7305676352762,PayPal ,Failed,-1431.4611352705524,Branch A,Warsaw,Poland,Europe,Retail Banking,Anna,52.2297,21.0122,Low
T59351,2024-11-03,C2852,Laptop,7.0,,pay pal,,,Branch D,Prague,Czechia,Europe,Retail Banking,Elena,50.0755,14.4378,Low
T39176,2024-11-03,C2683,Coffee Machine,-5.0,,credit card,Pending,,Branch B,Berlin,Germany,Europe,Retail Banking,John,52.52,13.405,Low
T83562,2024-11-03,C157,Coffee Machine,349.0,901.4810662869688,credit card,complete,314616.8921341521,Branch B,Berlin,Germany,Europe,Retail Banking,John,52.52,13.405,High
T9496,2024-11-03,C414,Smartphone,679.0,,Credit Card,Completed,,Branch A,Warsaw,Poland,Europe,Retail Banking,Anna,52.2297,21.0122,Low
T99096,2024-11-03,C848,Headphones,694.0,875.4236074101765,credit card,completed,607543.9835426625,Branch E,Vienna,Austria,Europe,Retail Banking,Stefan,48.2082,16.3738,High
T2383,2024-11-03,C3499,Laptop,568.0,635.6302662548472,Cash,Pending,361037.9912327532,Branch D,Prague,Czechia,Europe,Retail Banking,Elena,50.0755,14.4378,High
T10721,2024-11-03,C2649,Tablet,8.0,431.7248846914751,Credit Card,completed,3453.799077531801,Branch C,Paris,France,Europe,Retail Banking,Michael,48.8566,2.3522,High
T54415,2024-11-04,C4255,Headphones,712.0,615.7051781479522,Cash,Failed,438382.086841342,Branch E,Vienna,Austria,Europe,Retail Banking,Stefan,48.2082,16.3738,High
T74947,2024-11-04,C2625,Tablet,783.0,876.3983662413166,credit card,,686219.9207669509,Branch C,Paris,France,Europe,Retail Banking,Michael,48.8566,2.3522,High
T31627,2024-11-04,C1748,Smartphone,-6.0,,PayPal,Completed,,Branch A,Warsaw,Poland,Europe,Retail Banking,Anna,52.2297,21.0122,Low
T46146,2024-11-04,C1803,Coffee Machine,8.0,744.5805214953702,Credit Card,Failed,5956.644171962962,Branch B,Berlin,Germany,Europe,Retail Banking,John,52.52,13.405,High
T63855,2024-11-04,C189,Laptop,,940.4150820479866,PayPal,complete,,Branch D,Prague,Czechia,Europe,Retail Banking,Elena,50.0755,14.4378,Low
T86565,2024-11-04,C882,Tablet,-9.0,,creditcard,complete,,Branch C,Paris,France,Europe,Retail Banking,Michael,48.8566,2.3522,Low
T9077,2024-11-04,C1669,Headphones,-6.0,755.5877759241164,PayPal,,-4533.526655544698,Branch E,Vienna,Austria,Europe,Retail Banking,Stefan,48.2082,16.3738,Low
T56007,2024-11-04,C2564,Coffee Machine,-10.0,818.66,PayPal,completed,-8186.599999999999,Branch B,Berlin,Germany,Europe,Retail Banking,John,52.52,13.405,Low
T7827,2024-11-04,C2411,Tablet,-6.0,711.5616915177136,creditcard,,-4269.370149106282,Branch C,Paris,France,Europe,Retail Banking,Michael,48.8566,2.3522,Low
T24438,2024-11-04,,Tablet,1.0,99.17545549629108,credit card,Pending,99.17545549629108,Branch C,Paris,France,Europe,Retail Banking,Michael,48.8566,2.3522,Low
T98719,2024-11-04,C2040,Tablet,-7.0,490.29,creditcard,complete,-3432.03,Branch C,Paris,France,Europe,Retail Banking,Michael,48.8566,2.3522,Low
T58203,2024-11-04,C2624,Laptop,224.0,236.81637044727304,Cash,complete,53046.86698018916,Branch D,Prague,Czechia,Europe,Retail Banking,Elena,50.0755,14.4378,High
T83453,2024-11-04,C1287,Coffee Machine,1.0,878.054832191812,PayPal,complete,878.054832191812,Branch B,Berlin,Germany,Europe,Retail Banking,John,52.52,13.405,Medium
T23168,2024-11-04,,Smartphone,192.0,989.5875927050548,Cash,Completed,190000.81779937053,Branch A,Warsaw,Poland,Europe,Retail Banking,Anna,52.2297,21.0122,High
T83292,2024-11-04,C3599,Headphones,-8.0,,creditcard,complete,,Branch E,Vienna,Austria,Europe,Retail Banking,Stefan,48.2082,16.3738,Low
T26523,2024-11-04,C1953,Smartphone,2.0,,Cash,Failed,,Branch A,Warsaw,Poland,Europe,Retail Banking,Anna,52.2297,21.0122,Low
T69295,2024-11-04,C1491,Smartphone,-3.0,794.6929245140773,pay pal,complete,-2384.078773542232,Branch A,Warsaw,Poland,Europe,Retail Banking,Anna,52.2297,21.0122,Low
T27773,2024-11-04,C3362,Headphones,363.0,99.13803849350695,creditcard,,35987.10797314302,Branch E,Vienna,Austria,Europe,Retail Banking,Stefan,48.2082,16.3738,High
T35822,2024-11-04,C2302,Laptop,924.0,86.9482894789337,PayPal ,Completed,80340.21947853474,Branch D,Prague,Czechia,Europe,Retail Banking,Elena,50.0755,14.4378,High
T71722,2024-11-04,C836,Tablet,-3.0,,pay pal,,,Branch C,Paris,France,Europe,Retail Banking,Michael,48.8566,2.3522,Low
T27548,2024-11-04,C3281,Laptop,253.0,,pay pal,Failed,,Branch D,Prague,Czechia,Europe,Retail Banking,Elena,50.0755,14.4378,Low
T78418,2024-11-04,C1381,Coffee Machine,-4.0,60.3925228322279,credit card,Completed,-241.5700913289116,Branch B,Berlin,Germany,Europe,Retail Banking,John,52.52,13.405,Low
T34856,2024-11-04,C4871,Headphones,2.0,,Credit Card,completed,,Branch E,Vienna,Austria,Europe,Retail Banking,Stefan,48.2082,16.3738,Low
T89118,2024-11-04,C2297,Headphones,-4.0,171.113673383064,pay pal,Failed,-684.454693532256,Branch E,Vienna,Austria,Europe,Retail Banking,Stefan,48.2082,16.3738,Low
T92444,2024-11-05,C4162,Coffee Machine,10.0,498.4743769264021,credit card,complete,4984.7437692640215,Branch B,Berlin,Germany,Europe,Retail Banking,John,52.52,13.405,High
T83717,2024-11-05,C1068,Coffee Machine,-10.0,611.2306527836417,Credit Card,Failed,-6112.306527836417,Branch B,Berlin,Germany,Europe,Retail Banking,John,52.52,13.405,Low
T32229,2024-11-05,C947,Coffee Machine,3.0,282.06,Cash,Pending,846.1800000000001,Branch B,Berlin,Germany,Europe,Retail Banking,John,52.52,13.405,Medium
T96427,2024-11-05,C573,Tablet,142.0,793.2473658783302,Credit Card,Failed,112641.1259547229,Branch C,Paris,France,Europe,Retail Banking,Michael,48.8566,2.3522,High
T73128,2024-11-05,C875,Coffee Machine,498.0,575.2391393705138,PayPal,completed,286469.0914065159,Branch B,Berlin,Germany,Europe,Retail Banking,John,52.52,13.405,High
T67449,2024-11-05,C3307,Smartphone,1.0,947.327793115325,Credit Card,Failed,947.327793115325,Branch A,Warsaw,Poland,Europe,Retail Banking,Anna,52.2297,21.0122,Medium
T9662,2024-11-05,C097,Coffee Machine,1.0,296.07,Credit Card,Failed,296.07,Branch B,Berlin,Germany,Europe,Retail Banking,John,52.52,13.405,Medium
T11579,2024-11-05,C493,Smartphone,-3.0,607.5614779667992,Credit Card,completed,-1822.6844339003976,Branch A,Warsaw,Poland,Europe,Retail Banking,Anna,52.2297,21.0122,Low
T76988,2024-11-05,C4161,Headphones,5.0,537.6849502405962,PayPal,complete,2688.424751202981,Branch E,Vienna,Austria,Europe,Retail Banking,Stefan,48.2082,16.3738,High
T91275,2024-11-05,C731,Smartphone,574.0,,Cash,Completed,,Branch A,Warsaw,Poland,Europe,Retail Banking,Anna,52.2297,21.0122,Low
T79501,2024-11-05,C1727,Laptop,-8.0,341.8285909169882,PayPal ,complete,-2734.6287273359058,Branch D,Prague,Czechia,Europe,Retail Banking,Elena,50.0755,14.4378,Low
T29906,2024-11-05,C939,Tablet,721.0,,PayPal,complete,,Branch C,Paris,France,Europe,Retail Banking,Michael,48.8566,2.3522,Low
T10676,2024-11-05,C3985,Coffee Machine,153.0,,PayPal ,Completed,,Branch B,Berlin,Germany,Europe,Retail Banking,John,52.52,13.405,Low
T96838,2024-11-05,C2889,Tablet,-7.0,729.1314882891991,creditcard,Failed,-5103.920418024393,Branch C,Paris,France,Europe,Retail Banking,Michael,48.8566,2.3522,Low
T40272,2024-11-05,C4090,Smartphone,,410.4993572244482,PayPal,Pending,,Branch A,Warsaw,Poland,Europe,Retail Banking,Anna,52.2297,21.0122,Low
T8814,2024-11-05,C1479,Headphones,,454.71724615778135,PayPal ,,,Branch E,Vienna,Austria,Europe,Retail Banking,Stefan,48.2082,16.3738,Low
T67316,2024-11-05,,Headphones,-6.0,572.8147425384647,pay pal,completed,-3436.888455230788,Branch E,Vienna,Austria,Europe,Retail Banking,Stefan,48.2082,16.3738,Low
T48579,2024-11-05,C1814,Smartphone,9.0,,credit card,Completed,,Branch A,Warsaw,Poland,Europe,Retail Banking,Anna,52.2297,21.0122,Low
T29543,2024-11-05,,Tablet,543.0,,pay pal,completed,,Branch C,Paris,France,Europe,Retail Banking,Michael,48.8566,2.3522,Low
T23822,2024-11-05,C4856,Tablet,-1.0,949.2065530855218,Credit Card,Completed,-949.2065530855218,Branch C,Paris,France,Europe,Retail Banking,Michael,48.8566,2.3522,Low
,2024-11-05,C017,Headphones,-10.0,,Cash,,,Branch E,Vienna,Austria,Europe,Retail Banking,Stefan,48.2082,16.3738,Low
T57259,2024-11-05,C3962,Headphones,-10.0,626.5644769042245,Cash,complete,-6265.644769042246,Branch E,Vienna,Austria,Europe,Retail Banking,Stefan,48.2082,16.3738,Low
T19722,2024-11-06,C4419,Laptop,8.0,658.7941478502652,Credit Card,complete,5270.353182802121,Branch D,Prague,Czechia,Europe,Retail Banking,Elena,50.0755,14.4378,High
T73557,2024-11-06,C920,Laptop,,765.2849285637411,PayPal ,complete,,Branch D,Prague,Czechia,Europe,Retail Banking,Elena,50.0755,14.4378,Low
T51027,2024-11-06,C2099,Headphones,8.0,727.6965467821076,Cash,Pending,5821.572374256861,Branch E,Vienna,Austria,Europe,Retail Banking,Stefan,48.2082,16.3738,High
T54200,2024-11-06,C1559,Smartphone,9.0,811.5775302923868,PayPal,Pending,7304.197772631481,Branch A,Warsaw,Poland,Europe,Retail Banking,Anna,52.2297,21.0122,High
T63202,2024-11-06,,Headphones,334.0,,PayPal,Failed,,Branch E,Vienna,Austria,Europe,Retail Banking,Stefan,48.2082,16.3738,Low
T65612,2024-11-06,C859,Headphones,-1.0,869.39197697478,pay pal,Failed,-869.39197697478,Branch E,Vienna,Austria,Europe,Retail Banking,Stefan,48.2082,16.3738,Low
T16406,2024-11-06,C3513,Tablet,430.0,,creditcard,Failed,,Branch C,Paris,France,Europe,Retail Banking,Michael,48.8566,2.3522,Low
T47778,2024-11-06,C1217,Headphones,799.0,347.85492935067634,PayPal ,,277936.0885511904,Branch E,Vienna,Austria,Europe,Retail Banking,Stefan,48.2082,16.3738,High
T69826,2024-11-06,C2951,Smartphone,854.0,384.8416039144613,PayPal,Completed,328654.72974294994,Branch A,Warsaw,Poland,Europe,Retail Banking,Anna,52.2297,21.0122,High
T78042,2024-11-06,C1188,Laptop,-7.0,369.08498376894113,PayPal ,Completed,-2583.594886382588,Branch D,Prague,Czechia,Europe,Retail Banking,Elena,50.0755,14.4378,Low
T2196,2024-11-06,C1418,Smartphone,-7.0,758.3755728901583,PayPal ,,-5308.629010231109,Branch A,Warsaw,Poland,Europe,Retail Banking,Anna,52.2297,21.0122,Low
T58914,2024-11-06,C2459,Coffee Machine,,113.9,credit card,Failed,,Branch B,Berlin,Germany,Europe,Retail Banking,John,52.52,13.405,Low
T56061,2024-11-06,C4280,Smartphone,6.0,,credit card,complete,,Branch A,Warsaw,Poland,Europe,Retail Banking,Anna,52.2297,21.0122,Low
T15798,2024-11-06,C1905,Headphones,7.0,757.4902510050088,pay pal,Completed,5302.431757035061,Branch E,Vienna,Austria,Europe,Retail Banking,Stefan,48.2082,16.3738,High
T7423,2024-11-07,C4620,Tablet,230.0,,creditcard,Pending,,Branch C,Paris,France,Europe,Retail Banking,Michael,48.8566,2.3522,Low
,2024-11-07,C2907,Coffee Machine,1.0,607.134999890384,Credit Card,Completed,607.134999890384,Branch B,Berlin,Germany,Europe,Retail Banking,John,52.52,13.405,Medium
T15959,2024-11-07,C1548,Headphones,599.0,724.1187841161457,Cash,Pending,433747.15168557124,Branch E,Vienna,Austria,Europe,Retail Banking,Stefan,48.2082,16.3738,High
T32002,2024-11-07,C208,Tablet,-9.0,622.2061752386484,pay pal,Failed,-5599.855577147835,Branch C,Paris,France,Europe,Retail Banking,Michael,48.8566,2.3522,Low
T34418,2024-11-07,C3397,Tablet,10.0,983.665083412622,credit card,,9836.65083412622,Branch C,Paris,France,Europe,Retail Banking,Michael,48.8566,2.3522,High
T44543,2024-11-07,C4434,Smartphone,4.0,333.4142024465933,pay pal,complete,1333.6568097863733,Branch A,Warsaw,Poland,Europe,Retail Banking,Anna,52.2297,21.0122,High
T88280,2024-11-07,C4739,Headphones,608.0,827.8774151104925,PayPal,,503349.4683871794,Branch E,Vienna,Austria,Europe,Retail Banking,Stefan,48.2082,16.3738,High
T65123,2024-11-07,C2478,Tablet,9.0,411.9640871785442,Cash,completed,3707.676784606898,Branch C,Paris,France,Europe,Retail Banking,Michael,48.8566,2.3522,High
T31880,2024-11-07,C1734,Headphones,,,Credit Card,completed,,Branch E,Vienna,Austria,Europe,Retail Banking,Stefan,48.2082,16.3738,Low
T95766,2024-11-07,C1150,Headphones,8.0,722.6898896375885,PayPal ,Failed,5781.519117100708,Branch E,Vienna,Austria,Europe,Retail Banking,Stefan,48.2082,16.3738,High
T93777,2024-11-07,C2741,Smartphone,748.0,807.11,PayPal,Failed,603718.28,Branch A,Warsaw,Poland,Europe,Retail Banking,Anna,52.2297,21.0122,High
,2024-11-07,C4435,Tablet,10.0,185.74038953473124,Cash,completed,1857.4038953473123,Branch C,Paris,France,Europe,Retail Banking,Michael,48.8566,2.3522,High
T77945,2024-11-07,C2906,Laptop,-8.0,641.52,creditcard,complete,-5132.16,Branch D,Prague,Czechia,Europe,Retail Banking,Elena,50.0755,14.4378,Low
T42814,2024-11-07,C4981,Smartphone,4.0,882.774042583223,PayPal,,3531.096170332892,Branch A,Warsaw,Poland,Europe,Retail Banking,Anna,52.2297,21.0122,High
T2037,2024-11-07,,Laptop,,,pay pal,Completed,,Branch D,Prague,Czechia,Europe,Retail Banking,Elena,50.0755,14.4378,Low
T22992,2024-11-07,C1558,Headphones,-7.0,,PayPal ,Failed,,Branch E,Vienna,Austria,Europe,Retail Banking,Stefan,48.2082,16.3738,Low
T60109,2024-11-07,C2361,Tablet,581.0,566.6445270343481,PayPal ,Completed,329220.47020695626,Branch C,Paris,France,Europe,Retail Banking,Michael,48.8566,2.3522,High
T14967,2024-11-07,C3040,Coffee Machine,-8.0,525.9841807832642,PayPal,complete,-4207.873446266113,Branch B,Berlin,Germany,Europe,Retail Banking,John,52.52,13.405,Low
T38873,2024-11-07,C4025,Headphones,6.0,765.6115582527269,PayPal ,Completed,4593.669349516362,Branch E,Vienna,Austria,Europe,Retail Banking,Stefan,48.2082,16.3738,High
T41438,2024-11-07,C2916,Tablet,4.0,182.7292604037725,PayPal ,Completed,730.91704161509,Branch C,Paris,France,Europe,Retail Banking,Michael,48.8566,2.3522,Medium
T53996,2024-11-07,C293,Laptop,-1.0,,Cash,complete,,Branch D,Prague,Czechia,Europe,Retail Banking,Elena,50.0755,14.4378,Low
T24058,2024-11-08,C3598,Headphones,5.0,,Credit Card,completed,,Branch E,Vienna,Austria,Europe,Retail Banking,Stefan,48.2082,16.3738,Low
T76659,2024-11-08,C481,Headphones,-8.0,,PayPal ,Pending,,Branch E,Vienna,Austria,Europe,Retail Banking,Stefan,48.2082,16.3738,Low
,2024-11-08,C421,Coffee Machine,4.0,308.49663844382985,pay pal,completed,1233.9865537753194,Branch B,Berlin,Germany,Europe,Retail Banking,John,52.52,13.405,High
T25545,2024-11-08,C3895,Smartphone,-6.0,,pay pal,Failed,,Branch A,Warsaw,Poland,Europe,Retail Banking,Anna,52.2297,21.0122,Low
T23059,2024-11-08,C4933,Headphones,516.0,941.2899164622646,PayPal,completed,485705.59689452854,Branch E,Vienna,Austria,Europe,Retail Banking,Stefan,48.2082,16.3738,High
T43387,2024-11-08,C3057,Smartphone,-3.0,935.601164164242,credit card,,-2806.803492492726,Branch A,Warsaw,Poland,Europe,Retail Banking,Anna,52.2297,21.0122,Low
T4057,2024-11-08,C1788,Smartphone,,,pay pal,complete,,Branch A,Warsaw,Poland,Europe,Retail Banking,Anna,52.2297,21.0122,Low
T63622,2024-11-08,C993,Laptop,-9.0,745.4696464713447,pay pal,Failed,-6709.226818242103,Branch D,Prague,Czechia,Europe,Retail Banking,Elena,50.0755,14.4378,Low
T82909,2024-11-08,C2933,Smartphone,502.0,282.2116662098198,PayPal,Pending,141670.25643732952,Branch A,Warsaw,Poland,Europe,Retail Banking,Anna,52.2297,21.0122,High
T55591,2024-11-08,C2699,Coffee Machine,480.0,582.9287877004712,pay pal,,279805.81809622614,Branch B,Berlin,Germany,Europe,Retail Banking,John,52.52,13.405,High
T83734,2024-11-08,C3211,Laptop,-4.0,,PayPal,,,Branch D,Prague,Czechia,Europe,Retail Banking,Elena,50.0755,14.4378,Low
T50477,2024-11-08,C3949,Coffee Machine,-8.0,,Credit Card,Completed,,Branch B,Berlin,Germany,Europe,Retail Banking,John,52.52,13.405,Low
T98361,2024-11-08,C1230,Laptop,-10.0,196.92532702831784,credit card,Failed,-1969.2532702831784,Branch D,Prague,Czechia,Europe,Retail Banking,Elena,50.0755,14.4378,Low
T50866,2024-11-08,C1538,Laptop,7.0,827.706343711036,Credit Card,Failed,5793.944405977252,Branch D,Prague,Czechia,Europe,Retail Banking,Elena,50.0755,14.4378,High
T64987,2024-11-08,C198,Tablet,642.0,359.29,Cash,,230664.18000000002,Branch C,Paris,France,Europe,Retail Banking,Michael,48.8566,2.3522,High
T97115,2024-11-09,C1073,Laptop,7.0,,pay pal,complete,,Branch D,Prague,Czechia,Europe,Retail Banking,Elena,50.0755,14.4378,Low
T0867,2024-11-09,C3206,Smartphone,536.0,890.64,pay pal,Completed,477383.04,Branch A,Warsaw,Poland,Europe,Retail Banking,Anna,52.2297,21.0122,High
T33789,2024-11-09,C4955,Smartphone,-3.0,683.7133062723067,creditcard,completed,-2051.13991881692,Branch A,Warsaw,Poland,Europe,Retail Banking,Anna,52.2297,21.0122,Low
T30401,2024-11-09,C926,Tablet,-1.0,,pay pal,Failed,,Branch C,Paris,France,Europe,Retail Banking,Michael,48.8566,2.3522,Low
T47321,2024-11-09,C4337,Coffee Machine,-4.0,,creditcard,Completed,,Branch B,Berlin,Germany,Europe,Retail Banking,John,52.52,13.405,Low
T37719,2024-11-09,C1343,Smartphone,8.0,859.2431609690143,PayPal,Failed,6873.945287752114,Branch A,Warsaw,Poland,Europe,Retail Banking,Anna,52.2297,21.0122,High
T79815,2024-11-09,C2885,Tablet,10.0,,Cash,complete,,Branch C,Paris,France,Europe,Retail Banking,Michael,48.8566,2.3522,Low
T35430,2024-11-09,C3398,Tablet,124.0,,Cash,completed,,Branch C,Paris,France,Europe,Retail Banking,Michael,48.8566,2.3522,Low
T71212,2024-11-09,C430,Headphones,-5.0,197.9935435184973,pay pal,Completed,-989.9677175924865,Branch E,Vienna,Austria,Europe,Retail Banking,Stefan,48.2082,16.3738,Low
T73291,2024-11-09,C4391,Smartphone,-8.0,,PayPal,Completed,,Branch A,Warsaw,Poland,Europe,Retail Banking,Anna,52.2297,21.0122,Low
T18301,2024-11-09,C4524,Headphones,2.0,796.0993387027642,Cash,,1592.1986774055283,Branch E,Vienna,Austria,Europe,Retail Banking,Stefan,48.2082,16.3738,High
T44877,2024-11-09,C1554,Tablet,868.0,821.3324016695087,PayPal ,completed,712916.5246491336,Branch C,Paris,France,Europe,Retail Banking,Michael,48.8566,2.3522,High
T87123,2024-11-09,C900,Smartphone,938.0,330.78122470112345,PayPal ,Failed,310272.7887696538,Branch A,Warsaw,Poland,Europe,Retail Banking,Anna,52.2297,21.0122,High
T53474,2024-11-09,C2107,Tablet,5.0,617.9584624846523,PayPal,complete,3089.792312423261,Branch C,Paris,France,Europe,Retail Banking,Michael,48.8566,2.3522,High
T47372,2024-11-09,C3881,Coffee Machine,6.0,,creditcard,completed,,Branch B,Berlin,Germany,Europe,Retail Banking,John,52.52,13.405,Low
T38948,2024-11-09,,Laptop,-5.0,622.3465946394717,PayPal ,Pending,-3111.7329731973587,Branch D,Prague,Czechia,Europe,Retail Banking,Elena,50.0755,14.4378,Low
T35127,2024-11-09,C4704,Tablet,-9.0,462.55,PayPal ,Pending,-4162.95,Branch C,Paris,France,Europe,Retail Banking,Michael,48.8566,2.3522,Low
T51245,2024-11-09,C955,Headphones,-5.0,,pay pal,,,Branch E,Vienna,Austria,Europe,Retail Banking,Stefan,48.2082,16.3738,Low
T92857,2024-11-09,C158,Tablet,-2.0,916.4737846048072,credit card,completed,-1832.9475692096144,Branch C,Paris,France,Europe,Retail Banking,Michael,48.8566,2.3522,Low
T17764,2024-11-09,C4763,Tablet,-3.0,165.9802371741312,credit card,,-497.9407115223936,Branch C,Paris,France,Europe,Retail Banking,Michael,48.8566,2.3522,Low
T32623,2024-11-09,C2134,Tablet,467.0,,PayPal ,complete,,Branch C,Paris,France,Europe,Retail Banking,Michael,48.8566,2.3522,Low
T12042,2024-11-09,C1166,Coffee Machine,943.0,,pay pal,completed,,Branch B,Berlin,Germany,Europe,Retail Banking,John,52.52,13.405,Low
T93319,2024-11-09,C3781,Smartphone,364.0,,Credit Card,completed,,Branch A,Warsaw,Poland,Europe,Retail Banking,Anna,52.2297,21.0122,Low
T7939,2024-11-10,C2633,Coffee Machine,308.0,624.0491025219244,Cash,,192207.12357675273,Branch B,Berlin,Germany,Europe,Retail Banking,John,52.52,13.405,High
T69224,2024-11-10,C2702,Tablet,-10.0,,creditcard,completed,,Branch C,Paris,France,Europe,Retail Banking,Michael,48.8566,2.3522,Low
T91053,2024-11-10,C2069,Smartphone,-6.0,,PayPal ,completed,,Branch A,Warsaw,Poland,Europe,Retail Banking,Anna,52.2297,21.0122,Low
T53257,2024-11-10,C4867,Laptop,161.0,598.7891153604271,PayPal,,96405.04757302876,Branch D,Prague,Czechia,Europe,Retail Banking,Elena,50.0755,14.4378,High
T24342,2024-11-10,C4773,Laptop,,392.2900448271756,creditcard,Failed,,Branch D,Prague,Czechia,Europe,Retail Banking,Elena,50.0755,14.4378,Low
T53046,2024-11-10,C4003,Laptop,481.0,,credit card,completed,,Branch D,Prague,Czechia,Europe,Retail Banking,Elena,50.0755,14.4378,Low
T1584,2024-11-10,C2422,Laptop,-10.0,,credit card,,,Branch D,Prague,Czechia,Europe,Retail Banking,Elena,50.0755,14.4378,Low
T68946,2024-11-10,C1848,Tablet,654.0,,PayPal,Completed,,Branch C,Paris,France,Europe,Retail Banking,Michael,48.8566,2.3522,Low
T84172,2024-11-10,C1636,Coffee Machine,-10.0,965.352146395674,PayPal ,Failed,-9653.52146395674,Branch B,Berlin,Germany,Europe,Retail Banking,John,52.52,13.405,Low
T64093,2024-11-10,C837,Laptop,-3.0,678.1392599847974,PayPal,Pending,-2034.4177799543922,Branch D,Prague,Czechia,Europe,Retail Banking,Elena,50.0755,14.4378,Low
T38244,2024-11-10,C4279,Coffee Machine,10.0,829.6537185467112,pay pal,Pending,8296.537185467112,Branch B,Berlin,Germany,Europe,Retail Banking,John,52.52,13.405,High
T96430,2024-11-10,,Laptop,,516.42,credit card,Completed,,Branch D,Prague,Czechia,Europe,Retail Banking,Elena,50.0755,14.4378,Low
T34770,2024-11-10,C1640,Tablet,2.0,442.3633806067256,pay pal,complete,884.7267612134513,Branch C,Paris,France,Europe,Retail Banking,Michael,48.8566,2.3522,Medium
T58698,2024-11-10,C017,Smartphone,-10.0,503.6692921986359,Credit Card,complete,-5036.692921986359,Branch A,Warsaw,Poland,Europe,Retail Banking,Anna,52.2297,21.0122,Low
T98836,2024-11-10,C3270,Laptop,268.0,108.56695418127237,Cash,Failed,29095.943720580995,Branch D,Prague,Czechia,Europe,Retail Banking,Elena,50.0755,14.4378,High
T75788,2024-11-10,C208,Coffee Machine,860.0,825.6246859441899,Cash,Failed,710037.2299120033,Branch B,Berlin,Germany,Europe,Retail Banking,John,52.52,13.405,High
T75770,2024-11-10,C1095,Smartphone,6.0,871.8557068789055,PayPal,completed,5231.134241273433,Branch A,Warsaw,Poland,Europe,Retail Banking,Anna,52.2297,21.0122,High
T94694,2024-11-10,C4254,Headphones,1.0,,credit card,Completed,,Branch E,Vienna,Austria,Europe,Retail Banking,Stefan,48.2082,16.3738,Low
T4616,2024-11-10,C4946,Headphones,3.0,719.3467888529285,credit card,completed,2158.0403665587855,Branch E,Vienna,Austria,Europe,Retail Banking,Stefan,48.2082,16.3738,High
T32673,2024-11-10,C4854,Laptop,6.0,521.0768101884191,PayPal,,3126.460861130515,Branch D,Prague,Czechia,Europe,Retail Banking,Elena,50.0755,14.4378,High
,2024-11-11,C4509,Tablet,8.0,,PayPal ,Completed,,Branch C,Paris,France,Europe,Retail Banking,Michael,48.8566,2.3522,Low
,2024-11-11,C510,Tablet,143.0,81.83964409258476,Credit Card,Failed,11703.069105239621,Branch C,Paris,France,Europe,Retail Banking,Michael,48.8566,2.3522,High
,2024-11-11,C3898,Headphones,108.0,,pay pal,,,Branch E,Vienna,Austria,Europe,Retail Banking,Stefan,48.2082,16.3738,Low
T95765,2024-11-11,C2955,Tablet,4.0,365.1416859681916,Cash,Pending,1460.5667438727664,Branch C,Paris,France,Europe,Retail Banking,Michael,48.8566,2.3522,High
T29357,2024-11-11,C4707,Coffee Machine,-2.0,,pay pal,complete,,Branch B,Berlin,Germany,Europe,Retail Banking,John,52.52,13.405,Low
T52478,2024-11-11,C871,Laptop,-10.0,,Credit Card,completed,,Branch D,Prague,Czechia,Europe,Retail Banking,Elena,50.0755,14.4378,Low
T98181,2024-11-11,C3232,Coffee Machine,3.0,993.5880429307764,pay pal,completed,2980.7641287923293,Branch B,Berlin,Germany,Europe,Retail Banking,John,52.52,13.405,High
T58017,2024-11-11,C2395,Tablet,7.0,928.82,Cash,complete,6501.740000000001,Branch C,Paris,France,Europe,Retail Banking,Michael,48.8566,2.3522,High
T63284,2024-11-11,C2410,Coffee Machine,2.0,,Credit Card,Failed,,Branch B,Berlin,Germany,Europe,Retail Banking,John,52.52,13.405,Low
T68166,2024-11-11,C057,Coffee Machine,932.0,735.6613453469937,credit card,Completed,685636.3738633981,Branch B,Berlin,Germany,Europe,Retail Banking,John,52.52,13.405,High
T57943,2024-11-11,C1583,Laptop,251.0,535.3383955685086,PayPal,completed,134369.93728769568,Branch D,Prague,Czechia,Europe,Retail Banking,Elena,50.0755,14.4378,High
T47640,2024-11-11,C2167,Laptop,-4.0,996.0182847482256,pay pal,Completed,-3984.0731389929024,Branch D,Prague,Czechia,Europe,Retail Banking,Elena,50.0755,14.4378,Low
T2886,2024-11-11,C1979,Headphones,939.0,562.7133431828125,Credit Card,,528387.829248661,Branch E,Vienna,Austria,Europe,Retail Banking,Stefan,48.2082,16.3738,High
T68457,2024-11-11,C1257,Headphones,-7.0,,creditcard,completed,,Branch E,Vienna,Austria,Europe,Retail Banking,Stefan,48.2082,16.3738,Low
T41700,2024-11-11,,Tablet,-6.0,,PayPal,completed,,Branch C,Paris,France,Europe,Retail Banking,Michael,48.8566,2.3522,Low
T49188,2024-11-11,C1177,Laptop,6.0,,Cash,Failed,,Branch D,Prague,Czechia,Europe,Retail Banking,Elena,50.0755,14.4378,Low
T77343,2024-11-11,C1407,Headphones,987.0,,Cash,Pending,,Branch E,Vienna,Austria,Europe,Retail Banking,Stefan,48.2082,16.3738,Low
T6712,2024-11-11,C388,Headphones,610.0,,Cash,completed,,Branch E,Vienna,Austria,Europe,Retail Banking,Stefan,48.2082,16.3738,Low
T69791,2024-11-12,C4079,Laptop,4.0,161.13991566833693,pay pal,completed,644.5596626733477,Branch D,Prague,Czechia,Europe,Retail Banking,Elena,50.0755,14.4378,Medium
,2024-11-12,C1532,Smartphone,609.0,794.5225625658314,credit card,Pending,483864.24060259137,Branch A,Warsaw,Poland,Europe,Retail Banking,Anna,52.2297,21.0122,High
,2024-11-12,C3901,Coffee Machine,-9.0,350.375076910732,creditcard,completed,-3153.375692196588,Branch B,Berlin,Germany,Europe,Retail Banking,John,52.52,13.405,Low
T42004,2024-11-12,C2963,Headphones,192.0,862.0040501526153,credit card,complete,165504.77762930212,Branch E,Vienna,Austria,Europe,Retail Banking,Stefan,48.2082,16.3738,High
T24047,2024-11-12,C3631,Coffee Machine,-2.0,204.4771525965848,PayPal,Failed,-408.9543051931696,Branch B,Berlin,Germany,Europe,Retail Banking,John,52.52,13.405,Low
T27376,2024-11-12,C4635,Headphones,-8.0,254.15737472711385,Cash,Completed,-2033.2589978169108,Branch E,Vienna,Austria,Europe,Retail Banking,Stefan,48.2082,16.3738,Low
T92138,2024-11-12,C3613,Tablet,6.0,,PayPal,Pending,,Branch C,Paris,France,Europe,Retail Banking,Michael,48.8566,2.3522,Low
T85824,2024-11-12,C063,Smartphone,7.0,,credit card,Failed,,Branch A,Warsaw,Poland,Europe,Retail Banking,Anna,52.2297,21.0122,Low
T87315,2024-11-12,C3127,Headphones,736.0,57.864282816044806,PayPal ,complete,42588.11215260898,Branch E,Vienna,Austria,Europe,Retail Banking,Stefan,48.2082,16.3738,High
T50632,2024-11-12,C3699,Headphones,-4.0,780.9736419893009,credit card,complete,-3123.8945679572034,Branch E,Vienna,Austria,Europe,Retail Banking,Stefan,48.2082,16.3738,Low
T12093,2024-11-12,C1633,Smartphone,-1.0,,Credit Card,completed,,Branch A,Warsaw,Poland,Europe,Retail Banking,Anna,52.2297,21.0122,Low
T20818,2024-11-12,C2506,Headphones,-5.0,67.80977686292454,credit card,completed,-339.0488843146227,Branch E,Vienna,Austria,Europe,Retail Banking,Stefan,48.2082,16.3738,Low
T98296,2024-11-12,C4738,Smartphone,5.0,,credit card,completed,,Branch A,Warsaw,Poland,Europe,Retail Banking,Anna,52.2297,21.0122,Low
T13880,2024-11-12,C1065,Laptop,1.0,,Cash,,,Branch D,Prague,Czechia,Europe,Retail Banking,Elena,50.0755,14.4378,Low
T49710,2024-11-12,C3273,Tablet,,,credit card,completed,,Branch C,Paris,France,Europe,Retail Banking,Michael,48.8566,2.3522,Low
T82726,2024-11-12,C1709,Coffee Machine,5.0,270.1376255699572,Cash,completed,1350.688127849786,Branch B,Berlin,Germany,Europe,Retail Banking,John,52.52,13.405,High
T61583,2024-11-12,,Smartphone,2.0,290.2684193363048,credit card,completed,580.5368386726096,Branch A,Warsaw,Poland,Europe,Retail Banking,Anna,52.2297,21.0122,Medium
T1505,2024-11-12,C3427,Tablet,195.0,,Credit Card,Completed,,Branch C,Paris,France,Europe,Retail Banking,Michael,48.8566,2.3522,Low
T17204,2024-11-12,,Laptop,9.0,772.7437766743375,pay pal,,6954.693990069038,Branch D,Prague,Czechia,Europe,Retail Banking,Elena,50.0755,14.4378,High
T67335,2024-11-12,C2222,Headphones,328.0,288.1504350810976,Cash,complete,94513.34270660001,Branch E,Vienna,Austria,Europe,Retail Banking,Stefan,48.2082,16.3738,High
T24237,2024-11-12,C4879,Tablet,660.0,995.8568146536988,PayPal,Completed,657265.4976714413,Branch C,Paris,France,Europe,Retail Banking,Michael,48.8566,2.3522,High
T36770,2024-11-13,C4417,Laptop,136.0,900.5013310895941,credit card,Completed,122468.1810281848,Branch D,Prague,Czechia,Europe,Retail Banking,Elena,50.0755,14.4378,High
T75368,2024-11-13,C3212,Tablet,4.0,321.52761900430266,creditcard,Failed,1286.1104760172107,Branch C,Paris,France,Europe,Retail Banking,Michael,48.8566,2.3522,High
T14293,2024-11-13,C4537,Tablet,,293.92812617411664,creditcard,Failed,,Branch C,Paris,France,Europe,Retail Banking,Michael,48.8566,2.3522,Low
T15503,2024-11-13,C892,Headphones,7.0,768.1157455300081,Cash,,5376.810218710057,Branch E,Vienna,Austria,Europe,Retail Banking,Stefan,48.2082,16.3738,High
T71480,2024-11-13,C3808,Tablet,-10.0,220.16,PayPal,Failed,-2201.6,Branch C,Paris,France,Europe,Retail Banking,Michael,48.8566,2.3522,Low
T67906,2024-11-13,C1382,Coffee Machine,627.0,,Cash,complete,,Branch B,Berlin,Germany,Europe,Retail Banking,John,52.52,13.405,Low
T46331,2024-11-13,C1939,Smartphone,-7.0,381.3395675529141,Credit Card,completed,-2669.3769728703987,Branch A,Warsaw,Poland,Europe,Retail Banking,Anna,52.2297,21.0122,Low
T46624,2024-11-13,C2671,Smartphone,-7.0,458.5512726227565,pay pal,completed,-3209.8589083592956,Branch A,Warsaw,Poland,Europe,Retail Banking,Anna,52.2297,21.0122,Low
T60719,2024-11-13,C977,Tablet,842.0,583.2884387713458,PayPal,complete,491128.8654454732,Branch C,Paris,France,Europe,Retail Banking,Michael,48.8566,2.3522,High
T57721,2024-11-13,C1774,Coffee Machine,321.0,905.2521803520324,PayPal ,Pending,290585.9498930024,Branch B,Berlin,Germany,Europe,Retail Banking,John,52.52,13.405,High
T11375,2024-11-13,C2921,Tablet,4.0,143.1175981394873,PayPal ,Completed,572.4703925579493,Branch C,Paris,France,Europe,Retail Banking,Michael,48.8566,2.3522,Medium
T74928,2024-11-13,C2927,Laptop,3.0,330.55250921216606,creditcard,Pending,991.6575276364981,Branch D,Prague,Czechia,Europe,Retail Banking,Elena,50.0755,14.4378,Medium
T72219,2024-11-14,C033,Coffee Machine,7.0,312.9536866484702,Credit Card,complete,2190.6758065392914,Branch B,Berlin,Germany,Europe,Retail Banking,John,52.52,13.405,High
T95121,2024-11-14,C585,Coffee Machine,7.0,,credit card,complete,,Branch B,Berlin,Germany,Europe,Retail Banking,John,52.52,13.405,Low
T16068,2024-11-14,C2601,Headphones,4.0,246.61202298998197,credit card,complete,986.4480919599279,Branch E,Vienna,Austria,Europe,Retail Banking,Stefan,48.2082,16.3738,Medium
T75250,2024-11-14,C171,Smartphone,697.0,,PayPal,completed,,Branch A,Warsaw,Poland,Europe,Retail Banking,Anna,52.2297,21.0122,Low
T79139,2024-11-14,C2259,Headphones,-3.0,846.2887644811309,Credit Card,Failed,-2538.866293443393,Branch E,Vienna,Austria,Europe,Retail Banking,Stefan,48.2082,16.3738,Low
T53142,2024-11-14,C1280,Tablet,10.0,810.505654814839,PayPal ,Pending,8105.05654814839,Branch C,Paris,France,Europe,Retail Banking,Michael,48.8566,2.3522,High
T88751,2024-11-14,C1688,Coffee Machine,360.0,,pay pal,Pending,,Branch B,Berlin,Germany,Europe,Retail Banking,John,52.52,13.405,Low
T67629,2024-11-14,C863,Tablet,730.0,,pay pal,,,Branch C,Paris,France,Europe,Retail Banking,Michael,48.8566,2.3522,Low
T12363,2024-11-14,C285,Laptop,207.0,400.930749522698,pay pal,Failed,82992.6651511985,Branch D,Prague,Czechia,Europe,Retail Banking,Elena,50.0755,14.4378,High
T83218,2024-11-14,C4000,Tablet,849.0,172.11884777591945,PayPal,complete,146128.9017617556,Branch C,Paris,France,Europe,Retail Banking,Michael,48.8566,2.3522,High
T14387,2024-11-14,C903,Headphones,-10.0,295.54540857283246,Cash,,-2955.4540857283246,Branch E,Vienna,Austria,Europe,Retail Banking,Stefan,48.2082,16.3738,Low
T37338,2024-11-14,C1267,Coffee Machine,807.0,408.7439082478143,Cash,,329856.33395598613,Branch B,Berlin,Germany,Europe,Retail Banking,John,52.52,13.405,High
T38120,2024-11-14,C403,Tablet,938.0,874.1768391964841,PayPal ,complete,819977.8751663021,Branch C,Paris,France,Europe,Retail Banking,Michael,48.8566,2.3522,High
T36519,2024-11-15,C4557,Headphones,9.0,,credit card,Completed,,Branch E,Vienna,Austria,Europe,Retail Banking,Stefan,48.2082,16.3738,Low
T23776,2024-11-15,C2762,Laptop,10.0,935.23,PayPal,,9352.3,Branch D,Prague,Czechia,Europe,Retail Banking,Elena,50.0755,14.4378,High
T33184,2024-11-15,C4338,Headphones,-4.0,972.030901163241,credit card,Pending,-3888.123604652964,Branch E,Vienna,Austria,Europe,Retail Banking,Stefan,48.2082,16.3738,Low
T20812,2024-11-15,C3684,Smartphone,372.0,972.789739256208,creditcard,Completed,361877.7830033094,Branch A,Warsaw,Poland,Europe,Retail Banking,Anna,52.2297,21.0122,High
T34130,2024-11-15,C1242,Headphones,143.0,527.1967024079368,creditcard,,75389.12844433496,Branch E,Vienna,Austria,Europe,Retail Banking,Stefan,48.2082,16.3738,High
T83529,2024-11-15,,Smartphone,731.0,707.8141551948042,PayPal ,completed,517412.1474474019,Branch A,Warsaw,Poland,Europe,Retail Banking,Anna,52.2297,21.0122,High
,2024-11-15,C4502,Coffee Machine,520.0,355.9437183673282,PayPal,complete,185090.73355101066,Branch B,Berlin,Germany,Europe,Retail Banking,John,52.52,13.405,High
T16926,2024-11-15,C2910,Smartphone,810.0,,pay pal,complete,,Branch A,Warsaw,Poland,Europe,Retail Banking,Anna,52.2297,21.0122,Low
T6207,2024-11-15,C4858,Laptop,377.0,579.28,PayPal,Pending,218388.56,Branch D,Prague,Czechia,Europe,Retail Banking,Elena,50.0755,14.4378,High
T62483,2024-11-15,C1479,Laptop,-10.0,762.8182354370118,Credit Card,completed,-7628.182354370118,Branch D,Prague,Czechia,Europe,Retail Banking,Elena,50.0755,14.4378,Low
T27694,2024-11-15,C1806,Headphones,10.0,601.96,PayPal,Completed,6019.6,Branch E,Vienna,Austria,Europe,Retail Banking,Stefan,48.2082,16.3738,High
T61412,2024-11-15,C2992,Coffee Machine,-9.0,55.31078367750485,PayPal,,-497.79705309754365,Branch B,Berlin,Germany,Europe,Retail Banking,John,52.52,13.405,Low
T47605,2024-11-15,C4543,Tablet,839.0,656.3771520540643,PayPal,,550700.43057336,Branch C,Paris,France,Europe,Retail Banking,Michael,48.8566,2.3522,High
T42524,2024-11-15,C100,Laptop,-5.0,931.85,Cash,complete,-4659.25,Branch D,Prague,Czechia,Europe,Retail Banking,Elena,50.0755,14.4378,Low
T61729,2024-11-15,C3822,Headphones,2.0,,creditcard,Failed,,Branch E,Vienna,Austria,Europe,Retail Banking,Stefan,48.2082,16.3738,Low
T3116,2024-11-15,C1278,Laptop,360.0,637.1575306732913,PayPal,Failed,229376.71104238485,Branch D,Prague,Czechia,Europe,Retail Banking,Elena,50.0755,14.4378,High
T95323,2024-11-15,C2113,Tablet,,113.07945296544072,PayPal ,Failed,,Branch C,Paris,France,Europe,Retail Banking,Michael,48.8566,2.3522,Low
T20500,2024-11-15,C2094,Coffee Machine,10.0,,credit card,Failed,,Branch B,Berlin,Germany,Europe,Retail Banking,John,52.52,13.405,Low
T58486,2024-11-15,C3140,Headphones,6.0,633.1736665619786,PayPal,Completed,3799.0419993718715,Branch E,Vienna,Austria,Europe,Retail Banking,Stefan,48.2082,16.3738,High
T35825,2024-11-15,C2304,Tablet,8.0,109.24561124174444,Cash,Pending,873.9648899339555,Branch C,Paris,France,Europe,Retail Banking,Michael,48.8566,2.3522,Medium
T98272,2024-11-15,C1968,Headphones,5.0,982.3292004199604,credit card,complete,4911.646002099802,Branch E,Vienna,Austria,Europe,Retail Banking,Stefan,48.2082,16.3738,High
T28423,2024-11-16,C3750,Coffee Machine,-10.0,215.3532865367024,PayPal,Completed,-2153.532865367024,Branch B,Berlin,Germany,Europe,Retail Banking,John,52.52,13.405,Low
T33495,2024-11-16,C3032,Headphones,-7.0,,Credit Card,completed,,Branch E,Vienna,Austria,Europe,Retail Banking,Stefan,48.2082,16.3738,Low
T96377,2024-11-16,C1825,Tablet,7.0,,creditcard,completed,,Branch C,Paris,France,Europe,Retail Banking,Michael,48.8566,2.3522,Low
T1969,2024-11-16,C4912,Smartphone,940.0,823.4842765869007,pay pal,Pending,774075.2199916866,Branch A,Warsaw,Poland,Europe,Retail Banking,Anna,52.2297,21.0122,High
T27841,2024-11-16,C613,Coffee Machine,7.0,,PayPal ,complete,,Branch B,Berlin,Germany,Europe,Retail Banking,John,52.52,13.405,Low
T48065,2024-11-16,C4357,Coffee Machine,,531.6822927732787,PayPal,completed,,Branch B,Berlin,Germany,Europe,Retail Banking,John,52.52,13.405,Low
T15389,2024-11-16,C2716,Laptop,981.0,95.21822450400536,creditcard,complete,93409.07823842925,Branch D,Prague,Czechia,Europe,Retail Banking,Elena,50.0755,14.4378,High
T61637,2024-11-16,C1510,Coffee Machine,-9.0,987.4271868198588,creditcard,Completed,-8886.844681378729,Branch B,Berlin,Germany,Europe,Retail Banking,John,52.52,13.405,Low
T85227,2024-11-16,C1002,Smartphone,576.0,79.18782518039237,creditcard,Completed,45612.187303906,Branch A,Warsaw,Poland,Europe,Retail Banking,Anna,52.2297,21.0122,High
T46223,2024-11-16,C1100,Tablet,-4.0,683.5397139679861,PayPal ,Failed,-2734.1588558719445,Branch C,Paris,France,Europe,Retail Banking,Michael,48.8566,2.3522,Low
T44818,2024-11-16,C3102,Coffee Machine,,,PayPal ,complete,,Branch B,Berlin,Germany,Europe,Retail Banking,John,52.52,13.405,Low
,2024-11-16,C3253,Laptop,-5.0,,Cash,,,Branch D,Prague,Czechia,Europe,Retail Banking,Elena,50.0755,14.4378,Low
T93266,2024-11-16,C4231,Tablet,302.0,333.8489145515598,pay pal,Pending,100822.37219457106,Branch C,Paris,France,Europe,Retail Banking,Michael,48.8566,2.3522,High
T13184,2024-11-16,,Headphones,5.0,,Credit Card,Pending,,Branch E,Vienna,Austria,Europe,Retail Banking,Stefan,48.2082,16.3738,Low
T37866,2024-11-16,C554,Laptop,6.0,116.14164821752227,PayPal,,696.8498893051336,Branch D,Prague,Czechia,Europe,Retail Banking,Elena,50.0755,14.4378,Medium
T48725,2024-11-16,C745,Coffee Machine,8.0,945.450871462009,creditcard,Failed,7563.606971696072,Branch B,Berlin,Germany,Europe,Retail Banking,John,52.52,13.405,High
T57851,2024-11-16,,Tablet,195.0,,creditcard,,,Branch C,Paris,France,Europe,Retail Banking,Michael,48.8566,2.3522,Low
T53780,2024-11-16,C662,Smartphone,3.0,944.2600744206457,credit card,complete,2832.780223261937,Branch A,Warsaw,Poland,Europe,Retail Banking,Anna,52.2297,21.0122,High
,2024-11-17,C1795,Smartphone,9.0,426.559812866974,creditcard,complete,3839.038315802766,Branch A,Warsaw,Poland,Europe,Retail Banking,Anna,52.2297,21.0122,High
T22384,2024-11-17,C074,Laptop,-5.0,853.4662276139277,credit card,Failed,-4267.331138069639,Branch D,Prague,Czechia,Europe,Retail Banking,Elena,50.0755,14.4378,Low
,2024-11-17,C866,Coffee Machine,5.0,148.8228306107785,Cash,completed,744.1141530538926,Branch B,Berlin,Germany,Europe,Retail Banking,John,52.52,13.405,Medium
T35891,2024-11-17,C3092,Headphones,,102.12885104492044,Cash,Completed,,Branch E,Vienna,Austria,Europe,Retail Banking,Stefan,48.2082,16.3738,Low
T69733,2024-11-17,C4010,Coffee Machine,-5.0,,pay pal,Pending,,Branch B,Berlin,Germany,Europe,Retail Banking,John,52.52,13.405,Low
T9399,2024-11-17,C3866,Tablet,757.0,465.9885412178204,Credit Card,Completed,352753.32570189005,Branch C,Paris,France,Europe,Retail Banking,Michael,48.8566,2.3522,High
T55114,2024-11-17,C2343,Tablet,-9.0,,PayPal ,completed,,Branch C,Paris,France,Europe,Retail Banking,Michael,48.8566,2.3522,Low
T46458,2024-11-17,C3979,Smartphone,7.0,637.328517517096,creditcard,Completed,4461.299622619672,Branch A,Warsaw,Poland,Europe,Retail Banking,Anna,52.2297,21.0122,High
T49971,2024-11-17,C4258,Tablet,-4.0,,Cash,complete,,Branch C,Paris,France,Europe,Retail Banking,Michael,48.8566,2.3522,Low
T32292,2024-11-17,C1233,Coffee Machine,-9.0,329.93187981621395,PayPal,,-2969.3869183459256,Branch B,Berlin,Germany,Europe,Retail Banking,John,52.52,13.405,Low
T29125,2024-11-17,C3502,Smartphone,-1.0,528.8773867118689,PayPal,complete,-528.8773867118689,Branch A,Warsaw,Poland,Europe,Retail Banking,Anna,52.2297,21.0122,Low
T46248,2024-11-17,C4243,Headphones,-7.0,584.6249416343876,Cash,completed,-4092.374591440713,Branch E,Vienna,Austria,Europe,Retail Banking,Stefan,48.2082,16.3738,Low
T12197,2024-11-17,C3165,Laptop,10.0,527.272350942949,Credit Card,completed,5272.723509429489,Branch D,Prague,Czechia,Europe,Retail Banking,Elena,50.0755,14.4378,High
T61518,2024-11-17,C1170,Laptop,-3.0,607.3815962795986,pay pal,Pending,-1822.1447888387959,Branch D,Prague,Czechia,Europe,Retail Banking,Elena,50.0755,14.4378,Low
T36534,2024-11-17,C2509,Coffee Machine,-1.0,52.44089213747174,Cash,completed,-52.44089213747174,Branch B,Berlin,Germany,Europe,Retail Banking,John,52.52,13.405,Low
T8347,2024-11-18,C1844,Smartphone,2.0,,PayPal ,Completed,,Branch A,Warsaw,Poland,Europe,Retail Banking,Anna,52.2297,21.0122,Low
T85808,2024-11-18,C3827,Headphones,185.0,587.2034210018176,Credit Card,Failed,108632.63288533625,Branch E,Vienna,Austria,Europe,Retail Banking,Stefan,48.2082,16.3738,High
T39537,2024-11-18,C1045,Tablet,5.0,345.110275179136,Cash,Pending,1725.55137589568,Branch C,Paris,France,Europe,Retail Banking,Michael,48.8566,2.3522,High
T33775,2024-11-18,C1202,Coffee Machine,6.0,259.0286303780047,Credit Card,completed,1554.1717822680284,Branch B,Berlin,Germany,Europe,Retail Banking,John,52.52,13.405,High
T93401,2024-11-18,C712,Smartphone,-5.0,,pay pal,,,Branch A,Warsaw,Poland,Europe,Retail Banking,Anna,52.2297,21.0122,Low
T33006,2024-11-18,C230,Coffee Machine,1.0,553.7707745043688,PayPal ,,553.7707745043688,Branch B,Berlin,Germany,Europe,Retail Banking,John,52.52,13.405,Medium
T32435,2024-11-18,C4125,Tablet,-6.0,,Cash,Pending,,Branch C,Paris,France,Europe,Retail Banking,Michael,48.8566,2.3522,Low
T22065,2024-11-18,C1517,Tablet,812.0,394.4234849179472,PayPal ,Completed,320271.8697533731,Branch C,Paris,France,Europe,Retail Banking,Michael,48.8566,2.3522,High
T56459,2024-11-18,C2653,Headphones,-8.0,65.66,PayPal,Completed,-525.28,Branch E,Vienna,Austria,Europe,Retail Banking,Stefan,48.2082,16.3738,Low
T71640,2024-11-18,C3839,Headphones,-10.0,368.9240266888489,creditcard,Failed,-3689.2402668884893,Branch E,Vienna,Austria,Europe,Retail Banking,Stefan,48.2082,16.3738,Low
T91892,2024-11-18,C2624,Smartphone,-9.0,,Cash,,,Branch A,Warsaw,Poland,Europe,Retail Banking,Anna,52.2297,21.0122,Low
T10988,2024-11-18,C3698,Laptop,841.0,,creditcard,,,Branch D,Prague,Czechia,Europe,Retail Banking,Elena,50.0755,14.4378,Low
T13302,2024-11-18,C2525,Headphones,-8.0,372.63706012712953,PayPal,Failed,-2981.0964810170362,Branch E,Vienna,Austria,Europe,Retail Banking,Stefan,48.2082,16.3738,Low
T83120,2024-11-18,C1825,Laptop,-3.0,230.3407877585652,credit card,,-691.0223632756956,Branch D,Prague,Czechia,Europe,Retail Banking,Elena,50.0755,14.4378,Low
T49872,2024-11-19,C3427,Headphones,6.0,634.2012978171023,pay pal,Failed,3805.2077869026134,Branch E,Vienna,Austria,Europe,Retail Banking,Stefan,48.2082,16.3738,High
T53542,2024-11-19,C1448,Headphones,264.0,553.3484419695055,credit card,completed,146083.98867994946,Branch E,Vienna,Austria,Europe,Retail Banking,Stefan,48.2082,16.3738,High
T80959,2024-11-19,C666,Coffee Machine,342.0,86.5247331247527,credit card,Failed,29591.458728665424,Branch B,Berlin,Germany,Europe,Retail Banking,John,52.52,13.405,High
T10959,2024-11-19,C4259,Headphones,9.0,519.1513512997133,PayPal,completed,4672.36216169742,Branch E,Vienna,Austria,Europe,Retail Banking,Stefan,48.2082,16.3738,High
T57563,2024-11-19,C2250,Laptop,365.0,,Credit Card,completed,,Branch D,Prague,Czechia,Europe,Retail Banking,Elena,50.0755,14.4378,Low
T31603,2024-11-19,C3032,Laptop,-8.0,267.9484334010939,PayPal ,,-2143.587467208751,Branch D,Prague,Czechia,Europe,Retail Banking,Elena,50.0755,14.4378,Low
T60099,2024-11-19,C4839,Smartphone,5.0,,credit card,Pending,,Branch A,Warsaw,Poland,Europe,Retail Banking,Anna,52.2297,21.0122,Low
T81882,2024-11-19,C1858,Coffee Machine,2.0,,PayPal ,,,Branch B,Berlin,Germany,Europe,Retail Banking,John,52.52,13.405,Low
T86660,2024-11-19,C1114,Tablet,941.0,342.3288092446142,Cash,complete,322131.40949918196,Branch C,Paris,France,Europe,Retail Banking,Michael,48.8566,2.3522,High
T77927,2024-11-19,C2391,Smartphone,-1.0,,creditcard,Pending,,Branch A,Warsaw,Poland,Europe,Retail Banking,Anna,52.2297,21.0122,Low
T32448,2024-11-19,C3015,Headphones,5.0,,PayPal ,completed,,Branch E,Vienna,Austria,Europe,Retail Banking,Stefan,48.2082,16.3738,Low
T46439,2024-11-19,C2670,Coffee Machine,-9.0,,credit card,,,Branch B,Berlin,Germany,Europe,Retail Banking,John,52.52,13.405,Low
T43225,2024-11-19,C2876,Headphones,478.0,789.9878744928354,PayPal ,Completed,377614.20400757535,Branch E,Vienna,Austria,Europe,Retail Banking,Stefan,48.2082,16.3738,High
T13145,2024-11-19,C3282,Coffee Machine,442.0,518.1421673921478,Cash,completed,229018.83798732935,Branch B,Berlin,Germany,Europe,Retail Banking,John,52.52,13.405,High
T93956,2024-11-19,C775,Smartphone,9.0,,pay pal,Pending,,Branch A,Warsaw,Poland,Europe,Retail Banking,Anna,52.2297,21.0122,Low
T15801,2024-11-19,C3073,Tablet,8.0,281.2574451454224,Cash,Failed,2250.0595611633794,Branch C,Paris,France,Europe,Retail Banking,Michael,48.8566,2.3522,High
T28082,2024-11-19,C2912,Tablet,-5.0,847.1755325135897,pay pal,Completed,-4235.877662567948,Branch C,Paris,France,Europe,Retail Banking,Michael,48.8566,2.3522,Low
T60099,2024-11-19,C4839,Smartphone,5.0,,credit card,Pending,,Branch A,Warsaw,Poland,Europe,Retail Banking,Anna,52.2297,21.0122,Low
T56801,2024-11-19,C3523,Tablet,208.0,925.1432003579772,Credit Card,Failed,192429.78567445927,Branch C,Paris,France,Europe,Retail Banking,Michael,48.8566,2.3522,High
T55854,2024-11-19,C1693,Tablet,222.0,665.0325109493441,credit card,completed,147637.2174307544,Branch C,Paris,France,Europe,Retail Banking,Michael,48.8566,2.3522,High
T41708,2024-11-19,C2226,Coffee Machine,-7.0,564.3911303809776,PayPal ,,-3950.7379126668434,Branch B,Berlin,Germany,Europe,Retail Banking,John,52.52,13.405,Low
T10784,2024-11-19,C4232,Laptop,689.0,,Cash,complete,,Branch D,Prague,Czechia,Europe,Retail Banking,Elena,50.0755,14.4378,Low
T97796,2024-11-19,C4111,Headphones,771.0,,Cash,Failed,,Branch E,Vienna,Austria,Europe,Retail Banking,Stefan,48.2082,16.3738,Low
T62464,2024-11-19,C3259,Headphones,1.0,647.1752970899632,Cash,Pending,647.1752970899632,Branch E,Vienna,Austria,Europe,Retail Banking,Stefan,48.2082,16.3738,Medium
T72780,2024-11-19,C487,Headphones,6.0,,credit card,Completed,,Branch E,Vienna,Austria,Europe,Retail Banking,Stefan,48.2082,16.3738,Low
T96831,2024-11-19,C4450,Smartphone,618.0,431.9661232314159,creditcard,,266955.064157015,Branch A,Warsaw,Poland,Europe,Retail Banking,Anna,52.2297,21.0122,High
T52345,2024-11-19,C1876,Smartphone,232.0,,PayPal ,Pending,,Branch A,Warsaw,Poland,Europe,Retail Banking,Anna,52.2297,21.0122,Low
T17056,2024-11-19,C2391,Smartphone,8.0,846.9296685066705,PayPal ,completed,6775.437348053364,Branch A,Warsaw,Poland,Europe,Retail Banking,Anna,52.2297,21.0122,High
T66032,2024-11-20,C3982,Headphones,623.0,638.8766046663131,pay pal,,398020.1247071131,Branch E,Vienna,Austria,Europe,Retail Banking,Stefan,48.2082,16.3738,High
T20299,2024-11-20,C421,Laptop,-2.0,,PayPal,Completed,,Branch D,Prague,Czechia,Europe,Retail Banking,Elena,50.0755,14.4378,Low
T63969,2024-11-20,C063,Tablet,7.0,343.284885703081,Cash,completed,2402.994199921567,Branch C,Paris,France,Europe,Retail Banking,Michael,48.8566,2.3522,High
T78193,2024-11-20,C2088,Tablet,255.0,141.94149116109872,pay pal,Pending,36195.08024608017,Branch C,Paris,France,Europe,Retail Banking,Michael,48.8566,2.3522,High
T68174,2024-11-20,C1995,Smartphone,633.0,,pay pal,,,Branch A,Warsaw,Poland,Europe,Retail Banking,Anna,52.2297,21.0122,Low
T50709,2024-11-20,C1694,Headphones,,,PayPal,complete,,Branch E,Vienna,Austria,Europe,Retail Banking,Stefan,48.2082,16.3738,Low
T12772,2024-11-20,C2980,Coffee Machine,-10.0,,creditcard,complete,,Branch B,Berlin,Germany,Europe,Retail Banking,John,52.52,13.405,Low
T90320,2024-11-20,C873,Smartphone,-7.0,495.6,creditcard,completed,-3469.2000000000003,Branch A,Warsaw,Poland,Europe,Retail Banking,Anna,52.2297,21.0122,Low
,2024-11-20,C3139,Headphones,5.0,,credit card,Pending,,Branch E,Vienna,Austria,Europe,Retail Banking,Stefan,48.2082,16.3738,Low
T46687,2024-11-20,C2375,Laptop,188.0,69.7522252657382,Credit Card,completed,13113.418349958782,Branch D,Prague,Czechia,Europe,Retail Banking,Elena,50.0755,14.4378,High
T35168,2024-11-20,C2662,Smartphone,503.0,656.933346335125,creditcard,,330437.47320656787,Branch A,Warsaw,Poland,Europe,Retail Banking,Anna,52.2297,21.0122,High
T54872,2024-11-20,C4832,Headphones,453.0,,Cash,completed,,Branch E,Vienna,Austria,Europe,Retail Banking,Stefan,48.2082,16.3738,Low
,2024-11-20,,Coffee Machine,4.0,,PayPal ,complete,,Branch B,Berlin,Germany,Europe,Retail Banking,John,52.52,13.405,Low
T7656,2024-11-20,C2290,Tablet,747.0,,pay pal,Pending,,Branch C,Paris,France,Europe,Retail Banking,Michael,48.8566,2.3522,Low
T55006,2024-11-20,C139,Laptop,8.0,769.1758451140283,pay pal,,6153.406760912227,Branch D,Prague,Czechia,Europe,Retail Banking,Elena,50.0755,14.4378,High
T69282,2024-11-20,C226,Coffee Machine,4.0,223.0052445401957,Cash,Pending,892.0209781607828,Branch B,Berlin,Germany,Europe,Retail Banking,John,52.52,13.405,Medium
,2024-11-20,C1103,Coffee Machine,-5.0,420.4526922208741,Credit Card,,-2102.2634611043704,Branch B,Berlin,Germany,Europe,Retail Banking,John,52.52,13.405,Low
T50371,2024-11-20,C2950,Smartphone,830.0,552.0711567417603,Cash,Pending,458219.0600956611,Branch A,Warsaw,Poland,Europe,Retail Banking,Anna,52.2297,21.0122,High
T27015,2024-11-21,C1675,Smartphone,3.0,852.4167138901922,credit card,Completed,2557.250141670577,Branch A,Warsaw,Poland,Europe,Retail Banking,Anna,52.2297,21.0122,High
T44901,2024-11-21,,Tablet,851.0,,PayPal ,Failed,,Branch C,Paris,France,Europe,Retail Banking,Michael,48.8566,2.3522,Low
T86555,2024-11-21,C2607,Tablet,-5.0,,credit card,Pending,,Branch C,Paris,France,Europe,Retail Banking,Michael,48.8566,2.3522,Low
T97076,2024-11-21,C2983,Tablet,10.0,428.7952711328061,creditcard,Failed,4287.952711328061,Branch C,Paris,France,Europe,Retail Banking,Michael,48.8566,2.3522,High
T25149,2024-11-21,C1901,Headphones,-6.0,406.11019367030406,Credit Card,Pending,-2436.6611620218246,Branch E,Vienna,Austria,Europe,Retail Banking,Stefan,48.2082,16.3738,Low
,2024-11-21,C789,Coffee Machine,-8.0,116.98,Credit Card,completed,-935.84,Branch B,Berlin,Germany,Europe,Retail Banking,John,52.52,13.405,Low
T37902,2024-11-21,,Coffee Machine,-2.0,,PayPal ,completed,,Branch B,Berlin,Germany,Europe,Retail Banking,John,52.52,13.405,Low
T65426,2024-11-21,C3277,Tablet,337.0,763.0940228175436,credit card,complete,257162.6856895122,Branch C,Paris,France,Europe,Retail Banking,Michael,48.8566,2.3522,High
T2965,2024-11-21,C4172,Smartphone,1.0,166.8500878409552,PayPal ,Failed,166.8500878409552,Branch A,Warsaw,Poland,Europe,Retail Banking,Anna,52.2297,21.0122,Medium
T92148,2024-11-21,C4094,Smartphone,1.0,135.5,Cash,complete,135.5,Branch A,Warsaw,Poland,Europe,Retail Banking,Anna,52.2297,21.0122,Medium
T25070,2024-11-21,C2117,Coffee Machine,-8.0,408.5245282163104,Credit Card,completed,-3268.196225730483,Branch B,Berlin,Germany,Europe,Retail Banking,John,52.52,13.405,Low
T25269,2024-11-21,C3382,Smartphone,-3.0,238.83075925468404,pay pal,Pending,-716.4922777640521,Branch A,Warsaw,Poland,Europe,Retail Banking,Anna,52.2297,21.0122,Low
T65426,2024-11-21,C3277,Tablet,337.0,763.0940228175436,credit card,complete,257162.6856895122,Branch C,Paris,France,Europe,Retail Banking,Michael,48.8566,2.3522,High
T28416,2024-11-22,C661,Headphones,401.0,161.38708334653396,pay pal,complete,64716.22042196012,Branch E,Vienna,Austria,Europe,Retail Banking,Stefan,48.2082,16.3738,High
T62365,2024-11-22,C3728,Headphones,,969.7041712189226,Cash,Failed,,Branch E,Vienna,Austria,Europe,Retail Banking,Stefan,48.2082,16.3738,Low
T76622,2024-11-22,C1662,Tablet,338.0,283.9428161992452,creditcard,Completed,95972.67187534488,Branch C,Paris,France,Europe,Retail Banking,Michael,48.8566,2.3522,High
T33949,2024-11-22,,Laptop,196.0,663.3339044640694,creditcard,,130013.4452749576,Branch D,Prague,Czechia,Europe,Retail Banking,Elena,50.0755,14.4378,High
T13715,2024-11-22,C2791,Tablet,-5.0,893.3042450267096,PayPal,Completed,-4466.521225133548,Branch C,Paris,France,Europe,Retail Banking,Michael,48.8566,2.3522,Low
T12710,2024-11-22,C1071,Headphones,2.0,,Cash,completed,,Branch E,Vienna,Austria,Europe,Retail Banking,Stefan,48.2082,16.3738,Low
T28865,2024-11-22,C161,Headphones,197.0,860.0439476666407,Cash,,169428.65769032823,Branch E,Vienna,Austria,Europe,Retail Banking,Stefan,48.2082,16.3738,High
T38729,2024-11-22,C4257,Tablet,572.0,663.74,creditcard,,379659.28,Branch C,Paris,France,Europe,Retail Banking,Michael,48.8566,2.3522,High
T52877,2024-11-22,C1188,Coffee Machine,4.0,143.81928241980916,PayPal,,575.2771296792366,Branch B,Berlin,Germany,Europe,Retail Banking,John,52.52,13.405,Medium
T85436,2024-11-22,C525,Coffee Machine,654.0,105.85,credit card,Failed,69225.9,Branch B,Berlin,Germany,Europe,Retail Banking,John,52.52,13.405,High
T66165,2024-11-22,C3239,Headphones,2.0,751.8926942941548,creditcard,complete,1503.7853885883096,Branch E,Vienna,Austria,Europe,Retail Banking,Stefan,48.2082,16.3738,High
,2024-11-22,C1471,Headphones,640.0,326.82128669914755,Cash,completed,209165.62348745443,Branch E,Vienna,Austria,Europe,Retail Banking,Stefan,48.2082,16.3738,High
T13216,2024-11-22,C4538,Smartphone,-8.0,319.6707016564379,Cash,Failed,-2557.3656132515034,Branch A,Warsaw,Poland,Europe,Retail Banking,Anna,52.2297,21.0122,Low
T97930,2024-11-22,C1291,Headphones,293.0,264.63,credit card,Pending,77536.59,Branch E,Vienna,Austria,Europe,Retail Banking,Stefan,48.2082,16.3738,High
,2024-11-22,C3545,Coffee Machine,9.0,465.6980058903213,PayPal ,Failed,4191.282053012892,Branch B,Berlin,Germany,Europe,Retail Banking,John,52.52,13.405,High
T87553,2024-11-22,C3105,Smartphone,453.0,901.40571360026,Cash,Pending,408336.78826091776,Branch A,Warsaw,Poland,Europe,Retail Banking,Anna,52.2297,21.0122,High
T11389,2024-11-22,C4440,Laptop,-3.0,969.617204333916,pay pal,complete,-2908.851613001748,Branch D,Prague,Czechia,Europe,Retail Banking,Elena,50.0755,14.4378,Low
T0694,2024-11-22,C3375,Smartphone,3.0,,Cash,Failed,,Branch A,Warsaw,Poland,Europe,Retail Banking,Anna,52.2297,21.0122,Low
T26857,2024-11-23,C1971,Laptop,489.0,186.48933457104,PayPal,Failed,91193.28460523856,Branch D,Prague,Czechia,Europe,Retail Banking,Elena,50.0755,14.4378,High
T37586,2024-11-23,C1477,Smartphone,9.0,,pay pal,,,Branch A,Warsaw,Poland,Europe,Retail Banking,Anna,52.2297,21.0122,Low
T10715,2024-11-23,C2837,Headphones,1.0,,Cash,completed,,Branch E,Vienna,Austria,Europe,Retail Banking,Stefan,48.2082,16.3738,Low
T64749,2024-11-23,C2009,Laptop,-3.0,,pay pal,Failed,,Branch D,Prague,Czechia,Europe,Retail Banking,Elena,50.0755,14.4378,Low
T24779,2024-11-23,C4504,Tablet,-8.0,,pay pal,Completed,,Branch C,Paris,France,Europe,Retail Banking,Michael,48.8566,2.3522,Low
T39662,2024-11-23,C3610,Smartphone,-3.0,730.4040803287933,creditcard,Failed,-2191.2122409863796,Branch A,Warsaw,Poland,Europe,Retail Banking,Anna,52.2297,21.0122,Low
T2974,2024-11-23,,Tablet,-2.0,909.5055755481706,credit card,Pending,-1819.011151096341,Branch C,Paris,France,Europe,Retail Banking,Michael,48.8566,2.3522,Low
T51394,2024-11-23,C2691,Headphones,118.0,78.59,Cash,Failed,9273.62,Branch E,Vienna,Austria,Europe,Retail Banking,Stefan,48.2082,16.3738,High
T86321,2024-11-23,,Headphones,687.0,581.9642363389573,PayPal ,completed,399809.4303648637,Branch E,Vienna,Austria,Europe,Retail Banking,Stefan,48.2082,16.3738,High
T4215,2024-11-23,C466,Laptop,662.0,782.1098637377752,Credit Card,Completed,517756.72979440715,Branch D,Prague,Czechia,Europe,Retail Banking,Elena,50.0755,14.4378,High
,2024-11-23,C4457,Coffee Machine,2.0,,PayPal ,,,Branch B,Berlin,Germany,Europe,Retail Banking,John,52.52,13.405,Low
T8937,2024-11-23,C4876,Smartphone,-9.0,182.97587254894304,Credit Card,Pending,-1646.7828529404874,Branch A,Warsaw,Poland,Europe,Retail Banking,Anna,52.2297,21.0122,Low
T95615,2024-11-23,C1594,Coffee Machine,5.0,632.79,creditcard,Failed,3163.95,Branch B,Berlin,Germany,Europe,Retail Banking,John,52.52,13.405,High
T10530,2024-11-24,C2975,Headphones,-5.0,,PayPal ,Failed,,Branch E,Vienna,Austria,Europe,Retail Banking,Stefan,48.2082,16.3738,Low
T78615,2024-11-24,C2245,Headphones,-10.0,264.5095281538712,PayPal ,Completed,-2645.095281538712,Branch E,Vienna,Austria,Europe,Retail Banking,Stefan,48.2082,16.3738,Low
T79372,2024-11-24,C2370,Smartphone,-1.0,,credit card,,,Branch A,Warsaw,Poland,Europe,Retail Banking,Anna,52.2297,21.0122,Low
T99994,2024-11-24,C3391,Tablet,911.0,627.09,Cash,Pending,571278.99,Branch C,Paris,France,Europe,Retail Banking,Michael,48.8566,2.3522,High
T59525,2024-11-24,C2058,Coffee Machine,2.0,,creditcard,complete,,Branch B,Berlin,Germany,Europe,Retail Banking,John,52.52,13.405,Low
,2024-11-24,,Laptop,10.0,544.2335512148964,Cash,Completed,5442.335512148964,Branch D,Prague,Czechia,Europe,Retail Banking,Elena,50.0755,14.4378,High
T67768,2024-11-24,C3034,Coffee Machine,-10.0,,PayPal,,,Branch B,Berlin,Germany,Europe,Retail Banking,John,52.52,13.405,Low
T68915,2024-11-24,,Headphones,162.0,627.7054081392964,PayPal,Failed,101688.27611856602,Branch E,Vienna,Austria,Europe,Retail Banking,Stefan,48.2082,16.3738,High
T12005,2024-11-24,C797,Headphones,3.0,844.4765427553547,credit card,Failed,2533.429628266064,Branch E,Vienna,Austria,Europe,Retail Banking,Stefan,48.2082,16.3738,High
T48067,2024-11-24,C010,Tablet,-9.0,408.2621039410783,Cash,,-3674.3589354697046,Branch C,Paris,France,Europe,Retail Banking,Michael,48.8566,2.3522,Low
T21857,2024-11-24,C3197,Coffee Machine,10.0,620.64107686787,pay pal,Failed,6206.410768678699,Branch B,Berlin,Germany,Europe,Retail Banking,John,52.52,13.405,High
T54198,2024-11-24,C681,Tablet,517.0,973.3025080171471,Cash,Completed,503197.39664486505,Branch C,Paris,France,Europe,Retail Banking,Michael,48.8566,2.3522,High
T36358,2024-11-24,C4259,Laptop,9.0,838.3386572665286,Credit Card,Pending,7545.047915398757,Branch D,Prague,Czechia,Europe,Retail Banking,Elena,50.0755,14.4378,High
T46333,2024-11-24,C186,Laptop,,,PayPal,,,Branch D,Prague,Czechia,Europe,Retail Banking,Elena,50.0755,14.4378,Low
T97678,2024-11-24,C3602,Laptop,-2.0,420.05111839508913,PayPal,Failed,-840.1022367901783,Branch D,Prague,Czechia,Europe,Retail Banking,Elena,50.0755,14.4378,Low
T73515,2024-11-24,C361,Coffee Machine,-1.0,,Cash,Failed,,Branch B,Berlin,Germany,Europe,Retail Banking,John,52.52,13.405,Low
T70895,2024-11-24,C3010,Tablet,441.0,,pay pal,Pending,,Branch C,Paris,France,Europe,Retail Banking,Michael,48.8566,2.3522,Low
T99348,2024-11-24,C4386,Headphones,-10.0,726.6460495181657,creditcard,complete,-7266.460495181656,Branch E,Vienna,Austria,Europe,Retail Banking,Stefan,48.2082,16.3738,Low
T37043,2024-11-24,C082,Laptop,10.0,,credit card,completed,,Branch D,Prague,Czechia,Europe,Retail Banking,Elena,50.0755,14.4378,Low
T90396,2024-11-24,C1547,Tablet,8.0,913.016194126898,pay pal,completed,7304.129553015184,Branch C,Paris,France,Europe,Retail Banking,Michael,48.8566,2.3522,High
T12648,2024-11-24,C2953,Headphones,434.0,,credit card,complete,,Branch E,Vienna,Austria,Europe,Retail Banking,Stefan,48.2082,16.3738,Low
T74460,2024-11-24,C633,Tablet,190.0,171.0816313033248,pay pal,,32505.509947631712,Branch C,Paris,France,Europe,Retail Banking,Michael,48.8566,2.3522,High
T89818,2024-11-25,C3085,Laptop,7.0,,credit card,Pending,,Branch D,Prague,Czechia,Europe,Retail Banking,Elena,50.0755,14.4378,Low
T4810,2024-11-25,C2474,Headphones,390.0,938.9171113307344,PayPal ,Pending,366177.67341898644,Branch E,Vienna,Austria,Europe,Retail Banking,Stefan,48.2082,16.3738,High
T36761,2024-11-25,C2292,Headphones,10.0,681.0240517542159,PayPal ,Failed,6810.240517542159,Branch E,Vienna,Austria,Europe,Retail Banking,Stefan,48.2082,16.3738,High
T16633,2024-11-25,C1591,Coffee Machine,840.0,519.3158157857933,PayPal,Completed,436225.2852600664,Branch B,Berlin,Germany,Europe,Retail Banking,John,52.52,13.405,High
T20999,2024-11-25,C4906,Coffee Machine,-10.0,524.6523672424507,creditcard,Completed,-5246.523672424508,Branch B,Berlin,Germany,Europe,Retail Banking,John,52.52,13.405,Low
T95300,2024-11-25,C4651,Laptop,-7.0,103.16022724451386,pay pal,completed,-722.121590711597,Branch D,Prague,Czechia,Europe,Retail Banking,Elena,50.0755,14.4378,Low
T36761,2024-11-25,C2292,Headphones,10.0,681.0240517542159,PayPal ,Failed,6810.240517542159,Branch E,Vienna,Austria,Europe,Retail Banking,Stefan,48.2082,16.3738,High
T29476,2024-11-25,C535,Coffee Machine,6.0,838.0926209769568,PayPal,Completed,5028.555725861741,Branch B,Berlin,Germany,Europe,Retail Banking,John,52.52,13.405,High
T74629,2024-11-25,C2942,Smartphone,5.0,,credit card,completed,,Branch A,Warsaw,Poland,Europe,Retail Banking,Anna,52.2297,21.0122,Low
T8558,2024-11-25,C032,Headphones,9.0,134.9448544397345,Cash,Pending,1214.5036899576107,Branch E,Vienna,Austria,Europe,Retail Banking,Stefan,48.2082,16.3738,High
T54233,2024-11-25,C3838,Laptop,9.0,117.53837770929192,pay pal,Failed,1057.8453993836274,Branch D,Prague,Czechia,Europe,Retail Banking,Elena,50.0755,14.4378,High
T3225,2024-11-25,C3059,Coffee Machine,948.0,349.4593964486843,credit card,Completed,331287.5078333527,Branch B,Berlin,Germany,Europe,Retail Banking,John,52.52,13.405,High
T22531,2024-11-25,C3708,Tablet,725.0,,Cash,Failed,,Branch C,Paris,France,Europe,Retail Banking,Michael,48.8566,2.3522,Low
T17515,2024-11-25,C3287,Smartphone,-9.0,850.4985899006939,Credit Card,Pending,-7654.487309106245,Branch A,Warsaw,Poland,Europe,Retail Banking,Anna,52.2297,21.0122,Low
T97401,2024-11-25,C415,Headphones,574.0,766.39,creditcard,Completed,439907.86,Branch E,Vienna,Austria,Europe,Retail Banking,Stefan,48.2082,16.3738,High
T56029,2024-11-25,C1114,Smartphone,4.0,436.34942403312425,PayPal,Failed,1745.397696132497,Branch A,Warsaw,Poland,Europe,Retail Banking,Anna,52.2297,21.0122,High
T86333,2024-11-25,C4915,Smartphone,875.0,215.6666539122949,PayPal,Completed,188708.32217325803,Branch A,Warsaw,Poland,Europe,Retail Banking,Anna,52.2297,21.0122,High
T70261,2024-11-25,C1223,Headphones,-2.0,494.0026681894205,Credit Card,,-988.005336378841,Branch E,Vienna,Austria,Europe,Retail Banking,Stefan,48.2082,16.3738,Low
T11082,2024-11-25,C003,Tablet,9.0,,creditcard,,,Branch C,Paris,France,Europe,Retail Banking,Michael,48.8566,2.3522,Low
T16103,2024-11-25,C2613,Tablet,1.0,,creditcard,Completed,,Branch C,Paris,France,Europe,Retail Banking,Michael,48.8566,2.3522,Low
T17515,2024-11-25,C3287,Smartphone,-9.0,850.4985899006939,Credit Card,Pending,-7654.487309106245,Branch A,Warsaw,Poland,Europe,Retail Banking,Anna,52.2297,21.0122,Low
T99487,2024-11-25,C4343,Tablet,4.0,352.79853175237645,Cash,Failed,1411.1941270095058,Branch C,Paris,France,Europe,Retail Banking,Michael,48.8566,2.3522,High
T43392,2024-11-25,C4634,Coffee Machine,820.0,395.54774421049024,Cash,Failed,324349.150252602,Branch B,Berlin,Germany,Europe,Retail Banking,John,52.52,13.405,High
T39291,2024-11-25,C3768,Smartphone,-3.0,184.8739145800488,Credit Card,completed,-554.6217437401464,Branch A,Warsaw,Poland,Europe,Retail Banking,Anna,52.2297,21.0122,Low
T33091,2024-11-26,C2349,Smartphone,3.0,,pay pal,Failed,,Branch A,Warsaw,Poland,Europe,Retail Banking,Anna,52.2297,21.0122,Low
T9683,2024-11-26,C2488,Headphones,-3.0,,creditcard,Failed,,Branch E,Vienna,Austria,Europe,Retail Banking,Stefan,48.2082,16.3738,Low
T80335,2024-11-26,C1700,Tablet,-9.0,954.14,PayPal,Completed,-8587.26,Branch C,Paris,France,Europe,Retail Banking,Michael,48.8566,2.3522,Low
T81674,2024-11-26,C157,Smartphone,440.0,520.5988712232722,pay pal,Failed,229063.50333823977,Branch A,Warsaw,Poland,Europe,Retail Banking,Anna,52.2297,21.0122,High
T2968,2024-11-26,C3112,Coffee Machine,592.0,74.20975482923598,Cash,Failed,43932.174858907696,Branch B,Berlin,Germany,Europe,Retail Banking,John,52.52,13.405,High
T67847,2024-11-26,C4165,Coffee Machine,,572.1802118740025,PayPal,completed,,Branch B,Berlin,Germany,Europe,Retail Banking,John,52.52,13.405,Low
T89565,2024-11-26,C1436,Smartphone,1.0,593.6773967248276,PayPal,,593.6773967248276,Branch A,Warsaw,Poland,Europe,Retail Banking,Anna,52.2297,21.0122,Medium
T88582,2024-11-26,C1119,Tablet,961.0,,creditcard,completed,,Branch C,Paris,France,Europe,Retail Banking,Michael,48.8566,2.3522,Low
T30275,2024-11-26,C894,Coffee Machine,129.0,677.8065109010508,PayPal,Completed,87437.03990623556,Branch B,Berlin,Germany,Europe,Retail Banking,John,52.52,13.405,High
T12378,2024-11-26,C3047,Headphones,1.0,427.3045867382142,pay pal,completed,427.3045867382142,Branch E,Vienna,Austria,Europe,Retail Banking,Stefan,48.2082,16.3738,Medium
T55362,2024-11-26,C4936,Coffee Machine,-2.0,651.74,credit card,Pending,-1303.48,Branch B,Berlin,Germany,Europe,Retail Banking,John,52.52,13.405,Low
T13498,2024-11-26,C4289,Headphones,,949.9702227078536,pay pal,Completed,,Branch E,Vienna,Austria,Europe,Retail Banking,Stefan,48.2082,16.3738,Low
T21039,2024-11-26,C654,Coffee Machine,-5.0,403.5491286340255,PayPal,Completed,-2017.7456431701276,Branch B,Berlin,Germany,Europe,Retail Banking,John,52.52,13.405,Low
T13443,2024-11-26,C3591,Headphones,9.0,,PayPal,Completed,,Branch E,Vienna,Austria,Europe,Retail Banking,Stefan,48.2082,16.3738,Low
T41938,2024-11-26,C1777,Coffee Machine,-3.0,988.7077019764622,Cash,Failed,-2966.123105929387,Branch B,Berlin,Germany,Europe,Retail Banking,John,52.52,13.405,Low
T47355,2024-11-26,C2946,Tablet,8.0,85.00089773479874,creditcard,,680.0071818783899,Branch C,Paris,France,Europe,Retail Banking,Michael,48.8566,2.3522,Medium
T44743,2024-11-26,C1475,Tablet,2.0,342.84436913875595,creditcard,Pending,685.6887382775119,Branch C,Paris,France,Europe,Retail Banking,Michael,48.8566,2.3522,Medium
T61657,2024-11-26,C190,Headphones,7.0,652.3688630687965,PayPal,Failed,4566.582041481575,Branch E,Vienna,Austria,Europe,Retail Banking,Stefan,48.2082,16.3738,High
T65709,2024-11-26,C999,Headphones,490.0,761.34,creditcard,Completed,373056.60000000003,Branch E,Vienna,Austria,Europe,Retail Banking,Stefan,48.2082,16.3738,High
T37144,2024-11-27,C4455,Coffee Machine,7.0,,credit card,,,Branch B,Berlin,Germany,Europe,Retail Banking,John,52.52,13.405,Low
T57792,2024-11-27,C1116,Smartphone,,413.8721652315373,PayPal ,Failed,,Branch A,Warsaw,Poland,Europe,Retail Banking,Anna,52.2297,21.0122,Low
T29791,2024-11-27,C685,Tablet,363.0,,credit card,Pending,,Branch C,Paris,France,Europe,Retail Banking,Michael,48.8566,2.3522,Low
T76479,2024-11-27,C2101,Laptop,1.0,,PayPal ,complete,,Branch D,Prague,Czechia,Europe,Retail Banking,Elena,50.0755,14.4378,Low
T54439,2024-11-27,C2520,Coffee Machine,10.0,396.2676990553952,PayPal ,Completed,3962.6769905539522,Branch B,Berlin,Germany,Europe,Retail Banking,John,52.52,13.405,High
T41308,2024-11-27,C2919,Headphones,666.0,952.7543634662516,creditcard,Pending,634534.4060685235,Branch E,Vienna,Austria,Europe,Retail Banking,Stefan,48.2082,16.3738,High
T99320,2024-11-27,C1249,Headphones,370.0,,Credit Card,Completed,,Branch E,Vienna,Austria,Europe,Retail Banking,Stefan,48.2082,16.3738,Low
T78857,2024-11-27,C3602,Headphones,251.0,244.72582318963805,Cash,Pending,61426.18162059915,Branch E,Vienna,Austria,Europe,Retail Banking,Stefan,48.2082,16.3738,High
T67767,2024-11-27,C3488,Smartphone,10.0,937.0169174351852,Cash,,9370.169174351851,Branch A,Warsaw,Poland,Europe,Retail Banking,Anna,52.2297,21.0122,High
T52708,2024-11-27,C869,Headphones,,199.8604839759929,creditcard,completed,,Branch E,Vienna,Austria,Europe,Retail Banking,Stefan,48.2082,16.3738,Low
T82387,2024-11-27,C1907,Smartphone,-10.0,256.52143983879097,Credit Card,Completed,-2565.2143983879096,Branch A,Warsaw,Poland,Europe,Retail Banking,Anna,52.2297,21.0122,Low
,2024-11-27,C3030,Headphones,,593.62,PayPal,,,Branch E,Vienna,Austria,Europe,Retail Banking,Stefan,48.2082,16.3738,Low
T72943,2024-11-27,C1609,Smartphone,8.0,646.6664965297629,creditcard,complete,5173.331972238103,Branch A,Warsaw,Poland,Europe,Retail Banking,Anna,52.2297,21.0122,High
T73210,2024-11-27,C389,Coffee Machine,-9.0,699.5254563306593,credit card,completed,-6295.729106975933,Branch B,Berlin,Germany,Europe,Retail Banking,John,52.52,13.405,Low
T14929,2024-11-27,C051,Smartphone,469.0,402.5145389159441,credit card,Completed,188779.31875157778,Branch A,Warsaw,Poland,Europe,Retail Banking,Anna,52.2297,21.0122,High
T12499,2024-11-27,C1225,Coffee Machine,-3.0,349.6453452096838,PayPal,completed,-1048.9360356290513,Branch B,Berlin,Germany,Europe,Retail Banking,John,52.52,13.405,Low
T39513,2024-11-27,C2010,Coffee Machine,292.0,,Cash,Completed,,Branch B,Berlin,Germany,Europe,Retail Banking,John,52.52,13.405,Low
,2024-11-28,C1798,Tablet,-7.0,95.63,credit card,Pending,-669.41,Branch C,Paris,France,Europe,Retail Banking,Michael,48.8566,2.3522,Low
T49318,2024-11-28,C3823,Headphones,5.0,400.94,pay pal,Completed,2004.7,Branch E,Vienna,Austria,Europe,Retail Banking,Stefan,48.2082,16.3738,High
T10796,2024-11-28,C984,Tablet,373.0,,Credit Card,Pending,,Branch C,Paris,France,Europe,Retail Banking,Michael,48.8566,2.3522,Low
T80611,2024-11-28,C115,Coffee Machine,507.0,,Cash,complete,,Branch B,Berlin,Germany,Europe,Retail Banking,John,52.52,13.405,Low
T93946,2024-11-28,C3163,Tablet,923.0,,PayPal,Failed,,Branch C,Paris,France,Europe,Retail Banking,Michael,48.8566,2.3522,Low
T94281,2024-11-28,C096,Laptop,1.0,843.8740762447834,PayPal ,complete,843.8740762447834,Branch D,Prague,Czechia,Europe,Retail Banking,Elena,50.0755,14.4378,Medium
T88287,2024-11-28,C2494,Headphones,-10.0,,credit card,,,Branch E,Vienna,Austria,Europe,Retail Banking,Stefan,48.2082,16.3738,Low
,2024-11-28,C175,Smartphone,515.0,,creditcard,,,Branch A,Warsaw,Poland,Europe,Retail Banking,Anna,52.2297,21.0122,Low
T40950,2024-11-28,C1953,Coffee Machine,-5.0,,PayPal ,Completed,,Branch B,Berlin,Germany,Europe,Retail Banking,John,52.52,13.405,Low
T57971,2024-11-28,C1053,Coffee Machine,,,Credit Card,completed,,Branch B,Berlin,Germany,Europe,Retail Banking,John,52.52,13.405,Low
T25135,2024-11-28,C2487,Coffee Machine,-4.0,650.397243160328,pay pal,Failed,-2601.588972641312,Branch B,Berlin,Germany,Europe,Retail Banking,John,52.52,13.405,Low
T9929,2024-11-28,C1980,Coffee Machine,289.0,,PayPal ,Failed,,Branch B,Berlin,Germany,Europe,Retail Banking,John,52.52,13.405,Low
T49450,2024-11-28,C064,Headphones,-1.0,657.74,Credit Card,completed,-657.74,Branch E,Vienna,Austria,Europe,Retail Banking,Stefan,48.2082,16.3738,Low
T34893,2024-11-28,C930,Laptop,-9.0,741.3638253751343,PayPal,Failed,-6672.274428376209,Branch D,Prague,Czechia,Europe,Retail Banking,Elena,50.0755,14.4378,Low
T86877,2024-11-28,C2469,Laptop,-8.0,252.31,pay pal,,-2018.48,Branch D,Prague,Czechia,Europe,Retail Banking,Elena,50.0755,14.4378,Low
T61677,2024-11-28,C2845,Laptop,5.0,,Cash,,,Branch D,Prague,Czechia,Europe,Retail Banking,Elena,50.0755,14.4378,Low
T4178,2024-11-28,C3641,Laptop,728.0,,PayPal,,,Branch D,Prague,Czechia,Europe,Retail Banking,Elena,50.0755,14.4378,Low
T99322,2024-11-28,C4546,Laptop,3.0,,PayPal ,Pending,,Branch D,Prague,Czechia,Europe,Retail Banking,Elena,50.0755,14.4378,Low
T84339,2024-11-28,C4542,Headphones,10.0,532.8888817700931,creditcard,complete,5328.888817700931,Branch E,Vienna,Austria,Europe,Retail Banking,Stefan,48.2082,16.3738,High
T16026,2024-11-28,,Coffee Machine,8.0,798.7,PayPal ,Failed,6389.6,Branch B,Berlin,Germany,Europe,Retail Banking,John,52.52,13.405,High
T58873,2024-11-29,C190,Laptop,-3.0,211.2886135004907,creditcard,complete,-633.8658405014721,Branch D,Prague,Czechia,Europe,Retail Banking,Elena,50.0755,14.4378,Low
T15168,2024-11-29,C1760,Tablet,970.0,532.4491688957446,creditcard,Failed,516475.6938288723,Branch C,Paris,France,Europe,Retail Banking,Michael,48.8566,2.3522,High
,2024-11-29,C3438,Laptop,10.0,,Cash,Failed,,Branch D,Prague,Czechia,Europe,Retail Banking,Elena,50.0755,14.4378,Low
T72242,2024-11-29,C4450,Headphones,693.0,461.0314404021848,Credit Card,Completed,319494.788198714,Branch E,Vienna,Austria,Europe,Retail Banking,Stefan,48.2082,16.3738,High
T5271,2024-11-29,C344,Laptop,477.0,,Cash,Failed,,Branch D,Prague,Czechia,Europe,Retail Banking,Elena,50.0755,14.4378,Low
T4172,2024-11-29,C4316,Laptop,2.0,902.4172528427308,PayPal ,Completed,1804.8345056854616,Branch D,Prague,Czechia,Europe,Retail Banking,Elena,50.0755,14.4378,High
T69436,2024-11-29,C4744,Smartphone,3.0,74.91400423663538,PayPal ,completed,224.74201270990613,Branch A,Warsaw,Poland,Europe,Retail Banking,Anna,52.2297,21.0122,Medium
T84880,2024-11-29,C2865,Smartphone,-3.0,703.2084064577488,creditcard,,-2109.625219373246,Branch A,Warsaw,Poland,Europe,Retail Banking,Anna,52.2297,21.0122,Low
T87082,2024-11-29,C1996,Coffee Machine,276.0,,credit card,Pending,,Branch B,Berlin,Germany,Europe,Retail Banking,John,52.52,13.405,Low
T42795,2024-11-29,C233,Tablet,7.0,,pay pal,Failed,,Branch C,Paris,France,Europe,Retail Banking,Michael,48.8566,2.3522,Low
T55277,2024-11-29,C2987,Laptop,5.0,,Credit Card,complete,,Branch D,Prague,Czechia,Europe,Retail Banking,Elena,50.0755,14.4378,Low
T84530,2024-11-29,C2523,Tablet,-1.0,862.247287385347,Credit Card,,-862.247287385347,Branch C,Paris,France,Europe,Retail Banking,Michael,48.8566,2.3522,Low
T23846,2024-11-29,C2031,Headphones,160.0,281.7793604212874,Credit Card,completed,45084.697667405984,Branch E,Vienna,Austria,Europe,Retail Banking,Stefan,48.2082,16.3738,High
T18691,2024-11-29,C1063,Laptop,-6.0,823.0130827173581,pay pal,Completed,-4938.078496304149,Branch D,Prague,Czechia,Europe,Retail Banking,Elena,50.0755,14.4378,Low
T19423,2024-11-29,C4347,Headphones,,721.7148471235098,PayPal ,Pending,,Branch E,Vienna,Austria,Europe,Retail Banking,Stefan,48.2082,16.3738,Low
T29298,2024-11-29,C3927,Laptop,217.0,686.4335841956374,pay pal,Failed,148956.08777045333,Branch D,Prague,Czechia,Europe,Retail Banking,Elena,50.0755,14.4378,High
T11025,2024-11-29,C3927,Smartphone,-4.0,,PayPal ,complete,,Branch A,Warsaw,Poland,Europe,Retail Banking,Anna,52.2297,21.0122,Low
T5941,2024-11-29,C1576,Laptop,-9.0,868.1142723470196,Cash,Completed,-7813.028451123176,Branch D,Prague,Czechia,Europe,Retail Banking,Elena,50.0755,14.4378,Low
T64901,2024-11-30,C2594,Headphones,-4.0,537.8496788670348,PayPal ,completed,-2151.398715468139,Branch E,Vienna,Austria,Europe,Retail Banking,Stefan,48.2082,16.3738,Low
T14828,2024-11-30,C3763,Laptop,579.0,,creditcard,complete,,Branch D,Prague,Czechia,Europe,Retail Banking,Elena,50.0755,14.4378,Low
T67639,2024-11-30,C2392,Smartphone,4.0,991.9815858826544,Credit Card,Completed,3967.9263435306175,Branch A,Warsaw,Poland,Europe,Retail Banking,Anna,52.2297,21.0122,High
T33994,2024-11-30,C1525,Coffee Machine,4.0,431.9929511896492,PayPal ,,1727.9718047585968,Branch B,Berlin,Germany,Europe,Retail Banking,John,52.52,13.405,High
T22831,2024-11-30,C3867,Smartphone,-10.0,536.7033191223426,pay pal,Failed,-5367.033191223426,Branch A,Warsaw,Poland,Europe,Retail Banking,Anna,52.2297,21.0122,Low
T96363,2024-11-30,C3132,Headphones,769.0,338.41107619046363,Credit Card,completed,260238.11759046654,Branch E,Vienna,Austria,Europe,Retail Banking,Stefan,48.2082,16.3738,High
T98602,2024-11-30,C1414,Smartphone,-7.0,,pay pal,complete,,Branch A,Warsaw,Poland,Europe,Retail Banking,Anna,52.2297,21.0122,Low
T63494,2024-11-30,C4209,Smartphone,-5.0,830.2209585491262,creditcard,completed,-4151.104792745631,Branch A,Warsaw,Poland,Europe,Retail Banking,Anna,52.2297,21.0122,Low
T58145,2024-11-30,C2953,Coffee Machine,645.0,,PayPal,Pending,,Branch B,Berlin,Germany,Europe,Retail Banking,John,52.52,13.405,Low
T56968,2024-11-30,C245,Coffee Machine,451.0,,creditcard,Pending,,Branch B,Berlin,Germany,Europe,Retail Banking,John,52.52,13.405,Low
T20194,2024-11-30,C1494,Tablet,163.0,820.6936550761665,credit card,Pending,133773.06577741515,Branch C,Paris,France,Europe,Retail Banking,Michael,48.8566,2.3522,High
T9917,2024-12-01,C3977,Laptop,3.0,456.8944470413636,PayPal ,completed,1370.683341124091,Branch D,Prague,Czechia,Europe,Retail Banking,Elena,50.0755,14.4378,High
T72404,2024-12-01,C211,Tablet,339.0,,creditcard,completed,,Branch C,Paris,France,Europe,Retail Banking,Michael,48.8566,2.3522,Low
T55021,2024-12-01,C744,Laptop,559.0,319.7184484927935,pay pal,Completed,178722.6127074716,Branch D,Prague,Czechia,Europe,Retail Banking,Elena,50.0755,14.4378,High
T79633,2024-12-01,C3678,Headphones,-2.0,864.7730026625354,pay pal,Pending,-1729.5460053250708,Branch E,Vienna,Austria,Europe,Retail Banking,Stefan,48.2082,16.3738,Low
T69376,2024-12-01,C1952,Tablet,-3.0,332.01164137704734,credit card,completed,-996.034924131142,Branch C,Paris,France,Europe,Retail Banking,Michael,48.8566,2.3522,Low
T36627,2024-12-01,,Smartphone,219.0,776.8826711480582,pay pal,Failed,170137.30498142474,Branch A,Warsaw,Poland,Europe,Retail Banking,Anna,52.2297,21.0122,High
,2024-12-01,C464,Headphones,441.0,343.2817320824616,Credit Card,Completed,151387.24384836556,Branch E,Vienna,Austria,Europe,Retail Banking,Stefan,48.2082,16.3738,High
T45179,2024-12-01,C4100,Smartphone,288.0,,PayPal ,Pending,,Branch A,Warsaw,Poland,Europe,Retail Banking,Anna,52.2297,21.0122,Low
T94083,2024-12-01,C1641,Tablet,591.0,923.0919284850552,PayPal ,,545547.3297346676,Branch C,Paris,France,Europe,Retail Banking,Michael,48.8566,2.3522,High
T45961,2024-12-01,C1462,Tablet,363.0,,pay pal,,,Branch C,Paris,France,Europe,Retail Banking,Michael,48.8566,2.3522,Low
T20448,2024-12-01,C3762,Tablet,-9.0,,PayPal ,Completed,,Branch C,Paris,France,Europe,Retail Banking,Michael,48.8566,2.3522,Low
T83188,2024-12-01,C2749,Headphones,5.0,,credit card,Pending,,Branch E,Vienna,Austria,Europe,Retail Banking,Stefan,48.2082,16.3738,Low
T44350,2024-12-01,C3406,Laptop,-1.0,,Cash,Completed,,Branch D,Prague,Czechia,Europe,Retail Banking,Elena,50.0755,14.4378,Low
T53598,2024-12-01,C1514,Coffee Machine,422.0,,PayPal ,,,Branch B,Berlin,Germany,Europe,Retail Banking,John,52.52,13.405,Low
T90123,2024-12-01,C2745,Coffee Machine,9.0,148.88909282079476,Cash,Completed,1340.0018353871528,Branch B,Berlin,Germany,Europe,Retail Banking,John,52.52,13.405,High
T52442,2024-12-01,C3065,Coffee Machine,9.0,962.2119336337814,credit card,,8659.907402704033,Branch B,Berlin,Germany,Europe,Retail Banking,John,52.52,13.405,High
T24671,2024-12-01,C3734,Laptop,-2.0,295.54,pay pal,complete,-591.08,Branch D,Prague,Czechia,Europe,Retail Banking,Elena,50.0755,14.4378,Low
T65604,2024-12-02,C3308,Laptop,210.0,,PayPal,complete,,Branch D,Prague,Czechia,Europe,Retail Banking,Elena,50.0755,14.4378,Low
T49811,2024-12-02,C3289,Headphones,406.0,842.0675861829473,creditcard,Failed,341879.4399902766,Branch E,Vienna,Austria,Europe,Retail Banking,Stefan,48.2082,16.3738,High
T18597,2024-12-02,C717,Tablet,7.0,214.01012232814503,credit card,Pending,1498.0708562970153,Branch C,Paris,France,Europe,Retail Banking,Michael,48.8566,2.3522,High
T95100,2024-12-02,C3620,Tablet,-6.0,656.3467113029976,pay pal,completed,-3938.0802678179857,Branch C,Paris,France,Europe,Retail Banking,Michael,48.8566,2.3522,Low
T88827,2024-12-02,C4024,Smartphone,410.0,575.2755544033477,pay pal,,235862.97730537254,Branch A,Warsaw,Poland,Europe,Retail Banking,Anna,52.2297,21.0122,High
T66059,2024-12-02,C2526,Headphones,-6.0,289.3995763034341,creditcard,,-1736.3974578206048,Branch E,Vienna,Austria,Europe,Retail Banking,Stefan,48.2082,16.3738,Low
T16239,2024-12-02,C1725,Coffee Machine,3.0,881.347845766524,creditcard,,2644.0435372995717,Branch B,Berlin,Germany,Europe,Retail Banking,John,52.52,13.405,High
T63481,2024-12-02,C4596,Coffee Machine,5.0,413.9833223039674,PayPal,Pending,2069.916611519837,Branch B,Berlin,Germany,Europe,Retail Banking,John,52.52,13.405,High
T89063,2024-12-02,C2912,Laptop,-2.0,800.9184692876208,Credit Card,Completed,-1601.8369385752417,Branch D,Prague,Czechia,Europe,Retail Banking,Elena,50.0755,14.4378,Low
T54416,2024-12-02,C370,Smartphone,,631.0093209094262,Credit Card,,,Branch A,Warsaw,Poland,Europe,Retail Banking,Anna,52.2297,21.0122,Low
T83639,2024-12-02,C3007,Coffee Machine,-6.0,773.5441387367975,Cash,Failed,-4641.264832420786,Branch B,Berlin,Germany,Europe,Retail Banking,John,52.52,13.405,Low
,2024-12-02,C2646,Headphones,6.0,248.41,Credit Card,Completed,1490.46,Branch E,Vienna,Austria,Europe,Retail Banking,Stefan,48.2082,16.3738,High
T38497,2024-12-03,C4584,Coffee Machine,-3.0,382.3524764373292,Cash,Completed,-1147.0574293119876,Branch B,Berlin,Germany,Europe,Retail Banking,John,52.52,13.405,Low
T99571,2024-12-03,C2837,Smartphone,8.0,,pay pal,Failed,,Branch A,Warsaw,Poland,Europe,Retail Banking,Anna,52.2297,21.0122,Low
T92382,2024-12-03,C4591,Smartphone,-8.0,730.8683456165745,PayPal,Pending,-5846.946764932596,Branch A,Warsaw,Poland,Europe,Retail Banking,Anna,52.2297,21.0122,Low
T77326,2024-12-03,C3841,Coffee Machine,-3.0,,PayPal,Pending,,Branch B,Berlin,Germany,Europe,Retail Banking,John,52.52,13.405,Low
T93598,2024-12-03,C1555,Coffee Machine,137.0,928.2390838735514,PayPal ,Completed,127168.75449067654,Branch B,Berlin,Germany,Europe,Retail Banking,John,52.52,13.405,High
T16840,2024-12-03,C2529,Coffee Machine,6.0,569.2922313957661,credit card,completed,3415.7533883745964,Branch B,Berlin,Germany,Europe,Retail Banking,John,52.52,13.405,High
T3297,2024-12-03,C1871,Smartphone,692.0,437.87,PayPal,completed,303006.04,Branch A,Warsaw,Poland,Europe,Retail Banking,Anna,52.2297,21.0122,High
T59580,2024-12-03,C4756,Smartphone,9.0,694.0966240501328,pay pal,,6246.869616451196,Branch A,Warsaw,Poland,Europe,Retail Banking,Anna,52.2297,21.0122,High
T48644,2024-12-03,C045,Headphones,4.0,,Cash,complete,,Branch E,Vienna,Austria,Europe,Retail Banking,Stefan,48.2082,16.3738,Low
T4790,2024-12-03,C2711,Smartphone,283.0,679.7985872600588,pay pal,Completed,192383.00019459662,Branch A,Warsaw,Poland,Europe,Retail Banking,Anna,52.2297,21.0122,High
T25299,2024-12-03,C4548,Coffee Machine,-5.0,556.8388915199823,PayPal ,complete,-2784.1944575999114,Branch B,Berlin,Germany,Europe,Retail Banking,John,52.52,13.405,Low
T37227,2024-12-03,C1951,Headphones,8.0,689.417865096405,Credit Card,complete,5515.34292077124,Branch E,Vienna,Austria,Europe,Retail Banking,Stefan,48.2082,16.3738,High
T27975,2024-12-03,C2281,Smartphone,-6.0,,credit card,,,Branch A,Warsaw,Poland,Europe,Retail Banking,Anna,52.2297,21.0122,Low
T88835,2024-12-03,C3556,Tablet,-6.0,314.8261911880625,creditcard,Completed,-1888.9571471283753,Branch C,Paris,France,Europe,Retail Banking,Michael,48.8566,2.3522,Low
T44158,2024-12-03,C755,Tablet,445.0,298.2334329683692,PayPal,,132713.8776709243,Branch C,Paris,France,Europe,Retail Banking,Michael,48.8566,2.3522,High
T30788,2024-12-04,C2903,Tablet,917.0,363.7040649675096,Cash,Pending,333516.62757520634,Branch C,Paris,France,Europe,Retail Banking,Michael,48.8566,2.3522,High
T44897,2024-12-04,C2761,Coffee Machine,-6.0,467.8422150887958,creditcard,Completed,-2807.0532905327746,Branch B,Berlin,Germany,Europe,Retail Banking,John,52.52,13.405,Low
T95461,2024-12-04,C3983,Smartphone,3.0,947.6199286965992,creditcard,complete,2842.8597860897976,Branch A,Warsaw,Poland,Europe,Retail Banking,Anna,52.2297,21.0122,High
T98916,2024-12-04,C1005,Smartphone,-4.0,580.7506692021764,PayPal,complete,-2323.0026768087055,Branch A,Warsaw,Poland,Europe,Retail Banking,Anna,52.2297,21.0122,Low
T60935,2024-12-04,C097,Coffee Machine,9.0,,Credit Card,Failed,,Branch B,Berlin,Germany,Europe,Retail Banking,John,52.52,13.405,Low
T45105,2024-12-04,C1991,Headphones,-10.0,,PayPal ,Failed,,Branch E,Vienna,Austria,Europe,Retail Banking,Stefan,48.2082,16.3738,Low
T70186,2024-12-04,C4801,Headphones,480.0,,credit card,Pending,,Branch E,Vienna,Austria,Europe,Retail Banking,Stefan,48.2082,16.3738,Low
T27842,2024-12-04,C2483,Coffee Machine,2.0,,credit card,Completed,,Branch B,Berlin,Germany,Europe,Retail Banking,John,52.52,13.405,Low
T62760,2024-12-04,C075,Headphones,-1.0,,PayPal,complete,,Branch E,Vienna,Austria,Europe,Retail Banking,Stefan,48.2082,16.3738,Low
T87348,2024-12-04,C3575,Laptop,943.0,72.03057812846035,creditcard,Pending,67924.83517513811,Branch D,Prague,Czechia,Europe,Retail Banking,Elena,50.0755,14.4378,High
T40486,2024-12-04,C1648,Smartphone,-8.0,192.74190658539223,pay pal,complete,-1541.9352526831378,Branch A,Warsaw,Poland,Europe,Retail Banking,Anna,52.2297,21.0122,Low
T62798,2024-12-04,C2703,Smartphone,-2.0,807.0018818705611,PayPal ,Completed,-1614.0037637411222,Branch A,Warsaw,Poland,Europe,Retail Banking,Anna,52.2297,21.0122,Low
T88352,2024-12-04,C2150,Coffee Machine,911.0,608.2064740709802,Credit Card,complete,554076.097878663,Branch B,Berlin,Germany,Europe,Retail Banking,John,52.52,13.405,High
T32791,2024-12-04,C4798,Tablet,-2.0,463.50792842080335,Cash,,-927.0158568416067,Branch C,Paris,France,Europe,Retail Banking,Michael,48.8566,2.3522,Low
T30518,2024-12-04,C1672,Headphones,10.0,315.1465126225742,PayPal,Pending,3151.465126225742,Branch E,Vienna,Austria,Europe,Retail Banking,Stefan,48.2082,16.3738,High
T64298,2024-12-04,C2920,Coffee Machine,8.0,,creditcard,Completed,,Branch B,Berlin,Germany,Europe,Retail Banking,John,52.52,13.405,Low
T64652,2024-12-04,C920,Laptop,189.0,709.8847899600964,credit card,complete,134168.22530245822,Branch D,Prague,Czechia,Europe,Retail Banking,Elena,50.0755,14.4378,High
T81303,2024-12-05,C1276,Smartphone,-4.0,335.3353321952274,PayPal,Completed,-1341.3413287809096,Branch A,Warsaw,Poland,Europe,Retail Banking,Anna,52.2297,21.0122,Low
T47347,2024-12-05,C1366,Tablet,-1.0,70.93849825067173,credit card,Pending,-70.93849825067173,Branch C,Paris,France,Europe,Retail Banking,Michael,48.8566,2.3522,Low
T62022,2024-12-05,C042,Coffee Machine,205.0,128.44669213835567,pay pal,Pending,26331.571888362912,Branch B,Berlin,Germany,Europe,Retail Banking,John,52.52,13.405,High
T26946,2024-12-05,C4041,Coffee Machine,997.0,89.85,Credit Card,,89580.45,Branch B,Berlin,Germany,Europe,Retail Banking,John,52.52,13.405,High
T53359,2024-12-05,C533,Smartphone,-7.0,348.5268296798096,PayPal ,Failed,-2439.6878077586675,Branch A,Warsaw,Poland,Europe,Retail Banking,Anna,52.2297,21.0122,Low
T14217,2024-12-05,C2028,Tablet,872.0,284.9450744493698,Cash,complete,248472.10491985048,Branch C,Paris,France,Europe,Retail Banking,Michael,48.8566,2.3522,High
T77989,2024-12-05,C1972,Tablet,932.0,630.2449061295384,pay pal,completed,587388.2525127298,Branch C,Paris,France,Europe,Retail Banking,Michael,48.8566,2.3522,High
T99039,2024-12-05,C2743,Headphones,-1.0,116.64202939127853,PayPal ,completed,-116.64202939127853,Branch E,Vienna,Austria,Europe,Retail Banking,Stefan,48.2082,16.3738,Low
T27687,2024-12-05,C4111,Tablet,-8.0,,Cash,completed,,Branch C,Paris,France,Europe,Retail Banking,Michael,48.8566,2.3522,Low
T69077,2024-12-05,,Tablet,959.0,,credit card,Completed,,Branch C,Paris,France,Europe,Retail Banking,Michael,48.8566,2.3522,Low
T75335,2024-12-05,C685,Smartphone,,471.2636488991144,pay pal,Pending,,Branch A,Warsaw,Poland,Europe,Retail Banking,Anna,52.2297,21.0122,Low
T34952,2024-12-06,C4351,Headphones,-1.0,266.9935441803366,Cash,Completed,-266.9935441803366,Branch E,Vienna,Austria,Europe,Retail Banking,Stefan,48.2082,16.3738,Low
T29527,2024-12-06,C2015,Smartphone,7.0,,pay pal,Completed,,Branch A,Warsaw,Poland,Europe,Retail Banking,Anna,52.2297,21.0122,Low
T89373,2024-12-06,C080,Coffee Machine,855.0,449.6694714378755,Cash,Completed,384467.39807938354,Branch B,Berlin,Germany,Europe,Retail Banking,John,52.52,13.405,High
T33753,2024-12-06,C1920,Laptop,1.0,393.0,PayPal ,Failed,393.0,Branch D,Prague,Czechia,Europe,Retail Banking,Elena,50.0755,14.4378,Medium
T29205,2024-12-06,C1448,Smartphone,3.0,684.7400499315902,PayPal ,Failed,2054.220149794771,Branch A,Warsaw,Poland,Europe,Retail Banking,Anna,52.2297,21.0122,High
T71601,2024-12-06,C2314,Laptop,5.0,,Cash,Failed,,Branch D,Prague,Czechia,Europe,Retail Banking,Elena,50.0755,14.4378,Low
T91278,2024-12-06,C4625,Tablet,-3.0,346.3207924497688,Credit Card,Failed,-1038.9623773493065,Branch C,Paris,France,Europe,Retail Banking,Michael,48.8566,2.3522,Low
T85726,2024-12-06,C582,Smartphone,-1.0,776.2581267897867,Credit Card,,-776.2581267897867,Branch A,Warsaw,Poland,Europe,Retail Banking,Anna,52.2297,21.0122,Low
T44260,2024-12-06,C2896,Headphones,-4.0,477.1489736014918,creditcard,Pending,-1908.595894405967,Branch E,Vienna,Austria,Europe,Retail Banking,Stefan,48.2082,16.3738,Low
T21141,2024-12-06,C093,Smartphone,10.0,,pay pal,Pending,,Branch A,Warsaw,Poland,Europe,Retail Banking,Anna,52.2297,21.0122,Low
T22050,2024-12-06,C3263,Tablet,,440.325262504945,PayPal ,complete,,Branch C,Paris,France,Europe,Retail Banking,Michael,48.8566,2.3522,Low
T47656,2024-12-06,C608,Smartphone,747.0,367.26,Cash,complete,274343.22,Branch A,Warsaw,Poland,Europe,Retail Banking,Anna,52.2297,21.0122,High
T19408,2024-12-06,C2310,Tablet,-5.0,757.05,credit card,Failed,-3785.25,Branch C,Paris,France,Europe,Retail Banking,Michael,48.8566,2.3522,Low
T14693,2024-12-06,C1814,Laptop,3.0,963.149955939173,pay pal,Failed,2889.4498678175187,Branch D,Prague,Czechia,Europe,Retail Banking,Elena,50.0755,14.4378,High
T79892,2024-12-06,C4123,Coffee Machine,5.0,110.80546171743504,creditcard,,554.0273085871752,Branch B,Berlin,Germany,Europe,Retail Banking,John,52.52,13.405,Medium
T23412,2024-12-06,C493,Laptop,1.0,847.1061544820628,PayPal ,,847.1061544820628,Branch D,Prague,Czechia,Europe,Retail Banking,Elena,50.0755,14.4378,Medium
T86674,2024-12-06,C991,Laptop,-7.0,433.6022015976466,credit card,Completed,-3035.215411183526,Branch D,Prague,Czechia,Europe,Retail Banking,Elena,50.0755,14.4378,Low
T16373,2024-12-06,C1087,Coffee Machine,469.0,737.153627025552,Credit Card,,345725.0510749839,Branch B,Berlin,Germany,Europe,Retail Banking,John,52.52,13.405,High
T43189,2024-12-06,C2053,Coffee Machine,-6.0,,credit card,Completed,,Branch B,Berlin,Germany,Europe,Retail Banking,John,52.52,13.405,Low
T41879,2024-12-07,C4204,Headphones,354.0,380.9050709464858,credit card,completed,134840.395115056,Branch E,Vienna,Austria,Europe,Retail Banking,Stefan,48.2082,16.3738,High
T52872,2024-12-07,C1118,Laptop,10.0,,PayPal,complete,,Branch D,Prague,Czechia,Europe,Retail Banking,Elena,50.0755,14.4378,Low
T87881,2024-12-07,C1298,Laptop,-7.0,368.004002028344,pay pal,Pending,-2576.028014198408,Branch D,Prague,Czechia,Europe,Retail Banking,Elena,50.0755,14.4378,Low
T28675,2024-12-07,,Smartphone,1.0,50.19396877561835,Cash,Completed,50.19396877561835,Branch A,Warsaw,Poland,Europe,Retail Banking,Anna,52.2297,21.0122,Low
,2024-12-07,C1146,Laptop,-8.0,327.4,Credit Card,Completed,-2619.2,Branch D,Prague,Czechia,Europe,Retail Banking,Elena,50.0755,14.4378,Low
T41279,2024-12-07,C008,Headphones,7.0,64.11935715290345,Credit Card,Failed,448.83550007032414,Branch E,Vienna,Austria,Europe,Retail Banking,Stefan,48.2082,16.3738,Medium
,2024-12-07,C4932,Tablet,337.0,,Credit Card,complete,,Branch C,Paris,France,Europe,Retail Banking,Michael,48.8566,2.3522,Low
T56615,2024-12-07,C2226,Headphones,432.0,89.14213906563319,pay pal,complete,38509.40407635354,Branch E,Vienna,Austria,Europe,Retail Banking,Stefan,48.2082,16.3738,High
,2024-12-07,C4294,Coffee Machine,4.0,,Credit Card,complete,,Branch B,Berlin,Germany,Europe,Retail Banking,John,52.52,13.405,Low
T83565,2024-12-07,C3266,Tablet,555.0,532.0555674750926,pay pal,Pending,295290.8399486764,Branch C,Paris,France,Europe,Retail Banking,Michael,48.8566,2.3522,High
T67920,2024-12-07,C1799,Tablet,-8.0,748.8814066888655,PayPal,complete,-5991.051253510924,Branch C,Paris,France,Europe,Retail Banking,Michael,48.8566,2.3522,Low
T14655,2024-12-07,C616,Smartphone,7.0,889.0879000635199,PayPal ,Failed,6223.61530044464,Branch A,Warsaw,Poland,Europe,Retail Banking,Anna,52.2297,21.0122,High
T80113,2024-12-07,C4869,Smartphone,930.0,457.3927285003033,pay pal,Completed,425375.23750528204,Branch A,Warsaw,Poland,Europe,Retail Banking,Anna,52.2297,21.0122,High
T16279,2024-12-08,C1646,Laptop,10.0,688.0091794783953,creditcard,Completed,6880.0917947839525,Branch D,Prague,Czechia,Europe,Retail Banking,Elena,50.0755,14.4378,High
T64680,2024-12-08,C2423,Smartphone,9.0,422.0426728570759,Credit Card,completed,3798.384055713683,Branch A,Warsaw,Poland,Europe,Retail Banking,Anna,52.2297,21.0122,High
,2024-12-08,C1515,Headphones,7.0,702.2184867925153,PayPal,Completed,4915.529407547607,Branch E,Vienna,Austria,Europe,Retail Banking,Stefan,48.2082,16.3738,High
T80516,2024-12-08,C1968,Smartphone,-7.0,271.4740916519441,PayPal ,Completed,-1900.3186415636087,Branch A,Warsaw,Poland,Europe,Retail Banking,Anna,52.2297,21.0122,Low
T17200,2024-12-08,C536,Smartphone,3.0,,credit card,Completed,,Branch A,Warsaw,Poland,Europe,Retail Banking,Anna,52.2297,21.0122,Low
T83856,2024-12-08,C4971,Headphones,-1.0,,credit card,Completed,,Branch E,Vienna,Austria,Europe,Retail Banking,Stefan,48.2082,16.3738,Low
T36657,2024-12-08,C1176,Coffee Machine,-5.0,,PayPal ,complete,,Branch B,Berlin,Germany,Europe,Retail Banking,John,52.52,13.405,Low
T50786,2024-12-08,C841,Smartphone,491.0,,credit card,Pending,,Branch A,Warsaw,Poland,Europe,Retail Banking,Anna,52.2297,21.0122,Low
T57900,2024-12-08,C4375,Smartphone,9.0,740.5117848849684,PayPal,completed,6664.606063964716,Branch A,Warsaw,Poland,Europe,Retail Banking,Anna,52.2297,21.0122,High
T31692,2024-12-08,C3898,Tablet,895.0,674.0088233588508,PayPal,Pending,603237.8969061715,Branch C,Paris,France,Europe,Retail Banking,Michael,48.8566,2.3522,High
T72264,2024-12-09,C1459,Coffee Machine,504.0,,Credit Card,Completed,,Branch B,Berlin,Germany,Europe,Retail Banking,John,52.52,13.405,Low
T13549,2024-12-09,C1701,Laptop,589.0,936.5800697732938,PayPal,,551645.6610964701,Branch D,Prague,Czechia,Europe,Retail Banking,Elena,50.0755,14.4378,High
,2024-12-09,C2168,Tablet,5.0,,pay pal,Completed,,Branch C,Paris,France,Europe,Retail Banking,Michael,48.8566,2.3522,Low
T10307,2024-12-09,C2014,Headphones,570.0,852.6412181129068,PayPal,Pending,486005.4943243569,Branch E,Vienna,Austria,Europe,Retail Banking,Stefan,48.2082,16.3738,High
T89557,2024-12-09,C1394,Tablet,4.0,182.30558574026304,creditcard,,729.2223429610522,Branch C,Paris,France,Europe,Retail Banking,Michael,48.8566,2.3522,Medium
T75248,2024-12-09,C2015,Tablet,9.0,808.1842383931291,creditcard,Pending,7273.658145538162,Branch C,Paris,France,Europe,Retail Banking,Michael,48.8566,2.3522,High
T56743,2024-12-09,C831,Laptop,10.0,218.46863735436293,Credit Card,Completed,2184.686373543629,Branch D,Prague,Czechia,Europe,Retail Banking,Elena,50.0755,14.4378,High
T56557,2024-12-09,C4738,Tablet,180.0,406.5,Credit Card,complete,73170.0,Branch C,Paris,France,Europe,Retail Banking,Michael,48.8566,2.3522,High
T30649,2024-12-09,C1782,Headphones,-1.0,,credit card,,,Branch E,Vienna,Austria,Europe,Retail Banking,Stefan,48.2082,16.3738,Low
T67793,2024-12-09,C2619,Tablet,4.0,173.1,PayPal ,,692.4,Branch C,Paris,France,Europe,Retail Banking,Michael,48.8566,2.3522,Medium
T10630,2024-12-09,C1701,Tablet,643.0,710.8449862700868,Credit Card,Pending,457073.3261716658,Branch C,Paris,France,Europe,Retail Banking,Michael,48.8566,2.3522,High
T66117,2024-12-09,C432,Smartphone,-4.0,143.71191075032266,PayPal,complete,-574.8476430012906,Branch A,Warsaw,Poland,Europe,Retail Banking,Anna,52.2297,21.0122,Low
T95907,2024-12-09,C4772,Headphones,8.0,,pay pal,Pending,,Branch E,Vienna,Austria,Europe,Retail Banking,Stefan,48.2082,16.3738,Low
T5911,2024-12-09,C2142,Coffee Machine,-8.0,564.5923460525221,pay pal,Failed,-4516.738768420177,Branch B,Berlin,Germany,Europe,Retail Banking,John,52.52,13.405,Low
T80579,2024-12-09,C026,Smartphone,-5.0,714.3793328792483,Cash,complete,-3571.8966643962412,Branch A,Warsaw,Poland,Europe,Retail Banking,Anna,52.2297,21.0122,Low
T17629,2024-12-09,C4065,Coffee Machine,9.0,179.82459426544392,Credit Card,,1618.4213483889953,Branch B,Berlin,Germany,Europe,Retail Banking,John,52.52,13.405,High
T76566,2024-12-09,C2725,Laptop,154.0,970.258204362427,creditcard,complete,149419.76347181376,Branch D,Prague,Czechia,Europe,Retail Banking,Elena,50.0755,14.4378,High
T9552,2024-12-09,C3725,Tablet,830.0,459.89296930297553,credit card,Completed,381711.1645214697,Branch C,Paris,France,Europe,Retail Banking,Michael,48.8566,2.3522,High
T63074,2024-12-09,C363,Headphones,1.0,735.6067260960251,creditcard,Failed,735.6067260960251,Branch E,Vienna,Austria,Europe,Retail Banking,Stefan,48.2082,16.3738,Medium
T92565,2024-12-09,C2250,Headphones,554.0,255.0260371796412,Cash,complete,141284.42459752123,Branch E,Vienna,Austria,Europe,Retail Banking,Stefan,48.2082,16.3738,High
T22218,2024-12-09,C1191,Laptop,-6.0,815.0161305512065,pay pal,,-4890.096783307239,Branch D,Prague,Czechia,Europe,Retail Banking,Elena,50.0755,14.4378,Low
T37079,2024-12-09,C499,Coffee Machine,644.0,845.187228661557,credit card,Failed,544300.5752580427,Branch B,Berlin,Germany,Europe,Retail Banking,John,52.52,13.405,High
T7030,2024-12-09,C4300,Tablet,10.0,937.5680884414126,PayPal ,complete,9375.680884414125,Branch C,Paris,France,Europe,Retail Banking,Michael,48.8566,2.3522,High
T43147,2024-12-10,C815,Tablet,685.0,646.7976153346904,credit card,Pending,443056.3665042629,Branch C,Paris,France,Europe,Retail Banking,Michael,48.8566,2.3522,High
T16323,2024-12-10,C1520,Tablet,3.0,303.65805680022254,pay pal,Completed,910.9741704006676,Branch C,Paris,France,Europe,Retail Banking,Michael,48.8566,2.3522,Medium
T87374,2024-12-10,,Coffee Machine,3.0,409.590132834312,PayPal,complete,1228.770398502936,Branch B,Berlin,Germany,Europe,Retail Banking,John,52.52,13.405,High
T70029,2024-12-10,C1711,Laptop,4.0,,Credit Card,Completed,,Branch D,Prague,Czechia,Europe,Retail Banking,Elena,50.0755,14.4378,Low
T10436,2024-12-10,C3412,Headphones,938.0,238.15437714078757,creditcard,,223388.80575805873,Branch E,Vienna,Austria,Europe,Retail Banking,Stefan,48.2082,16.3738,High
T74922,2024-12-10,C4844,Tablet,-2.0,,credit card,complete,,Branch C,Paris,France,Europe,Retail Banking,Michael,48.8566,2.3522,Low
T86611,2024-12-10,C2562,Laptop,-5.0,400.1803709098396,Credit Card,complete,-2000.901854549198,Branch D,Prague,Czechia,Europe,Retail Banking,Elena,50.0755,14.4378,Low
T11795,2024-12-10,C4125,Laptop,1.0,725.8718826641515,Cash,Completed,725.8718826641515,Branch D,Prague,Czechia,Europe,Retail Banking,Elena,50.0755,14.4378,Medium
T39004,2024-12-10,C1360,Coffee Machine,528.0,,PayPal,Pending,,Branch B,Berlin,Germany,Europe,Retail Banking,John,52.52,13.405,Low
T72428,2024-12-10,,Laptop,-5.0,608.1261862617483,PayPal ,completed,-3040.6309313087418,Branch D,Prague,Czechia,Europe,Retail Banking,Elena,50.0755,14.4378,Low
T95446,2024-12-10,C3495,Tablet,-2.0,629.5161254534959,Credit Card,Failed,-1259.0322509069917,Branch C,Paris,France,Europe,Retail Banking,Michael,48.8566,2.3522,Low
T11101,2024-12-10,C1514,Headphones,961.0,,PayPal,Completed,,Branch E,Vienna,Austria,Europe,Retail Banking,Stefan,48.2082,16.3738,Low
T60706,2024-12-10,C1499,Tablet,995.0,566.0787748539046,pay pal,Pending,563248.380979635,Branch C,Paris,France,Europe,Retail Banking,Michael,48.8566,2.3522,High
T4036,2024-12-10,C4685,Headphones,-1.0,996.0154846026206,credit card,,-996.0154846026206,Branch E,Vienna,Austria,Europe,Retail Banking,Stefan,48.2082,16.3738,Low
T52293,2024-12-10,C322,Headphones,3.0,,creditcard,Failed,,Branch E,Vienna,Austria,Europe,Retail Banking,Stefan,48.2082,16.3738,Low
T24738,2024-12-10,C3367,Tablet,7.0,490.54995572315767,Cash,Pending,3433.8496900621035,Branch C,Paris,France,Europe,Retail Banking,Michael,48.8566,2.3522,High
T9087,2024-12-11,C3781,Smartphone,-6.0,680.4823577409509,credit card,complete,-4082.8941464457052,Branch A,Warsaw,Poland,Europe,Retail Banking,Anna,52.2297,21.0122,Low
T8208,2024-12-11,C2046,Headphones,,832.4823929753313,credit card,Failed,,Branch E,Vienna,Austria,Europe,Retail Banking,Stefan,48.2082,16.3738,Low
T91616,2024-12-11,C4553,Coffee Machine,-2.0,,creditcard,Completed,,Branch B,Berlin,Germany,Europe,Retail Banking,John,52.52,13.405,Low
T55918,2024-12-11,C3805,Laptop,8.0,,PayPal ,,,Branch D,Prague,Czechia,Europe,Retail Banking,Elena,50.0755,14.4378,Low
T96605,2024-12-11,C169,Tablet,820.0,299.2851500104588,creditcard,complete,245413.8230085762,Branch C,Paris,France,Europe,Retail Banking,Michael,48.8566,2.3522,High
T31189,2024-12-11,C399,Coffee Machine,187.0,77.74774121895246,PayPal,Pending,14538.82760794411,Branch B,Berlin,Germany,Europe,Retail Banking,John,52.52,13.405,High
T80019,2024-12-11,C3578,Headphones,-4.0,492.2474223719729,creditcard,,-1968.9896894878916,Branch E,Vienna,Austria,Europe,Retail Banking,Stefan,48.2082,16.3738,Low
T96605,2024-12-11,C169,Tablet,820.0,299.2851500104588,creditcard,complete,245413.8230085762,Branch C,Paris,France,Europe,Retail Banking,Michael,48.8566,2.3522,High
T24317,2024-12-11,C108,Coffee Machine,197.0,,pay pal,completed,,Branch B,Berlin,Germany,Europe,Retail Banking,John,52.52,13.405,Low
T15948,2024-12-11,C2294,Laptop,-5.0,369.14,PayPal,Pending,-1845.6999999999998,Branch D,Prague,Czechia,Europe,Retail Banking,Elena,50.0755,14.4378,Low
T88163,2024-12-11,C2606,Laptop,4.0,901.84268642347,Credit Card,Pending,3607.37074569388,Branch D,Prague,Czechia,Europe,Retail Banking,Elena,50.0755,14.4378,High
T92836,2024-12-11,C4299,Headphones,6.0,,Cash,completed,,Branch E,Vienna,Austria,Europe,Retail Banking,Stefan,48.2082,16.3738,Low
T0526,2024-12-11,C3889,Coffee Machine,3.0,901.392659384538,PayPal,Failed,2704.177978153614,Branch B,Berlin,Germany,Europe,Retail Banking,John,52.52,13.405,High
T89457,2024-12-11,C1556,Smartphone,9.0,307.64244031783244,Credit Card,,2768.781962860492,Branch A,Warsaw,Poland,Europe,Retail Banking,Anna,52.2297,21.0122,High
T34272,2024-12-11,C1437,Smartphone,-10.0,,Cash,Pending,,Branch A,Warsaw,Poland,Europe,Retail Banking,Anna,52.2297,21.0122,Low
T26645,2024-12-11,C3259,Coffee Machine,8.0,142.6019496941634,PayPal ,completed,1140.8155975533073,Branch B,Berlin,Germany,Europe,Retail Banking,John,52.52,13.405,High
T94372,2024-12-11,C1769,Laptop,566.0,,Credit Card,,,Branch D,Prague,Czechia,Europe,Retail Banking,Elena,50.0755,14.4378,Low
,2024-12-11,C432,Coffee Machine,-8.0,162.23085701664047,creditcard,Pending,-1297.8468561331238,Branch B,Berlin,Germany,Europe,Retail Banking,John,52.52,13.405,Low
T32105,2024-12-11,C1664,Smartphone,-7.0,,credit card,,,Branch A,Warsaw,Poland,Europe,Retail Banking,Anna,52.2297,21.0122,Low
T36365,2024-12-12,C1598,Coffee Machine,-7.0,242.93765997922333,PayPal,,-1700.5636198545633,Branch B,Berlin,Germany,Europe,Retail Banking,John,52.52,13.405,Low
T62081,2024-12-12,C1713,Laptop,6.0,,creditcard,Failed,,Branch D,Prague,Czechia,Europe,Retail Banking,Elena,50.0755,14.4378,Low
,2024-12-12,C3320,Headphones,-4.0,,creditcard,Failed,,Branch E,Vienna,Austria,Europe,Retail Banking,Stefan,48.2082,16.3738,Low
T0879,2024-12-12,C1064,Tablet,901.0,,PayPal,Failed,,Branch C,Paris,France,Europe,Retail Banking,Michael,48.8566,2.3522,Low
T95200,2024-12-12,C2548,Headphones,,501.2638068695259,creditcard,Completed,,Branch E,Vienna,Austria,Europe,Retail Banking,Stefan,48.2082,16.3738,Low
T11584,2024-12-12,C4874,Headphones,9.0,284.1827085735756,PayPal,Completed,2557.6443771621807,Branch E,Vienna,Austria,Europe,Retail Banking,Stefan,48.2082,16.3738,High
T72087,2024-12-12,C4386,Laptop,10.0,430.1497243972416,PayPal,Completed,4301.497243972416,Branch D,Prague,Czechia,Europe,Retail Banking,Elena,50.0755,14.4378,High
T64790,2024-12-12,C882,Headphones,-7.0,653.2015245421863,Cash,,-4572.410671795305,Branch E,Vienna,Austria,Europe,Retail Banking,Stefan,48.2082,16.3738,Low
T14020,2024-12-12,C3785,Headphones,839.0,499.7974506154788,PayPal ,completed,419330.0610663867,Branch E,Vienna,Austria,Europe,Retail Banking,Stefan,48.2082,16.3738,High
T71969,2024-12-12,C3423,Coffee Machine,5.0,,PayPal,Pending,,Branch B,Berlin,Germany,Europe,Retail Banking,John,52.52,13.405,Low
T1875,2024-12-12,C2378,Tablet,294.0,73.76991397140398,pay pal,completed,21688.35470759277,Branch C,Paris,France,Europe,Retail Banking,Michael,48.8566,2.3522,High
T26173,2024-12-12,C3918,Coffee Machine,544.0,,pay pal,,,Branch B,Berlin,Germany,Europe,Retail Banking,John,52.52,13.405,Low
T51473,2024-12-12,C1212,Smartphone,672.0,,Credit Card,Pending,,Branch A,Warsaw,Poland,Europe,Retail Banking,Anna,52.2297,21.0122,Low
T82820,2024-12-12,C594,Smartphone,808.0,71.52039963952359,PayPal ,Completed,57788.48290873506,Branch A,Warsaw,Poland,Europe,Retail Banking,Anna,52.2297,21.0122,High
T20913,2024-12-12,C2438,Headphones,5.0,577.8400218354369,PayPal ,,2889.2001091771845,Branch E,Vienna,Austria,Europe,Retail Banking,Stefan,48.2082,16.3738,High
T47582,2024-12-12,C3855,Smartphone,890.0,716.2069733659193,Credit Card,Completed,637424.2062956683,Branch A,Warsaw,Poland,Europe,Retail Banking,Anna,52.2297,21.0122,High
T56097,2024-12-12,C4751,Coffee Machine,117.0,567.5076938390994,PayPal ,Failed,66398.40017917463,Branch B,Berlin,Germany,Europe,Retail Banking,John,52.52,13.405,High
T42504,2024-12-12,C891,Coffee Machine,867.0,163.7277192220654,PayPal ,,141951.9325655307,Branch B,Berlin,Germany,Europe,Retail Banking,John,52.52,13.405,High
T30286,2024-12-12,C4034,Headphones,-5.0,,credit card,complete,,Branch E,Vienna,Austria,Europe,Retail Banking,Stefan,48.2082,16.3738,Low
T46212,2024-12-12,C4694,Coffee Machine,-4.0,213.1862717654768,pay pal,Pending,-852.7450870619072,Branch B,Berlin,Germany,Europe,Retail Banking,John,52.52,13.405,Low
T18846,2024-12-13,,Coffee Machine,-8.0,94.28650131727989,PayPal,Failed,-754.2920105382391,Branch B,Berlin,Germany,Europe,Retail Banking,John,52.52,13.405,Low
T97165,2024-12-13,C1108,Headphones,-1.0,703.2641338625306,creditcard,,-703.2641338625306,Branch E,Vienna,Austria,Europe,Retail Banking,Stefan,48.2082,16.3738,Low
T34459,2024-12-13,C4529,Smartphone,721.0,,Credit Card,complete,,Branch A,Warsaw,Poland,Europe,Retail Banking,Anna,52.2297,21.0122,Low
,2024-12-13,C2246,Laptop,460.0,,pay pal,complete,,Branch D,Prague,Czechia,Europe,Retail Banking,Elena,50.0755,14.4378,Low
T57879,2024-12-13,C4854,Smartphone,-10.0,827.1351822184894,Credit Card,,-8271.351822184894,Branch A,Warsaw,Poland,Europe,Retail Banking,Anna,52.2297,21.0122,Low
T51854,2024-12-13,C2752,Tablet,1.0,302.47,PayPal,complete,302.47,Branch C,Paris,France,Europe,Retail Banking,Michael,48.8566,2.3522,Medium
T4688,2024-12-13,C1340,Laptop,-7.0,664.9556184944314,PayPal,Pending,-4654.68932946102,Branch D,Prague,Czechia,Europe,Retail Banking,Elena,50.0755,14.4378,Low
,2024-12-13,C3340,Tablet,7.0,771.7768172024053,pay pal,completed,5402.437720416837,Branch C,Paris,France,Europe,Retail Banking,Michael,48.8566,2.3522,High
T30344,2024-12-13,C944,Tablet,-5.0,,creditcard,complete,,Branch C,Paris,France,Europe,Retail Banking,Michael,48.8566,2.3522,Low
T99520,2024-12-13,C4336,Laptop,-6.0,769.9045864197311,pay pal,complete,-4619.427518518387,Branch D,Prague,Czechia,Europe,Retail Banking,Elena,50.0755,14.4378,Low
T93630,2024-12-13,C1687,Headphones,7.0,839.2321238490179,PayPal,Failed,5874.624866943125,Branch E,Vienna,Austria,Europe,Retail Banking,Stefan,48.2082,16.3738,High
T13440,2024-12-13,C2169,Smartphone,582.0,539.4552486951425,PayPal,completed,313962.9547405729,Branch A,Warsaw,Poland,Europe,Retail Banking,Anna,52.2297,21.0122,High
,2024-12-13,C4321,Laptop,-4.0,911.634799121196,PayPal,Failed,-3646.539196484784,Branch D,Prague,Czechia,Europe,Retail Banking,Elena,50.0755,14.4378,Low
T40757,2024-12-13,C1714,Coffee Machine,156.0,800.8214684448592,PayPal,Failed,124928.14907739803,Branch B,Berlin,Germany,Europe,Retail Banking,John,52.52,13.405,High
T64386,2024-12-13,C3596,Tablet,653.0,324.8859973982414,pay pal,,212150.55630105163,Branch C,Paris,France,Europe,Retail Banking,Michael,48.8566,2.3522,High
T43345,2024-12-13,C461,Headphones,-3.0,211.07949632474757,PayPal ,Failed,-633.2384889742427,Branch E,Vienna,Austria,Europe,Retail Banking,Stefan,48.2082,16.3738,Low
T22681,2024-12-13,C2836,Coffee Machine,-6.0,,Cash,completed,,Branch B,Berlin,Germany,Europe,Retail Banking,John,52.52,13.405,Low
T60928,2024-12-13,C221,Coffee Machine,2.0,823.9883258389635,creditcard,completed,1647.976651677927,Branch B,Berlin,Germany,Europe,Retail Banking,John,52.52,13.405,High
T66330,2024-12-13,C859,Tablet,6.0,,PayPal ,Failed,,Branch C,Paris,France,Europe,Retail Banking,Michael,48.8566,2.3522,Low
T98692,2024-12-13,C1785,Tablet,-6.0,829.0320985472996,pay pal,,-4974.192591283798,Branch C,Paris,France,Europe,Retail Banking,Michael,48.8566,2.3522,Low
T16097,2024-12-13,C1154,Headphones,566.0,,PayPal,complete,,Branch E,Vienna,Austria,Europe,Retail Banking,Stefan,48.2082,16.3738,Low
T16690,2024-12-14,C2607,Tablet,3.0,109.43705462594346,PayPal,complete,328.3111638778304,Branch C,Paris,France,Europe,Retail Banking,Michael,48.8566,2.3522,Medium
,2024-12-14,C3525,Headphones,,,Credit Card,Failed,,Branch E,Vienna,Austria,Europe,Retail Banking,Stefan,48.2082,16.3738,Low
T42531,2024-12-14,C2489,Laptop,7.0,,pay pal,Failed,,Branch D,Prague,Czechia,Europe,Retail Banking,Elena,50.0755,14.4378,Low
T95935,2024-12-14,C891,Headphones,848.0,,creditcard,Pending,,Branch E,Vienna,Austria,Europe,Retail Banking,Stefan,48.2082,16.3738,Low
T76929,2024-12-14,C2862,Smartphone,693.0,437.1318425120618,credit card,Completed,302932.3668608588,Branch A,Warsaw,Poland,Europe,Retail Banking,Anna,52.2297,21.0122,High
T12788,2024-12-14,C3642,Tablet,670.0,121.74948462333656,PayPal,complete,81572.15469763549,Branch C,Paris,France,Europe,Retail Banking,Michael,48.8566,2.3522,High
T49212,2024-12-14,C1679,Headphones,10.0,509.9601058417689,credit card,,5099.601058417689,Branch E,Vienna,Austria,Europe,Retail Banking,Stefan,48.2082,16.3738,High
T19843,2024-12-14,C1119,Tablet,-5.0,873.9420624776835,credit card,completed,-4369.710312388417,Branch C,Paris,France,Europe,Retail Banking,Michael,48.8566,2.3522,Low
T33903,2024-12-14,C792,Coffee Machine,379.0,980.2943332090914,pay pal,Pending,371531.5522862456,Branch B,Berlin,Germany,Europe,Retail Banking,John,52.52,13.405,High
T84998,2024-12-14,C090,Laptop,427.0,120.36310007224452,PayPal,Pending,51395.04373084841,Branch D,Prague,Czechia,Europe,Retail Banking,Elena,50.0755,14.4378,High
T64615,2024-12-14,C4612,Smartphone,-7.0,940.0805839286078,PayPal ,Pending,-6580.564087500255,Branch A,Warsaw,Poland,Europe,Retail Banking,Anna,52.2297,21.0122,Low
T69094,2024-12-14,C4892,Coffee Machine,3.0,,credit card,Completed,,Branch B,Berlin,Germany,Europe,Retail Banking,John,52.52,13.405,Low
T7216,2024-12-14,C1466,Coffee Machine,,919.3049833745472,Cash,Pending,,Branch B,Berlin,Germany,Europe,Retail Banking,John,52.52,13.405,Low
T33567,2024-12-14,C903,Laptop,656.0,718.4931284237662,credit card,Failed,471331.4922459906,Branch D,Prague,Czechia,Europe,Retail Banking,Elena,50.0755,14.4378,High
T35426,2024-12-14,C570,Headphones,-4.0,,PayPal,completed,,Branch E,Vienna,Austria,Europe,Retail Banking,Stefan,48.2082,16.3738,Low
T26577,2024-12-14,C546,Laptop,696.0,,pay pal,complete,,Branch D,Prague,Czechia,Europe,Retail Banking,Elena,50.0755,14.4378,Low
T62805,2024-12-14,C3887,Laptop,-1.0,391.26586839782186,pay pal,completed,-391.26586839782186,Branch D,Prague,Czechia,Europe,Retail Banking,Elena,50.0755,14.4378,Low
T81365,2024-12-14,C1902,Headphones,-8.0,833.5133428901219,credit card,Completed,-6668.106743120975,Branch E,Vienna,Austria,Europe,Retail Banking,Stefan,48.2082,16.3738,Low
T27456,2024-12-15,C1416,Laptop,,,PayPal,,,Branch D,Prague,Czechia,Europe,Retail Banking,Elena,50.0755,14.4378,Low
T31144,2024-12-15,C4274,Coffee Machine,375.0,,PayPal,Completed,,Branch B,Berlin,Germany,Europe,Retail Banking,John,52.52,13.405,Low
T66802,2024-12-15,C252,Headphones,677.0,232.89287136945185,PayPal ,Failed,157668.4739171189,Branch E,Vienna,Austria,Europe,Retail Banking,Stefan,48.2082,16.3738,High
T71404,2024-12-15,C2519,Smartphone,591.0,408.0007442227095,Credit Card,,241128.4398356213,Branch A,Warsaw,Poland,Europe,Retail Banking,Anna,52.2297,21.0122,High
,2024-12-15,C2087,Coffee Machine,161.0,,Cash,Failed,,Branch B,Berlin,Germany,Europe,Retail Banking,John,52.52,13.405,Low
,2024-12-15,C267,Tablet,10.0,110.93355174146583,Credit Card,Failed,1109.3355174146584,Branch C,Paris,France,Europe,Retail Banking,Michael,48.8566,2.3522,High
T71099,2024-12-15,C2852,Smartphone,3.0,371.99978679666566,Cash,,1115.999360389997,Branch A,Warsaw,Poland,Europe,Retail Banking,Anna,52.2297,21.0122,High
T97710,2024-12-15,C4378,Laptop,1.0,992.814516598046,PayPal ,,992.814516598046,Branch D,Prague,Czechia,Europe,Retail Banking,Elena,50.0755,14.4378,Medium
T37277,2024-12-15,C2334,Smartphone,-8.0,66.50278378085864,PayPal,completed,-532.0222702468691,Branch A,Warsaw,Poland,Europe,Retail Banking,Anna,52.2297,21.0122,Low
T86639,2024-12-15,C1830,Smartphone,586.0,911.520703955437,creditcard,Failed,534151.1325178861,Branch A,Warsaw,Poland,Europe,Retail Banking,Anna,52.2297,21.0122,High
T1589,2024-12-15,C4976,Headphones,4.0,109.73694345271728,PayPal,Pending,438.94777381086914,Branch E,Vienna,Austria,Europe,Retail Banking,Stefan,48.2082,16.3738,Medium
T32939,2024-12-15,C2600,Coffee Machine,-6.0,826.27011493605,PayPal,Failed,-4957.6206896163,Branch B,Berlin,Germany,Europe,Retail Banking,John,52.52,13.405,Low
T69176,2024-12-15,C3741,Laptop,-8.0,,creditcard,completed,,Branch D,Prague,Czechia,Europe,Retail Banking,Elena,50.0755,14.4378,Low
T0735,2024-12-15,C4246,Coffee Machine,8.0,350.6419957708754,credit card,completed,2805.135966167003,Branch B,Berlin,Germany,Europe,Retail Banking,John,52.52,13.405,High
T10657,2024-12-15,C2082,Laptop,4.0,52.28438860455299,PayPal,Pending,209.13755441821195,Branch D,Prague,Czechia,Europe,Retail Banking,Elena,50.0755,14.4378,Medium
T34928,2024-12-15,C2855,Coffee Machine,846.0,124.16225231491308,PayPal ,Failed,105041.26545841646,Branch B,Berlin,Germany,Europe,Retail Banking,John,52.52,13.405,High
T27168,2024-12-15,C1109,Smartphone,-1.0,861.41,creditcard,,-861.41,Branch A,Warsaw,Poland,Europe,Retail Banking,Anna,52.2297,21.0122,Low
T39704,2024-12-15,C3500,Laptop,1.0,,credit card,Pending,,Branch D,Prague,Czechia,Europe,Retail Banking,Elena,50.0755,14.4378,Low
T24161,2024-12-15,C2282,Laptop,-9.0,55.407209654349685,PayPal ,Pending,-498.66488688914717,Branch D,Prague,Czechia,Europe,Retail Banking,Elena,50.0755,14.4378,Low
T46772,2024-12-15,C2421,Smartphone,10.0,340.53044390394894,credit card,completed,3405.3044390394894,Branch A,Warsaw,Poland,Europe,Retail Banking,Anna,52.2297,21.0122,High
T26772,2024-12-15,C518,Laptop,829.0,66.46445130254267,PayPal ,Failed,55099.03012980787,Branch D,Prague,Czechia,Europe,Retail Banking,Elena,50.0755,14.4378,High
T48352,2024-12-15,C2839,Smartphone,-5.0,172.10892829618354,PayPal ,Completed,-860.5446414809177,Branch A,Warsaw,Poland,Europe,Retail Banking,Anna,52.2297,21.0122,Low
T50597,2024-12-15,C2825,Laptop,10.0,,Cash,completed,,Branch D,Prague,Czechia,Europe,Retail Banking,Elena,50.0755,14.4378,Low
T27885,2024-12-15,C2872,Laptop,10.0,945.1408458240608,PayPal,completed,9451.408458240607,Branch D,Prague,Czechia,Europe,Retail Banking,Elena,50.0755,14.4378,High
T75088,2024-12-16,C4006,Laptop,-5.0,,Cash,,,Branch D,Prague,Czechia,Europe,Retail Banking,Elena,50.0755,14.4378,Low
T26933,2024-12-16,C113,Coffee Machine,419.0,309.778139193803,creditcard,Failed,129797.04032220345,Branch B,Berlin,Germany,Europe,Retail Banking,John,52.52,13.405,High
T73150,2024-12-16,C2607,Laptop,1.0,,pay pal,completed,,Branch D,Prague,Czechia,Europe,Retail Banking,Elena,50.0755,14.4378,Low
T22261,2024-12-16,C2952,Tablet,234.0,681.3716088079269,pay pal,Pending,159440.9564610549,Branch C,Paris,France,Europe,Retail Banking,Michael,48.8566,2.3522,High
T63820,2024-12-16,C1688,Smartphone,111.0,69.33511850232401,Cash,complete,7696.198153757965,Branch A,Warsaw,Poland,Europe,Retail Banking,Anna,52.2297,21.0122,High
T64549,2024-12-16,C775,Laptop,-3.0,547.1133597488135,creditcard,completed,-1641.3400792464406,Branch D,Prague,Czechia,Europe,Retail Banking,Elena,50.0755,14.4378,Low
T83700,2024-12-16,C3529,Headphones,-6.0,244.65766740147365,PayPal ,,-1467.9460044088419,Branch E,Vienna,Austria,Europe,Retail Banking,Stefan,48.2082,16.3738,Low
T79871,2024-12-16,C3912,Laptop,7.0,331.48,creditcard,completed,2320.36,Branch D,Prague,Czechia,Europe,Retail Banking,Elena,50.0755,14.4378,High
T80703,2024-12-16,C1597,Coffee Machine,105.0,745.5732591200424,PayPal ,complete,78285.19220760446,Branch B,Berlin,Germany,Europe,Retail Banking,John,52.52,13.405,High
T93881,2024-12-16,C433,Tablet,9.0,,PayPal,complete,,Branch C,Paris,France,Europe,Retail Banking,Michael,48.8566,2.3522,Low
T73845,2024-12-16,C3402,Laptop,-10.0,,PayPal,Completed,,Branch D,Prague,Czechia,Europe,Retail Banking,Elena,50.0755,14.4378,Low
T61020,2024-12-16,C250,Coffee Machine,714.0,613.863042631326,credit card,completed,438298.2124387668,Branch B,Berlin,Germany,Europe,Retail Banking,John,52.52,13.405,High
T94609,2024-12-16,C3415,Headphones,,,Cash,Failed,,Branch E,Vienna,Austria,Europe,Retail Banking,Stefan,48.2082,16.3738,Low
T64774,2024-12-16,C3576,Coffee Machine,9.0,187.63122582318957,credit card,Pending,1688.6810324087062,Branch B,Berlin,Germany,Europe,Retail Banking,John,52.52,13.405,High
T57097,2024-12-16,C1513,Coffee Machine,868.0,755.9382120930624,pay pal,completed,656154.3680967782,Branch B,Berlin,Germany,Europe,Retail Banking,John,52.52,13.405,High
,2024-12-16,C353,Headphones,-9.0,150.6024136282847,PayPal ,,-1355.4217226545622,Branch E,Vienna,Austria,Europe,Retail Banking,Stefan,48.2082,16.3738,Low
T59915,2024-12-16,C1979,Tablet,367.0,994.2662552582392,Credit Card,Completed,364895.71567977377,Branch C,Paris,France,Europe,Retail Banking,Michael,48.8566,2.3522,High
T48604,2024-12-16,C4774,Laptop,-2.0,148.7923610368725,creditcard,complete,-297.584722073745,Branch D,Prague,Czechia,Europe,Retail Banking,Elena,50.0755,14.4378,Low
T78820,2024-12-16,C2107,Smartphone,-1.0,746.0102622303084,creditcard,completed,-746.0102622303084,Branch A,Warsaw,Poland,Europe,Retail Banking,Anna,52.2297,21.0122,Low
T95396,2024-12-17,C567,Laptop,,387.95,credit card,,,Branch D,Prague,Czechia,Europe,Retail Banking,Elena,50.0755,14.4378,Low
T76123,2024-12-17,C1398,Laptop,420.0,103.2377379462406,Cash,complete,43359.84993742105,Branch D,Prague,Czechia,Europe,Retail Banking,Elena,50.0755,14.4378,High
T96069,2024-12-17,C464,Laptop,8.0,387.916664583139,Cash,Failed,3103.333316665112,Branch D,Prague,Czechia,Europe,Retail Banking,Elena,50.0755,14.4378,High
T94138,2024-12-17,C967,Tablet,,439.126445186616,credit card,Failed,,Branch C,Paris,France,Europe,Retail Banking,Michael,48.8566,2.3522,Low
T99813,2024-12-17,C3314,Headphones,526.0,846.9145549593953,Credit Card,Pending,445477.05590864195,Branch E,Vienna,Austria,Europe,Retail Banking,Stefan,48.2082,16.3738,High
T35699,2024-12-17,C4477,Laptop,121.0,761.7341439932705,creditcard,complete,92169.83142318574,Branch D,Prague,Czechia,Europe,Retail Banking,Elena,50.0755,14.4378,High
T64656,2024-12-17,C1023,Coffee Machine,8.0,,Credit Card,Pending,,Branch B,Berlin,Germany,Europe,Retail Banking,John,52.52,13.405,Low
T1250,2024-12-17,C2069,Laptop,237.0,,pay pal,completed,,Branch D,Prague,Czechia,Europe,Retail Banking,Elena,50.0755,14.4378,Low
T41832,2024-12-17,C1502,Tablet,-4.0,169.6364331279056,Credit Card,completed,-678.5457325116224,Branch C,Paris,France,Europe,Retail Banking,Michael,48.8566,2.3522,Low
T94175,2024-12-17,C4274,Smartphone,125.0,250.1931761907624,Cash,Completed,31274.147023845297,Branch A,Warsaw,Poland,Europe,Retail Banking,Anna,52.2297,21.0122,High
T52981,2024-12-17,C1744,Tablet,7.0,141.25545312634915,Credit Card,complete,988.7881718844441,Branch C,Paris,France,Europe,Retail Banking,Michael,48.8566,2.3522,Medium
T64434,2024-12-17,C4150,Coffee Machine,9.0,266.25499666823794,Cash,Failed,2396.2949700141417,Branch B,Berlin,Germany,Europe,Retail Banking,John,52.52,13.405,High
T19333,2024-12-17,C3847,Headphones,-8.0,,creditcard,Completed,,Branch E,Vienna,Austria,Europe,Retail Banking,Stefan,48.2082,16.3738,Low
T50211,2024-12-17,C248,Smartphone,-6.0,990.7942532012216,creditcard,Completed,-5944.76551920733,Branch A,Warsaw,Poland,Europe,Retail Banking,Anna,52.2297,21.0122,Low
T68692,2024-12-17,C760,Headphones,4.0,505.2723455183376,credit card,,2021.0893820733504,Branch E,Vienna,Austria,Europe,Retail Banking,Stefan,48.2082,16.3738,High
T14917,2024-12-17,C2150,Headphones,-9.0,102.22329819893493,Cash,completed,-920.0096837904143,Branch E,Vienna,Austria,Europe,Retail Banking,Stefan,48.2082,16.3738,Low
T53880,2024-12-17,C1530,Coffee Machine,879.0,122.6272461276377,creditcard,,107789.34934619354,Branch B,Berlin,Germany,Europe,Retail Banking,John,52.52,13.405,High
T55938,2024-12-17,C938,Tablet,-10.0,,PayPal,Pending,,Branch C,Paris,France,Europe,Retail Banking,Michael,48.8566,2.3522,Low
T23111,2024-12-18,C645,Headphones,5.0,411.9105833775928,PayPal ,,2059.552916887964,Branch E,Vienna,Austria,Europe,Retail Banking,Stefan,48.2082,16.3738,High
T22200,2024-12-18,C1030,Tablet,912.0,102.9170137514028,pay pal,complete,93860.31654127936,Branch C,Paris,France,Europe,Retail Banking,Michael,48.8566,2.3522,High
T2610,2024-12-18,C4842,Tablet,,,credit card,Failed,,Branch C,Paris,France,Europe,Retail Banking,Michael,48.8566,2.3522,Low
T30347,2024-12-18,C4552,Headphones,494.0,,PayPal ,,,Branch E,Vienna,Austria,Europe,Retail Banking,Stefan,48.2082,16.3738,Low
T54886,2024-12-18,C2406,Smartphone,1.0,660.28,Credit Card,Failed,660.28,Branch A,Warsaw,Poland,Europe,Retail Banking,Anna,52.2297,21.0122,Medium
T29178,2024-12-18,C2573,Tablet,5.0,184.10506837464985,Cash,Completed,920.5253418732492,Branch C,Paris,France,Europe,Retail Banking,Michael,48.8566,2.3522,Medium
T50416,2024-12-18,C1003,Smartphone,8.0,,PayPal ,complete,,Branch A,Warsaw,Poland,Europe,Retail Banking,Anna,52.2297,21.0122,Low
T50826,2024-12-18,C3331,Coffee Machine,983.0,753.209291728486,PayPal ,,740404.7337691018,Branch B,Berlin,Germany,Europe,Retail Banking,John,52.52,13.405,High
T40856,2024-12-18,C4617,Laptop,4.0,,Credit Card,Pending,,Branch D,Prague,Czechia,Europe,Retail Banking,Elena,50.0755,14.4378,Low
T66917,2024-12-18,C3741,Laptop,-4.0,243.921021825847,creditcard,Pending,-975.684087303388,Branch D,Prague,Czechia,Europe,Retail Banking,Elena,50.0755,14.4378,Low
T42280,2024-12-18,C871,Coffee Machine,1.0,,PayPal,Pending,,Branch B,Berlin,Germany,Europe,Retail Banking,John,52.52,13.405,Low
T67326,2024-12-18,C3523,Tablet,923.0,487.0031328568247,Cash,Failed,449503.8916268492,Branch C,Paris,France,Europe,Retail Banking,Michael,48.8566,2.3522,High
T21440,2024-12-18,C2902,Laptop,-4.0,998.707518639752,pay pal,Failed,-3994.830074559008,Branch D,Prague,Czechia,Europe,Retail Banking,Elena,50.0755,14.4378,Low
T43786,2024-12-18,C455,Smartphone,-3.0,,creditcard,completed,,Branch A,Warsaw,Poland,Europe,Retail Banking,Anna,52.2297,21.0122,Low
T98257,2024-12-18,C3288,Coffee Machine,4.0,742.5254849171037,creditcard,Completed,2970.1019396684146,Branch B,Berlin,Germany,Europe,Retail Banking,John,52.52,13.405,High
T65944,2024-12-18,C2021,Tablet,-1.0,845.29,Credit Card,completed,-845.29,Branch C,Paris,France,Europe,Retail Banking,Michael,48.8566,2.3522,Low
T97311,2024-12-18,C1650,Tablet,600.0,,PayPal ,complete,,Branch C,Paris,France,Europe,Retail Banking,Michael,48.8566,2.3522,Low
T3331,2024-12-18,C4580,Coffee Machine,4.0,744.3095638910473,creditcard,Failed,2977.2382555641893,Branch B,Berlin,Germany,Europe,Retail Banking,John,52.52,13.405,High
T46024,2024-12-18,C4815,Coffee Machine,389.0,585.1919764215965,PayPal,completed,227639.67882800102,Branch B,Berlin,Germany,Europe,Retail Banking,John,52.52,13.405,High
T19679,2024-12-18,C587,Tablet,-2.0,589.244416993255,credit card,complete,-1178.48883398651,Branch C,Paris,France,Europe,Retail Banking,Michael,48.8566,2.3522,Low
T27166,2024-12-19,C4179,Tablet,,142.46707085375533,Credit Card,,,Branch C,Paris,France,Europe,Retail Banking,Michael,48.8566,2.3522,Low
T37224,2024-12-19,C945,Laptop,973.0,545.448634202352,PayPal,Failed,530721.5210788884,Branch D,Prague,Czechia,Europe,Retail Banking,Elena,50.0755,14.4378,High
T97918,2024-12-19,C877,Headphones,3.0,97.5270502158162,pay pal,completed,292.5811506474486,Branch E,Vienna,Austria,Europe,Retail Banking,Stefan,48.2082,16.3738,Medium
T23968,2024-12-19,C983,Headphones,815.0,234.37812490559787,Cash,Failed,191018.17179806228,Branch E,Vienna,Austria,Europe,Retail Banking,Stefan,48.2082,16.3738,High
T65104,2024-12-19,C972,Coffee Machine,-9.0,970.1904644845996,creditcard,Failed,-8731.714180361396,Branch B,Berlin,Germany,Europe,Retail Banking,John,52.52,13.405,Low
T68179,2024-12-19,C4191,Headphones,1.0,,credit card,,,Branch E,Vienna,Austria,Europe,Retail Banking,Stefan,48.2082,16.3738,Low
T26727,2024-12-19,C4042,Headphones,698.0,993.4930139863563,PayPal ,Pending,693458.1237624767,Branch E,Vienna,Austria,Europe,Retail Banking,Stefan,48.2082,16.3738,High
,2024-12-19,C2954,Tablet,9.0,,Cash,,,Branch C,Paris,France,Europe,Retail Banking,Michael,48.8566,2.3522,Low
T17063,2024-12-19,C1544,Coffee Machine,-8.0,,Credit Card,Failed,,Branch B,Berlin,Germany,Europe,Retail Banking,John,52.52,13.405,Low
T67774,2024-12-19,C3708,Smartphone,6.0,813.398073704856,credit card,,4880.388442229136,Branch A,Warsaw,Poland,Europe,Retail Banking,Anna,52.2297,21.0122,High
T93377,2024-12-19,C2071,Tablet,-9.0,839.82,Credit Card,Failed,-7558.38,Branch C,Paris,France,Europe,Retail Banking,Michael,48.8566,2.3522,Low
,2024-12-19,C887,Tablet,217.0,,Cash,Pending,,Branch C,Paris,France,Europe,Retail Banking,Michael,48.8566,2.3522,Low
T60451,2024-12-19,C2463,Laptop,9.0,,creditcard,Completed,,Branch D,Prague,Czechia,Europe,Retail Banking,Elena,50.0755,14.4378,Low
T48668,2024-12-19,,Smartphone,338.0,328.5879129450851,PayPal ,Pending,111062.71457543877,Branch A,Warsaw,Poland,Europe,Retail Banking,Anna,52.2297,21.0122,High
T51856,2024-12-19,C4490,Coffee Machine,3.0,888.4582946147484,Credit Card,,2665.3748838442452,Branch B,Berlin,Germany,Europe,Retail Banking,John,52.52,13.405,High
T50526,2024-12-19,C4841,Headphones,118.0,194.1667642421171,creditcard,Pending,22911.67818056982,Branch E,Vienna,Austria,Europe,Retail Banking,Stefan,48.2082,16.3738,High
T7298,2024-12-19,C1173,Smartphone,-8.0,378.220455244404,PayPal ,Completed,-3025.763641955232,Branch A,Warsaw,Poland,Europe,Retail Banking,Anna,52.2297,21.0122,Low
T69760,2024-12-19,C1861,Laptop,2.0,,Credit Card,Pending,,Branch D,Prague,Czechia,Europe,Retail Banking,Elena,50.0755,14.4378,Low
T97918,2024-12-19,C877,Headphones,3.0,97.5270502158162,pay pal,completed,292.5811506474486,Branch E,Vienna,Austria,Europe,Retail Banking,Stefan,48.2082,16.3738,Medium
T46693,2024-12-19,C1106,Headphones,1.0,,PayPal ,Pending,,Branch E,Vienna,Austria,Europe,Retail Banking,Stefan,48.2082,16.3738,Low
T93043,2024-12-19,C3817,Tablet,9.0,430.3740259097112,Cash,completed,3873.3662331874007,Branch C,Paris,France,Europe,Retail Banking,Michael,48.8566,2.3522,High
T44009,2024-12-19,C4660,Tablet,375.0,,PayPal ,completed,,Branch C,Paris,France,Europe,Retail Banking,Michael,48.8566,2.3522,Low
T63224,2024-12-19,C1505,Laptop,8.0,77.43071407908042,creditcard,completed,619.4457126326433,Branch D,Prague,Czechia,Europe,Retail Banking,Elena,50.0755,14.4378,Medium
,2024-12-20,C2052,Smartphone,400.0,56.83287002907866,PayPal,complete,22733.148011631463,Branch A,Warsaw,Poland,Europe,Retail Banking,Anna,52.2297,21.0122,High
T88467,2024-12-20,C4789,Headphones,3.0,864.6989438474251,Credit Card,Completed,2594.096831542275,Branch E,Vienna,Austria,Europe,Retail Banking,Stefan,48.2082,16.3738,High
T93160,2024-12-20,C2207,Tablet,4.0,753.9204991866354,credit card,Completed,3015.6819967465417,Branch C,Paris,France,Europe,Retail Banking,Michael,48.8566,2.3522,High
T86426,2024-12-20,,Tablet,-1.0,273.84645672150793,Credit Card,Failed,-273.84645672150793,Branch C,Paris,France,Europe,Retail Banking,Michael,48.8566,2.3522,Low
T52314,2024-12-20,C274,Tablet,9.0,458.7291447987701,PayPal,,4128.562303188931,Branch C,Paris,France,Europe,Retail Banking,Michael,48.8566,2.3522,High
T13520,2024-12-20,C4949,Headphones,887.0,953.82,PayPal ,Completed,846038.3400000001,Branch E,Vienna,Austria,Europe,Retail Banking,Stefan,48.2082,16.3738,High
T45710,2024-12-20,C1497,Headphones,-10.0,,creditcard,complete,,Branch E,Vienna,Austria,Europe,Retail Banking,Stefan,48.2082,16.3738,Low
T35008,2024-12-20,C3684,Headphones,10.0,832.7999976526459,creditcard,,8327.999976526458,Branch E,Vienna,Austria,Europe,Retail Banking,Stefan,48.2082,16.3738,High
T73188,2024-12-20,C490,Laptop,3.0,516.5142916911936,PayPal,Completed,1549.542875073581,Branch D,Prague,Czechia,Europe,Retail Banking,Elena,50.0755,14.4378,High
T68785,2024-12-20,C3044,Tablet,-6.0,96.22022392472888,pay pal,Pending,-577.3213435483733,Branch C,Paris,France,Europe,Retail Banking,Michael,48.8566,2.3522,Low
,2024-12-20,C768,Tablet,615.0,,creditcard,,,Branch C,Paris,France,Europe,Retail Banking,Michael,48.8566,2.3522,Low
T99250,2024-12-20,C2136,Laptop,584.0,423.9055172133556,creditcard,completed,247560.8220525997,Branch D,Prague,Czechia,Europe,Retail Banking,Elena,50.0755,14.4378,High
T64474,2024-12-20,C2073,Tablet,-8.0,,PayPal ,,,Branch C,Paris,France,Europe,Retail Banking,Michael,48.8566,2.3522,Low
T19095,2024-12-20,C4591,Coffee Machine,-4.0,710.44,pay pal,Pending,-2841.76,Branch B,Berlin,Germany,Europe,Retail Banking,John,52.52,13.405,Low
T63579,2024-12-20,C1665,Tablet,7.0,517.3749992821679,Credit Card,Pending,3621.6249949751755,Branch C,Paris,France,Europe,Retail Banking,Michael,48.8566,2.3522,High
T79554,2024-12-20,C1172,Laptop,658.0,,Credit Card,complete,,Branch D,Prague,Czechia,Europe,Retail Banking,Elena,50.0755,14.4378,Low
T95734,2024-12-20,C4219,Headphones,-5.0,321.4836343635104,creditcard,complete,-1607.418171817552,Branch E,Vienna,Austria,Europe,Retail Banking,Stefan,48.2082,16.3738,Low
T11867,2024-12-20,C2525,Tablet,362.0,817.9035595963587,pay pal,Completed,296081.08857388183,Branch C,Paris,France,Europe,Retail Banking,Michael,48.8566,2.3522,High
T87149,2024-12-20,C1184,Headphones,,656.5922823599441,pay pal,Completed,,Branch E,Vienna,Austria,Europe,Retail Banking,Stefan,48.2082,16.3738,Low
T67762,2024-12-20,C3424,Coffee Machine,-1.0,,credit card,Failed,,Branch B,Berlin,Germany,Europe,Retail Banking,John,52.52,13.405,Low
T76694,2024-12-21,C3317,Headphones,392.0,,PayPal,Completed,,Branch E,Vienna,Austria,Europe,Retail Banking,Stefan,48.2082,16.3738,Low
T27849,2024-12-21,C4502,Smartphone,759.0,257.8776421413269,creditcard,Failed,195729.13038526708,Branch A,Warsaw,Poland,Europe,Retail Banking,Anna,52.2297,21.0122,High
T90284,2024-12-21,C828,Coffee Machine,277.0,108.85667595871269,credit card,Completed,30153.299240563414,Branch B,Berlin,Germany,Europe,Retail Banking,John,52.52,13.405,High
T33422,2024-12-21,C713,Tablet,395.0,,Credit Card,Pending,,Branch C,Paris,France,Europe,Retail Banking,Michael,48.8566,2.3522,Low
T34096,2024-12-21,C1319,Smartphone,-8.0,,Cash,Pending,,Branch A,Warsaw,Poland,Europe,Retail Banking,Anna,52.2297,21.0122,Low
T58553,2024-12-21,C2480,Laptop,9.0,809.0092132807918,Cash,Pending,7281.082919527125,Branch D,Prague,Czechia,Europe,Retail Banking,Elena,50.0755,14.4378,High
T4476,2024-12-21,C1468,Smartphone,-9.0,75.93046352717654,credit card,Completed,-683.3741717445889,Branch A,Warsaw,Poland,Europe,Retail Banking,Anna,52.2297,21.0122,Low
T7595,2024-12-21,C4810,Tablet,3.0,551.8914834742266,Cash,Failed,1655.6744504226797,Branch C,Paris,France,Europe,Retail Banking,Michael,48.8566,2.3522,High
T64355,2024-12-21,C2188,Coffee Machine,-8.0,660.22,Cash,Pending,-5281.76,Branch B,Berlin,Germany,Europe,Retail Banking,John,52.52,13.405,Low
,2024-12-21,C4636,Coffee Machine,3.0,135.47727272583325,Cash,Pending,406.43181817749974,Branch B,Berlin,Germany,Europe,Retail Banking,John,52.52,13.405,Medium
T4845,2024-12-21,C1337,Smartphone,-10.0,,PayPal,completed,,Branch A,Warsaw,Poland,Europe,Retail Banking,Anna,52.2297,21.0122,Low
T4916,2024-12-21,C874,Tablet,-5.0,999.5709056568892,PayPal,completed,-4997.854528284446,Branch C,Paris,France,Europe,Retail Banking,Michael,48.8566,2.3522,Low
T37399,2024-12-21,C4943,Laptop,-2.0,328.20172840930434,Credit Card,,-656.4034568186087,Branch D,Prague,Czechia,Europe,Retail Banking,Elena,50.0755,14.4378,Low
T95064,2024-12-21,C1987,Headphones,-9.0,210.9339038569433,pay pal,Failed,-1898.4051347124896,Branch E,Vienna,Austria,Europe,Retail Banking,Stefan,48.2082,16.3738,Low
T30206,2024-12-21,C726,Headphones,-8.0,,Cash,,,Branch E,Vienna,Austria,Europe,Retail Banking,Stefan,48.2082,16.3738,Low
T13757,2024-12-21,C3904,Headphones,101.0,806.5661756322382,PayPal,Completed,81463.18373885607,Branch E,Vienna,Austria,Europe,Retail Banking,Stefan,48.2082,16.3738,High
T57272,2024-12-21,C3971,Tablet,1.0,689.7414958867325,credit card,completed,689.7414958867325,Branch C,Paris,France,Europe,Retail Banking,Michael,48.8566,2.3522,Medium
T28629,2024-12-21,C4639,Headphones,,,PayPal,completed,,Branch E,Vienna,Austria,Europe,Retail Banking,Stefan,48.2082,16.3738,Low
,2024-12-21,C269,Smartphone,-5.0,477.1350099259106,PayPal ,Completed,-2385.675049629553,Branch A,Warsaw,Poland,Europe,Retail Banking,Anna,52.2297,21.0122,Low
T78884,2024-12-21,C3981,Laptop,-2.0,203.3857630725454,pay pal,completed,-406.7715261450908,Branch D,Prague,Czechia,Europe,Retail Banking,Elena,50.0755,14.4378,Low
T41031,2024-12-22,C909,Tablet,-4.0,,PayPal,Completed,,Branch C,Paris,France,Europe,Retail Banking,Michael,48.8566,2.3522,Low
T16520,2024-12-22,C2760,Laptop,288.0,,credit card,,,Branch D,Prague,Czechia,Europe,Retail Banking,Elena,50.0755,14.4378,Low
T2986,2024-12-22,C876,Tablet,-3.0,856.2940779275352,credit card,completed,-2568.882233782606,Branch C,Paris,France,Europe,Retail Banking,Michael,48.8566,2.3522,Low
T5854,2024-12-22,C563,Headphones,4.0,384.65553122270967,creditcard,completed,1538.6221248908387,Branch E,Vienna,Austria,Europe,Retail Banking,Stefan,48.2082,16.3738,High
T5823,2024-12-22,C4754,Coffee Machine,748.0,893.5369433431507,credit card,completed,668365.6336206767,Branch B,Berlin,Germany,Europe,Retail Banking,John,52.52,13.405,High
T74220,2024-12-22,C1322,Coffee Machine,7.0,,PayPal ,Pending,,Branch B,Berlin,Germany,Europe,Retail Banking,John,52.52,13.405,Low
T85399,2024-12-22,C1080,Tablet,1.0,67.7767074845091,Credit Card,,67.7767074845091,Branch C,Paris,France,Europe,Retail Banking,Michael,48.8566,2.3522,Low
T50123,2024-12-22,C4881,Coffee Machine,662.0,109.5748635114304,Cash,Completed,72538.55964456692,Branch B,Berlin,Germany,Europe,Retail Banking,John,52.52,13.405,High
T25130,2024-12-22,C3287,Coffee Machine,-4.0,,PayPal ,Completed,,Branch B,Berlin,Germany,Europe,Retail Banking,John,52.52,13.405,Low
T92117,2024-12-22,C3969,Laptop,1.0,218.68566873827697,Credit Card,completed,218.68566873827697,Branch D,Prague,Czechia,Europe,Retail Banking,Elena,50.0755,14.4378,Medium
T65937,2024-12-22,C4202,Tablet,988.0,87.66,creditcard,,86608.08,Branch C,Paris,France,Europe,Retail Banking,Michael,48.8566,2.3522,High
T49428,2024-12-22,C4781,Tablet,6.0,,Cash,Failed,,Branch C,Paris,France,Europe,Retail Banking,Michael,48.8566,2.3522,Low
T35538,2024-12-22,C1621,Coffee Machine,-8.0,,PayPal ,,,Branch B,Berlin,Germany,Europe,Retail Banking,John,52.52,13.405,Low
T25130,2024-12-22,C3287,Coffee Machine,-4.0,,PayPal ,Completed,,Branch B,Berlin,Germany,Europe,Retail Banking,John,52.52,13.405,Low
T97087,2024-12-22,C2308,Coffee Machine,717.0,969.8229558453728,pay pal,complete,695363.0593411323,Branch B,Berlin,Germany,Europe,Retail Banking,John,52.52,13.405,High
T77560,2024-12-22,C2975,Laptop,-6.0,,Credit Card,completed,,Branch D,Prague,Czechia,Europe,Retail Banking,Elena,50.0755,14.4378,Low
T34278,2024-12-22,C783,Tablet,-9.0,,Cash,Completed,,Branch C,Paris,France,Europe,Retail Banking,Michael,48.8566,2.3522,Low
T24795,2024-12-22,C1851,Tablet,2.0,454.383941836929,pay pal,complete,908.767883673858,Branch C,Paris,France,Europe,Retail Banking,Michael,48.8566,2.3522,Medium
T36853,2024-12-23,C3936,Laptop,-6.0,792.1250021464808,creditcard,,-4752.750012878885,Branch D,Prague,Czechia,Europe,Retail Banking,Elena,50.0755,14.4378,Low
T63434,2024-12-23,C2230,Smartphone,2.0,,PayPal ,complete,,Branch A,Warsaw,Poland,Europe,Retail Banking,Anna,52.2297,21.0122,Low
T79811,2024-12-23,C4632,Smartphone,-9.0,840.1156587441315,Credit Card,complete,-7561.040928697183,Branch A,Warsaw,Poland,Europe,Retail Banking,Anna,52.2297,21.0122,Low
T87684,2024-12-23,C1944,Tablet,716.0,,pay pal,Failed,,Branch C,Paris,France,Europe,Retail Banking,Michael,48.8566,2.3522,Low
T90608,2024-12-23,C2745,Smartphone,839.0,805.1555882903674,Credit Card,Completed,675525.5385756183,Branch A,Warsaw,Poland,Europe,Retail Banking,Anna,52.2297,21.0122,High
T51539,2024-12-23,C2543,Tablet,440.0,,Credit Card,Completed,,Branch C,Paris,France,Europe,Retail Banking,Michael,48.8566,2.3522,Low
T86812,2024-12-23,C895,Headphones,3.0,,pay pal,Pending,,Branch E,Vienna,Austria,Europe,Retail Banking,Stefan,48.2082,16.3738,Low
T60402,2024-12-23,C2955,Smartphone,842.0,303.42192791969194,Cash,Failed,255481.2633083806,Branch A,Warsaw,Poland,Europe,Retail Banking,Anna,52.2297,21.0122,High
T92932,2024-12-23,C3662,Headphones,105.0,662.27,pay pal,,69538.34999999999,Branch E,Vienna,Austria,Europe,Retail Banking,Stefan,48.2082,16.3738,High
T89690,2024-12-23,C2343,Tablet,-4.0,,PayPal ,Pending,,Branch C,Paris,France,Europe,Retail Banking,Michael,48.8566,2.3522,Low
T81006,2024-12-23,C4592,Headphones,169.0,191.0420781449542,credit card,,32286.11120649726,Branch E,Vienna,Austria,Europe,Retail Banking,Stefan,48.2082,16.3738,High
T81078,2024-12-23,C2301,Coffee Machine,-6.0,125.15004497572806,pay pal,complete,-750.9002698543684,Branch B,Berlin,Germany,Europe,Retail Banking,John,52.52,13.405,Low
T6765,2024-12-23,C4718,Coffee Machine,8.0,188.00943599669324,creditcard,Completed,1504.075487973546,Branch B,Berlin,Germany,Europe,Retail Banking,John,52.52,13.405,High
T87518,2024-12-23,C3937,Tablet,-7.0,865.866216107188,Cash,Completed,-6061.0635127503165,Branch C,Paris,France,Europe,Retail Banking,Michael,48.8566,2.3522,Low
T45381,2024-12-23,C1298,Smartphone,275.0,,PayPal ,,,Branch A,Warsaw,Poland,Europe,Retail Banking,Anna,52.2297,21.0122,Low
T62250,2024-12-23,C2401,Smartphone,5.0,503.3696582654296,credit card,Pending,2516.848291327148,Branch A,Warsaw,Poland,Europe,Retail Banking,Anna,52.2297,21.0122,High
,2024-12-23,C1096,Laptop,6.0,,Cash,,,Branch D,Prague,Czechia,Europe,Retail Banking,Elena,50.0755,14.4378,Low
T81654,2024-12-23,C2382,Smartphone,-4.0,,pay pal,Completed,,Branch A,Warsaw,Poland,Europe,Retail Banking,Anna,52.2297,21.0122,Low
T3565,2024-12-23,C3911,Headphones,610.0,553.7157990643893,PayPal,Completed,337766.63742927747,Branch E,Vienna,Austria,Europe,Retail Banking,Stefan,48.2082,16.3738,High
T26632,2024-12-23,C197,Smartphone,854.0,,Cash,Failed,,Branch A,Warsaw,Poland,Europe,Retail Banking,Anna,52.2297,21.0122,Low
T56864,2024-12-23,C2135,Smartphone,292.0,770.8,PayPal ,complete,225073.59999999998,Branch A,Warsaw,Poland,Europe,Retail Banking,Anna,52.2297,21.0122,High
T23600,2024-12-23,C3689,Smartphone,8.0,,PayPal ,complete,,Branch A,Warsaw,Poland,Europe,Retail Banking,Anna,52.2297,21.0122,Low
T79811,2024-12-23,C4632,Smartphone,-9.0,840.1156587441315,Credit Card,complete,-7561.040928697183,Branch A,Warsaw,Poland,Europe,Retail Banking,Anna,52.2297,21.0122,Low
T68917,2024-12-23,C4796,Smartphone,2.0,,credit card,Pending,,Branch A,Warsaw,Poland,Europe,Retail Banking,Anna,52.2297,21.0122,Low
T23190,2024-12-23,C685,Laptop,366.0,,PayPal ,,,Branch D,Prague,Czechia,Europe,Retail Banking,Elena,50.0755,14.4378,Low
T36969,2024-12-23,C2083,Coffee Machine,-5.0,933.9396436167416,Cash,,-4669.698218083708,Branch B,Berlin,Germany,Europe,Retail Banking,John,52.52,13.405,Low
T69974,2024-12-23,C926,Coffee Machine,-7.0,,PayPal ,complete,,Branch B,Berlin,Germany,Europe,Retail Banking,John,52.52,13.405,Low
T90203,2024-12-24,C846,Tablet,-7.0,,pay pal,Completed,,Branch C,Paris,France,Europe,Retail Banking,Michael,48.8566,2.3522,Low
T22699,2024-12-24,C3183,Headphones,4.0,876.0046790078944,credit card,,3504.0187160315777,Branch E,Vienna,Austria,Europe,Retail Banking,Stefan,48.2082,16.3738,High
T68683,2024-12-24,C359,Laptop,9.0,,PayPal,complete,,Branch D,Prague,Czechia,Europe,Retail Banking,Elena,50.0755,14.4378,Low
T9964,2024-12-24,C1219,Coffee Machine,965.0,,pay pal,Completed,,Branch B,Berlin,Germany,Europe,Retail Banking,John,52.52,13.405,Low
T29507,2024-12-24,C4468,Coffee Machine,9.0,,PayPal ,completed,,Branch B,Berlin,Germany,Europe,Retail Banking,John,52.52,13.405,Low
T11711,2024-12-24,C3332,Tablet,700.0,,pay pal,,,Branch C,Paris,France,Europe,Retail Banking,Michael,48.8566,2.3522,Low
T6827,2024-12-24,C788,Laptop,280.0,944.7028609130095,credit card,Completed,264516.80105564266,Branch D,Prague,Czechia,Europe,Retail Banking,Elena,50.0755,14.4378,High
T9766,2024-12-24,C2932,Smartphone,123.0,,PayPal ,Pending,,Branch A,Warsaw,Poland,Europe,Retail Banking,Anna,52.2297,21.0122,Low
T37580,2024-12-24,C2648,Tablet,3.0,136.22047130195298,creditcard,Failed,408.6614139058589,Branch C,Paris,France,Europe,Retail Banking,Michael,48.8566,2.3522,Medium
T91525,2024-12-24,C2648,Coffee Machine,-2.0,251.1059398334436,credit card,complete,-502.2118796668872,Branch B,Berlin,Germany,Europe,Retail Banking,John,52.52,13.405,Low
T8597,2024-12-24,C2195,Laptop,909.0,894.1888579814041,PayPal ,completed,812817.6719050964,Branch D,Prague,Czechia,Europe,Retail Banking,Elena,50.0755,14.4378,High
T13967,2024-12-24,C4109,Coffee Machine,-2.0,856.684638504197,pay pal,Pending,-1713.369277008394,Branch B,Berlin,Germany,Europe,Retail Banking,John,52.52,13.405,Low
T64142,2024-12-24,C4856,Headphones,675.0,740.1154974650735,Cash,Completed,499577.96078892465,Branch E,Vienna,Austria,Europe,Retail Banking,Stefan,48.2082,16.3738,High
T1663,2024-12-24,C4268,Smartphone,3.0,324.2270236462697,PayPal,Failed,972.6810709388091,Branch A,Warsaw,Poland,Europe,Retail Banking,Anna,52.2297,21.0122,Medium
T86835,2024-12-24,C2220,Laptop,311.0,,PayPal,Completed,,Branch D,Prague,Czechia,Europe,Retail Banking,Elena,50.0755,14.4378,Low
T68941,2024-12-24,C1759,Coffee Machine,9.0,,credit card,Pending,,Branch B,Berlin,Germany,Europe,Retail Banking,John,52.52,13.405,Low
T48220,2024-12-25,C442,Headphones,,70.09292069520575,creditcard,complete,,Branch E,Vienna,Austria,Europe,Retail Banking,Stefan,48.2082,16.3738,Low
T42228,2024-12-25,C586,Laptop,7.0,439.6285730337718,creditcard,Completed,3077.4000112364024,Branch D,Prague,Czechia,Europe,Retail Banking,Elena,50.0755,14.4378,High
T6943,2024-12-25,C3864,Headphones,338.0,709.3842490191566,pay pal,completed,239771.87616847493,Branch E,Vienna,Austria,Europe,Retail Banking,Stefan,48.2082,16.3738,High
T50093,2024-12-25,C1793,Tablet,-10.0,679.7009569673471,PayPal,completed,-6797.009569673472,Branch C,Paris,France,Europe,Retail Banking,Michael,48.8566,2.3522,Low
,2024-12-25,C1945,Smartphone,7.0,878.23,pay pal,Pending,6147.610000000001,Branch A,Warsaw,Poland,Europe,Retail Banking,Anna,52.2297,21.0122,High
T19978,2024-12-25,C2515,Headphones,10.0,337.8051118612457,Cash,Pending,3378.051118612457,Branch E,Vienna,Austria,Europe,Retail Banking,Stefan,48.2082,16.3738,High
T38681,2024-12-25,C2646,Coffee Machine,856.0,641.6882716388017,Cash,Completed,549285.1605228143,Branch B,Berlin,Germany,Europe,Retail Banking,John,52.52,13.405,High
T30668,2024-12-25,C3751,Coffee Machine,-5.0,,creditcard,,,Branch B,Berlin,Germany,Europe,Retail Banking,John,52.52,13.405,Low
T60278,2024-12-25,C3186,Laptop,-1.0,,pay pal,,,Branch D,Prague,Czechia,Europe,Retail Banking,Elena,50.0755,14.4378,Low
T23670,2024-12-25,C2224,Coffee Machine,324.0,,Credit Card,Pending,,Branch B,Berlin,Germany,Europe,Retail Banking,John,52.52,13.405,Low
T50666,2024-12-25,C2204,Smartphone,741.0,604.9533073085546,creditcard,Pending,448270.40071563894,Branch A,Warsaw,Poland,Europe,Retail Banking,Anna,52.2297,21.0122,High
T97766,2024-12-25,,Coffee Machine,8.0,,credit card,,,Branch B,Berlin,Germany,Europe,Retail Banking,John,52.52,13.405,Low
T16578,2024-12-25,C4086,Coffee Machine,3.0,436.0560781357825,pay pal,,1308.1682344073474,Branch B,Berlin,Germany,Europe,Retail Banking,John,52.52,13.405,High
T34499,2024-12-25,C4033,Coffee Machine,155.0,148.8597718994257,pay pal,Failed,23073.264644410985,Branch B,Berlin,Germany,Europe,Retail Banking,John,52.52,13.405,High
T20482,2024-12-25,C3793,Tablet,-8.0,957.5045702093558,Cash,completed,-7660.036561674847,Branch C,Paris,France,Europe,Retail Banking,Michael,48.8566,2.3522,Low
T54616,2024-12-25,C3008,Laptop,-6.0,641.3711976915905,PayPal,,-3848.227186149543,Branch D,Prague,Czechia,Europe,Retail Banking,Elena,50.0755,14.4378,Low
T79728,2024-12-25,,Coffee Machine,-6.0,407.45350866321,pay pal,Completed,-2444.72105197926,Branch B,Berlin,Germany,Europe,Retail Banking,John,52.52,13.405,Low
T45091,2024-12-26,C2488,Smartphone,3.0,919.9634433950474,Credit Card,completed,2759.8903301851424,Branch A,Warsaw,Poland,Europe,Retail Banking,Anna,52.2297,21.0122,High
T25727,2024-12-26,C3505,Laptop,-9.0,232.28753216666837,Cash,,-2090.5877895000153,Branch D,Prague,Czechia,Europe,Retail Banking,Elena,50.0755,14.4378,Low
T16001,2024-12-26,C4634,Smartphone,-1.0,51.59212182877367,credit card,completed,-51.59212182877367,Branch A,Warsaw,Poland,Europe,Retail Banking,Anna,52.2297,21.0122,Low
T76676,2024-12-26,C3202,Laptop,-1.0,840.8604016497576,PayPal,Completed,-840.8604016497576,Branch D,Prague,Czechia,Europe,Retail Banking,Elena,50.0755,14.4378,Low
T77985,2024-12-26,C1904,Laptop,-9.0,507.5145754653804,PayPal ,Pending,-4567.631179188424,Branch D,Prague,Czechia,Europe,Retail Banking,Elena,50.0755,14.4378,Low
T44720,2024-12-26,C4155,Headphones,365.0,938.3553852335024,creditcard,completed,342499.71561022836,Branch E,Vienna,Austria,Europe,Retail Banking,Stefan,48.2082,16.3738,High
T56279,2024-12-26,C390,Smartphone,1.0,192.7243228059145,Cash,Failed,192.7243228059145,Branch A,Warsaw,Poland,Europe,Retail Banking,Anna,52.2297,21.0122,Medium
T91729,2024-12-26,C3054,Laptop,6.0,,pay pal,complete,,Branch D,Prague,Czechia,Europe,Retail Banking,Elena,50.0755,14.4378,High
T6772,2024-12-26,C3900,Smartphone,,559.2719630793008,PayPal,Pending,,Branch A,Warsaw,Poland,Europe,Retail Banking,Anna,52.2297,21.0122,Low
T14517,2024-12-26,C683,Headphones,867.0,186.81913126279164,Credit Card,completed,161972.18680484034,Branch E,Vienna,Austria,Europe,Retail Banking,Stefan,48.2082,16.3738,High
,2024-12-26,C2929,Tablet,,,creditcard,complete,,Branch C,Paris,France,Europe,Retail Banking,Michael,48.8566,2.3522,Low
T45089,2024-12-26,C2575,Headphones,2.0,,creditcard,,,Branch E,Vienna,Austria,Europe,Retail Banking,Stefan,48.2082,16.3738,Low
T48295,2024-12-26,C1843,Headphones,6.0,,Cash,completed,,Branch E,Vienna,Austria,Europe,Retail Banking,Stefan,48.2082,16.3738,Low
T60170,2024-12-26,C4547,Headphones,-4.0,,Credit Card,Pending,,Branch E,Vienna,Austria,Europe,Retail Banking,Stefan,48.2082,16.3738,Low
T58205,2024-12-26,C185,Smartphone,2.0,101.79401134783784,pay pal,complete,203.58802269567568,Branch A,Warsaw,Poland,Europe,Retail Banking,Anna,52.2297,21.0122,Medium
T92524,2024-12-27,C3667,Headphones,2.0,469.49604371086,creditcard,complete,938.99208742172,Branch E,Vienna,Austria,Europe,Retail Banking,Stefan,48.2082,16.3738,Medium
T36104,2024-12-27,C3523,Coffee Machine,893.0,96.35609990057084,Cash,completed,86045.99721120976,Branch B,Berlin,Germany,Europe,Retail Banking,John,52.52,13.405,High
T83436,2024-12-27,C1015,Smartphone,940.0,686.8543427078793,Credit Card,Completed,645643.0821454065,Branch A,Warsaw,Poland,Europe,Retail Banking,Anna,52.2297,21.0122,High
T16350,2024-12-27,C1549,Laptop,8.0,61.12284871015415,PayPal,Completed,488.9827896812332,Branch D,Prague,Czechia,Europe,Retail Banking,Elena,50.0755,14.4378,Medium
T12663,2024-12-27,C2446,Headphones,9.0,865.23111191934,Cash,Completed,7787.08000727406,Branch E,Vienna,Austria,Europe,Retail Banking,Stefan,48.2082,16.3738,High
T68323,2024-12-27,C4137,Smartphone,505.0,891.0346138554552,Cash,Pending,449972.47999700485,Branch A,Warsaw,Poland,Europe,Retail Banking,Anna,52.2297,21.0122,High
T87015,2024-12-27,C4676,Headphones,-1.0,,pay pal,Completed,,Branch E,Vienna,Austria,Europe,Retail Banking,Stefan,48.2082,16.3738,Low
T7306,2024-12-27,C3114,Coffee Machine,591.0,870.2890905156141,creditcard,complete,514340.85249472794,Branch B,Berlin,Germany,Europe,Retail Banking,John,52.52,13.405,High
T15197,2024-12-27,,Coffee Machine,,861.69,PayPal,Completed,,Branch B,Berlin,Germany,Europe,Retail Banking,John,52.52,13.405,Low
T4093,2024-12-27,C1704,Laptop,5.0,,Cash,Failed,,Branch D,Prague,Czechia,Europe,Retail Banking,Elena,50.0755,14.4378,Low
,2024-12-27,C4654,Tablet,7.0,206.4471414190523,Credit Card,,1445.129989933366,Branch C,Paris,France,Europe,Retail Banking,Michael,48.8566,2.3522,High
T83596,2024-12-27,C2695,Coffee Machine,,836.7248238495619,PayPal ,Completed,,Branch B,Berlin,Germany,Europe,Retail Banking,John,52.52,13.405,Low
T46040,2024-12-27,C2703,Laptop,7.0,112.92679892281905,creditcard,complete,790.4875924597334,Branch D,Prague,Czechia,Europe,Retail Banking,Elena,50.0755,14.4378,Medium
T53922,2024-12-27,C1739,Tablet,-4.0,,pay pal,Pending,,Branch C,Paris,France,Europe,Retail Banking,Michael,48.8566,2.3522,Low
T34181,2024-12-27,C2073,Laptop,-5.0,629.0450138012709,PayPal,Completed,-3145.2250690063547,Branch D,Prague,Czechia,Europe,Retail Banking,Elena,50.0755,14.4378,Low
T94959,2024-12-27,C2924,Smartphone,10.0,,credit card,completed,,Branch A,Warsaw,Poland,Europe,Retail Banking,Anna,52.2297,21.0122,Low
T45420,2024-12-27,C2592,Coffee Machine,985.0,,creditcard,Completed,,Branch B,Berlin,Germany,Europe,Retail Banking,John,52.52,13.405,Low
T67231,2024-12-27,C3144,Coffee Machine,-6.0,836.2437907792503,pay pal,Completed,-5017.462744675502,Branch B,Berlin,Germany,Europe,Retail Banking,John,52.52,13.405,Low
T34986,2024-12-27,C2637,Smartphone,-8.0,291.7415636292252,pay pal,completed,-2333.9325090338016,Branch A,Warsaw,Poland,Europe,Retail Banking,Anna,52.2297,21.0122,Low
T20609,2024-12-27,C1362,Laptop,613.0,952.7846748586284,pay pal,Pending,584057.0056883392,Branch D,Prague,Czechia,Europe,Retail Banking,Elena,50.0755,14.4378,High
T90045,2024-12-27,C401,Tablet,516.0,,credit card,,,Branch C,Paris,France,Europe,Retail Banking,Michael,48.8566,2.3522,Low
T13138,2024-12-27,C4527,Coffee Machine,,995.5644020102126,creditcard,,,Branch B,Berlin,Germany,Europe,Retail Banking,John,52.52,13.405,Low
T34409,2024-12-27,C253,Headphones,-1.0,,Cash,complete,,Branch E,Vienna,Austria,Europe,Retail Banking,Stefan,48.2082,16.3738,Low
T69682,2024-12-28,C4634,Headphones,10.0,972.9980489772856,PayPal,complete,9729.980489772857,Branch E,Vienna,Austria,Europe,Retail Banking,Stefan,48.2082,16.3738,High
T90711,2024-12-28,C504,Laptop,731.0,,creditcard,complete,,Branch D,Prague,Czechia,Europe,Retail Banking,Elena,50.0755,14.4378,Low
T77123,2024-12-28,C4232,Coffee Machine,615.0,,Cash,Completed,,Branch B,Berlin,Germany,Europe,Retail Banking,John,52.52,13.405,Low
T82587,2024-12-28,,Laptop,2.0,950.9185131438572,pay pal,Pending,1901.8370262877145,Branch D,Prague,Czechia,Europe,Retail Banking,Elena,50.0755,14.4378,High
T75104,2024-12-28,C4327,Headphones,2.0,773.2702825008398,Credit Card,complete,1546.5405650016796,Branch E,Vienna,Austria,Europe,Retail Banking,Stefan,48.2082,16.3738,High
T17760,2024-12-28,C634,Headphones,925.0,697.3596090131707,PayPal,complete,645057.6383371829,Branch E,Vienna,Austria,Europe,Retail Banking,Stefan,48.2082,16.3738,High
T43115,2024-12-28,C3164,Laptop,1.0,518.2388290573455,credit card,,518.2388290573455,Branch D,Prague,Czechia,Europe,Retail Banking,Elena,50.0755,14.4378,Medium
T36070,2024-12-28,C1749,Headphones,2.0,199.4564427221192,PayPal,complete,398.9128854442384,Branch E,Vienna,Austria,Europe,Retail Banking,Stefan,48.2082,16.3738,Medium
T97669,2024-12-28,C4094,Smartphone,656.0,,creditcard,,,Branch A,Warsaw,Poland,Europe,Retail Banking,Anna,52.2297,21.0122,Low
T62392,2024-12-28,C1285,Tablet,-2.0,,PayPal,Failed,,Branch C,Paris,France,Europe,Retail Banking,Michael,48.8566,2.3522,Low
T23370,2024-12-28,C4401,Laptop,981.0,,creditcard,complete,,Branch D,Prague,Czechia,Europe,Retail Banking,Elena,50.0755,14.4378,Low
T83646,2024-12-28,C1956,Smartphone,-4.0,780.2860133197802,Credit Card,complete,-3121.1440532791207,Branch A,Warsaw,Poland,Europe,Retail Banking,Anna,52.2297,21.0122,Low
T56621,2024-12-28,C4469,Tablet,2.0,480.29,creditcard,Failed,960.58,Branch C,Paris,France,Europe,Retail Banking,Michael,48.8566,2.3522,Medium
T29561,2024-12-28,C4447,Coffee Machine,2.0,56.32457986367603,Credit Card,Completed,112.64915972735206,Branch B,Berlin,Germany,Europe,Retail Banking,John,52.52,13.405,Medium
T87656,2024-12-28,C1274,Laptop,-6.0,288.508568036792,PayPal,complete,-1731.051408220752,Branch D,Prague,Czechia,Europe,Retail Banking,Elena,50.0755,14.4378,Low
T8825,2024-12-28,C4831,Smartphone,338.0,893.1029006287494,creditcard,Completed,301868.78041251726,Branch A,Warsaw,Poland,Europe,Retail Banking,Anna,52.2297,21.0122,High
T63890,2024-12-29,C847,Coffee Machine,9.0,,pay pal,Pending,,Branch B,Berlin,Germany,Europe,Retail Banking,John,52.52,13.405,Low
T27789,2024-12-29,C2382,Headphones,2.0,265.59955185697004,PayPal,completed,531.1991037139401,Branch E,Vienna,Austria,Europe,Retail Banking,Stefan,48.2082,16.3738,Medium
T35725,2024-12-29,C068,Laptop,,927.0850739897096,PayPal,complete,,Branch D,Prague,Czechia,Europe,Retail Banking,Elena,50.0755,14.4378,Low
T49729,2024-12-29,C4652,Coffee Machine,322.0,326.72923585115564,Cash,,105206.81394407211,Branch B,Berlin,Germany,Europe,Retail Banking,John,52.52,13.405,High
T78471,2024-12-29,C4479,Tablet,800.0,866.7782525149345,Cash,Completed,693422.6020119475,Branch C,Paris,France,Europe,Retail Banking,Michael,48.8566,2.3522,High
T20728,2024-12-29,C4480,Tablet,235.0,475.8972160445472,PayPal,Pending,111835.84577046859,Branch C,Paris,France,Europe,Retail Banking,Michael,48.8566,2.3522,High
T81862,2024-12-29,C1987,Coffee Machine,9.0,287.72135274727134,Credit Card,,2589.492174725442,Branch B,Berlin,Germany,Europe,Retail Banking,John,52.52,13.405,High
T65319,2024-12-29,C1542,Headphones,-9.0,812.8645318131706,pay pal,,-7315.780786318535,Branch E,Vienna,Austria,Europe,Retail Banking,Stefan,48.2082,16.3738,Low
T38850,2024-12-29,C2688,Tablet,10.0,325.31496284121243,Credit Card,completed,3253.1496284121245,Branch C,Paris,France,Europe,Retail Banking,Michael,48.8566,2.3522,High
T62604,2024-12-29,C3072,Laptop,-9.0,957.2409561706768,Credit Card,Failed,-8615.168605536091,Branch D,Prague,Czechia,Europe,Retail Banking,Elena,50.0755,14.4378,Low
T85200,2024-12-29,C1819,Laptop,8.0,325.67379681858745,PayPal ,Pending,2605.3903745486996,Branch D,Prague,Czechia,Europe,Retail Banking,Elena,50.0755,14.4378,High
T8280,2024-12-29,C3185,Coffee Machine,994.0,,pay pal,Completed,,Branch B,Berlin,Germany,Europe,Retail Banking,John,52.52,13.405,Low
T87093,2024-12-29,C4412,Laptop,3.0,211.01926132992944,pay pal,,633.0577839897883,Branch D,Prague,Czechia,Europe,Retail Banking,Elena,50.0755,14.4378,Medium
T38796,2024-12-29,C4041,Smartphone,-8.0,448.9574233867203,creditcard,completed,-3591.6593870937622,Branch A,Warsaw,Poland,Europe,Retail Banking,Anna,52.2297,21.0122,Low
T84837,2024-12-29,C057,Headphones,567.0,540.33,PayPal,Pending,306367.11000000004,Branch E,Vienna,Austria,Europe,Retail Banking,Stefan,48.2082,16.3738,High
T57110,2024-12-30,C2448,Coffee Machine,-2.0,,PayPal,Pending,,Branch B,Berlin,Germany,Europe,Retail Banking,John,52.52,13.405,Low
T33470,2024-12-30,C4124,Coffee Machine,-4.0,410.8284228482832,pay pal,Failed,-1643.3136913931328,Branch B,Berlin,Germany,Europe,Retail Banking,John,52.52,13.405,Low
T44586,2024-12-30,,Headphones,10.0,693.3169326475889,creditcard,,6933.16932647589,Branch E,Vienna,Austria,Europe,Retail Banking,Stefan,48.2082,16.3738,High
T84910,2024-12-30,C3183,Coffee Machine,1.0,,pay pal,,,Branch B,Berlin,Germany,Europe,Retail Banking,John,52.52,13.405,Low
T27963,2024-12-30,C3853,Tablet,6.0,404.7310710534649,PayPal,,2428.3864263207897,Branch C,Paris,France,Europe,Retail Banking,Michael,48.8566,2.3522,High
T72205,2024-12-30,C2681,Tablet,-7.0,219.21642383582264,creditcard,Pending,-1534.5149668507584,Branch C,Paris,France,Europe,Retail Banking,Michael,48.8566,2.3522,Low
T87083,2024-12-30,C3688,Coffee Machine,1.0,,PayPal ,complete,,Branch B,Berlin,Germany,Europe,Retail Banking,John,52.52,13.405,Low
T56818,2024-12-30,C3635,Headphones,8.0,,pay pal,Completed,,Branch E,Vienna,Austria,Europe,Retail Banking,Stefan,48.2082,16.3738,Low
T85536,2024-12-30,C3657,Coffee Machine,-2.0,99.15627051264768,Cash,Pending,-198.31254102529536,Branch B,Berlin,Germany,Europe,Retail Banking,John,52.52,13.405,Low
T96645,2024-12-30,C299,Laptop,-3.0,,PayPal ,complete,,Branch D,Prague,Czechia,Europe,Retail Banking,Elena,50.0755,14.4378,Low
T49966,2024-12-30,C4046,Coffee Machine,349.0,557.1747089675073,credit card,complete,194453.97342966005,Branch B,Berlin,Germany,Europe,Retail Banking,John,52.52,13.405,High
T86807,2024-12-30,C2526,Tablet,-6.0,890.9546824639219,creditcard,Failed,-5345.728094783532,Branch C,Paris,France,Europe,Retail Banking,Michael,48.8566,2.3522,Low
T72205,2024-12-30,C2681,Tablet,-7.0,219.21642383582264,creditcard,Pending,-1534.5149668507584,Branch C,Paris,France,Europe,Retail Banking,Michael,48.8566,2.3522,Low
T27470,2024-12-30,C4007,Coffee Machine,-2.0,,Credit Card,,,Branch B,Berlin,Germany,Europe,Retail Banking,John,52.52,13.405,Low
T51187,2024-12-30,C1244,Tablet,-9.0,107.07147556919509,PayPal ,Failed,-963.6432801227558,Branch C,Paris,France,Europe,Retail Banking,Michael,48.8566,2.3522,Low
T96334,2024-12-30,C2310,Coffee Machine,552.0,,Credit Card,,,Branch B,Berlin,Germany,Europe,Retail Banking,John,52.52,13.405,Low
T59973,2024-12-30,C3141,Coffee Machine,613.0,803.9989792775928,Credit Card,complete,492851.3742971644,Branch B,Berlin,Germany,Europe,Retail Banking,John,52.52,13.405,High
T79025,2024-12-31,C1593,Laptop,-3.0,,PayPal,Failed,,Branch D,Prague,Czechia,Europe,Retail Banking,Elena,50.0755,14.4378,Low
T75976,2024-12-31,C3995,Coffee Machine,4.0,589.4268339162845,PayPal,Pending,2357.707335665138,Branch B,Berlin,Germany,Europe,Retail Banking,John,52.52,13.405,High
T10713,2024-12-31,C1160,Headphones,828.0,527.4108848458704,creditcard,,436696.21265238075,Branch E,Vienna,Austria,Europe,Retail Banking,Stefan,48.2082,16.3738,High
T64712,2024-12-31,C1533,Smartphone,883.0,375.3353322456605,Cash,completed,331421.0983729182,Branch A,Warsaw,Poland,Europe,Retail Banking,Anna,52.2297,21.0122,High
T4748,2024-12-31,C392,Coffee Machine,-7.0,,credit card,Pending,,Branch B,Berlin,Germany,Europe,Retail Banking,John,52.52,13.405,Low
T70267,2024-12-31,C1706,Tablet,-10.0,743.7977460934598,creditcard,complete,-7437.977460934598,Branch C,Paris,France,Europe,Retail Banking,Michael,48.8566,2.3522,Low
T79025,2024-12-31,C1593,Laptop,-3.0,,PayPal,Failed,,Branch D,Prague,Czechia,Europe,Retail Banking,Elena,50.0755,14.4378,Low
T77749,2024-12-31,C4481,Smartphone,9.0,,credit card,Pending,,Branch A,Warsaw,Poland,Europe,Retail Banking,Anna,52.2297,21.0122,Low
,2024-12-31,C4658,Smartphone,453.0,623.3831487433818,Cash,Pending,282392.56638075196,Branch A,Warsaw,Poland,Europe,Retail Banking,Anna,52.2297,21.0122,High
,2024-12-31,C3990,Laptop,3.0,,creditcard,Completed,,Branch D,Prague,Czechia,Europe,Retail Banking,Elena,50.0755,14.4378,Low
T87480,2024-12-31,C1089,Coffee Machine,8.0,145.85206005574076,PayPal,,1166.8164804459261,Branch B,Berlin,Germany,Europe,Retail Banking,John,52.52,13.405,High
T51244,2024-12-31,C026,Headphones,-8.0,78.29412885613338,Credit Card,Failed,-626.3530308490671,Branch E,Vienna,Austria,Europe,Retail Banking,Stefan,48.2082,16.3738,Low
T49254,2024-12-31,C944,Tablet,1.0,,PayPal,complete,,Branch C,Paris,France,Europe,Retail Banking,Michael,48.8566,2.3522,Low
T9172,2024-12-31,C786,Tablet,7.0,664.9043357425876,PayPal,completed,4654.330350198114,Branch C,Paris,France,Europe,Retail Banking,Michael,48.8566,2.3522,High
T0093,2024-12-31,C3843,Tablet,973.0,784.0773703024178,creditcard,,762907.2813042525,Branch C,Paris,France,Europe,Retail Banking,Michael,48.8566,2.3522,High
T56351,2024-12-31,C176,Smartphone,142.0,539.0624087019212,PayPal,completed,76546.8620356728,Branch A,Warsaw,Poland,Europe,Retail Banking,Anna,52.2297,21.0122,High
T17366,2024-12-31,C297,Smartphone,690.0,862.6025578866485,PayPal ,Completed,595195.7649417875,Branch A,Warsaw,Poland,Europe,Retail Banking,Anna,52.2297,21.0122,High
T75527,2024-12-31,C2570,Headphones,386.0,957.2735552778609,pay pal,complete,369507.59233725426,Branch E,Vienna,Austria,Europe,Retail Banking,Stefan,48.2082,16.3738,High
T14645,2025-01-01,C2142,Coffee Machine,4.0,481.91,pay pal,,1927.64,Branch B,Berlin,Germany,Europe,Retail Banking,John,52.52,13.405,High
,2025-01-01,C1859,Headphones,-9.0,799.34,PayPal,,-7194.06,Branch E,Vienna,Austria,Europe,Retail Banking,Stefan,48.2082,16.3738,Low
T42419,2025-01-01,C524,Coffee Machine,-10.0,550.2833037220571,pay pal,completed,-5502.833037220571,Branch B,Berlin,Germany,Europe,Retail Banking,John,52.52,13.405,Low
T94338,2025-01-01,C4009,Laptop,2.0,152.2509141749681,PayPal,Failed,304.5018283499362,Branch D,Prague,Czechia,Europe,Retail Banking,Elena,50.0755,14.4378,Medium
T30794,2025-01-01,,Coffee Machine,753.0,187.24763446247084,Cash,,140997.46875024054,Branch B,Berlin,Germany,Europe,Retail Banking,John,52.52,13.405,High
,2025-01-01,C1702,Laptop,5.0,741.9599520244174,creditcard,complete,3709.799760122087,Branch D,Prague,Czechia,Europe,Retail Banking,Elena,50.0755,14.4378,High
T4677,2025-01-01,C1933,Laptop,-2.0,79.5669039020197,pay pal,Pending,-159.1338078040394,Branch D,Prague,Czechia,Europe,Retail Banking,Elena,50.0755,14.4378,Low
T57812,2025-01-01,C1521,Smartphone,206.0,874.9900774004548,PayPal ,Failed,180247.95594449367,Branch A,Warsaw,Poland,Europe,Retail Banking,Anna,52.2297,21.0122,High
T82176,2025-01-01,C973,Laptop,-2.0,,PayPal ,Failed,,Branch D,Prague,Czechia,Europe,Retail Banking,Elena,50.0755,14.4378,Low
T72476,2025-01-01,,Coffee Machine,1.0,594.5867783705544,Cash,complete,594.5867783705544,Branch B,Berlin,Germany,Europe,Retail Banking,John,52.52,13.405,Medium
T25096,2025-01-01,C1583,Laptop,-9.0,693.2710064308482,PayPal ,Pending,-6239.439057877634,Branch D,Prague,Czechia,Europe,Retail Banking,Elena,50.0755,14.4378,Low
T26716,2025-01-01,C979,Headphones,139.0,,Credit Card,Completed,,Branch E,Vienna,Austria,Europe,Retail Banking,Stefan,48.2082,16.3738,Low
T67300,2025-01-01,C3269,Coffee Machine,244.0,830.0429815306844,PayPal,,202530.487493487,Branch B,Berlin,Germany,Europe,Retail Banking,John,52.52,13.405,High
T5457,2025-01-01,C3041,Coffee Machine,5.0,,Credit Card,Failed,,Branch B,Berlin,Germany,Europe,Retail Banking,John,52.52,13.405,Low
T21115,2025-01-02,C1226,Smartphone,382.0,584.5601408999258,PayPal ,,223301.97382377167,Branch A,Warsaw,Poland,Europe,Retail Banking,Anna,52.2297,21.0122,High
T84160,2025-01-02,C1245,Smartphone,5.0,583.6586376193186,credit card,Failed,2918.293188096593,Branch A,Warsaw,Poland,Europe,Retail Banking,Anna,52.2297,21.0122,High
T56028,2025-01-02,C4545,Laptop,4.0,,Cash,Failed,,Branch D,Prague,Czechia,Europe,Retail Banking,Elena,50.0755,14.4378,Low
T59015,2025-01-02,C1120,Laptop,-7.0,908.9795414478476,creditcard,Pending,-6362.856790134933,Branch D,Prague,Czechia,Europe,Retail Banking,Elena,50.0755,14.4378,Low
T24181,2025-01-02,C4227,Tablet,512.0,,Credit Card,Failed,,Branch C,Paris,France,Europe,Retail Banking,Michael,48.8566,2.3522,Low
T41844,2025-01-02,C1804,Coffee Machine,6.0,418.8138680389005,credit card,completed,2512.883208233403,Branch B,Berlin,Germany,Europe,Retail Banking,John,52.52,13.405,High
T75222,2025-01-02,C2608,Smartphone,8.0,125.47905032555263,Cash,Pending,1003.8324026044211,Branch A,Warsaw,Poland,Europe,Retail Banking,Anna,52.2297,21.0122,High
T45621,2025-01-02,C1518,Smartphone,666.0,503.4239019508937,PayPal,complete,335280.3186992952,Branch A,Warsaw,Poland,Europe,Retail Banking,Anna,52.2297,21.0122,High
T40056,2025-01-02,C695,Tablet,8.0,604.972273733455,creditcard,,4839.77818986764,Branch C,Paris,France,Europe,Retail Banking,Michael,48.8566,2.3522,High
T56901,2025-01-02,C1474,Smartphone,-4.0,,Credit Card,complete,,Branch A,Warsaw,Poland,Europe,Retail Banking,Anna,52.2297,21.0122,Low
T8737,2025-01-02,C4748,Headphones,449.0,57.473779464364384,creditcard,completed,25805.72697949961,Branch E,Vienna,Austria,Europe,Retail Banking,Stefan,48.2082,16.3738,High
T75273,2025-01-02,C3711,Laptop,,,creditcard,Completed,,Branch D,Prague,Czechia,Europe,Retail Banking,Elena,50.0755,14.4378,Low
T56065,2025-01-03,C622,Headphones,4.0,759.9071793479769,Cash,Failed,3039.6287173919077,Branch E,Vienna,Austria,Europe,Retail Banking,Stefan,48.2082,16.3738,High
T3110,2025-01-03,C043,Smartphone,10.0,111.53591773705875,Credit Card,completed,1115.3591773705875,Branch A,Warsaw,Poland,Europe,Retail Banking,Anna,52.2297,21.0122,High
T3328,2025-01-03,C1846,Smartphone,2.0,475.54,credit card,Completed,951.08,Branch A,Warsaw,Poland,Europe,Retail Banking,Anna,52.2297,21.0122,Medium
T24158,2025-01-03,C140,Coffee Machine,,,PayPal,,,Branch B,Berlin,Germany,Europe,Retail Banking,John,52.52,13.405,Low
T48188,2025-01-03,C3871,Coffee Machine,568.0,,PayPal ,,,Branch B,Berlin,Germany,Europe,Retail Banking,John,52.52,13.405,Low
T18734,2025-01-03,C2618,Headphones,529.0,,PayPal ,Pending,,Branch E,Vienna,Austria,Europe,Retail Banking,Stefan,48.2082,16.3738,Low
T16635,2025-01-03,C2942,Coffee Machine,369.0,,pay pal,completed,,Branch B,Berlin,Germany,Europe,Retail Banking,John,52.52,13.405,Low
T53708,2025-01-03,C3369,Laptop,,690.8335224450989,PayPal,Failed,,Branch D,Prague,Czechia,Europe,Retail Banking,Elena,50.0755,14.4378,Low
T93137,2025-01-03,C3371,Smartphone,916.0,931.07202498738,credit card,completed,852861.9748884401,Branch A,Warsaw,Poland,Europe,Retail Banking,Anna,52.2297,21.0122,High
T54695,2025-01-03,C1139,Laptop,841.0,139.49198940848885,pay pal,complete,117312.76309253913,Branch D,Prague,Czechia,Europe,Retail Banking,Elena,50.0755,14.4378,High
T71057,2025-01-03,C4045,Tablet,-1.0,53.49090961207139,creditcard,complete,-53.49090961207139,Branch C,Paris,France,Europe,Retail Banking,Michael,48.8566,2.3522,Low
T18124,2025-01-03,C124,Coffee Machine,7.0,941.5527942981618,pay pal,Pending,6590.869560087132,Branch B,Berlin,Germany,Europe,Retail Banking,John,52.52,13.405,High
T84601,2025-01-03,C2417,Laptop,986.0,184.9612389806207,credit card,,182371.781634892,Branch D,Prague,Czechia,Europe,Retail Banking,Elena,50.0755,14.4378,High
T80203,2025-01-03,C4373,Tablet,,205.96875072154364,Credit Card,Failed,,Branch C,Paris,France,Europe,Retail Banking,Michael,48.8566,2.3522,Low
T82892,2025-01-03,C3618,Laptop,496.0,50.67146570583441,PayPal ,completed,25133.046990093866,Branch D,Prague,Czechia,Europe,Retail Banking,Elena,50.0755,14.4378,High
T32745,2025-01-03,C2441,Laptop,-9.0,837.7148030603882,PayPal,Pending,-7539.4332275434945,Branch D,Prague,Czechia,Europe,Retail Banking,Elena,50.0755,14.4378,Low
T74679,2025-01-03,C1323,Smartphone,240.0,164.2275825035003,creditcard,Failed,39414.61980084007,Branch A,Warsaw,Poland,Europe,Retail Banking,Anna,52.2297,21.0122,High
T99006,2025-01-03,C3456,Laptop,-1.0,220.12598726882845,Cash,completed,-220.12598726882845,Branch D,Prague,Czechia,Europe,Retail Banking,Elena,50.0755,14.4378,Low
T11651,2025-01-03,C4156,Coffee Machine,253.0,,credit card,completed,,Branch B,Berlin,Germany,Europe,Retail Banking,John,52.52,13.405,Low
T42351,2025-01-03,C3366,Headphones,2.0,,Credit Card,Failed,,Branch E,Vienna,Austria,Europe,Retail Banking,Stefan,48.2082,16.3738,Low
T82892,2025-01-03,C3618,Laptop,496.0,50.67146570583441,PayPal ,completed,25133.046990093866,Branch D,Prague,Czechia,Europe,Retail Banking,Elena,50.0755,14.4378,High
T47721,2025-01-03,C1875,Headphones,-2.0,390.7761826301596,Cash,Failed,-781.5523652603192,Branch E,Vienna,Austria,Europe,Retail Banking,Stefan,48.2082,16.3738,Low
T62460,2025-01-03,C2410,Smartphone,-4.0,,Cash,completed,,Branch A,Warsaw,Poland,Europe,Retail Banking,Anna,52.2297,21.0122,Low
T83555,2025-01-04,C4273,Headphones,7.0,,credit card,Failed,,Branch E,Vienna,Austria,Europe,Retail Banking,Stefan,48.2082,16.3738,Low
T3642,2025-01-04,C1561,Headphones,-5.0,743.4183786460676,pay pal,Completed,-3717.091893230338,Branch E,Vienna,Austria,Europe,Retail Banking,Stefan,48.2082,16.3738,Low
T48191,2025-01-04,C3475,Coffee Machine,-9.0,185.67599975183555,PayPal,Pending,-1671.08399776652,Branch B,Berlin,Germany,Europe,Retail Banking,John,52.52,13.405,Low
T99726,2025-01-04,C3929,Laptop,-8.0,183.0845556732163,PayPal ,Completed,-1464.6764453857304,Branch D,Prague,Czechia,Europe,Retail Banking,Elena,50.0755,14.4378,Low
T80455,2025-01-04,C1492,Smartphone,10.0,765.8093663826422,PayPal,complete,7658.093663826422,Branch A,Warsaw,Poland,Europe,Retail Banking,Anna,52.2297,21.0122,High
T34478,2025-01-04,C3364,Tablet,4.0,303.1563070346883,credit card,complete,1212.6252281387533,Branch C,Paris,France,Europe,Retail Banking,Michael,48.8566,2.3522,High
T57224,2025-01-04,C3010,Tablet,,622.526299817043,Credit Card,Completed,,Branch C,Paris,France,Europe,Retail Banking,Michael,48.8566,2.3522,Low
T86942,2025-01-04,C2732,Coffee Machine,158.0,677.1896015858249,Credit Card,,106995.95705056033,Branch B,Berlin,Germany,Europe,Retail Banking,John,52.52,13.405,High
T76127,2025-01-04,C2063,Smartphone,5.0,519.7132947088528,Cash,complete,2598.566473544264,Branch A,Warsaw,Poland,Europe,Retail Banking,Anna,52.2297,21.0122,High
T88942,2025-01-04,C2795,Laptop,4.0,244.19665349874836,PayPal,Completed,976.7866139949934,Branch D,Prague,Czechia,Europe,Retail Banking,Elena,50.0755,14.4378,Medium
T0177,2025-01-04,C3662,Tablet,-4.0,460.8278566012473,PayPal ,completed,-1843.311426404989,Branch C,Paris,France,Europe,Retail Banking,Michael,48.8566,2.3522,Low
T89260,2025-01-04,C4414,Laptop,434.0,,PayPal ,complete,,Branch D,Prague,Czechia,Europe,Retail Banking,Elena,50.0755,14.4378,Low
T33577,2025-01-04,C4018,Coffee Machine,-4.0,,PayPal ,completed,,Branch B,Berlin,Germany,Europe,Retail Banking,John,52.52,13.405,Low
T27689,2025-01-04,C594,Headphones,9.0,554.1150741337599,credit card,Completed,4987.035667203839,Branch E,Vienna,Austria,Europe,Retail Banking,Stefan,48.2082,16.3738,High
T67699,2025-01-04,C3789,Coffee Machine,-6.0,125.5066729891521,Cash,completed,-753.0400379349126,Branch B,Berlin,Germany,Europe,Retail Banking,John,52.52,13.405,Low
T17513,2025-01-04,C3947,Smartphone,5.0,201.92444951211317,Cash,completed,1009.6222475605658,Branch A,Warsaw,Poland,Europe,Retail Banking,Anna,52.2297,21.0122,High
T12170,2025-01-05,C4528,Smartphone,7.0,,creditcard,Pending,,Branch A,Warsaw,Poland,Europe,Retail Banking,Anna,52.2297,21.0122,Low
T9101,2025-01-05,C2870,Tablet,917.0,385.3051035457453,credit card,Failed,353324.77995144844,Branch C,Paris,France,Europe,Retail Banking,Michael,48.8566,2.3522,High
T91290,2025-01-05,C3362,Smartphone,384.0,238.54999253523863,credit card,Failed,91603.19713353163,Branch A,Warsaw,Poland,Europe,Retail Banking,Anna,52.2297,21.0122,High
,2025-01-05,C4193,Tablet,-6.0,,PayPal,,,Branch C,Paris,France,Europe,Retail Banking,Michael,48.8566,2.3522,Low
T37108,2025-01-05,C4499,Headphones,4.0,416.2637479776894,PayPal,Pending,1665.0549919107575,Branch E,Vienna,Austria,Europe,Retail Banking,Stefan,48.2082,16.3738,High
T69835,2025-01-05,C4198,Smartphone,855.0,380.45386195431297,Credit Card,Completed,325288.0519709376,Branch A,Warsaw,Poland,Europe,Retail Banking,Anna,52.2297,21.0122,High
T33924,2025-01-05,C574,Laptop,9.0,83.11219832913825,credit card,completed,748.0097849622442,Branch D,Prague,Czechia,Europe,Retail Banking,Elena,50.0755,14.4378,Medium
T25413,2025-01-05,C2550,Coffee Machine,-7.0,,creditcard,Completed,,Branch B,Berlin,Germany,Europe,Retail Banking,John,52.52,13.405,Low
T79703,2025-01-05,,Smartphone,506.0,85.51436798574332,Credit Card,Completed,43270.27020078612,Branch A,Warsaw,Poland,Europe,Retail Banking,Anna,52.2297,21.0122,High
T28214,2025-01-05,C4792,Coffee Machine,681.0,251.8171252375546,PayPal ,Pending,171487.46228677468,Branch B,Berlin,Germany,Europe,Retail Banking,John,52.52,13.405,High
T4437,2025-01-05,C1502,Coffee Machine,-5.0,493.37624951822966,PayPal ,,-2466.881247591148,Branch B,Berlin,Germany,Europe,Retail Banking,John,52.52,13.405,Low
T75767,2025-01-05,C4210,Smartphone,903.0,,Credit Card,Completed,,Branch A,Warsaw,Poland,Europe,Retail Banking,Anna,52.2297,21.0122,Low
T56711,2025-01-05,C1559,Coffee Machine,6.0,,credit card,Failed,,Branch B,Berlin,Germany,Europe,Retail Banking,John,52.52,13.405,Low
T72287,2025-01-05,C3033,Headphones,10.0,,credit card,Pending,,Branch E,Vienna,Austria,Europe,Retail Banking,Stefan,48.2082,16.3738,Low
T98265,2025-01-05,C1910,Coffee Machine,181.0,,creditcard,Pending,,Branch B,Berlin,Germany,Europe,Retail Banking,John,52.52,13.405,Low
T60473,2025-01-05,C1372,Smartphone,-8.0,,Cash,complete,,Branch A,Warsaw,Poland,Europe,Retail Banking,Anna,52.2297,21.0122,Low
T97313,2025-01-05,C2117,Laptop,207.0,,credit card,,,Branch D,Prague,Czechia,Europe,Retail Banking,Elena,50.0755,14.4378,Low
T42470,2025-01-05,C642,Tablet,10.0,,credit card,Pending,,Branch C,Paris,France,Europe,Retail Banking,Michael,48.8566,2.3522,Low
T15578,2025-01-05,C1999,Headphones,7.0,898.6145464220657,creditcard,,6290.30182495446,Branch E,Vienna,Austria,Europe,Retail Banking,Stefan,48.2082,16.3738,High
T46028,2025-01-05,C446,Smartphone,-6.0,,pay pal,Failed,,Branch A,Warsaw,Poland,Europe,Retail Banking,Anna,52.2297,21.0122,Low
T81734,2025-01-05,C1040,Laptop,-9.0,753.2731708544902,PayPal ,Failed,-6779.458537690412,Branch D,Prague,Czechia,Europe,Retail Banking,Elena,50.0755,14.4378,Low
T39400,2025-01-05,C4666,Tablet,4.0,387.42,PayPal ,Pending,1549.68,Branch C,Paris,France,Europe,Retail Banking,Michael,48.8566,2.3522,High
T13445,2025-01-06,C3326,Laptop,4.0,772.4703527945317,PayPal,Failed,3089.8814111781267,Branch D,Prague,Czechia,Europe,Retail Banking,Elena,50.0755,14.4378,High
T46469,2025-01-06,C3800,Coffee Machine,2.0,940.718432263402,Credit Card,Completed,1881.436864526804,Branch B,Berlin,Germany,Europe,Retail Banking,John,52.52,13.405,High
T10117,2025-01-06,C1930,Laptop,-3.0,760.3726013525983,creditcard,Completed,-2281.1178040577947,Branch D,Prague,Czechia,Europe,Retail Banking,Elena,50.0755,14.4378,Low
T58699,2025-01-06,C2852,Tablet,757.0,879.4617667506577,credit card,completed,665752.5574302479,Branch C,Paris,France,Europe,Retail Banking,Michael,48.8566,2.3522,High
T6630,2025-01-06,C3242,Tablet,1.0,,creditcard,Failed,,Branch C,Paris,France,Europe,Retail Banking,Michael,48.8566,2.3522,Low
T31615,2025-01-06,C041,Smartphone,-9.0,,PayPal ,completed,,Branch A,Warsaw,Poland,Europe,Retail Banking,Anna,52.2297,21.0122,Low
T72767,2025-01-06,C584,Laptop,10.0,,creditcard,Completed,,Branch D,Prague,Czechia,Europe,Retail Banking,Elena,50.0755,14.4378,Low
T14656,2025-01-06,C1757,Headphones,-10.0,761.4583969625189,Cash,complete,-7614.58396962519,Branch E,Vienna,Austria,Europe,Retail Banking,Stefan,48.2082,16.3738,Low
T98951,2025-01-06,C1428,Headphones,503.0,,Credit Card,completed,,Branch E,Vienna,Austria,Europe,Retail Banking,Stefan,48.2082,16.3738,Low
T90851,2025-01-06,C291,Laptop,,598.4960637570965,creditcard,Completed,,Branch D,Prague,Czechia,Europe,Retail Banking,Elena,50.0755,14.4378,Low
T20566,2025-01-06,C1766,Headphones,,,credit card,completed,,Branch E,Vienna,Austria,Europe,Retail Banking,Stefan,48.2082,16.3738,Low
T7469,2025-01-06,C1460,Smartphone,342.0,152.03139512572403,creditcard,complete,51994.737132997616,Branch A,Warsaw,Poland,Europe,Retail Banking,Anna,52.2297,21.0122,High
T84585,2025-01-06,C3912,Headphones,2.0,400.0884053690196,Credit Card,Failed,800.1768107380392,Branch E,Vienna,Austria,Europe,Retail Banking,Stefan,48.2082,16.3738,Medium
,2025-01-06,C4290,Smartphone,243.0,,Credit Card,,,Branch A,Warsaw,Poland,Europe,Retail Banking,Anna,52.2297,21.0122,Low
T67121,2025-01-06,C985,Tablet,-1.0,,creditcard,completed,,Branch C,Paris,France,Europe,Retail Banking,Michael,48.8566,2.3522,Low
T97204,2025-01-06,C3055,Headphones,742.0,,Credit Card,,,Branch E,Vienna,Austria,Europe,Retail Banking,Stefan,48.2082,16.3738,Low
T33729,2025-01-06,C010,Smartphone,808.0,,pay pal,Pending,,Branch A,Warsaw,Poland,Europe,Retail Banking,Anna,52.2297,21.0122,Low
T75462,2025-01-06,C3301,Coffee Machine,,873.9585505688693,PayPal ,,,Branch B,Berlin,Germany,Europe,Retail Banking,John,52.52,13.405,Low
T29867,2025-01-07,C2757,Tablet,-4.0,351.9325399361256,credit card,complete,-1407.7301597445023,Branch C,Paris,France,Europe,Retail Banking,Michael,48.8566,2.3522,Low
T74396,2025-01-07,C1067,Smartphone,804.0,,PayPal ,Failed,,Branch A,Warsaw,Poland,Europe,Retail Banking,Anna,52.2297,21.0122,Low
T16799,2025-01-07,C430,Coffee Machine,-8.0,991.9287449375907,credit card,Failed,-7935.429959500726,Branch B,Berlin,Germany,Europe,Retail Banking,John,52.52,13.405,Low
T71233,2025-01-07,C3622,Headphones,803.0,299.3660595060297,PayPal ,Pending,240390.9457833419,Branch E,Vienna,Austria,Europe,Retail Banking,Stefan,48.2082,16.3738,High
T84243,2025-01-07,C4239,Tablet,-4.0,629.0655105050448,creditcard,Completed,-2516.2620420201793,Branch C,Paris,France,Europe,Retail Banking,Michael,48.8566,2.3522,Low
T48760,2025-01-07,C2181,Headphones,704.0,,credit card,Pending,,Branch E,Vienna,Austria,Europe,Retail Banking,Stefan,48.2082,16.3738,Low
T12464,2025-01-07,C243,Headphones,301.0,,Credit Card,Pending,,Branch E,Vienna,Austria,Europe,Retail Banking,Stefan,48.2082,16.3738,Low
T53742,2025-01-07,C3685,Headphones,458.0,67.19171610459375,PayPal,,30773.80597590394,Branch E,Vienna,Austria,Europe,Retail Banking,Stefan,48.2082,16.3738,High
T88556,2025-01-07,C1855,Smartphone,263.0,,PayPal ,Completed,,Branch A,Warsaw,Poland,Europe,Retail Banking,Anna,52.2297,21.0122,Low
T69238,2025-01-07,C3062,Coffee Machine,929.0,,Credit Card,completed,,Branch B,Berlin,Germany,Europe,Retail Banking,John,52.52,13.405,Low
T27052,2025-01-07,C2941,Laptop,9.0,757.8939667502215,credit card,completed,6821.0457007519935,Branch D,Prague,Czechia,Europe,Retail Banking,Elena,50.0755,14.4378,High
T87922,2025-01-07,C3293,Tablet,189.0,903.19,Cash,completed,170702.91,Branch C,Paris,France,Europe,Retail Banking,Michael,48.8566,2.3522,High
T3659,2025-01-07,C4590,Coffee Machine,-7.0,422.6198218443071,PayPal ,,-2958.33875291015,Branch B,Berlin,Germany,Europe,Retail Banking,John,52.52,13.405,Low
T57215,2025-01-07,C3031,Laptop,7.0,,PayPal ,complete,,Branch D,Prague,Czechia,Europe,Retail Banking,Elena,50.0755,14.4378,Low
T80127,2025-01-07,C4294,Coffee Machine,556.0,684.5102869311283,credit card,completed,380587.71953370736,Branch B,Berlin,Germany,Europe,Retail Banking,John,52.52,13.405,High
T15839,2025-01-07,C1380,Coffee Machine,6.0,297.17326528271985,PayPal ,completed,1783.0395916963191,Branch B,Berlin,Germany,Europe,Retail Banking,John,52.52,13.405,High
T51929,2025-01-07,C4649,Coffee Machine,-9.0,213.757756785844,credit card,complete,-1923.8198110725962,Branch B,Berlin,Germany,Europe,Retail Banking,John,52.52,13.405,Low
T91319,2025-01-07,C3126,Headphones,9.0,297.8679131284621,PayPal,Completed,2680.8112181561587,Branch E,Vienna,Austria,Europe,Retail Banking,Stefan,48.2082,16.3738,High
T25508,2025-01-07,C1441,Tablet,7.0,,Credit Card,Pending,,Branch C,Paris,France,Europe,Retail Banking,Michael,48.8566,2.3522,Low
T3268,2025-01-07,C4687,Smartphone,-8.0,655.3049856614367,pay pal,Completed,-5242.439885291494,Branch A,Warsaw,Poland,Europe,Retail Banking,Anna,52.2297,21.0122,Low
T53990,2025-01-08,C337,Smartphone,414.0,,pay pal,completed,,Branch A,Warsaw,Poland,Europe,Retail Banking,Anna,52.2297,21.0122,Low
T56911,2025-01-08,C3545,Smartphone,207.0,,Cash,Failed,,Branch A,Warsaw,Poland,Europe,Retail Banking,Anna,52.2297,21.0122,Low
T76179,2025-01-08,C237,Laptop,-4.0,,pay pal,,,Branch D,Prague,Czechia,Europe,Retail Banking,Elena,50.0755,14.4378,Low
T18675,2025-01-08,C3217,Smartphone,-5.0,448.20849900372696,pay pal,,-2241.042495018635,Branch A,Warsaw,Poland,Europe,Retail Banking,Anna,52.2297,21.0122,Low
T46542,2025-01-08,C3906,Headphones,9.0,,Credit Card,Pending,,Branch E,Vienna,Austria,Europe,Retail Banking,Stefan,48.2082,16.3738,Low
T37734,2025-01-08,C2046,Tablet,112.0,740.5637898034502,pay pal,Pending,82943.14445798642,Branch C,Paris,France,Europe,Retail Banking,Michael,48.8566,2.3522,High
T85278,2025-01-08,C1783,Laptop,9.0,,Credit Card,completed,,Branch D,Prague,Czechia,Europe,Retail Banking,Elena,50.0755,14.4378,Low
T8909,2025-01-08,C4187,Headphones,9.0,148.56232239647807,credit card,Completed,1337.0609015683026,Branch E,Vienna,Austria,Europe,Retail Banking,Stefan,48.2082,16.3738,High
T83158,2025-01-08,C4345,Tablet,5.0,63.18,pay pal,complete,315.9,Branch C,Paris,France,Europe,Retail Banking,Michael,48.8566,2.3522,Medium
T76228,2025-01-08,C3230,Headphones,6.0,168.14795878498182,credit card,,1008.887752709891,Branch E,Vienna,Austria,Europe,Retail Banking,Stefan,48.2082,16.3738,High
T34074,2025-01-08,C1781,Tablet,863.0,881.1503943700847,PayPal ,,760432.7903413831,Branch C,Paris,France,Europe,Retail Banking,Michael,48.8566,2.3522,High
T36093,2025-01-08,C632,Coffee Machine,5.0,422.68574554148313,Credit Card,Completed,2113.4287277074154,Branch B,Berlin,Germany,Europe,Retail Banking,John,52.52,13.405,High
T53531,2025-01-08,C4707,Smartphone,755.0,177.24248102455067,Credit Card,,133818.07317353575,Branch A,Warsaw,Poland,Europe,Retail Banking,Anna,52.2297,21.0122,High
T49560,2025-01-08,C1202,Smartphone,8.0,689.47,pay pal,completed,5515.76,Branch A,Warsaw,Poland,Europe,Retail Banking,Anna,52.2297,21.0122,High
T19279,2025-01-08,C1189,Tablet,,307.17527545134334,Cash,completed,,Branch C,Paris,France,Europe,Retail Banking,Michael,48.8566,2.3522,Low
T2320,2025-01-08,C3550,Smartphone,153.0,685.100431827509,creditcard,,104820.36606960889,Branch A,Warsaw,Poland,Europe,Retail Banking,Anna,52.2297,21.0122,High
T34617,2025-01-08,C1946,Laptop,-1.0,975.559177574318,creditcard,completed,-975.559177574318,Branch D,Prague,Czechia,Europe,Retail Banking,Elena,50.0755,14.4378,Low
T8412,2025-01-09,C2224,Coffee Machine,10.0,,credit card,Pending,,Branch B,Berlin,Germany,Europe,Retail Banking,John,52.52,13.405,Low
T33223,2025-01-09,C4586,Coffee Machine,8.0,701.0150083505669,Credit Card,Completed,5608.120066804535,Branch B,Berlin,Germany,Europe,Retail Banking,John,52.52,13.405,High
T58263,2025-01-09,C4468,Coffee Machine,-2.0,518.981049917667,PayPal,Failed,-1037.962099835334,Branch B,Berlin,Germany,Europe,Retail Banking,John,52.52,13.405,Low
T51684,2025-01-09,C4299,Laptop,6.0,702.78,credit card,completed,4216.68,Branch D,Prague,Czechia,Europe,Retail Banking,Elena,50.0755,14.4378,High
T33724,2025-01-09,C3060,Laptop,692.0,715.1347190715031,pay pal,Failed,494873.22559748014,Branch D,Prague,Czechia,Europe,Retail Banking,Elena,50.0755,14.4378,High
T90239,2025-01-09,C4700,Laptop,816.0,419.9855005433051,credit card,completed,342708.16844333697,Branch D,Prague,Czechia,Europe,Retail Banking,Elena,50.0755,14.4378,High
T55767,2025-01-09,C2506,Coffee Machine,446.0,122.9572318841939,PayPal,complete,54838.92542035048,Branch B,Berlin,Germany,Europe,Retail Banking,John,52.52,13.405,High
T70161,2025-01-09,,Tablet,-4.0,624.3504525808002,pay pal,Pending,-2497.4018103232006,Branch C,Paris,France,Europe,Retail Banking,Michael,48.8566,2.3522,Low
T25828,2025-01-09,C2698,Headphones,6.0,500.3908951910845,Credit Card,complete,3002.345371146507,Branch E,Vienna,Austria,Europe,Retail Banking,Stefan,48.2082,16.3738,High
T11754,2025-01-09,C810,Smartphone,-3.0,195.47968799901912,Cash,completed,-586.4390639970574,Branch A,Warsaw,Poland,Europe,Retail Banking,Anna,52.2297,21.0122,Low
T74949,2025-01-09,C4167,Headphones,10.0,484.4109208289108,creditcard,,4844.109208289108,Branch E,Vienna,Austria,Europe,Retail Banking,Stefan,48.2082,16.3738,High
T66589,2025-01-09,C4919,Laptop,-6.0,,Credit Card,,,Branch D,Prague,Czechia,Europe,Retail Banking,Elena,50.0755,14.4378,Low
T42416,2025-01-09,C1239,Smartphone,,,creditcard,,,Branch A,Warsaw,Poland,Europe,Retail Banking,Anna,52.2297,21.0122,Low
T45192,2025-01-09,C2701,Tablet,588.0,238.9619907242734,Cash,Pending,140509.65054587275,Branch C,Paris,France,Europe,Retail Banking,Michael,48.8566,2.3522,High
T48125,2025-01-09,C1044,Tablet,10.0,545.6653540186994,creditcard,complete,5456.653540186994,Branch C,Paris,France,Europe,Retail Banking,Michael,48.8566,2.3522,High
T70016,2025-01-09,C3975,Tablet,5.0,,Credit Card,Completed,,Branch C,Paris,France,Europe,Retail Banking,Michael,48.8566,2.3522,Low
T9687,2025-01-10,C090,Headphones,827.0,874.2657981804635,credit card,,723017.8150952434,Branch E,Vienna,Austria,Europe,Retail Banking,Stefan,48.2082,16.3738,High
T91090,2025-01-10,C3442,Smartphone,,325.7729355853892,Cash,,,Branch A,Warsaw,Poland,Europe,Retail Banking,Anna,52.2297,21.0122,Low
T56475,2025-01-10,C3865,Tablet,9.0,487.4578675797652,creditcard,completed,4387.120808217887,Branch C,Paris,France,Europe,Retail Banking,Michael,48.8566,2.3522,High
T18914,2025-01-10,C377,Smartphone,934.0,285.596395644445,credit card,Pending,266747.0335319116,Branch A,Warsaw,Poland,Europe,Retail Banking,Anna,52.2297,21.0122,High
T48136,2025-01-10,C2189,Smartphone,980.0,,credit card,Completed,,Branch A,Warsaw,Poland,Europe,Retail Banking,Anna,52.2297,21.0122,Low
,2025-01-10,C362,Headphones,484.0,,Cash,completed,,Branch E,Vienna,Austria,Europe,Retail Banking,Stefan,48.2082,16.3738,Low
T87381,2025-01-10,C1107,Laptop,-1.0,,credit card,completed,,Branch D,Prague,Czechia,Europe,Retail Banking,Elena,50.0755,14.4378,Low
T88232,2025-01-10,C2589,Coffee Machine,-1.0,992.5365429672188,Cash,Failed,-992.5365429672188,Branch B,Berlin,Germany,Europe,Retail Banking,John,52.52,13.405,Low
T63432,2025-01-10,C4039,Coffee Machine,7.0,373.15,PayPal ,Completed,2612.0499999999997,Branch B,Berlin,Germany,Europe,Retail Banking,John,52.52,13.405,High
T32129,2025-01-10,C944,Tablet,-6.0,565.5014039742838,PayPal ,Completed,-3393.008423845703,Branch C,Paris,France,Europe,Retail Banking,Michael,48.8566,2.3522,Low
T55260,2025-01-10,C2277,Tablet,6.0,279.90766734017325,PayPal ,completed,1679.4460040410395,Branch C,Paris,France,Europe,Retail Banking,Michael,48.8566,2.3522,High
T6307,2025-01-10,C4593,Coffee Machine,870.0,730.207676109192,Credit Card,completed,635280.678214997,Branch B,Berlin,Germany,Europe,Retail Banking,John,52.52,13.405,High
T75195,2025-01-10,C502,Coffee Machine,-10.0,,Cash,,,Branch B,Berlin,Germany,Europe,Retail Banking,John,52.52,13.405,Low
T70478,2025-01-10,C4147,Coffee Machine,9.0,,PayPal ,completed,,Branch B,Berlin,Germany,Europe,Retail Banking,John,52.52,13.405,Low
T11843,2025-01-10,,Tablet,-4.0,698.952227099401,PayPal ,Pending,-2795.808908397604,Branch C,Paris,France,Europe,Retail Banking,Michael,48.8566,2.3522,Low
T31212,2025-01-10,C2720,Laptop,-7.0,,Credit Card,complete,,Branch D,Prague,Czechia,Europe,Retail Banking,Elena,50.0755,14.4378,Low
T79622,2025-01-11,C2472,Headphones,8.0,,PayPal,Pending,,Branch E,Vienna,Austria,Europe,Retail Banking,Stefan,48.2082,16.3738,Low
T68279,2025-01-11,C1159,Tablet,912.0,804.29,Cash,Pending,733512.48,Branch C,Paris,France,Europe,Retail Banking,Michael,48.8566,2.3522,High
T52850,2025-01-11,C4249,Smartphone,-6.0,459.4922896473671,pay pal,Failed,-2756.9537378842024,Branch A,Warsaw,Poland,Europe,Retail Banking,Anna,52.2297,21.0122,Low
T72936,2025-01-11,C540,Laptop,-3.0,567.032924989435,Credit Card,Failed,-1701.098774968305,Branch D,Prague,Czechia,Europe,Retail Banking,Elena,50.0755,14.4378,Low
T15216,2025-01-11,C2035,Laptop,-7.0,994.0007886634708,credit card,Completed,-6958.005520644296,Branch D,Prague,Czechia,Europe,Retail Banking,Elena,50.0755,14.4378,Low
T84390,2025-01-11,C2381,Tablet,1.0,423.3940891120234,Cash,complete,423.3940891120234,Branch C,Paris,France,Europe,Retail Banking,Michael,48.8566,2.3522,Medium
T90366,2025-01-11,C3562,Laptop,-7.0,976.09,PayPal ,complete,-6832.63,Branch D,Prague,Czechia,Europe,Retail Banking,Elena,50.0755,14.4378,Low
T68851,2025-01-11,C421,Headphones,8.0,606.2410705612863,creditcard,Completed,4849.92856449029,Branch E,Vienna,Austria,Europe,Retail Banking,Stefan,48.2082,16.3738,High
T89535,2025-01-11,C4446,Tablet,370.0,,Credit Card,Failed,,Branch C,Paris,France,Europe,Retail Banking,Michael,48.8566,2.3522,Low
T95619,2025-01-11,C2346,Headphones,-8.0,,Cash,,,Branch E,Vienna,Austria,Europe,Retail Banking,Stefan,48.2082,16.3738,Low
,2025-01-11,C4477,Smartphone,7.0,138.24192490463088,pay pal,,967.6934743324161,Branch A,Warsaw,Poland,Europe,Retail Banking,Anna,52.2297,21.0122,Medium
,2025-01-11,C1736,Headphones,925.0,386.9042760999948,pay pal,Completed,357886.45539249515,Branch E,Vienna,Austria,Europe,Retail Banking,Stefan,48.2082,16.3738,High
T29146,2025-01-12,C2664,Coffee Machine,,,Credit Card,complete,,Branch B,Berlin,Germany,Europe,Retail Banking,John,52.52,13.405,Low
T49159,2025-01-12,C3770,Laptop,3.0,802.3862112486996,Credit Card,,2407.158633746099,Branch D,Prague,Czechia,Europe,Retail Banking,Elena,50.0755,14.4378,High
T51105,2025-01-12,C3705,Tablet,7.0,,Cash,completed,,Branch C,Paris,France,Europe,Retail Banking,Michael,48.8566,2.3522,Low
T41748,2025-01-12,C2051,Smartphone,460.0,,pay pal,Completed,,Branch A,Warsaw,Poland,Europe,Retail Banking,Anna,52.2297,21.0122,Low
T98989,2025-01-12,C2642,Smartphone,5.0,839.87,pay pal,Failed,4199.35,Branch A,Warsaw,Poland,Europe,Retail Banking,Anna,52.2297,21.0122,High
T60881,2025-01-12,C3937,Headphones,-2.0,568.3592523032407,PayPal,Failed,-1136.7185046064815,Branch E,Vienna,Austria,Europe,Retail Banking,Stefan,48.2082,16.3738,Low
T63375,2025-01-12,C963,Laptop,-3.0,,PayPal ,Failed,,Branch D,Prague,Czechia,Europe,Retail Banking,Elena,50.0755,14.4378,Low
T55987,2025-01-12,C3305,Smartphone,-7.0,814.6391725896838,PayPal,complete,-5702.474208127786,Branch A,Warsaw,Poland,Europe,Retail Banking,Anna,52.2297,21.0122,Low
T49525,2025-01-12,C3660,Tablet,751.0,,Credit Card,completed,,Branch C,Paris,France,Europe,Retail Banking,Michael,48.8566,2.3522,Low
T25909,2025-01-12,C4980,Headphones,,,pay pal,Failed,,Branch E,Vienna,Austria,Europe,Retail Banking,Stefan,48.2082,16.3738,Low
T10048,2025-01-12,C4759,Laptop,1.0,354.5031545721002,credit card,,354.5031545721002,Branch D,Prague,Czechia,Europe,Retail Banking,Elena,50.0755,14.4378,Medium
T16834,2025-01-12,C3825,Coffee Machine,-2.0,,Cash,Completed,,Branch B,Berlin,Germany,Europe,Retail Banking,John,52.52,13.405,Low
T74014,2025-01-12,C593,Laptop,783.0,,Credit Card,Failed,,Branch D,Prague,Czechia,Europe,Retail Banking,Elena,50.0755,14.4378,Low
T23305,2025-01-13,C2170,Tablet,-3.0,,PayPal ,completed,,Branch C,Paris,France,Europe,Retail Banking,Michael,48.8566,2.3522,Low
T34475,2025-01-13,C755,Smartphone,10.0,,PayPal,Failed,,Branch A,Warsaw,Poland,Europe,Retail Banking,Anna,52.2297,21.0122,Low
T21683,2025-01-13,C2736,Smartphone,,101.9241597967625,Credit Card,Pending,,Branch A,Warsaw,Poland,Europe,Retail Banking,Anna,52.2297,21.0122,Low
T6674,2025-01-13,C558,Tablet,633.0,102.30337538833282,PayPal ,complete,64758.03662081468,Branch C,Paris,France,Europe,Retail Banking,Michael,48.8566,2.3522,High
T8010,2025-01-13,C217,Headphones,959.0,683.4692308028044,pay pal,Pending,655446.9923398894,Branch E,Vienna,Austria,Europe,Retail Banking,Stefan,48.2082,16.3738,High
T81670,2025-01-13,C240,Coffee Machine,-8.0,741.0046305907591,Credit Card,complete,-5928.037044726073,Branch B,Berlin,Germany,Europe,Retail Banking,John,52.52,13.405,Low
T89163,2025-01-13,C454,Laptop,9.0,92.61641430088788,PayPal ,completed,833.5477287079909,Branch D,Prague,Czechia,Europe,Retail Banking,Elena,50.0755,14.4378,Medium
T54943,2025-01-13,C4392,Coffee Machine,675.0,767.1159663133418,Credit Card,Completed,517803.2772615057,Branch B,Berlin,Germany,Europe,Retail Banking,John,52.52,13.405,High
T78171,2025-01-13,C4028,Coffee Machine,-1.0,496.62492235103,Credit Card,Failed,-496.62492235103,Branch B,Berlin,Germany,Europe,Retail Banking,John,52.52,13.405,Low
T88187,2025-01-13,C4599,Smartphone,3.0,,PayPal ,completed,,Branch A,Warsaw,Poland,Europe,Retail Banking,Anna,52.2297,21.0122,Low
T29064,2025-01-13,C4056,Smartphone,953.0,662.7085041591216,PayPal ,completed,631561.2044636429,Branch A,Warsaw,Poland,Europe,Retail Banking,Anna,52.2297,21.0122,High
,2025-01-13,C1154,Laptop,179.0,437.5003371879501,creditcard,Failed,78312.56035664307,Branch D,Prague,Czechia,Europe,Retail Banking,Elena,50.0755,14.4378,High
T21234,2025-01-13,C2289,Laptop,8.0,787.3898862874952,PayPal ,complete,6299.1190902999615,Branch D,Prague,Czechia,Europe,Retail Banking,Elena,50.0755,14.4378,High
T10164,2025-01-13,C2929,Tablet,550.0,666.75,creditcard,completed,366712.5,Branch C,Paris,France,Europe,Retail Banking,Michael,48.8566,2.3522,High
T71864,2025-01-13,C3867,Tablet,-3.0,390.05260476223935,creditcard,complete,-1170.1578142867181,Branch C,Paris,France,Europe,Retail Banking,Michael,48.8566,2.3522,Low
T18554,2025-01-13,C709,Headphones,306.0,,PayPal,Failed,,Branch E,Vienna,Austria,Europe,Retail Banking,Stefan,48.2082,16.3738,Low
T40818,2025-01-13,C2160,Coffee Machine,,,PayPal ,Completed,,Branch B,Berlin,Germany,Europe,Retail Banking,John,52.52,13.405,Low
T63982,2025-01-14,C3142,Tablet,4.0,957.040788396708,Credit Card,,3828.163153586832,Branch C,Paris,France,Europe,Retail Banking,Michael,48.8566,2.3522,High
T93703,2025-01-14,C1336,Laptop,-10.0,814.6799115762628,credit card,Failed,-8146.799115762628,Branch D,Prague,Czechia,Europe,Retail Banking,Elena,50.0755,14.4378,Low
T40929,2025-01-14,C1952,Laptop,4.0,279.53118858424654,pay pal,complete,1118.1247543369861,Branch D,Prague,Czechia,Europe,Retail Banking,Elena,50.0755,14.4378,High
T13032,2025-01-14,C4707,Coffee Machine,9.0,,creditcard,complete,,Branch B,Berlin,Germany,Europe,Retail Banking,John,52.52,13.405,Low
T37804,2025-01-14,C2766,Headphones,-10.0,,credit card,Failed,,Branch E,Vienna,Austria,Europe,Retail Banking,Stefan,48.2082,16.3738,Low
T75077,2025-01-14,C2854,Tablet,377.0,312.0,creditcard,completed,117624.0,Branch C,Paris,France,Europe,Retail Banking,Michael,48.8566,2.3522,High
T79467,2025-01-14,C2023,Tablet,-10.0,53.034650250507525,Cash,Completed,-530.3465025050753,Branch C,Paris,France,Europe,Retail Banking,Michael,48.8566,2.3522,Low
T6383,2025-01-14,C4768,Tablet,2.0,884.3628244728709,PayPal,Pending,1768.7256489457418,Branch C,Paris,France,Europe,Retail Banking,Michael,48.8566,2.3522,High
T85738,2025-01-14,C4508,Tablet,-6.0,530.1260983465024,PayPal ,Pending,-3180.7565900790146,Branch C,Paris,France,Europe,Retail Banking,Michael,48.8566,2.3522,Low
T63223,2025-01-14,C1571,Coffee Machine,961.0,370.0171307111192,PayPal ,Completed,355586.4626133855,Branch B,Berlin,Germany,Europe,Retail Banking,John,52.52,13.405,High
T57535,2025-01-14,C4033,Headphones,722.0,804.479196147717,PayPal ,Completed,580833.9796186517,Branch E,Vienna,Austria,Europe,Retail Banking,Stefan,48.2082,16.3738,High
T75730,2025-01-14,C092,Coffee Machine,615.0,,credit card,Pending,,Branch B,Berlin,Germany,Europe,Retail Banking,John,52.52,13.405,Low
T41885,2025-01-14,C2358,Laptop,-10.0,632.6943226205348,Cash,completed,-6326.943226205348,Branch D,Prague,Czechia,Europe,Retail Banking,Elena,50.0755,14.4378,Low
T77339,2025-01-14,C3633,Laptop,9.0,,Credit Card,,,Branch D,Prague,Czechia,Europe,Retail Banking,Elena,50.0755,14.4378,Low
T75581,2025-01-14,C350,Tablet,9.0,66.07946788987294,PayPal ,,594.7152110088565,Branch C,Paris,France,Europe,Retail Banking,Michael,48.8566,2.3522,Medium
,2025-01-14,C1109,Laptop,10.0,343.22,Cash,Completed,3432.2000000000003,Branch D,Prague,Czechia,Europe,Retail Banking,Elena,50.0755,14.4378,High
T10999,2025-01-14,C3909,Smartphone,410.0,297.847220107557,PayPal ,Completed,122117.36024409837,Branch A,Warsaw,Poland,Europe,Retail Banking,Anna,52.2297,21.0122,High
T5197,2025-01-15,C4963,Tablet,444.0,919.0229292497664,PayPal,complete,408046.1805868963,Branch C,Paris,France,Europe,Retail Banking,Michael,48.8566,2.3522,High
T56432,2025-01-15,C3751,Headphones,894.0,507.0163178880609,Credit Card,,453272.5881919264,Branch E,Vienna,Austria,Europe,Retail Banking,Stefan,48.2082,16.3738,High
T18385,2025-01-15,C2723,Headphones,5.0,617.7683128939489,PayPal,completed,3088.8415644697443,Branch E,Vienna,Austria,Europe,Retail Banking,Stefan,48.2082,16.3738,High
T22053,2025-01-15,C2061,Tablet,7.0,646.1187744164777,PayPal,Failed,4522.831420915343,Branch C,Paris,France,Europe,Retail Banking,Michael,48.8566,2.3522,High
T10786,2025-01-15,C1100,Laptop,9.0,,PayPal ,complete,,Branch D,Prague,Czechia,Europe,Retail Banking,Elena,50.0755,14.4378,Low
T8496,2025-01-15,C3875,Smartphone,818.0,334.81269946262137,creditcard,completed,273876.7881604243,Branch A,Warsaw,Poland,Europe,Retail Banking,Anna,52.2297,21.0122,High
T39202,2025-01-15,C792,Smartphone,7.0,194.18411627868133,PayPal,complete,1359.2888139507693,Branch A,Warsaw,Poland,Europe,Retail Banking,Anna,52.2297,21.0122,High
T47467,2025-01-15,C1990,Tablet,-9.0,847.8210078079031,Cash,Completed,-7630.389070271128,Branch C,Paris,France,Europe,Retail Banking,Michael,48.8566,2.3522,Low
T82806,2025-01-15,C4518,Smartphone,-7.0,241.53,PayPal,completed,-1690.71,Branch A,Warsaw,Poland,Europe,Retail Banking,Anna,52.2297,21.0122,Low
T30529,2025-01-15,C2400,Headphones,167.0,,credit card,Completed,,Branch E,Vienna,Austria,Europe,Retail Banking,Stefan,48.2082,16.3738,Low
T31000,2025-01-15,C4919,Smartphone,274.0,702.2675380538075,pay pal,completed,192421.30542674326,Branch A,Warsaw,Poland,Europe,Retail Banking,Anna,52.2297,21.0122,High
T29804,2025-01-15,C2867,Smartphone,,,pay pal,Completed,,Branch A,Warsaw,Poland,Europe,Retail Banking,Anna,52.2297,21.0122,Low
T51936,2025-01-15,C3740,Smartphone,9.0,230.36443683139507,credit card,Completed,2073.2799314825556,Branch A,Warsaw,Poland,Europe,Retail Banking,Anna,52.2297,21.0122,High
T96636,2025-01-15,C006,Tablet,1.0,753.6009472227756,Credit Card,Pending,753.6009472227756,Branch C,Paris,France,Europe,Retail Banking,Michael,48.8566,2.3522,Medium
T93544,2025-01-15,C471,Smartphone,1.0,170.1670979886858,pay pal,complete,170.1670979886858,Branch A,Warsaw,Poland,Europe,Retail Banking,Anna,52.2297,21.0122,Medium
T56547,2025-01-15,C4436,Headphones,-6.0,691.9590363094503,Credit Card,completed,-4151.754217856702,Branch E,Vienna,Austria,Europe,Retail Banking,Stefan,48.2082,16.3738,Low
T98575,2025-01-15,C1773,Headphones,-3.0,,PayPal ,complete,,Branch E,Vienna,Austria,Europe,Retail Banking,Stefan,48.2082,16.3738,Low
T21405,2025-01-15,C182,Tablet,-3.0,235.89625953974024,PayPal ,complete,-707.6887786192208,Branch C,Paris,France,Europe,Retail Banking,Michael,48.8566,2.3522,Low
T32192,2025-01-15,,Headphones,6.0,411.8153483489168,credit card,Failed,2470.892090093501,Branch E,Vienna,Austria,Europe,Retail Banking,Stefan,48.2082,16.3738,High
T77850,2025-01-15,C2129,Coffee Machine,535.0,814.6079440268081,creditcard,completed,435815.2500543423,Branch B,Berlin,Germany,Europe,Retail Banking,John,52.52,13.405,High
T77302,2025-01-15,,Laptop,733.0,305.23,PayPal,Failed,223733.59000000003,Branch D,Prague,Czechia,Europe,Retail Banking,Elena,50.0755,14.4378,High
T19258,2025-01-15,C714,Coffee Machine,170.0,387.5890656612603,Credit Card,Pending,65890.14116241425,Branch B,Berlin,Germany,Europe,Retail Banking,John,52.52,13.405,High
T16106,2025-01-16,C2037,Tablet,538.0,220.96470385440256,Cash,Pending,118879.01067366857,Branch C,Paris,France,Europe,Retail Banking,Michael,48.8566,2.3522,High
T0074,2025-01-16,C4509,Laptop,7.0,,PayPal ,Pending,,Branch D,Prague,Czechia,Europe,Retail Banking,Elena,50.0755,14.4378,Low
T19296,2025-01-16,C2621,Laptop,710.0,,PayPal ,complete,,Branch D,Prague,Czechia,Europe,Retail Banking,Elena,50.0755,14.4378,Low
T78851,2025-01-16,C2942,Smartphone,10.0,986.339568298266,Credit Card,Completed,9863.39568298266,Branch A,Warsaw,Poland,Europe,Retail Banking,Anna,52.2297,21.0122,High
T94185,2025-01-16,C1367,Headphones,6.0,468.55,Credit Card,complete,2811.3,Branch E,Vienna,Austria,Europe,Retail Banking,Stefan,48.2082,16.3738,High
T88040,2025-01-16,C267,Smartphone,4.0,,PayPal ,Pending,,Branch A,Warsaw,Poland,Europe,Retail Banking,Anna,52.2297,21.0122,Low
T63368,2025-01-16,C2550,Smartphone,3.0,,Cash,Completed,,Branch A,Warsaw,Poland,Europe,Retail Banking,Anna,52.2297,21.0122,Low
T77228,2025-01-16,C2925,Tablet,2.0,752.8729351792956,PayPal ,Failed,1505.7458703585912,Branch C,Paris,France,Europe,Retail Banking,Michael,48.8566,2.3522,High
T95789,2025-01-16,C810,Tablet,140.0,,creditcard,Completed,,Branch C,Paris,France,Europe,Retail Banking,Michael,48.8566,2.3522,Low
T99582,2025-01-16,C4444,Laptop,,683.9929542883,Cash,complete,,Branch D,Prague,Czechia,Europe,Retail Banking,Elena,50.0755,14.4378,Low
T98133,2025-01-16,C625,Laptop,-7.0,314.31219121866354,creditcard,complete,-2200.185338530645,Branch D,Prague,Czechia,Europe,Retail Banking,Elena,50.0755,14.4378,Low
T3199,2025-01-16,C2551,Coffee Machine,895.0,,credit card,Pending,,Branch B,Berlin,Germany,Europe,Retail Banking,John,52.52,13.405,Low
T55742,2025-01-16,C301,Tablet,-9.0,107.71,PayPal ,Pending,-969.39,Branch C,Paris,France,Europe,Retail Banking,Michael,48.8566,2.3522,Low
T15835,2025-01-16,C2340,Laptop,6.0,,pay pal,,,Branch D,Prague,Czechia,Europe,Retail Banking,Elena,50.0755,14.4378,Low
T39556,2025-01-16,C3552,Tablet,,,PayPal,completed,,Branch C,Paris,France,Europe,Retail Banking,Michael,48.8566,2.3522,Low
T29403,2025-01-16,C162,Tablet,-6.0,328.28782191895266,Credit Card,Completed,-1969.726931513716,Branch C,Paris,France,Europe,Retail Banking,Michael,48.8566,2.3522,Low
T1540,2025-01-16,C4478,Laptop,-7.0,830.3126787160851,PayPal ,Pending,-5812.188751012595,Branch D,Prague,Czechia,Europe,Retail Banking,Elena,50.0755,14.4378,Low
T66203,2025-01-16,C2534,Coffee Machine,-7.0,800.5520185813981,pay pal,Failed,-5603.864130069786,Branch B,Berlin,Germany,Europe,Retail Banking,John,52.52,13.405,Low
T12193,2025-01-17,C3441,Laptop,693.0,93.88679732440846,PayPal,Pending,65063.550545815066,Branch D,Prague,Czechia,Europe,Retail Banking,Elena,50.0755,14.4378,High
T3806,2025-01-17,C1392,Smartphone,10.0,300.07694321284373,PayPal ,Failed,3000.769432128437,Branch A,Warsaw,Poland,Europe,Retail Banking,Anna,52.2297,21.0122,High
T49213,2025-01-17,C2061,Smartphone,6.0,765.7845765604345,Cash,completed,4594.707459362608,Branch A,Warsaw,Poland,Europe,Retail Banking,Anna,52.2297,21.0122,High
T0994,2025-01-17,C2063,Smartphone,4.0,901.7674294653611,PayPal,completed,3607.0697178614446,Branch A,Warsaw,Poland,Europe,Retail Banking,Anna,52.2297,21.0122,High
T26629,2025-01-17,C4460,Coffee Machine,-5.0,99.11915130190584,credit card,Completed,-495.5957565095292,Branch B,Berlin,Germany,Europe,Retail Banking,John,52.52,13.405,Low
T26080,2025-01-17,C224,Laptop,300.0,429.2943812930902,Cash,,128788.31438792706,Branch D,Prague,Czechia,Europe,Retail Banking,Elena,50.0755,14.4378,High
T59497,2025-01-17,C4064,Tablet,8.0,,PayPal,complete,,Branch C,Paris,France,Europe,Retail Banking,Michael,48.8566,2.3522,Low
T65514,2025-01-17,C3767,Tablet,122.0,,Credit Card,,,Branch C,Paris,France,Europe,Retail Banking,Michael,48.8566,2.3522,Low
T22946,2025-01-17,C1859,Smartphone,9.0,685.2123349211702,credit card,completed,6166.911014290532,Branch A,Warsaw,Poland,Europe,Retail Banking,Anna,52.2297,21.0122,High
T11283,2025-01-17,C1215,Laptop,751.0,790.6398051489331,PayPal ,Failed,593770.4936668487,Branch D,Prague,Czechia,Europe,Retail Banking,Elena,50.0755,14.4378,High
T56251,2025-01-17,,Coffee Machine,1.0,202.14,credit card,Pending,202.14,Branch B,Berlin,Germany,Europe,Retail Banking,John,52.52,13.405,Medium
T90501,2025-01-17,C2986,Tablet,6.0,807.1919951456691,credit card,Completed,4843.151970874014,Branch C,Paris,France,Europe,Retail Banking,Michael,48.8566,2.3522,High
T53827,2025-01-17,C1646,Smartphone,,278.7468427361863,pay pal,,,Branch A,Warsaw,Poland,Europe,Retail Banking,Anna,52.2297,21.0122,Low
T79526,2025-01-17,C2558,Coffee Machine,-9.0,90.17863665039806,Cash,Failed,-811.6077298535826,Branch B,Berlin,Germany,Europe,Retail Banking,John,52.52,13.405,Low
T60267,2025-01-17,C1148,Headphones,5.0,,PayPal ,Pending,,Branch E,Vienna,Austria,Europe,Retail Banking,Stefan,48.2082,16.3738,Low
T21862,2025-01-17,C1455,Coffee Machine,4.0,627.6432248622865,Credit Card,Failed,2510.572899449146,Branch B,Berlin,Germany,Europe,Retail Banking,John,52.52,13.405,High
T27814,2025-01-17,C1739,Smartphone,8.0,811.1345035051363,PayPal,completed,6489.0760280410905,Branch A,Warsaw,Poland,Europe,Retail Banking,Anna,52.2297,21.0122,High
T58194,2025-01-17,C4374,Laptop,7.0,927.9994197303266,Credit Card,Pending,6495.995938112286,Branch D,Prague,Czechia,Europe,Retail Banking,Elena,50.0755,14.4378,High
T49764,2025-01-18,C2652,Smartphone,353.0,231.18384848744225,credit card,Completed,81607.89851606711,Branch A,Warsaw,Poland,Europe,Retail Banking,Anna,52.2297,21.0122,High
T71463,2025-01-18,C2442,Smartphone,6.0,,credit card,complete,,Branch A,Warsaw,Poland,Europe,Retail Banking,Anna,52.2297,21.0122,Low
T56403,2025-01-18,C1724,Laptop,326.0,972.899982303466,credit card,Completed,317165.3942309299,Branch D,Prague,Czechia,Europe,Retail Banking,Elena,50.0755,14.4378,High
T50560,2025-01-18,C1520,Tablet,,665.231301678831,PayPal,Completed,,Branch C,Paris,France,Europe,Retail Banking,Michael,48.8566,2.3522,Low
T73634,2025-01-18,C2992,Smartphone,2.0,944.6950118591564,pay pal,completed,1889.3900237183127,Branch A,Warsaw,Poland,Europe,Retail Banking,Anna,52.2297,21.0122,High
,2025-01-18,C4604,Tablet,124.0,,pay pal,complete,,Branch C,Paris,France,Europe,Retail Banking,Michael,48.8566,2.3522,Low
T29996,2025-01-18,C1078,Tablet,9.0,,PayPal ,Pending,,Branch C,Paris,France,Europe,Retail Banking,Michael,48.8566,2.3522,Low
T95671,2025-01-18,C4447,Headphones,802.0,994.3780384651589,creditcard,,797491.1868490574,Branch E,Vienna,Austria,Europe,Retail Banking,Stefan,48.2082,16.3738,High
T14715,2025-01-18,C1650,Tablet,7.0,284.238816001843,PayPal,,1989.671712012901,Branch C,Paris,France,Europe,Retail Banking,Michael,48.8566,2.3522,High
T69029,2025-01-18,C1316,Laptop,4.0,,PayPal,complete,,Branch D,Prague,Czechia,Europe,Retail Banking,Elena,50.0755,14.4378,Low
T96955,2025-01-18,C1986,Laptop,1.0,,credit card,complete,,Branch D,Prague,Czechia,Europe,Retail Banking,Elena,50.0755,14.4378,Low
T27897,2025-01-18,C428,Laptop,-4.0,771.5654689853043,PayPal ,Failed,-3086.261875941217,Branch D,Prague,Czechia,Europe,Retail Banking,Elena,50.0755,14.4378,Low
T37595,2025-01-18,C2559,Laptop,10.0,,credit card,,,Branch D,Prague,Czechia,Europe,Retail Banking,Elena,50.0755,14.4378,Low
T69187,2025-01-18,,Laptop,8.0,662.8915963905056,Cash,,5303.132771124045,Branch D,Prague,Czechia,Europe,Retail Banking,Elena,50.0755,14.4378,High
T74836,2025-01-18,C2689,Smartphone,973.0,,PayPal,completed,,Branch A,Warsaw,Poland,Europe,Retail Banking,Anna,52.2297,21.0122,Low
T63633,2025-01-18,C1850,Headphones,4.0,666.7280090035418,credit card,Completed,2666.9120360141674,Branch E,Vienna,Austria,Europe,Retail Banking,Stefan,48.2082,16.3738,High
T43379,2025-01-18,C3476,Laptop,192.0,,PayPal ,,,Branch D,Prague,Czechia,Europe,Retail Banking,Elena,50.0755,14.4378,Low
T29360,2025-01-18,C4740,Laptop,-10.0,,Cash,Pending,,Branch D,Prague,Czechia,Europe,Retail Banking,Elena,50.0755,14.4378,Low
T73250,2025-01-18,C3566,Smartphone,-10.0,235.94,creditcard,completed,-2359.4,Branch A,Warsaw,Poland,Europe,Retail Banking,Anna,52.2297,21.0122,Low
T77871,2025-01-18,C3367,Tablet,10.0,671.3105140125155,PayPal ,Completed,6713.105140125154,Branch C,Paris,France,Europe,Retail Banking,Michael,48.8566,2.3522,High
T65300,2025-01-18,C4214,Headphones,1.0,861.5870857203274,PayPal,complete,861.5870857203274,Branch E,Vienna,Austria,Europe,Retail Banking,Stefan,48.2082,16.3738,Medium
T89985,2025-01-18,C395,Headphones,6.0,935.554973202131,PayPal ,,5613.329839212786,Branch E,Vienna,Austria,Europe,Retail Banking,Stefan,48.2082,16.3738,High
T36684,2025-01-18,C3595,Smartphone,4.0,922.65,Cash,,3690.6,Branch A,Warsaw,Poland,Europe,Retail Banking,Anna,52.2297,21.0122,High
T50627,2025-01-18,C2829,Tablet,6.0,480.1970327944924,Credit Card,,2881.1821967669543,Branch C,Paris,France,Europe,Retail Banking,Michael,48.8566,2.3522,High
T16336,2025-01-18,C4419,Tablet,363.0,,creditcard,Completed,,Branch C,Paris,France,Europe,Retail Banking,Michael,48.8566,2.3522,Low
T60721,2025-01-18,C1306,Smartphone,4.0,760.2077855363909,PayPal ,Pending,3040.8311421455637,Branch A,Warsaw,Poland,Europe,Retail Banking,Anna,52.2297,21.0122,High
,2025-01-18,C3489,Headphones,-1.0,289.5591800697552,PayPal ,,-289.5591800697552,Branch E,Vienna,Austria,Europe,Retail Banking,Stefan,48.2082,16.3738,Low
T10561,2025-01-18,C1176,Tablet,930.0,699.3606170217568,credit card,completed,650405.3738302338,Branch C,Paris,France,Europe,Retail Banking,Michael,48.8566,2.3522,High
T20361,2025-01-18,C4909,Smartphone,-9.0,,PayPal ,completed,,Branch A,Warsaw,Poland,Europe,Retail Banking,Anna,52.2297,21.0122,Low
T96221,2025-01-18,C138,Headphones,-10.0,169.5017933773238,Cash,Completed,-1695.017933773238,Branch E,Vienna,Austria,Europe,Retail Banking,Stefan,48.2082,16.3738,Low
T69978,2025-01-19,C2318,Laptop,703.0,263.3433979149346,credit card,Completed,185130.408734199,Branch D,Prague,Czechia,Europe,Retail Banking,Elena,50.0755,14.4378,High
T44353,2025-01-19,C2618,Smartphone,-7.0,462.513906557981,creditcard,,-3237.597345905867,Branch A,Warsaw,Poland,Europe,Retail Banking,Anna,52.2297,21.0122,Low
T84877,2025-01-19,C2397,Tablet,9.0,,credit card,Pending,,Branch C,Paris,France,Europe,Retail Banking,Michael,48.8566,2.3522,Low
T42765,2025-01-19,C377,Tablet,,,creditcard,Completed,,Branch C,Paris,France,Europe,Retail Banking,Michael,48.8566,2.3522,Low
T51547,2025-01-19,C184,Laptop,-8.0,,PayPal,Completed,,Branch D,Prague,Czechia,Europe,Retail Banking,Elena,50.0755,14.4378,Low
T24822,2025-01-19,C4057,Smartphone,9.0,865.2625863897749,Credit Card,complete,7787.363277507974,Branch A,Warsaw,Poland,Europe,Retail Banking,Anna,52.2297,21.0122,High
T48342,2025-01-19,C2395,Laptop,-6.0,620.356968316923,credit card,Pending,-3722.141809901538,Branch D,Prague,Czechia,Europe,Retail Banking,Elena,50.0755,14.4378,Low
T79203,2025-01-19,C1801,Smartphone,-2.0,,Credit Card,Pending,,Branch A,Warsaw,Poland,Europe,Retail Banking,Anna,52.2297,21.0122,Low
T90769,2025-01-19,C3019,Coffee Machine,142.0,,PayPal,completed,,Branch B,Berlin,Germany,Europe,Retail Banking,John,52.52,13.405,Low
T31706,2025-01-19,C313,Smartphone,3.0,,Credit Card,Failed,,Branch A,Warsaw,Poland,Europe,Retail Banking,Anna,52.2297,21.0122,Low
T25618,2025-01-19,C4652,Tablet,,442.3984473690034,creditcard,,,Branch C,Paris,France,Europe,Retail Banking,Michael,48.8566,2.3522,Low
T98049,2025-01-19,C1216,Headphones,411.0,448.2067116436733,pay pal,,184212.95848554972,Branch E,Vienna,Austria,Europe,Retail Banking,Stefan,48.2082,16.3738,High
T68400,2025-01-19,C2515,Smartphone,-6.0,,creditcard,completed,,Branch A,Warsaw,Poland,Europe,Retail Banking,Anna,52.2297,21.0122,Low
T13129,2025-01-19,,Smartphone,657.0,871.631027065763,creditcard,completed,572661.5847822062,Branch A,Warsaw,Poland,Europe,Retail Banking,Anna,52.2297,21.0122,High
T36151,2025-01-19,C2065,Laptop,,633.8477738736127,creditcard,Completed,,Branch D,Prague,Czechia,Europe,Retail Banking,Elena,50.0755,14.4378,Low
T40368,2025-01-19,C1328,Laptop,10.0,851.6518661382875,pay pal,completed,8516.518661382874,Branch D,Prague,Czechia,Europe,Retail Banking,Elena,50.0755,14.4378,High
T46709,2025-01-19,C999,Tablet,436.0,196.7172616499353,pay pal,,85768.72607937179,Branch C,Paris,France,Europe,Retail Banking,Michael,48.8566,2.3522,High
T40606,2025-01-20,C4954,Smartphone,7.0,873.8268460759464,creditcard,,6116.787922531625,Branch A,Warsaw,Poland,Europe,Retail Banking,Anna,52.2297,21.0122,High
T10946,2025-01-20,C4670,Laptop,540.0,,credit card,Failed,,Branch D,Prague,Czechia,Europe,Retail Banking,Elena,50.0755,14.4378,Low
T57250,2025-01-20,C404,Coffee Machine,9.0,606.6779272131193,PayPal,Completed,5460.101344918074,Branch B,Berlin,Germany,Europe,Retail Banking,John,52.52,13.405,High
T12201,2025-01-20,C1151,Headphones,-2.0,674.6953668544162,pay pal,Failed,-1349.3907337088324,Branch E,Vienna,Austria,Europe,Retail Banking,Stefan,48.2082,16.3738,Low
T55521,2025-01-20,C1130,Coffee Machine,,577.4063012373898,pay pal,complete,,Branch B,Berlin,Germany,Europe,Retail Banking,John,52.52,13.405,Low
T6479,2025-01-20,C1008,Headphones,764.0,,PayPal ,completed,,Branch E,Vienna,Austria,Europe,Retail Banking,Stefan,48.2082,16.3738,Low
T94453,2025-01-20,C4750,Headphones,5.0,,Cash,Failed,,Branch E,Vienna,Austria,Europe,Retail Banking,Stefan,48.2082,16.3738,Low
T5652,2025-01-20,C3894,Laptop,-8.0,141.24616521889266,creditcard,complete,-1129.9693217511413,Branch D,Prague,Czechia,Europe,Retail Banking,Elena,50.0755,14.4378,Low
T47019,2025-01-20,C1557,Smartphone,693.0,841.5222026783582,Cash,,583174.8864561022,Branch A,Warsaw,Poland,Europe,Retail Banking,Anna,52.2297,21.0122,High
T77604,2025-01-20,C1595,Smartphone,224.0,66.30490660073008,Credit Card,,14852.299078563537,Branch A,Warsaw,Poland,Europe,Retail Banking,Anna,52.2297,21.0122,High
T78158,2025-01-20,C657,Coffee Machine,176.0,455.2438473051434,PayPal,completed,80122.91712570524,Branch B,Berlin,Germany,Europe,Retail Banking,John,52.52,13.405,High
T62951,2025-01-20,C898,Laptop,350.0,,creditcard,complete,,Branch D,Prague,Czechia,Europe,Retail Banking,Elena,50.0755,14.4378,Low
T60027,2025-01-21,C1758,Headphones,10.0,933.2979678553056,creditcard,,9332.979678553056,Branch E,Vienna,Austria,Europe,Retail Banking,Stefan,48.2082,16.3738,High
T12640,2025-01-21,,Coffee Machine,8.0,,PayPal ,completed,,Branch B,Berlin,Germany,Europe,Retail Banking,John,52.52,13.405,Low
T16564,2025-01-21,C1969,Coffee Machine,-10.0,637.2778403072966,PayPal,complete,-6372.778403072966,Branch B,Berlin,Germany,Europe,Retail Banking,John,52.52,13.405,Low
T95695,2025-01-21,C4820,Tablet,-3.0,233.30291688757225,credit card,,-699.9087506627168,Branch C,Paris,France,Europe,Retail Banking,Michael,48.8566,2.3522,Low
T50863,2025-01-21,C791,Smartphone,-4.0,457.8110723588889,Cash,complete,-1831.2442894355556,Branch A,Warsaw,Poland,Europe,Retail Banking,Anna,52.2297,21.0122,Low
T95475,2025-01-21,C2239,Tablet,4.0,518.9535351749499,Cash,Completed,2075.8141406997997,Branch C,Paris,France,Europe,Retail Banking,Michael,48.8566,2.3522,High
T48492,2025-01-21,C3133,Tablet,-7.0,976.4807871344204,credit card,Failed,-6835.365509940943,Branch C,Paris,France,Europe,Retail Banking,Michael,48.8566,2.3522,Low
T34079,2025-01-21,,Tablet,-2.0,94.84587900854308,credit card,Pending,-189.69175801708616,Branch C,Paris,France,Europe,Retail Banking,Michael,48.8566,2.3522,Low
T54182,2025-01-21,C3420,Headphones,-7.0,525.6893330030717,creditcard,Failed,-3679.8253310215023,Branch E,Vienna,Austria,Europe,Retail Banking,Stefan,48.2082,16.3738,Low
T2738,2025-01-21,C2028,Tablet,10.0,420.95553682691104,Credit Card,,4209.555368269111,Branch C,Paris,France,Europe,Retail Banking,Michael,48.8566,2.3522,High
T65007,2025-01-21,C2928,Coffee Machine,-1.0,850.890433962175,creditcard,Failed,-850.890433962175,Branch B,Berlin,Germany,Europe,Retail Banking,John,52.52,13.405,Low
,2025-01-21,C610,Coffee Machine,1.0,122.71889147598516,PayPal ,complete,122.71889147598516,Branch B,Berlin,Germany,Europe,Retail Banking,John,52.52,13.405,Medium
T32663,2025-01-21,C338,Smartphone,6.0,,PayPal,complete,,Branch A,Warsaw,Poland,Europe,Retail Banking,Anna,52.2297,21.0122,Low
T61159,2025-01-21,C1728,Laptop,711.0,705.63,credit card,,501702.93,Branch D,Prague,Czechia,Europe,Retail Banking,Elena,50.0755,14.4378,High
T32473,2025-01-21,C4059,Headphones,1.0,216.9439457322306,pay pal,,216.9439457322306,Branch E,Vienna,Austria,Europe,Retail Banking,Stefan,48.2082,16.3738,Medium
,2025-01-21,C475,Coffee Machine,903.0,308.57843476775395,PayPal,Pending,278646.32659528183,Branch B,Berlin,Germany,Europe,Retail Banking,John,52.52,13.405,High
T96224,2025-01-21,C2948,Headphones,-2.0,394.50756563107706,pay pal,Completed,-789.0151312621541,Branch E,Vienna,Austria,Europe,Retail Banking,Stefan,48.2082,16.3738,Low
T79842,2025-01-21,C4916,Headphones,-1.0,,PayPal,complete,,Branch E,Vienna,Austria,Europe,Retail Banking,Stefan,48.2082,16.3738,Low
T79349,2025-01-22,C078,Coffee Machine,-1.0,555.4204800835319,pay pal,Completed,-555.4204800835319,Branch B,Berlin,Germany,Europe,Retail Banking,John,52.52,13.405,Low
T73212,2025-01-22,C1618,Laptop,233.0,857.87,Cash,Completed,199883.71,Branch D,Prague,Czechia,Europe,Retail Banking,Elena,50.0755,14.4378,High
T87502,2025-01-22,C4113,Laptop,-6.0,799.3179701421775,PayPal ,Failed,-4795.907820853065,Branch D,Prague,Czechia,Europe,Retail Banking,Elena,50.0755,14.4378,Low
T39074,2025-01-22,C1178,Tablet,-9.0,362.8363242421748,PayPal ,completed,-3265.526918179573,Branch C,Paris,France,Europe,Retail Banking,Michael,48.8566,2.3522,Low
T44763,2025-01-22,C3983,Tablet,7.0,613.6511116964815,credit card,completed,4295.557781875371,Branch C,Paris,France,Europe,Retail Banking,Michael,48.8566,2.3522,High
T50259,2025-01-22,,Coffee Machine,10.0,,Credit Card,Failed,,Branch B,Berlin,Germany,Europe,Retail Banking,John,52.52,13.405,Low
T51283,2025-01-22,C2065,Headphones,4.0,391.9952166394445,Credit Card,Completed,1567.980866557778,Branch E,Vienna,Austria,Europe,Retail Banking,Stefan,48.2082,16.3738,High
,2025-01-22,C3164,Smartphone,-8.0,145.9825658551742,PayPal ,complete,-1167.8605268413935,Branch A,Warsaw,Poland,Europe,Retail Banking,Anna,52.2297,21.0122,Low
T4873,2025-01-22,C647,Coffee Machine,-5.0,,Cash,,,Branch B,Berlin,Germany,Europe,Retail Banking,John,52.52,13.405,Low
T51234,2025-01-22,C2718,Smartphone,10.0,805.5057210986472,pay pal,Completed,8055.057210986472,Branch A,Warsaw,Poland,Europe,Retail Banking,Anna,52.2297,21.0122,High
T86069,2025-01-22,,Headphones,-3.0,229.16029301681576,PayPal,,-687.4808790504472,Branch E,Vienna,Austria,Europe,Retail Banking,Stefan,48.2082,16.3738,Low
T4984,2025-01-22,C675,Headphones,-8.0,,Credit Card,complete,,Branch E,Vienna,Austria,Europe,Retail Banking,Stefan,48.2082,16.3738,Low
,2025-01-22,C4760,Smartphone,-2.0,,PayPal,completed,,Branch A,Warsaw,Poland,Europe,Retail Banking,Anna,52.2297,21.0122,Low
,2025-01-22,C4760,Smartphone,-2.0,,PayPal,completed,,Branch A,Warsaw,Poland,Europe,Retail Banking,Anna,52.2297,21.0122,Low
T88939,2025-01-22,C2381,Headphones,-4.0,947.7862846746648,credit card,Failed,-3791.145138698659,Branch E,Vienna,Austria,Europe,Retail Banking,Stefan,48.2082,16.3738,Low
,2025-01-22,C4090,Tablet,405.0,837.5951787600086,creditcard,completed,339226.04739780346,Branch C,Paris,France,Europe,Retail Banking,Michael,48.8566,2.3522,High
T47788,2025-01-22,C409,Coffee Machine,,,pay pal,complete,,Branch B,Berlin,Germany,Europe,Retail Banking,John,52.52,13.405,Low
T78768,2025-01-22,,Smartphone,6.0,709.7681942672024,Cash,Completed,4258.609165603214,Branch A,Warsaw,Poland,Europe,Retail Banking,Anna,52.2297,21.0122,High
T40270,2025-01-22,C1313,Coffee Machine,1.0,321.97389831975784,PayPal,complete,321.97389831975784,Branch B,Berlin,Germany,Europe,Retail Banking,John,52.52,13.405,Medium
T61103,2025-01-23,C3368,Tablet,-8.0,904.9956881989189,Cash,Pending,-7239.965505591351,Branch C,Paris,France,Europe,Retail Banking,Michael,48.8566,2.3522,Low
T10374,2025-01-23,C077,Smartphone,141.0,356.5546020374951,Cash,,50274.19888728681,Branch A,Warsaw,Poland,Europe,Retail Banking,Anna,52.2297,21.0122,High
T30442,2025-01-23,C2473,Laptop,966.0,,credit card,,,Branch D,Prague,Czechia,Europe,Retail Banking,Elena,50.0755,14.4378,Low
T99838,2025-01-23,C1828,Coffee Machine,-6.0,618.2166343889182,pay pal,Failed,-3709.2998063335094,Branch B,Berlin,Germany,Europe,Retail Banking,John,52.52,13.405,Low
T68631,2025-01-23,C4886,Coffee Machine,509.0,,credit card,completed,,Branch B,Berlin,Germany,Europe,Retail Banking,John,52.52,13.405,Low
T17461,2025-01-23,C4631,Tablet,908.0,,credit card,Failed,,Branch C,Paris,France,Europe,Retail Banking,Michael,48.8566,2.3522,Low
T54473,2025-01-23,,Laptop,-10.0,536.13,Credit Card,,-5361.3,Branch D,Prague,Czechia,Europe,Retail Banking,Elena,50.0755,14.4378,Low
T54231,2025-01-23,C4893,Coffee Machine,8.0,73.75317329409677,pay pal,Completed,590.0253863527741,Branch B,Berlin,Germany,Europe,Retail Banking,John,52.52,13.405,Medium
T47669,2025-01-23,C837,Tablet,-5.0,302.5231977954827,Cash,Failed,-1512.6159889774135,Branch C,Paris,France,Europe,Retail Banking,Michael,48.8566,2.3522,Low
T21519,2025-01-23,C627,Coffee Machine,7.0,,PayPal ,Failed,,Branch B,Berlin,Germany,Europe,Retail Banking,John,52.52,13.405,Low
T5582,2025-01-23,C1371,Laptop,391.0,,Cash,complete,,Branch D,Prague,Czechia,Europe,Retail Banking,Elena,50.0755,14.4378,Low
T20334,2025-01-23,C1490,Laptop,10.0,,PayPal ,complete,,Branch D,Prague,Czechia,Europe,Retail Banking,Elena,50.0755,14.4378,Low
T70554,2025-01-23,C1759,Coffee Machine,,544.0420017635207,creditcard,,,Branch B,Berlin,Germany,Europe,Retail Banking,John,52.52,13.405,Low
T47957,2025-01-23,C1445,Coffee Machine,129.0,953.292342385401,creditcard,completed,122974.71216771673,Branch B,Berlin,Germany,Europe,Retail Banking,John,52.52,13.405,High
T69873,2025-01-23,C2353,Headphones,,357.5766007994206,credit card,Pending,,Branch E,Vienna,Austria,Europe,Retail Banking,Stefan,48.2082,16.3738,Low
T23698,2025-01-23,C1591,Coffee Machine,-8.0,368.67,creditcard,Failed,-2949.36,Branch B,Berlin,Germany,Europe,Retail Banking,John,52.52,13.405,Low
T72903,2025-01-23,C4924,Laptop,7.0,,Credit Card,Pending,,Branch D,Prague,Czechia,Europe,Retail Banking,Elena,50.0755,14.4378,Low
T52171,2025-01-23,C1711,Coffee Machine,831.0,596.1285108434197,Credit Card,Failed,495382.7925108818,Branch B,Berlin,Germany,Europe,Retail Banking,John,52.52,13.405,High
T76407,2025-01-23,C154,Headphones,245.0,772.96,pay pal,Completed,189375.2,Branch E,Vienna,Austria,Europe,Retail Banking,Stefan,48.2082,16.3738,High
T49780,2025-01-23,C1342,Headphones,5.0,184.51295423916247,credit card,Pending,922.5647711958123,Branch E,Vienna,Austria,Europe,Retail Banking,Stefan,48.2082,16.3738,Medium
T68631,2025-01-23,C4886,Coffee Machine,509.0,,credit card,completed,,Branch B,Berlin,Germany,Europe,Retail Banking,John,52.52,13.405,Low
T47615,2025-01-23,C2992,Headphones,10.0,,Cash,Failed,,Branch E,Vienna,Austria,Europe,Retail Banking,Stefan,48.2082,16.3738,Low
T68570,2025-01-23,C3294,Laptop,5.0,,PayPal,complete,,Branch D,Prague,Czechia,Europe,Retail Banking,Elena,50.0755,14.4378,Low
T32844,2025-01-24,C947,Smartphone,741.0,,pay pal,Completed,,Branch A,Warsaw,Poland,Europe,Retail Banking,Anna,52.2297,21.0122,Low
T61341,2025-01-24,C3423,Smartphone,4.0,,creditcard,Completed,,Branch A,Warsaw,Poland,Europe,Retail Banking,Anna,52.2297,21.0122,Low
T25665,2025-01-24,C2339,Laptop,339.0,,Cash,completed,,Branch D,Prague,Czechia,Europe,Retail Banking,Elena,50.0755,14.4378,Low
T44104,2025-01-24,C4438,Headphones,-7.0,119.50091919431388,credit card,,-836.5064343601972,Branch E,Vienna,Austria,Europe,Retail Banking,Stefan,48.2082,16.3738,Low
T41674,2025-01-24,C3642,Smartphone,395.0,79.87,PayPal ,complete,31548.65,Branch A,Warsaw,Poland,Europe,Retail Banking,Anna,52.2297,21.0122,High
T61689,2025-01-24,C2066,Headphones,5.0,245.10533643236784,PayPal ,complete,1225.5266821618393,Branch E,Vienna,Austria,Europe,Retail Banking,Stefan,48.2082,16.3738,High
T25144,2025-01-24,C2024,Headphones,9.0,967.6061992901534,pay pal,Pending,8708.455793611382,Branch E,Vienna,Austria,Europe,Retail Banking,Stefan,48.2082,16.3738,High
T6310,2025-01-24,C3111,Smartphone,436.0,940.34,PayPal ,complete,409988.24,Branch A,Warsaw,Poland,Europe,Retail Banking,Anna,52.2297,21.0122,High
T71660,2025-01-24,C215,Coffee Machine,-5.0,,pay pal,Failed,,Branch B,Berlin,Germany,Europe,Retail Banking,John,52.52,13.405,Low
T6282,2025-01-24,C3048,Smartphone,2.0,679.28,pay pal,,1358.56,Branch A,Warsaw,Poland,Europe,Retail Banking,Anna,52.2297,21.0122,High
T91464,2025-01-24,C1443,Tablet,1.0,,PayPal,completed,,Branch C,Paris,France,Europe,Retail Banking,Michael,48.8566,2.3522,Low
T19046,2025-01-24,C4917,Laptop,5.0,738.53730509821,creditcard,,3692.68652549105,Branch D,Prague,Czechia,Europe,Retail Banking,Elena,50.0755,14.4378,High
T21279,2025-01-24,C924,Tablet,7.0,276.0684775557611,creditcard,,1932.4793428903276,Branch C,Paris,France,Europe,Retail Banking,Michael,48.8566,2.3522,High
T92252,2025-01-24,C094,Tablet,159.0,,PayPal ,complete,,Branch C,Paris,France,Europe,Retail Banking,Michael,48.8566,2.3522,Low
T56249,2025-01-24,C4255,Coffee Machine,265.0,526.0579816779102,pay pal,Completed,139405.3651446462,Branch B,Berlin,Germany,Europe,Retail Banking,John,52.52,13.405,High
T79182,2025-01-24,C3882,Tablet,-2.0,876.9357252453817,credit card,completed,-1753.8714504907634,Branch C,Paris,France,Europe,Retail Banking,Michael,48.8566,2.3522,Low
T55667,2025-01-24,C1785,Tablet,-10.0,,pay pal,completed,,Branch C,Paris,France,Europe,Retail Banking,Michael,48.8566,2.3522,Low
T84106,2025-01-24,,Headphones,713.0,227.15707244094332,Credit Card,complete,161962.99265039258,Branch E,Vienna,Austria,Europe,Retail Banking,Stefan,48.2082,16.3738,High
T2693,2025-01-24,C3520,Laptop,-10.0,127.148405511855,PayPal ,complete,-1271.48405511855,Branch D,Prague,Czechia,Europe,Retail Banking,Elena,50.0755,14.4378,Low
T8608,2025-01-24,C4476,Smartphone,2.0,188.72843949482373,Cash,,377.45687898964746,Branch A,Warsaw,Poland,Europe,Retail Banking,Anna,52.2297,21.0122,Medium
T23727,2025-01-24,C3249,Smartphone,,,PayPal,complete,,Branch A,Warsaw,Poland,Europe,Retail Banking,Anna,52.2297,21.0122,Low
T24474,2025-01-24,C1509,Smartphone,2.0,766.3567022905942,Cash,Pending,1532.7134045811883,Branch A,Warsaw,Poland,Europe,Retail Banking,Anna,52.2297,21.0122,High
T50266,2025-01-24,C1526,Smartphone,7.0,,Cash,Completed,,Branch A,Warsaw,Poland,Europe,Retail Banking,Anna,52.2297,21.0122,Low
T55645,2025-01-24,C4386,Coffee Machine,1.0,,PayPal,Pending,,Branch B,Berlin,Germany,Europe,Retail Banking,John,52.52,13.405,Low
T39204,2025-01-25,C3751,Smartphone,4.0,,pay pal,Pending,,Branch A,Warsaw,Poland,Europe,Retail Banking,Anna,52.2297,21.0122,Low
T6389,2025-01-25,C430,Headphones,-5.0,474.2722777564824,Credit Card,Pending,-2371.361388782412,Branch E,Vienna,Austria,Europe,Retail Banking,Stefan,48.2082,16.3738,Low
T10651,2025-01-25,C3438,Coffee Machine,1.0,491.7,creditcard,Completed,491.7,Branch B,Berlin,Germany,Europe,Retail Banking,John,52.52,13.405,Medium
T98486,2025-01-25,C3148,Laptop,272.0,75.72824756568912,Credit Card,,20598.08333786744,Branch D,Prague,Czechia,Europe,Retail Banking,Elena,50.0755,14.4378,High
T10188,2025-01-25,C1489,Smartphone,-8.0,375.54403850714266,Cash,,-3004.3523080571413,Branch A,Warsaw,Poland,Europe,Retail Banking,Anna,52.2297,21.0122,Low
T65434,2025-01-25,C1997,Coffee Machine,5.0,116.20461398001088,creditcard,Completed,581.0230699000543,Branch B,Berlin,Germany,Europe,Retail Banking,John,52.52,13.405,Medium
T10353,2025-01-25,C3532,Coffee Machine,670.0,,Credit Card,Completed,,Branch B,Berlin,Germany,Europe,Retail Banking,John,52.52,13.405,Low
T15417,2025-01-25,C2318,Headphones,4.0,664.9927196167347,creditcard,Completed,2659.9708784669388,Branch E,Vienna,Austria,Europe,Retail Banking,Stefan,48.2082,16.3738,High
T19009,2025-01-25,C191,Tablet,291.0,950.5844802465205,PayPal,Failed,276620.08375173743,Branch C,Paris,France,Europe,Retail Banking,Michael,48.8566,2.3522,High
T93608,2025-01-25,C4650,Tablet,3.0,278.38225036414804,creditcard,complete,835.1467510924441,Branch C,Paris,France,Europe,Retail Banking,Michael,48.8566,2.3522,Medium
T90189,2025-01-25,C538,Tablet,-3.0,373.4747894861784,PayPal ,Failed,-1120.4243684585351,Branch C,Paris,France,Europe,Retail Banking,Michael,48.8566,2.3522,Low
T92910,2025-01-25,C152,Headphones,-6.0,,PayPal ,Failed,,Branch E,Vienna,Austria,Europe,Retail Banking,Stefan,48.2082,16.3738,Low
T38429,2025-01-25,C3922,Coffee Machine,2.0,701.2601660273442,PayPal ,completed,1402.5203320546884,Branch B,Berlin,Germany,Europe,Retail Banking,John,52.52,13.405,High
T97507,2025-01-25,C2895,Smartphone,307.0,378.75755359712593,PayPal ,Pending,116278.56895431766,Branch A,Warsaw,Poland,Europe,Retail Banking,Anna,52.2297,21.0122,High
T41488,2025-01-25,C3403,Coffee Machine,-10.0,,creditcard,,,Branch B,Berlin,Germany,Europe,Retail Banking,John,52.52,13.405,Low
T68110,2025-01-25,C4196,Coffee Machine,122.0,,PayPal ,Failed,,Branch B,Berlin,Germany,Europe,Retail Banking,John,52.52,13.405,Low
T17209,2025-01-25,,Tablet,-9.0,,PayPal ,complete,,Branch C,Paris,France,Europe,Retail Banking,Michael,48.8566,2.3522,Low
,2025-01-25,C1701,Coffee Machine,-7.0,,pay pal,,,Branch B,Berlin,Germany,Europe,Retail Banking,John,52.52,13.405,Low
T41488,2025-01-25,C3403,Coffee Machine,-10.0,,creditcard,,,Branch B,Berlin,Germany,Europe,Retail Banking,John,52.52,13.405,Low
,2025-01-26,C4811,Smartphone,8.0,315.20384899513374,Credit Card,Pending,2521.63079196107,Branch A,Warsaw,Poland,Europe,Retail Banking,Anna,52.2297,21.0122,High
T89942,2025-01-26,C3886,Laptop,6.0,754.6188121185969,credit card,,4527.712872711581,Branch D,Prague,Czechia,Europe,Retail Banking,Elena,50.0755,14.4378,High
T9774,2025-01-26,C3621,Smartphone,-4.0,100.34190911150311,Credit Card,Completed,-401.36763644601245,Branch A,Warsaw,Poland,Europe,Retail Banking,Anna,52.2297,21.0122,Low
T43639,2025-01-26,C3967,Coffee Machine,-6.0,760.9171839902176,Cash,Failed,-4565.503103941306,Branch B,Berlin,Germany,Europe,Retail Banking,John,52.52,13.405,Low
,2025-01-26,C4895,Headphones,8.0,376.2162111334204,pay pal,complete,3009.7296890673633,Branch E,Vienna,Austria,Europe,Retail Banking,Stefan,48.2082,16.3738,High
T82079,2025-01-26,C850,Smartphone,2.0,384.80091247808514,credit card,Failed,769.6018249561703,Branch A,Warsaw,Poland,Europe,Retail Banking,Anna,52.2297,21.0122,Medium
T43839,2025-01-26,C3220,Tablet,-6.0,249.23503987374988,PayPal ,completed,-1495.4102392424993,Branch C,Paris,France,Europe,Retail Banking,Michael,48.8566,2.3522,Low
T94335,2025-01-26,C724,Headphones,957.0,935.6453658203282,PayPal ,Completed,895412.615090054,Branch E,Vienna,Austria,Europe,Retail Banking,Stefan,48.2082,16.3738,High
T46320,2025-01-26,C4671,Tablet,,508.1696064650797,PayPal,complete,,Branch C,Paris,France,Europe,Retail Banking,Michael,48.8566,2.3522,Low
T52957,2025-01-26,C1876,Laptop,382.0,538.306872462503,PayPal,Pending,205633.22528067612,Branch D,Prague,Czechia,Europe,Retail Banking,Elena,50.0755,14.4378,High
T20339,2025-01-26,C1801,Coffee Machine,-1.0,,PayPal ,complete,,Branch B,Berlin,Germany,Europe,Retail Banking,John,52.52,13.405,Low
T23425,2025-01-26,C4034,Smartphone,-4.0,,pay pal,completed,,Branch A,Warsaw,Poland,Europe,Retail Banking,Anna,52.2297,21.0122,Low
T79470,2025-01-26,C550,Laptop,-10.0,,pay pal,,,Branch D,Prague,Czechia,Europe,Retail Banking,Elena,50.0755,14.4378,Low
T51444,2025-01-26,C4465,Tablet,-8.0,191.1494587569488,PayPal,completed,-1529.1956700555904,Branch C,Paris,France,Europe,Retail Banking,Michael,48.8566,2.3522,Low
T33051,2025-01-26,C3384,Tablet,-3.0,,Cash,completed,,Branch C,Paris,France,Europe,Retail Banking,Michael,48.8566,2.3522,Low
T96989,2025-01-26,C188,Coffee Machine,-9.0,123.44,Cash,,-1110.96,Branch B,Berlin,Germany,Europe,Retail Banking,John,52.52,13.405,Low
T89928,2025-01-27,C2709,Headphones,8.0,,Cash,Completed,,Branch E,Vienna,Austria,Europe,Retail Banking,Stefan,48.2082,16.3738,Low
T25642,2025-01-27,C924,Coffee Machine,929.0,216.39467397120893,creditcard,,201030.6521192531,Branch B,Berlin,Germany,Europe,Retail Banking,John,52.52,13.405,High
T64357,2025-01-27,C2198,Coffee Machine,3.0,579.279699581926,pay pal,complete,1737.839098745778,Branch B,Berlin,Germany,Europe,Retail Banking,John,52.52,13.405,High
T78574,2025-01-27,C982,Headphones,6.0,478.8472126293945,Credit Card,Pending,2873.083275776367,Branch E,Vienna,Austria,Europe,Retail Banking,Stefan,48.2082,16.3738,High
T53103,2025-01-27,C4041,Laptop,-7.0,,Credit Card,completed,,Branch D,Prague,Czechia,Europe,Retail Banking,Elena,50.0755,14.4378,Low
T29559,2025-01-27,C2007,Tablet,-8.0,889.67,Credit Card,Failed,-7117.36,Branch C,Paris,France,Europe,Retail Banking,Michael,48.8566,2.3522,Low
T81017,2025-01-27,C3265,Laptop,-9.0,,credit card,Completed,,Branch D,Prague,Czechia,Europe,Retail Banking,Elena,50.0755,14.4378,Low
T17335,2025-01-27,C351,Laptop,212.0,492.3503604176194,creditcard,complete,104378.27640853531,Branch D,Prague,Czechia,Europe,Retail Banking,Elena,50.0755,14.4378,High
T68533,2025-01-27,C2381,Smartphone,9.0,,pay pal,,,Branch A,Warsaw,Poland,Europe,Retail Banking,Anna,52.2297,21.0122,Low
T9173,2025-01-27,C2934,Smartphone,764.0,,PayPal ,Failed,,Branch A,Warsaw,Poland,Europe,Retail Banking,Anna,52.2297,21.0122,Low
T28557,2025-01-27,C2641,Smartphone,847.0,248.7075228020343,credit card,Failed,210655.27181332305,Branch A,Warsaw,Poland,Europe,Retail Banking,Anna,52.2297,21.0122,High
,2025-01-27,C3951,Tablet,584.0,875.6450361190844,PayPal ,completed,511376.70109354524,Branch C,Paris,France,Europe,Retail Banking,Michael,48.8566,2.3522,High
T75799,2025-01-27,C3161,Coffee Machine,521.0,107.14530960151173,credit card,Pending,55822.70630238761,Branch B,Berlin,Germany,Europe,Retail Banking,John,52.52,13.405,High
T87478,2025-01-27,C2729,Smartphone,-7.0,968.762176646359,Cash,completed,-6781.335236524513,Branch A,Warsaw,Poland,Europe,Retail Banking,Anna,52.2297,21.0122,Low
T9730,2025-01-27,C3843,Headphones,-4.0,872.1752079114968,credit card,Failed,-3488.7008316459874,Branch E,Vienna,Austria,Europe,Retail Banking,Stefan,48.2082,16.3738,Low
T62868,2025-01-27,C1810,Coffee Machine,676.0,,creditcard,Failed,,Branch B,Berlin,Germany,Europe,Retail Banking,John,52.52,13.405,Low
T12166,2025-01-27,C4351,Smartphone,-3.0,977.086608843646,credit card,Failed,-2931.259826530938,Branch A,Warsaw,Poland,Europe,Retail Banking,Anna,52.2297,21.0122,Low
T53613,2025-01-27,C4021,Tablet,217.0,,Credit Card,Pending,,Branch C,Paris,France,Europe,Retail Banking,Michael,48.8566,2.3522,Low
T44296,2025-01-27,C2508,Smartphone,946.0,,PayPal,complete,,Branch A,Warsaw,Poland,Europe,Retail Banking,Anna,52.2297,21.0122,Low
T79213,2025-01-28,C2112,Headphones,-5.0,,Cash,Completed,,Branch E,Vienna,Austria,Europe,Retail Banking,Stefan,48.2082,16.3738,Low
T52788,2025-01-28,C3255,Headphones,4.0,,credit card,complete,,Branch E,Vienna,Austria,Europe,Retail Banking,Stefan,48.2082,16.3738,Low
T39224,2025-01-28,C4292,Headphones,4.0,512.8,pay pal,Pending,2051.2,Branch E,Vienna,Austria,Europe,Retail Banking,Stefan,48.2082,16.3738,High
T10453,2025-01-28,C432,Coffee Machine,-6.0,879.8691983671054,Cash,completed,-5279.215190202633,Branch B,Berlin,Germany,Europe,Retail Banking,John,52.52,13.405,Low
T73713,2025-01-28,C4689,Tablet,-1.0,,PayPal ,Completed,,Branch C,Paris,France,Europe,Retail Banking,Michael,48.8566,2.3522,Low
T83293,2025-01-28,C2464,Tablet,426.0,,pay pal,Pending,,Branch C,Paris,France,Europe,Retail Banking,Michael,48.8566,2.3522,Low
T36572,2025-01-28,C910,Headphones,906.0,,PayPal,complete,,Branch E,Vienna,Austria,Europe,Retail Banking,Stefan,48.2082,16.3738,Low
T72579,2025-01-28,C814,Tablet,246.0,578.3026640551168,PayPal ,Pending,142262.45535755873,Branch C,Paris,France,Europe,Retail Banking,Michael,48.8566,2.3522,High
T34431,2025-01-28,C4913,Laptop,-1.0,902.1774377453188,Cash,completed,-902.1774377453188,Branch D,Prague,Czechia,Europe,Retail Banking,Elena,50.0755,14.4378,Low
T1006,2025-01-28,C4205,Coffee Machine,-9.0,679.8185351189029,creditcard,,-6118.366816070126,Branch B,Berlin,Germany,Europe,Retail Banking,John,52.52,13.405,Low
T46033,2025-01-28,C4684,Laptop,2.0,420.2363193513257,Credit Card,completed,840.4726387026514,Branch D,Prague,Czechia,Europe,Retail Banking,Elena,50.0755,14.4378,Medium
T95887,2025-01-28,C2799,Smartphone,-4.0,,PayPal ,,,Branch A,Warsaw,Poland,Europe,Retail Banking,Anna,52.2297,21.0122,Low
T39224,2025-01-28,C4292,Headphones,4.0,512.8,pay pal,Pending,2051.2,Branch E,Vienna,Austria,Europe,Retail Banking,Stefan,48.2082,16.3738,High
T89340,2025-01-28,C3297,Tablet,-7.0,881.8701885978908,Credit Card,,-6173.091320185235,Branch C,Paris,France,Europe,Retail Banking,Michael,48.8566,2.3522,Low
T85132,2025-01-28,C1647,Smartphone,-5.0,657.012314572906,pay pal,Pending,-3285.06157286453,Branch A,Warsaw,Poland,Europe,Retail Banking,Anna,52.2297,21.0122,Low
T46033,2025-01-28,C4684,Laptop,2.0,420.2363193513257,Credit Card,completed,840.4726387026514,Branch D,Prague,Czechia,Europe,Retail Banking,Elena,50.0755,14.4378,Medium
T52917,2025-01-28,C4841,Tablet,7.0,,creditcard,Completed,,Branch C,Paris,France,Europe,Retail Banking,Michael,48.8566,2.3522,Low
T67311,2025-01-28,C1444,Laptop,-1.0,,creditcard,Failed,,Branch D,Prague,Czechia,Europe,Retail Banking,Elena,50.0755,14.4378,Low
T90712,2025-01-28,C2694,Coffee Machine,3.0,896.4016478756455,PayPal ,Completed,2689.2049436269363,Branch B,Berlin,Germany,Europe,Retail Banking,John,52.52,13.405,High
T27552,2025-01-28,C3152,Coffee Machine,6.0,807.2546690474682,pay pal,completed,4843.528014284809,Branch B,Berlin,Germany,Europe,Retail Banking,John,52.52,13.405,High
T58179,2025-01-29,C1459,Tablet,4.0,487.7411475506197,PayPal,Pending,1950.9645902024788,Branch C,Paris,France,Europe,Retail Banking,Michael,48.8566,2.3522,High
T87594,2025-01-29,C4677,Laptop,-1.0,62.69,Credit Card,completed,-62.69,Branch D,Prague,Czechia,Europe,Retail Banking,Elena,50.0755,14.4378,Low
T35365,2025-01-29,,Smartphone,-4.0,558.4842813768278,Credit Card,Completed,-2233.937125507311,Branch A,Warsaw,Poland,Europe,Retail Banking,Anna,52.2297,21.0122,Low
T71037,2025-01-29,C4283,Laptop,-7.0,,PayPal ,Completed,,Branch D,Prague,Czechia,Europe,Retail Banking,Elena,50.0755,14.4378,Low
T19901,2025-01-29,C4438,Coffee Machine,814.0,730.4588679908635,PayPal,Completed,594593.5185445629,Branch B,Berlin,Germany,Europe,Retail Banking,John,52.52,13.405,High
T81483,2025-01-29,C3454,Smartphone,,,Credit Card,Failed,,Branch A,Warsaw,Poland,Europe,Retail Banking,Anna,52.2297,21.0122,Low
T5596,2025-01-29,C2441,Tablet,9.0,,pay pal,,,Branch C,Paris,France,Europe,Retail Banking,Michael,48.8566,2.3522,Low
T94522,2025-01-29,C3330,Tablet,-7.0,956.8416875452384,creditcard,Pending,-6697.891812816669,Branch C,Paris,France,Europe,Retail Banking,Michael,48.8566,2.3522,Low
T53134,2025-01-29,C1115,Tablet,-9.0,,Cash,,,Branch C,Paris,France,Europe,Retail Banking,Michael,48.8566,2.3522,Low
T67464,2025-01-29,C4960,Laptop,1.0,718.4947366005574,PayPal ,Completed,718.4947366005574,Branch D,Prague,Czechia,Europe,Retail Banking,Elena,50.0755,14.4378,Medium
T70165,2025-01-29,C1586,Tablet,178.0,,creditcard,complete,,Branch C,Paris,France,Europe,Retail Banking,Michael,48.8566,2.3522,Low
T70731,2025-01-29,C3766,Coffee Machine,,122.53569151371512,PayPal,completed,,Branch B,Berlin,Germany,Europe,Retail Banking,John,52.52,13.405,Low
T17167,2025-01-29,C4964,Tablet,205.0,,credit card,Failed,,Branch C,Paris,France,Europe,Retail Banking,Michael,48.8566,2.3522,Low
T0924,2025-01-29,C127,Headphones,389.0,335.3975346648843,credit card,Completed,130469.64098463999,Branch E,Vienna,Austria,Europe,Retail Banking,Stefan,48.2082,16.3738,High
T74370,2025-01-29,C796,Tablet,1.0,180.0064285594415,pay pal,Failed,180.0064285594415,Branch C,Paris,France,Europe,Retail Banking,Michael,48.8566,2.3522,Medium
T62359,2025-01-29,C3723,Coffee Machine,684.0,644.82,PayPal,complete,441056.88000000006,Branch B,Berlin,Germany,Europe,Retail Banking,John,52.52,13.405,High
T32401,2025-01-29,C2698,Coffee Machine,-3.0,231.68250904761555,Cash,completed,-695.0475271428467,Branch B,Berlin,Germany,Europe,Retail Banking,John,52.52,13.405,Low
T65022,2025-01-30,C2811,Smartphone,-7.0,599.87,Cash,Pending,-4199.09,Branch A,Warsaw,Poland,Europe,Retail Banking,Anna,52.2297,21.0122,Low
T67048,2025-01-30,C3344,Laptop,933.0,187.0994016594229,pay pal,Completed,174563.74174824156,Branch D,Prague,Czechia,Europe,Retail Banking,Elena,50.0755,14.4378,High
T4861,2025-01-30,C2954,Laptop,,847.8323922257505,Credit Card,completed,,Branch D,Prague,Czechia,Europe,Retail Banking,Elena,50.0755,14.4378,Low
T66374,2025-01-30,C990,Coffee Machine,335.0,972.9750693467976,Credit Card,Pending,325946.6482311772,Branch B,Berlin,Germany,Europe,Retail Banking,John,52.52,13.405,High
T7277,2025-01-30,C4658,Headphones,435.0,,Cash,complete,,Branch E,Vienna,Austria,Europe,Retail Banking,Stefan,48.2082,16.3738,Low
T81066,2025-01-30,,Laptop,1.0,348.4978277004103,creditcard,complete,348.4978277004103,Branch D,Prague,Czechia,Europe,Retail Banking,Elena,50.0755,14.4378,Medium
T3915,2025-01-30,C4431,Coffee Machine,2.0,,credit card,Completed,,Branch B,Berlin,Germany,Europe,Retail Banking,John,52.52,13.405,Low
T59215,2025-01-30,C275,Laptop,460.0,,Credit Card,completed,,Branch D,Prague,Czechia,Europe,Retail Banking,Elena,50.0755,14.4378,Low
T72414,2025-01-30,C3870,Smartphone,6.0,201.13853994802517,credit card,Failed,1206.831239688151,Branch A,Warsaw,Poland,Europe,Retail Banking,Anna,52.2297,21.0122,High
T4399,2025-01-30,C1471,Laptop,-1.0,,PayPal ,,,Branch D,Prague,Czechia,Europe,Retail Banking,Elena,50.0755,14.4378,Low
T17010,2025-01-30,C4527,Smartphone,452.0,,PayPal ,Completed,,Branch A,Warsaw,Poland,Europe,Retail Banking,Anna,52.2297,21.0122,Low
T6443,2025-01-30,C092,Laptop,548.0,573.4187596169506,PayPal ,Failed,314233.48027008894,Branch D,Prague,Czechia,Europe,Retail Banking,Elena,50.0755,14.4378,High
T78463,2025-01-30,C4930,Laptop,-6.0,138.01227398619733,PayPal,complete,-828.073643917184,Branch D,Prague,Czechia,Europe,Retail Banking,Elena,50.0755,14.4378,Low
T67155,2025-01-30,C774,Coffee Machine,-7.0,436.390156028192,creditcard,Pending,-3054.731092197344,Branch B,Berlin,Germany,Europe,Retail Banking,John,52.52,13.405,Low
T23178,2025-01-30,C3574,Laptop,5.0,626.2751071871095,Credit Card,Completed,3131.3755359355473,Branch D,Prague,Czechia,Europe,Retail Banking,Elena,50.0755,14.4378,High
T88960,2025-01-30,C1339,Tablet,362.0,934.456813099828,Cash,complete,338273.36634213774,Branch C,Paris,France,Europe,Retail Banking,Michael,48.8566,2.3522,High
T90797,2025-01-30,C3690,Tablet,10.0,794.7654674042258,Credit Card,Completed,7947.654674042258,Branch C,Paris,France,Europe,Retail Banking,Michael,48.8566,2.3522,High
T7277,2025-01-30,C4658,Headphones,435.0,,Cash,complete,,Branch E,Vienna,Austria,Europe,Retail Banking,Stefan,48.2082,16.3738,Low
T89882,2025-01-30,C257,Smartphone,,475.9969911718852,PayPal,Failed,,Branch A,Warsaw,Poland,Europe,Retail Banking,Anna,52.2297,21.0122,Low
T11660,2025-01-30,C1430,Headphones,,962.0443820007306,Credit Card,,,Branch E,Vienna,Austria,Europe,Retail Banking,Stefan,48.2082,16.3738,Low
T69865,2025-01-31,C1717,Headphones,-2.0,613.8238513401186,PayPal ,Pending,-1227.6477026802372,Branch E,Vienna,Austria,Europe,Retail Banking,Stefan,48.2082,16.3738,Low
T23438,2025-01-31,C2641,Tablet,-8.0,,PayPal ,,,Branch C,Paris,France,Europe,Retail Banking,Michael,48.8566,2.3522,Low
T26500,2025-01-31,C1636,Smartphone,6.0,810.6636918640039,PayPal,complete,4863.982151184024,Branch A,Warsaw,Poland,Europe,Retail Banking,Anna,52.2297,21.0122,High
T84233,2025-01-31,C3018,Coffee Machine,1.0,359.54755183834624,Credit Card,,359.54755183834624,Branch B,Berlin,Germany,Europe,Retail Banking,John,52.52,13.405,Medium
T40639,2025-01-31,C2964,Coffee Machine,10.0,501.4268715138087,credit card,Failed,5014.268715138087,Branch B,Berlin,Germany,Europe,Retail Banking,John,52.52,13.405,High
T69405,2025-01-31,C1822,Smartphone,9.0,956.5165147032424,Cash,Completed,8608.648632329181,Branch A,Warsaw,Poland,Europe,Retail Banking,Anna,52.2297,21.0122,High
T8633,2025-01-31,C1247,Laptop,-4.0,523.6102468061298,credit card,,-2094.440987224519,Branch D,Prague,Czechia,Europe,Retail Banking,Elena,50.0755,14.4378,Low
,2025-01-31,C685,Smartphone,-10.0,520.7850816579166,pay pal,Pending,-5207.850816579166,Branch A,Warsaw,Poland,Europe,Retail Banking,Anna,52.2297,21.0122,Low
T35730,2025-01-31,C2575,Coffee Machine,-5.0,,creditcard,complete,,Branch B,Berlin,Germany,Europe,Retail Banking,John,52.52,13.405,Low
T13711,2025-01-31,C2889,Smartphone,788.0,470.8870778762719,pay pal,complete,371059.01736650226,Branch A,Warsaw,Poland,Europe,Retail Banking,Anna,52.2297,21.0122,High
T98419,2025-01-31,C3402,Smartphone,10.0,421.2462458923092,Cash,,4212.4624589230925,Branch A,Warsaw,Poland,Europe,Retail Banking,Anna,52.2297,21.0122,High
T7205,2025-01-31,C4881,Smartphone,10.0,136.56345018792098,Credit Card,,1365.63450187921,Branch A,Warsaw,Poland,Europe,Retail Banking,Anna,52.2297,21.0122,High
T61337,2025-01-31,C2386,Headphones,,451.3116342054802,PayPal ,Failed,,Branch E,Vienna,Austria,Europe,Retail Banking,Stefan,48.2082,16.3738,Low
T36240,2025-01-31,C4141,Smartphone,9.0,86.75,Cash,complete,780.75,Branch A,Warsaw,Poland,Europe,Retail Banking,Anna,52.2297,21.0122,Medium
T10838,2025-01-31,C3626,Tablet,538.0,669.7555861560216,Credit Card,completed,360328.50535193965,Branch C,Paris,France,Europe,Retail Banking,Michael,48.8566,2.3522,High
T62548,2025-01-31,C1094,Smartphone,1.0,,PayPal ,completed,,Branch A,Warsaw,Poland,Europe,Retail Banking,Anna,52.2297,21.0122,Low
T53210,2025-01-31,C1449,Smartphone,-7.0,306.0114256532361,PayPal ,Completed,-2142.0799795726525,Branch A,Warsaw,Poland,Europe,Retail Banking,Anna,52.2297,21.0122,Low
T86438,2025-01-31,C788,Coffee Machine,665.0,,Credit Card,completed,,Branch B,Berlin,Germany,Europe,Retail Banking,John,52.52,13.405,Low
T43625,2025-01-31,C1685,Laptop,-10.0,689.5640233008608,Cash,Completed,-6895.6402330086075,Branch D,Prague,Czechia,Europe,Retail Banking,Elena,50.0755,14.4378,Low
T81036,2025-01-31,C3902,Headphones,788.0,,Credit Card,complete,,Branch E,Vienna,Austria,Europe,Retail Banking,Stefan,48.2082,16.3738,Low
T63989,2025-01-31,C4421,Tablet,909.0,939.2624489868098,Cash,Completed,853789.56612901,Branch C,Paris,France,Europe,Retail Banking,Michael,48.8566,2.3522,High
T75941,2025-01-31,C2116,Coffee Machine,1.0,770.1861630869635,credit card,completed,770.1861630869635,Branch B,Berlin,Germany,Europe,Retail Banking,John,52.52,13.405,Medium
T40639,2025-01-31,C2964,Coffee Machine,10.0,501.4268715138087,credit card,Failed,5014.268715138087,Branch B,Berlin,Germany,Europe,Retail Banking,John,52.52,13.405,High
T13266,2025-01-31,C1078,Smartphone,5.0,759.2386531918553,credit card,,3796.1932659592767,Branch A,Warsaw,Poland,Europe,Retail Banking,Anna,52.2297,21.0122,High
T40898,2025-02-01,C4049,Coffee Machine,,,PayPal,Pending,,Branch B,Berlin,Germany,Europe,Retail Banking,John,52.52,13.405,Low
T49933,2025-02-01,C1366,Headphones,8.0,,PayPal ,complete,,Branch E,Vienna,Austria,Europe,Retail Banking,Stefan,48.2082,16.3738,Low
T55085,2025-02-01,C3548,Smartphone,3.0,438.7678654987556,PayPal,Pending,1316.303596496267,Branch A,Warsaw,Poland,Europe,Retail Banking,Anna,52.2297,21.0122,High
T90620,2025-02-01,C4778,Coffee Machine,7.0,424.7288679934668,PayPal ,complete,2973.1020759542675,Branch B,Berlin,Germany,Europe,Retail Banking,John,52.52,13.405,High
T13398,2025-02-01,C4639,Smartphone,210.0,565.67,creditcard,Pending,118790.7,Branch A,Warsaw,Poland,Europe,Retail Banking,Anna,52.2297,21.0122,High
T75901,2025-02-01,C2186,Smartphone,4.0,517.369710300613,PayPal,Failed,2069.478841202452,Branch A,Warsaw,Poland,Europe,Retail Banking,Anna,52.2297,21.0122,High
T65393,2025-02-01,C1023,Coffee Machine,-5.0,,credit card,Failed,,Branch B,Berlin,Germany,Europe,Retail Banking,John,52.52,13.405,Low
T75481,2025-02-01,C3622,Headphones,-8.0,619.0677110568583,Credit Card,completed,-4952.541688454867,Branch E,Vienna,Austria,Europe,Retail Banking,Stefan,48.2082,16.3738,Low
T45651,2025-02-01,C1896,Smartphone,681.0,,credit card,Pending,,Branch A,Warsaw,Poland,Europe,Retail Banking,Anna,52.2297,21.0122,Low
T4185,2025-02-01,C144,Laptop,3.0,446.9395182690601,credit card,Pending,1340.8185548071804,Branch D,Prague,Czechia,Europe,Retail Banking,Elena,50.0755,14.4378,High
T10890,2025-02-01,C1973,Smartphone,1.0,,PayPal,completed,,Branch A,Warsaw,Poland,Europe,Retail Banking,Anna,52.2297,21.0122,Low
T71690,2025-02-01,C1147,Laptop,190.0,392.9402592169299,pay pal,complete,74658.64925121669,Branch D,Prague,Czechia,Europe,Retail Banking,Elena,50.0755,14.4378,High
T59876,2021-08-22,C2109,Tablet,645.0,699.173099118741,PayPal,complete,450966.64893158793,Branch C,Paris,France,Europe,Retail Banking,Michael,48.8566,2.3522,High
T2509,2021-02-04,C4271,Tablet,9.0,,PayPal,complete,,Branch C,Paris,France,Europe,Retail Banking,Michael,48.8566,2.3522,Low
T27731,2020-01-07,C1470,Smartphone,-10.0,,PayPal,complete,,Branch A,Warsaw,Poland,Europe,Retail Banking,Anna,52.2297,21.0122,Low
T13218,2024-03-20,C3727,Headphones,-9.0,174.071187991952,credit card,Completed,-1566.640691927568,Branch E,Vienna,Austria,Europe,Retail Banking,Stefan,48.2082,16.3738,Low
T22296,2023-12-21,C270,Laptop,542.0,956.2452431796931,pay pal,complete,518284.9218033937,Branch D,Prague,Czechia,Europe,Retail Banking,Elena,50.0755,14.4378,High
T_NEW_9991,2026-08-26 00:00:00,c9999,Smartphone,1.0,500.0,Cash,completed,500.0,Branch A,Warsaw,Poland,Europe,Retail Banking,Anna,52.2297,21.0122,Medium
T_NEW_9992,2026-08-26 00:00:00,c8888,Laptop,2.0,1200.0,Paypal,completed,2400.0,Branch D,Prague,Czechia,Europe,Retail Banking,Elena,50.0755,14.4378,High
