Transaction_ID,Transaction_Date,Customer_ID,Product_Name,Quantity,Price,Payment_Method,Transaction_Status
T85490,,C3256,Phone,8.0,-229.34598849304803,credit card,
T85491,,C3449,Laptop,,,Cash,complete
T85495,,C2119,Laptop,3.0,,Credit Card,Failed
T85496,,C3122,Smartphone,,,Cash,completed
T85497,,C399,Laptop,2.0,862.7648145304116,PayPal ,
T85500,,C3690,Smartphone,2.0,,PayPal ,
,,C4324,Smartphone,326.0,,PayPal ,
T85502,,C1128,Laptop,-10.0,,PayPal,Pending
T85503,,C1868,Coffee Machine,5.0,,pay pal,Failed
T85504,,C1901,Tablet,-2.0,,creditcard,complete
T85506,,C4070,Tabl,9.0,,PayPal,complete
,,C1386,Tablet,7.0,247.45210234623244,PayPal,
T85508,,C4792,Smartphone,934.0,,credit card,Completed
T85509,,C524,He,651.0,,pay pal,Completed
T85510,,C3301,Smartphone,617.0,,Cash,Pending
T85511,,C4784,Tablet,-8.0,,credit card,Completed
T85512,,C4189,Coffee Machi,3.0,843.6912001871898,PayPal ,Failed
T85513,,C1406,Smartphone,848.0,,PayPal,
T85514,,C3158,Laptop,-9.0,$865.84,pay pal,complete
T85515,,C2194,Coffee Machine,7.0,331.61113945892436,creditcard,complete
T85516,,C3704,Tabl,409.0,-917.7964742933303,Credit Card,Pending
T85517,,C126,Lap,10.0,,creditcard,completed
T85518,,C006,Coffee Machine,935.0,226.9444661781185,PayPal,
T85519,,C4712,Tablet,649.0,,creditcard,Pending
T85520,,C3810,Smartphone,-9.0,227.13581765446204,PayPal,complete
T85521,,C1376,Coffee Machine,7.0,$-298.96,Credit Card,completed
T85522,,C3301,Coffee Machine,274.0,,PayPal ,Pending
T85525,,C2357,Coffee Machine,-6.0,436.20223822262994,pay pal,Pending
T85529,,C3244,Coffee Machine,546.0,-53.6549052295378,creditcard,
T85530,,C3666,Smartphone,393.0,-311.87782550814075,PayPal ,
T85531,,C3322,Smartphone,10.0,-188.78486411066217,pay pal,Pending
T85533,,C2389,Smartphone,-1.0,182.004936199404,pay pal,Failed
T85538,,C4991,Tablet,-5.0,413.52549326942864,PayPal ,Completed
T85540,,C582,Tablet,5.0,,credit card,
T85541,,C4571,Tablet,391.0,-854.2471805185941,Credit Card,Completed
T85542,,C3415,Laptop,998.0,779.6646590849298,credit card,Failed
T85543,,C4454,Tablet,3.0,,PayPal,
T85544,,C397,Coffee Machine,265.0,,pay pal,completed
T85545,,C3329,Coffee Machine,4.0,732.2107784980876,pay pal,completed
T85546,,C4657,Headphones,920.0,-584.5360551013849,creditcard,Failed
T85547,,C2152,Tablet,8.0,,Credit Card,Failed
T85548,,C368,Smartphone,-6.0,,creditcard,Completed
T85549,,C1490,Smartphone,-5.0,-432.99312294877427,Cash,complete
T85550,,C2328,Coffee Machine,-9.0,961.54714129347,PayPal ,Pending
T85552,,C3762,Tablet,10.0,387.2004692628324,Cash,Failed
T85554,,C2876,Coffee Machine,189.0,-506.7237267643641,pay pal,Completed
T85555,,C4882,Tablet,1.0,-349.9690842140409,PayPal,
T85556,,C3601,Tablet,-9.0,-671.2287248798144,pay pal,complete
T85557,,C594,Tabl,8.0,549.8689576961515,credit card,complete
T85558,,,Smartphone,-6.0,,Cash,Failed
T85561,,,Tablet,-10.0,$-648.65,Cash,Failed
T85563,,C4604,Laptop,10.0,-638.6873611456022,credit card,Completed
T85565,,C3182,Headphones,-4.0,689.4837659175068,Credit Card,
T85566,,C1198,Coffee Machine,-1.0,69.15604870352763,PayPal,completed
T85568,,C2473,Smartphone,8.0,-646.33555509561,PayPal,Completed
T85569,,C367,Tablet,536.0,337.69973540191666,credit card,
T85570,,C1992,Smartphone,-8.0,,Credit Card,Completed
T85571,,C2553,Laptop,140.0,-676.9003677899923,Credit Card,Completed
T85573,,,Smartphone,2.0,-582.2654007589858,creditcard,Failed
T85575,,C2452,Tablet,1.0,519.6562882318938,pay pal,Failed
T85577,,C4924,Headphones,-10.0,,PayPal ,Pending
T85578,,C3959,Tablet,476.0,,Cash,Pending
T85580,,C4306,Headphon,9.0,701.8918302030733,credit card,complete
T85582,,C1446,Tablet,9.0,291.52295146267,Cash,
T85583,,C2667,Headphones,894.0,,creditcard,complete
T85584,,,Smartphone,3.0,,Cash,
T85587,,C1790,Laptop,-7.0,-947.4908731496753,PayPal,complete
T85588,,C3545,Laptop,497.0,-775.826068306967,Credit Card,completed
T85589,,C3178,Coffee Machine,-5.0,,PayPal ,completed
T85591,,C2974,Laptop,-9.0,941.9465753168084,Credit Card,Failed
T85592,,C094,Laptop,1.0,-654.9044310482491,Cash,complete
T85593,,C250,Coffee Machine,827.0,,PayPal ,
T85594,,C432,Tablet,-1.0,493.25758231681397,Cash,complete
T85595,,C2855,Coffee Machine,7.0,-500.38317657316617,Cash,Completed
T85596,,C2603,Laptop,614.0,,PayPal,complete
T85597,,C2413,Laptop,-9.0,,credit card,complete
T85598,,C1349,Hea,-1.0,$-388.67,Cash,Completed
T85599,,C3608,Headphones,-1.0,-895.0221285629816,pay pal,Pending
T85600,,C3271,Headphones,10.0,,PayPal ,Pending
T85603,,C4772,Coffee Machine,-8.0,$481.69,credit card,Completed
T85604,,C4953,Laptop,4.0,-492.5307086736235,Cash,Completed
T85605,,C1063,Headph,-3.0,-713.2330341254093,Credit Card,complete
T85607,,C1116,Coffee Machine,814.0,390.6359809958625,pay pal,Completed
T85609,,C4214,Coffee Machine,-4.0,57.624029341991104,PayPal,completed
T85610,,C4105,Tablet,944.0,-144.93265113531277,PayPal ,
T85611,,C2213,Headphon,391.0,,credit card,complete
T85613,,C3987,Tablet,299.0,884.4312017923177,PayPal ,
T85614,,C4761,Headphones,,-974.2988926985104,creditcard,
T85615,,C3698,Tablet,333.0,,credit card,completed
T85616,,C3182,Laptop,,506.35737741325056,PayPal ,completed
T85618,,C423,Smartphone,461.0,,credit card,Pending
T20258,,C2764,Coffee Machine,1.0,170.1704268275021,creditcard,completed
T85620,,C153,Smartphone,6.0,363.30404750469353,PayPal,Completed
T85621,,C219,Laptop,643.0,916.0903258619214,PayPal,completed
T85622,,C828,Headphones,621.0,-240.44447656399052,credit card,
T85623,,C2959,Laptop,-5.0,357.76413365794866,Cash,
T85625,,C4139,Smartphone,488.0,,PayPal ,completed
T85627,,C1601,Smartphone,550.0,612.2589386799006,creditcard,
T85628,,C4007,Laptop,1.0,-370.428296475283,Credit Card,Completed
T85629,,C2468,Laptop,6.0,625.3216906259834,PayPal,Completed
T85630,,C4670,Smartphone,951.0,,credit card,Pending
T85631,,C1639,Headphones,771.0,-697.0656872472624,PayPal,Failed
T85632,,C1211,Tablet,-7.0,172.0348226439196,Credit Card,Pending
T85634,,C2911,Laptop,242.0,$-939.37,Credit Card,Pending
T85635,,C4408,S,-1.0,226.8884141223073,creditcard,completed
T85636,,C623,Laptop,-10.0,,creditcard,Pending
T85638,,C3862,Headphones,318.0,$742.80,pay pal,
T85639,,,Laptop,819.0,-345.4314630782154,PayPal ,Pending
T85640,,C2323,Laptop,4.0,887.4812938814463,credit card,Pending
T85642,,C1877,Tablet,-4.0,208.40954579789144,PayPal,completed
T85643,,C919,Smartphone,708.0,399.1304701351534,pay pal,
T85644,,C4294,Laptop,-4.0,368.24794306070834,creditcard,Failed
T85645,,C4337,Headphones,,434.921606420429,pay pal,complete
T85648,,C484,Smartphone,347.0,,Cash,completed
T85649,,C971,Headphones,-4.0,,pay pal,Completed
T85650,,C4607,Headphones,-10.0,-595.280214419266,Cash,Pending
T85651,,C2196,Coffee Machine,-4.0,745.6710087510374,pay pal,Completed
T85652,,C1899,Headphones,872.0,834.7526563552151,Cash,completed
T85653,,C1796,Laptop,-3.0,-72.10618454814585,Cash,Failed
T85655,,C642,Smartphone,119.0,,credit card,Failed
T85656,,C530,Laptop,826.0,,Credit Card,
T85657,,C4499,Laptop,-6.0,524.7970851928999,credit card,completed
T85658,,C308,Tablet,-3.0,,Credit Card,Pending
T85659,,C493,Coffee Machine,-5.0,-808.7328730540405,PayPal ,Failed
T85660,,C977,Coffee Machine,-4.0,271.6786876947049,Cash,Failed
T85662,,C4036,Headphones,7.0,-328.4142610595819,Credit Card,Failed
T85663,,C2207,H,276.0,,PayPal,
T85665,,C1117,Laptop,527.0,-567.0689836758868,PayPal,Completed
T85666,,C823,Laptop,-5.0,-920.4321144998672,PayPal,Completed
,,C3875,Tablet,-4.0,930.2797354410156,creditcard,Completed
T85669,,C1804,Headphones,803.0,,PayPal,Completed
,,,Smartphone,870.0,588.4175768086668,Cash,Failed
T85671,,C1498,Laptop,936.0,,credit card,complete
T85672,,,Coffee Machine,-5.0,219.57863017517568,Cash,Completed
T85673,,C1415,Smartphone,4.0,937.6202887503343,PayPal,complete
T85674,,C3213,Laptop,1.0,,pay pal,Pending
T85675,,C579,Laptop,10.0,,credit card,Completed
T85676,,C704,Headphones,1.0,894.2912362803005,credit card,Pending
T85677,,C4191,Coffee Machine,451.0,,Credit Card,Pending
T85678,,C461,Smartphone,,-839.2608303957093,PayPal,Completed
,,C3341,Laptop,6.0,-917.0102098415977,pay pal,Completed
,,C3165,Headphones,769.0,,Cash,Completed
T85683,,C238,Laptop,6.0,-178.71263901584746,pay pal,Failed
T85684,,C1964,Coffee Machine,2.0,577.0261214073372,Cash,Pending
T85687,,C3982,Headph,437.0,,credit card,completed
T85689,,,Laptop,4.0,,pay pal,Failed
T85690,,C871,Coffee Machine,-5.0,,Credit Card,
T85691,,C1075,Smartphone,-9.0,,creditcard,complete
T85692,,C4975,Coffee Machine,-2.0,,PayPal ,
T85693,,C1139,Tablet,390.0,,creditcard,completed
T85694,,C1981,Coffee Machine,-3.0,,Cash,Failed
T85695,,C2712,Tablet,10.0,-586.8009440453923,Cash,
T85696,,C1476,Tablet,572.0,$974.67,PayPal ,Pending
T85697,,C3380,Coffee Machine,-8.0,$686.59,creditcard,Failed
T85698,,C4178,Laptop,500.0,,Cash,Pending
T85699,,C265,Laptop,4.0,,creditcard,Completed
T85700,,C2924,Smartphone,356.0,346.2105480209566,PayPal,Failed
T85701,,C4041,Coffee Machine,6.0,,PayPal,completed
T85703,,C3874,Headphones,-1.0,,PayPal ,Completed
T85704,,C2330,Coffee Machine,678.0,965.1448953300599,pay pal,Failed
T85705,,C2882,Smartphone,987.0,,pay pal,Failed
T85707,,C1031,Coffee Ma,,959.5370265145291,PayPal,Failed
T85709,,C2823,Coffee Machine,871.0,,Credit Card,Pending
T85711,,C3301,Smartphone,-7.0,-493.0718175792492,pay pal,completed
T85713,,C3741,Laptop,879.0,,credit card,complete
T85714,,C1556,Headphones,-7.0,-73.34096648062007,pay pal,completed
T85715,,C1899,Coffee Machine,7.0,-65.63698038034568,creditcard,completed
T85717,,C4522,Laptop,326.0,-281.74625298994533,creditcard,complete
T85718,,C325,Headphones,,-941.570058264057,pay pal,Pending
T85721,,C4948,Coffee Machine,686.0,,PayPal,Failed
T85722,,C1508,Laptop,-1.0,-657.44232967961,Cash,Pending
T85723,,C1555,Smart,1.0,,PayPal,Failed
T85724,,C4362,Coffee Machine,733.0,-417.04176573578513,credit card,Completed
T85725,,C2962,Headphones,-7.0,-905.1708106595227,PayPal,Failed
T85728,,C599,Laptop,6.0,696.241193491491,Cash,Pending
T85730,,C936,Coffee Machine,4.0,,Cash,Pending
T85731,,C4491,Headphones,-8.0,-109.4236786214492,PayPal ,Pending
T85732,,C1518,Headphones,,351.6345540768983,credit card,
T85734,,C3727,Smartphone,3.0,,creditcard,Completed
T85735,,C3143,H,4.0,-790.6778935993229,PayPal ,
T85736,,C2589,Headphones,4.0,,PayPal ,complete
T85737,,C2255,Headphones,-4.0,,PayPal,Completed
T85739,,C332,Tablet,729.0,434.9064678232306,PayPal,Pending
T85742,,C1194,Laptop,397.0,98.06277142584037,creditcard,Completed
T85744,,C4196,Laptop,5.0,-582.8517969574937,pay pal,completed
,,C4647,Smartphone,558.0,-159.86976108300655,credit card,completed
T85746,,,Tablet,2.0,303.8905036291841,pay pal,complete
T85747,,C4243,Headphones,4.0,540.5632552818186,PayPal ,Failed
T85748,,C1707,Smartphone,219.0,736.5005810094962,pay pal,Completed
T85749,,C3445,Tablet,151.0,,Cash,Completed
T85750,,C143,Coffee Machine,4.0,571.6924745910276,credit card,Completed
T85751,,C576,Smartphone,4.0,-389.0571406896929,creditcard,complete
T85752,,C1837,Coffee Machine,700.0,212.04341433190572,PayPal ,complete
T85753,,C4065,Headphones,172.0,940.4801611319149,credit card,
T85754,,C069,Headphones,-5.0,-752.7065632474346,PayPal ,complete
T85755,,,Laptop,-6.0,84.96751936916769,PayPal ,Completed
,,C1129,Coffee Machine,,727.866703835522,PayPal ,complete
T85757,,C2397,Headphones,-6.0,960.1111374501586,pay pal,complete
T85758,,C3394,Laptop,8.0,199.83701037116796,Credit Card,Completed
T85760,,C3861,Laptop,2.0,-294.2880853896935,pay pal,completed
T85762,,C1757,Headphones,338.0,,PayPal ,Pending
T85763,,C413,Smartphone,546.0,-762.4827201055687,PayPal,Pending
T85764,,C1675,Coffee Machine,-3.0,,PayPal,completed
T85765,,C1737,Coffee,-10.0,,creditcard,
T85766,,C2646,Smartphone,-6.0,,creditcard,
T85767,,C254,Laptop,8.0,,creditcard,Pending
T85768,,C4230,Coffee Machine,7.0,-363.08506759823626,Credit Card,Completed
T85769,,C3118,Laptop,-4.0,,credit card,complete
T85772,,C1682,Laptop,229.0,-726.9958211953401,Cash,Pending
T85773,,C441,Laptop,295.0,,creditcard,Failed
T85774,,C4384,Laptop,364.0,-822.6374311787555,Cash,Failed
T85775,,,Smartphone,1.0,799.0747572086,Cash,Pending
T85776,,C2042,Smartphone,2.0,,creditcard,
T85777,,C1684,Coffee Machine,-4.0,,Cash,complete
T85779,,C875,Headphones,862.0,849.73666493377,creditcard,Completed
T85780,,C3638,Headphones,253.0,$779.90,Credit Card,complete
T85781,,C4322,Laptop,,391.03847826453347,Credit Card,complete
T85782,,C4557,Coffee Machine,10.0,-611.6985601944119,pay pal,Failed
T85783,,C3070,Tablet,5.0,$432.44,PayPal,completed
T85785,,C3275,T,422.0,819.5793967317056,PayPal ,complete
T85786,,C780,Headphones,-5.0,$-940.37,credit card,Completed
T85787,,C1974,Headphones,-5.0,-370.4959824022991,credit card,Pending
,,C1914,Tablet,10.0,$247.46,Cash,completed
T85792,,C1330,Headphones,-10.0,-797.5466219720088,creditcard,complete
T85793,,C4018,Headphones,843.0,606.3653061600583,PayPal ,complete
T85794,,,Laptop,1.0,-665.9620310588425,PayPal ,Completed
T85795,,C2230,Smartphone,10.0,-321.09695867431003,credit card,Pending
T85796,,C4545,Smartphone,5.0,-158.16773833714126,Credit Card,complete
T85797,,C2432,Coffee Machine,9.0,-835.0055231928529,pay pal,
T85798,,C1946,Headphones,-2.0,486.479298071198,creditcard,
T85799,,C733,Tablet,-2.0,-388.64419603253566,creditcard,Completed
T85800,,C1077,Smartphone,6.0,-404.109946306029,PayPal ,completed
T85801,,C3213,Coffee Machine,10.0,$-544.04,Cash,completed
T85802,,C1179,Tabl,327.0,533.723806814951,PayPal,complete
T85804,,C2007,Tablet,-9.0,189.12834827117098,Credit Card,Failed
T85805,,C3881,Smartphone,7.0,-68.91251205163792,PayPal,Completed
T85806,,C1949,Smartphone,110.0,,credit card,completed
T85807,,C916,Tablet,-3.0,873.1920388431644,credit card,
T85809,,C161,Laptop,5.0,,creditcard,completed
T85811,,C3134,Tablet,-1.0,335.30871017176105,credit card,
T85814,,,Headphones,309.0,885.4048531934827,creditcard,Failed
T85815,,C3845,Coffee Machine,186.0,,PayPal ,completed
T85816,,,Coffee Machine,-4.0,987.5790467988217,creditcard,Failed
T85817,,C2334,Laptop,524.0,390.2047071207994,pay pal,Pending
T85818,,C2628,Tablet,-2.0,520.372774567926,credit card,Completed
,,C4733,Coffee Machine,-1.0,$-126.71,PayPal ,complete
T85823,,C3664,Headphones,7.0,$970.11,credit card,Pending
T85825,,C671,Headphones,4.0,,Cash,
T85827,,C288,Laptop,7.0,,PayPal,
,,C1336,Smartphone,4.0,466.1023884836752,creditcard,
T85829,,C1926,Headphones,457.0,204.79725872419098,credit card,
T85831,,C449,Smartphone,7.0,-107.16653744363293,creditcard,Pending
T85832,,C4147,Headphones,7.0,719.1816347949568,credit card,Pending
T85833,,C2554,Coffee M,636.0,,PayPal ,completed
T85834,,C552,Laptop,-2.0,940.8000759678024,creditcard,Failed
T85835,,C3143,Laptop,-7.0,692.3588910255886,Credit Card,Pending
T85836,,C3541,Headphones,9.0,,credit card,Pending
T85837,,C613,Laptop,-1.0,,Credit Card,completed
T85839,,C3275,Headpho,1.0,598.4967272933908,Cash,Completed
T85840,,C3778,T,-8.0,,creditcard,complete
T85841,,C4033,Tablet,2.0,-847.1426971268668,credit card,Failed
T85842,,C1476,Smartphone,218.0,-886.7259806018193,creditcard,complete
T85843,,C4735,Tablet,-3.0,,credit card,completed
T85845,,C145,Headphones,6.0,,Cash,Failed
T85846,,C1185,Headphones,-9.0,-671.000043475564,PayPal ,complete
T85847,,,Smart,-3.0,,PayPal ,completed
T85848,,C4352,Laptop,-8.0,-448.01565934103155,Cash,Completed
T85849,,C3983,Headphones,-9.0,-234.12969525832477,creditcard,
T85852,,C2698,Headphones,,263.83460473024206,pay pal,
T85853,,C963,Headphones,839.0,-814.6763831616627,PayPal ,Failed
T85854,,C2870,Tablet,1.0,-565.5820233506681,credit card,Pending
T85855,,C328,Coffee Machine,-5.0,-870.3183657905913,credit card,Failed
T85856,,C4122,Tablet,-7.0,,PayPal ,Completed
T85857,,C770,Headphones,5.0,,credit card,Pending
T85858,,C672,Smartphone,643.0,114.7427327962027,credit card,completed
T85859,,C344,Coffee Machine,,942.3176861206595,Cash,Completed
T85860,,C1529,Smartphone,641.0,,creditcard,completed
T85862,,C2537,Smartphone,,617.455451891386,pay pal,complete
T85863,,,Tablet,-5.0,,pay pal,complete
T85864,,C3929,Headphones,3.0,-118.30743419283294,creditcard,Pending
T85865,,C3494,Coffee Machine,2.0,,pay pal,Pending
T85866,,C2053,Laptop,9.0,724.0674715083608,Credit Card,
T85869,,C830,Coffee Machine,-6.0,,PayPal ,complete
T85870,,C899,Tablet,2.0,,pay pal,Pending
T85872,,C3216,Coffee Machine,9.0,692.2378798250013,Credit Card,complete
T85873,,C1860,Laptop,5.0,613.7080396497778,Credit Card,complete
T85874,,C274,Laptop,9.0,404.5584351748068,credit card,Failed
T85875,,C210,Headphones,1.0,408.1194641273081,pay pal,Failed
T85879,,C4679,Headphones,898.0,,PayPal,completed
T85882,,C1556,Headphones,2.0,,creditcard,
T85883,,C4420,Coffee Machine,416.0,,Cash,Completed
T85884,,C3488,Headphones,6.0,817.5737857862443,PayPal ,Pending
T85885,,C4087,Smartphone,410.0,-640.9028902317216,PayPal ,
T85887,,C323,Coffee Machine,923.0,-845.0251402599172,Cash,Pending
T85888,,C1726,Tablet,7.0,,PayPal ,complete
T85891,,C1163,Laptop,-6.0,,Cash,
T85892,,C4594,Smartphone,-7.0,,creditcard,Pending
T85894,,,Coffee Machine,8.0,-432.3023239201299,PayPal ,Pending
T85895,,C3634,Headphones,805.0,-838.6250953672219,PayPal,Completed
T85896,,C4973,Laptop,808.0,,PayPal,Pending
,,C4985,Laptop,8.0,,PayPal,Pending
T85898,,C1955,Tablet,2.0,-782.5711211471378,pay pal,
T85899,,,Tablet,10.0,,PayPal,completed
T85900,,,Laptop,6.0,-77.04395455185363,Credit Card,
T85901,,C3288,Headphones,668.0,-273.98685905922355,Credit Card,Pending
T23317,,C3844,Coffee Machine,-3.0,,Credit Card,complete
T85905,,C1313,Headphones,-10.0,-147.08080767357785,Cash,Pending
T85906,,C4421,Headphones,682.0,-420.1401728810948,PayPal,
T85907,,,Tablet,-1.0,-827.6598646627646,pay pal,Failed
T85909,,C4597,Headphones,6.0,,credit card,
T85912,,C2039,Coffee Machine,805.0,,PayPal ,complete
T85913,,C1242,Headphones,-3.0,831.1985266382605,creditcard,completed
T85914,,C2300,H,-7.0,-120.80169300532782,pay pal,completed
T85915,,C832,Tablet,886.0,$64.69,credit card,Completed
T85918,,C1407,Co,9.0,-411.8352271746726,PayPal ,Pending
T85919,,C168,Head,172.0,448.1839096785236,credit card,complete
T85920,,C4428,Tablet,804.0,,Credit Card,Failed
T85921,,C1150,Laptop,-9.0,,PayPal ,Completed
T85922,,C4994,Sma,211.0,934.8701071841156,Cash,Pending
T85926,,C2807,Coffee Machine,-7.0,,Credit Card,completed
T85927,,C1820,Coffee Machine,1.0,-783.355650991656,PayPal,Completed
T85928,,C2548,Coffee Machine,4.0,,PayPal ,Completed
T85930,,C3228,Tablet,-4.0,-82.26615416082609,pay pal,Completed
T85931,,C3643,Smartphone,359.0,-840.8212536102094,Credit Card,completed
T85932,,C1166,Headphones,838.0,212.93396096682275,creditcard,Failed
T85933,,C146,Headphones,697.0,-263.60486892956465,creditcard,completed
T85934,,C4458,Headphones,166.0,,Credit Card,Failed
T85935,,C3815,Laptop,624.0,707.7474748181114,pay pal,
T85937,,C1665,Laptop,525.0,,credit card,Pending
T85938,,C1680,Headphones,4.0,,pay pal,Completed
T85939,,C2838,Tablet,-8.0,,pay pal,completed
T85940,,C349,Tablet,799.0,-687.6050161913245,pay pal,completed
,,C3091,Tablet,1.0,736.5931956790656,PayPal ,
T85944,,C1301,Headph,877.0,641.928461546036,pay pal,Completed
T85947,,C4038,Tablet,,,credit card,Failed
T85948,,C1470,Smartphone,9.0,422.83148775549455,PayPal,complete
T85949,,C1704,Tablet,-10.0,,creditcard,complete
T85954,,C2948,Headphones,-6.0,707.0870132306308,Credit Card,Pending
T85955,,C352,Coffee Machine,138.0,883.2022003102859,PayPal,Failed
T85957,,C3981,Smartphone,-6.0,-750.1586434406945,credit card,Completed
T85958,,C3349,Headphones,508.0,,PayPal ,Pending
T85960,,C1601,Headphones,-5.0,-975.8058044444269,PayPal,Pending
T85962,,C4427,Smartphone,9.0,,Credit Card,Pending
T85966,,C1325,Tablet,1.0,,creditcard,Failed
T85967,,C4718,Tablet,815.0,95.94034833889069,Cash,Pending
T85968,,C1425,Smartphone,778.0,102.09691290517591,credit card,complete
T85969,,C096,Tablet,-5.0,836.8069548595709,PayPal,complete
T85970,,C1758,Coffee Machine,5.0,,Cash,Failed
T85971,,C2109,Coffee Machine,8.0,534.8160086518001,pay pal,
T85972,,C3872,Laptop,-8.0,905.7465701581496,pay pal,Failed
,,C3988,Headphones,3.0,-633.5837260539063,creditcard,
T85976,,C3450,Laptop,149.0,,PayPal ,Completed
T85977,,C1396,Laptop,,432.51361553575697,Cash,Failed
T85978,,C2659,Smartphone,-9.0,715.8643589097335,credit card,Pending
T85980,,C2784,Smartphone,6.0,,PayPal,complete
T85981,,C4953,Tablet,-2.0,,Credit Card,Completed
T85983,,,Smartphone,767.0,158.87613193679698,Credit Card,complete
T85984,,C4593,Tablet,4.0,77.35472801253019,Credit Card,Pending
T85986,,C604,Laptop,-1.0,923.2152377582025,creditcard,completed
T85987,,C1720,Headphones,2.0,883.9824911613264,pay pal,Failed
T85990,,C004,Headphones,10.0,-265.38827180498174,Credit Card,complete
T85991,,C4994,Smartphone,257.0,754.6210788685894,credit card,completed
T85992,,C396,Laptop,487.0,,PayPal,
T85994,,C2871,Coffee Machine,507.0,-100.47601131184229,creditcard,Failed
T85995,,C1643,Lapto,,-133.59038709493132,pay pal,Pending
T85996,,C4745,Tablet,5.0,$570.46,credit card,Completed
T85998,,C1457,Smartphone,862.0,,pay pal,Failed
T86000,,,Smartphone,1000.0,728.5583235269498,PayPal,Completed
T86002,,C926,Smartphone,147.0,$208.66,credit card,Failed
T86004,,C3994,Smartphone,719.0,,credit card,Failed
T86005,,C4157,Smartphone,110.0,517.5339905346784,Cash,Pending
T86006,,C1311,Smartphone,3.0,,Cash,Completed
T86007,,C3372,Laptop,192.0,,creditcard,Failed
T86008,,C665,Laptop,5.0,,pay pal,Pending
,,C4059,Laptop,8.0,,PayPal ,completed
T86011,,C3569,Coffee Machine,910.0,-128.864450212144,pay pal,completed
T86012,,C2274,Coffee Machine,-7.0,480.9591924485131,credit card,Failed
T86013,,C1397,Headphones,-3.0,,PayPal ,complete
T86014,,C1953,Headphones,7.0,-823.71382731889,credit card,complete
T86015,,C2175,Headphones,-3.0,,PayPal ,
T86016,,C2959,Headphones,-2.0,,credit card,Failed
T86017,,C4751,Smartphone,-1.0,192.11148038566532,Cash,Failed
T86018,,C2745,Laptop,-3.0,,PayPal ,
T86019,,C1445,Headphones,4.0,,pay pal,
T86020,,C2283,Tablet,5.0,-292.04305747611227,Cash,Pending
T86022,,C3369,Tablet,,,Credit Card,Failed
T86023,,C901,Laptop,-10.0,-895.689236781328,PayPal ,Completed
T86024,,C2920,Smartphone,105.0,,Credit Card,Failed
T86026,,C1117,Tablet,1.0,553.004339874812,PayPal,Failed
T86027,,C2631,Tablet,-2.0,377.64511846498215,credit card,complete
T86029,,C1680,Tablet,-2.0,-517.9437069500032,credit card,Pending
T86030,,C3857,Coffee Machine,641.0,527.1757455713321,Credit Card,completed
T86031,,C159,Tablet,-2.0,951.020040868777,Cash,completed
T86034,,C2944,Cof,-10.0,318.109741172408,Credit Card,Pending
,,C396,Coffee Machine,6.0,-478.6192488039744,Cash,
T86036,,C3896,Coffee Machine,628.0,$-126.53,PayPal ,Completed
T86038,,C926,Headphones,8.0,-192.94503082777044,PayPal ,completed
T86039,,C3565,Tablet,3.0,438.3624833369499,PayPal ,Pending
T86040,,C508,Tablet,-1.0,,creditcard,Pending
T86041,,C3608,Coffee Machine,-10.0,,creditcard,
T86042,,C3383,He,2.0,815.5339188346753,pay pal,
T86043,,C3185,Coffee Machine,628.0,-817.870143782434,PayPal,completed
T86047,,C1362,Laptop,257.0,236.87785918215795,creditcard,Completed
T86048,,C2993,Tablet,731.0,,credit card,
T86049,,C4140,Smartphone,-7.0,88.2708276478392,Cash,Completed
T86050,,C3493,Laptop,2.0,130.2419116590072,PayPal,Pending
T86051,,C166,Smartphone,9.0,267.91633481989777,Cash,completed
T86052,,C3484,Co,7.0,,PayPal,completed
T86053,,C2870,Laptop,-10.0,-291.9259777292756,PayPal ,
T86054,,C845,Coffee Machine,676.0,534.82519112402,pay pal,
T86056,,C3070,Coffee Machine,836.0,965.9671833224222,PayPal,Failed
T86057,,C3221,Smartphone,888.0,-910.3473136686856,credit card,Failed
T86058,,C3580,Laptop,275.0,-217.03117216902956,PayPal,
T86060,,C3338,Laptop,-9.0,-964.1121980199009,Cash,completed
T86062,,C322,Smartphone,6.0,,Credit Card,Pending
T86063,,C4983,Coffee Machine,2.0,825.4385319861279,creditcard,
T86064,,C3567,Sm,400.0,737.1799185947146,PayPal,Failed
T86066,,C3776,Headphones,363.0,978.8970790029152,Credit Card,Failed
T86067,,C1719,Lap,707.0,744.0910267053112,Cash,Completed
T86068,,C1949,Coffee Machine,-9.0,294.47745753432207,pay pal,complete
T86070,,C835,Laptop,-6.0,,PayPal ,completed
T86071,,C3229,Coffee Machine,2.0,-366.30987125797344,Credit Card,completed
T86073,,C3616,Smartphone,823.0,411.22895727017794,PayPal ,Pending
T86075,,C2811,Coffee Machine,7.0,-65.58388703312187,creditcard,completed
,,C1791,Lap,-10.0,,PayPal ,Pending
T86079,,C3006,Headphones,8.0,$613.19,creditcard,Failed
T86081,,C1515,Smartphone,-6.0,218.92746242772756,PayPal ,complete
T86082,,C3058,Tablet,-9.0,72.01873255984303,pay pal,complete
T86083,,C1787,Headphones,214.0,,Cash,
T86084,,C3922,Coffee Machine,-3.0,910.4886283717168,PayPal,Completed
T86086,,C1344,Tablet,674.0,289.7591399826033,PayPal ,Failed
T86088,,C4018,Coffee Machine,-6.0,-289.14564511921174,PayPal ,Pending
T86090,,C616,Laptop,-5.0,-310.3790406814019,PayPal ,Completed
T86091,,C856,Smartphone,2.0,-531.6682777401069,Cash,
T86092,,C2042,Smartphone,-4.0,-696.4094479162402,PayPal,complete
T86094,,C1774,Laptop,-3.0,-453.3510961176203,pay pal,Completed
T86095,,C1138,Tablet,-7.0,529.9679652501648,Cash,
T86097,,C1823,Smartphone,-3.0,81.01456947544989,pay pal,Pending
T86099,,C4923,Headp,-8.0,764.7485806452017,Cash,Failed
T86100,,C4091,Coffee Machine,,-637.3218269611455,creditcard,Completed
T86102,,C901,Tablet,3.0,$165.33,credit card,completed
T86103,,C2740,Smartphone,3.0,-461.9937327339379,pay pal,Pending
T86104,,C1879,Smartphone,,,Cash,Failed
T86105,,C1671,Tablet,6.0,$661.93,PayPal,
T86106,,C1497,Tabl,970.0,-616.3986357472635,Credit Card,Failed
T86108,,C3822,Laptop,219.0,999.1737760097456,credit card,Pending
T86109,,C4496,Headphones,8.0,-690.7870391350493,PayPal,Completed
T86110,,C009,Laptop,-9.0,-212.2783748841838,creditcard,Pending
T86112,,C267,Tablet,-4.0,,credit card,Pending
T86114,,C2796,Coffee Machine,10.0,73.124580213435,creditcard,completed
T86115,,C1858,Tablet,,$291.67,Credit Card,completed
T86116,,C433,Laptop,,-917.6168811890353,Cash,complete
T86117,,C1878,Tablet,9.0,795.8717555339593,Cash,Failed
T86120,,C2284,Laptop,6.0,-962.65034304486,Credit Card,complete
T86124,,C1755,Coffee Machine,313.0,-178.7672940612888,pay pal,completed
T86125,,C1402,Headphones,284.0,420.29271529814974,credit card,
T86126,,C2243,Laptop,280.0,,Credit Card,Pending
T86127,,C3742,Headphones,196.0,839.0564601304498,Cash,Failed
T86128,,C1362,Smartphone,940.0,593.8870254272666,pay pal,Completed
T86129,,C4209,Headphones,702.0,-849.3257341147385,pay pal,completed
T86130,,C4867,Headphones,1.0,357.97059988778454,Credit Card,Failed
,,C3517,Coffee Machin,440.0,$795.59,credit card,completed
T86132,,C4866,Smartphone,434.0,725.607360707251,creditcard,Pending
T86133,,C1942,Tablet,135.0,-503.9717941330584,creditcard,Pending
T86135,,C4127,Tablet,177.0,,PayPal ,completed
T86136,,C2629,Headphones,-10.0,-808.5086854949225,PayPal ,Failed
T86138,,C880,Tablet,193.0,948.0682074480019,Cash,Failed
T86139,,C3005,Laptop,8.0,286.6992034075939,creditcard,Pending
T86140,,C828,Headphones,766.0,487.0341397025215,Credit Card,Pending
T86141,,C646,Headphones,5.0,,credit card,Completed
T86143,,C4829,Smartphone,-10.0,,creditcard,
T86144,,C3318,Smartphone,3.0,-184.98306055463252,PayPal ,Pending
T86146,,C2105,Headphones,8.0,,creditcard,complete
,,C2814,Laptop,-3.0,,credit card,complete
T86148,,C4855,Tabl,-7.0,,Cash,Pending
T86149,,C3770,Tablet,418.0,-550.5574662458475,pay pal,Failed
T86150,,C1880,Headphones,-5.0,,pay pal,
T86151,,C3266,Smartphone,2.0,510.59747502213656,PayPal,completed
T86152,,C3981,Laptop,508.0,-535.9359327184357,creditcard,Failed
T86153,,C1873,Headphones,8.0,127.6777750939356,creditcard,completed
T86155,,C1213,Laptop,-3.0,-211.4459433765005,PayPal ,Failed
T86157,,C2795,Smartphone,-10.0,$-689.54,credit card,Pending
,,C2880,Lapt,-6.0,,Cash,Completed
T86160,,C749,Headphones,-5.0,-491.19355653218645,credit card,complete
T86162,,C1601,Smartphone,177.0,830.6542403683428,creditcard,Completed
T86163,,C4003,Tablet,3.0,$-241.36,Credit Card,
T86164,,C2866,Coffee Machi,-10.0,-124.7671692349179,Cash,
T86165,,C2417,Smartphone,321.0,-701.8528744811065,PayPal,Failed
T86167,,C1202,Coffee Machine,3.0,,credit card,completed
T86168,,C2134,Laptop,947.0,,PayPal ,Completed
T86170,,C3235,Headphones,540.0,-687.8996334262821,pay pal,complete
,,C1814,Headphones,-6.0,,credit card,Failed
T86172,,C4086,Smartphone,919.0,-752.7312901074305,Cash,Pending
T86173,,C282,Laptop,1.0,-235.8564183790138,Credit Card,
T86176,,C2650,Headphones,6.0,$-591.71,Credit Card,complete
T86177,,C333,S,-6.0,,PayPal,Failed
T86178,,C3495,Smartphone,,$-782.55,PayPal ,Pending
T86180,,C3024,Laptop,-10.0,383.4676284030914,creditcard,Failed
T86181,,C1683,Coffee Machine,-7.0,621.269702967095,credit card,Failed
T86182,,C544,Tablet,6.0,$-181.01,pay pal,Completed
T86183,,C4762,Headphones,9.0,914.4338034748655,credit card,Pending
T86184,,C3907,Headphones,7.0,-238.49856373550801,creditcard,Failed
T86185,,C1189,Headphones,1.0,-936.0181265558365,PayPal,Pending
T86187,,C1079,Smartphone,-2.0,,creditcard,Failed
T86188,,C1857,Coffee Machine,7.0,,Cash,complete
T86194,,C005,Tablet,-5.0,336.5231352557249,creditcard,Pending
T86195,,C2654,Headphones,7.0,440.28676874108623,credit card,Pending
T86196,,C3247,Headphones,4.0,,PayPal,complete
T86199,,C2023,Headphones,4.0,332.5333190855838,credit card,Failed
T86200,,,Headphones,-9.0,$580.53,PayPal,completed
T86201,,C2353,Laptop,1.0,,creditcard,Failed
T86203,,C506,Laptop,-6.0,-843.2197666381364,PayPal,complete
T86205,,C4603,Tablet,-8.0,,pay pal,Pending
T86206,,C1722,Headphones,8.0,420.99488084341,Cash,Completed
T86207,,C2399,Laptop,8.0,883.2660232255961,PayPal ,Pending
T86209,,C4760,Tablet,-4.0,,creditcard,
T86210,,C4675,Headphones,222.0,$-920.83,creditcard,Completed
,,C4137,Smartphone,129.0,227.54247171910214,Cash,
T86214,,C2190,Tablet,654.0,-942.6335303373875,PayPal,
T86215,,C1810,Headphones,,964.6470770187607,PayPal ,Failed
T86216,,C4815,Smartphone,-3.0,570.6218909749815,Cash,Pending
T86217,,,Tablet,8.0,-496.0365769879802,credit card,
T86218,,C4565,Tablet,4.0,90.1843708997875,creditcard,Failed
T86220,,C3566,Tablet,6.0,-407.28075843475267,Cash,Failed
T86221,,C1566,Coff,-8.0,,credit card,completed
T86223,,C2366,Headphones,702.0,,credit card,Failed
T86225,,C4487,Coffee Machine,5.0,,Cash,
T86226,,C3539,Coffee Machine,-9.0,-345.84703136695146,PayPal,complete
T86227,,C1648,Tablet,7.0,,PayPal,completed
T86228,,,Headphones,,,PayPal ,Completed
T86229,,C3407,Tablet,5.0,,Credit Card,Pending
T86230,,C1254,Tablet,-7.0,,PayPal ,Failed
T86231,,C3437,Tablet,-2.0,-608.5781219775029,Cash,completed
T86232,,C3483,Coffee Machine,993.0,,pay pal,completed
T86233,,C2647,Laptop,-5.0,-586.4619282221124,Cash,complete
T86234,,C1722,Headphones,846.0,,PayPal ,
T86235,,C3096,Laptop,-5.0,,credit card,Pending
T86242,,C3116,He,797.0,,PayPal,Completed
T86243,,C3857,Headphones,4.0,-569.3710366631724,Credit Card,complete
T86246,,C1970,Tablet,-6.0,$-308.77,PayPal,Failed
T86249,,C4687,Coffe,7.0,,credit card,completed
T86250,,C1848,Tablet,-8.0,,PayPal,
T86251,,C479,Headphones,-4.0,-367.71437510719215,credit card,completed
T86253,,C1213,Tablet,2.0,$-526.84,creditcard,Completed
T86255,,,Smartphone,-10.0,,credit card,Completed
T86256,,C749,Coffee Machine,-6.0,668.9284277403236,PayPal ,Pending
T86257,,C4736,Laptop,854.0,-890.7919297595802,creditcard,complete
T86258,,C1711,Coff,-3.0,$677.78,PayPal ,Completed
T86261,,C4017,Headphones,580.0,587.0722375865114,pay pal,
,,C3072,Coffee Machine,2.0,,Credit Card,completed
T86264,,C4445,Coffee Machine,-5.0,365.6512403741052,PayPal ,complete
T86265,,C2994,Headphones,-5.0,862.6631678087141,Credit Card,
T86267,,,Tablet,5.0,618.6798969208854,creditcard,Failed
T86268,,C4606,Headphones,164.0,,credit card,Failed
T86269,,C2592,Laptop,8.0,-876.7507043493397,credit card,Pending
T86270,,C1537,Headphones,766.0,-918.939222925642,Cash,complete
T86271,,C1228,Laptop,390.0,,PayPal ,Failed
T86272,,C1970,Headphones,8.0,-529.1650692068542,Credit Card,completed
T86275,,C2020,Smartphone,-4.0,$660.04,credit card,Pending
T86276,,C1602,Smartphone,-10.0,468.2468843913921,credit card,Pending
T86277,,C2386,Headphones,550.0,-349.1476659587737,credit card,Completed
T86279,,C526,Tab,853.0,,Cash,complete
T86281,,C4024,Smartphone,9.0,709.2217653092606,Credit Card,Failed
T86284,,C4486,Coffee Machine,442.0,862.2526755094409,creditcard,Pending
,,C2035,Laptop,,,PayPal ,completed
T86287,,,Tablet,4.0,$920.87,PayPal,completed
T86288,,C169,Headphones,-10.0,,pay pal,complete
T86289,,C4732,Coffee Machine,429.0,109.72219216125316,pay pal,
T86290,,C3920,Headphones,3.0,,Credit Card,completed
T86291,,C4702,Tablet,-6.0,-544.359770762859,Credit Card,Pending
T86293,,C1901,Smartphone,-1.0,-427.3962525706088,pay pal,Pending
T86294,,,Smartphone,,,credit card,complete
T86296,,C3030,Tablet,4.0,851.7563576741396,credit card,Failed
T86297,,C3182,Headphones,4.0,,PayPal,
T86298,,C3765,Laptop,-9.0,,Credit Card,complete
T86299,,C4403,Smartphone,7.0,-692.003758621071,pay pal,completed
T86300,,C1169,Smartphone,-7.0,,PayPal,Completed
T86301,,C4836,Tablet,842.0,-849.6855008759451,creditcard,Pending
T86302,,,Smartphone,-8.0,,Credit Card,Pending
T86304,,C3988,Smartphone,600.0,-952.3040472143816,PayPal ,completed
T86306,,C1645,Tablet,6.0,-206.79177398683146,creditcard,Completed
T86308,,C3882,Coffee Machine,,,PayPal,Pending
T86310,,C3069,Coffee Machine,315.0,$939.41,PayPal ,Failed
T86312,,C3837,Smar,2.0,,PayPal,complete
T86313,,C411,Laptop,7.0,,PayPal ,Pending
T86314,,C1947,Headphones,7.0,687.6090468390873,Credit Card,Pending
T86316,,C3450,Laptop,465.0,236.99932611525048,pay pal,complete
T86318,,C3937,Laptop,487.0,-92.23586544360069,pay pal,Completed
,,C3170,Tablet,473.0,201.8970154206542,credit card,Pending
T86322,,C2675,Smartphone,-8.0,-364.5925563636291,credit card,completed
T86324,,C927,Tablet,-4.0,$-920.05,pay pal,completed
T86325,,C3376,Coffee Machine,436.0,-665.8806247299615,Cash,Completed
,,C1709,Coffee Machine,-8.0,652.7578616199668,PayPal ,Failed
T86330,,C108,Headphones,-5.0,685.9099705907657,Credit Card,completed
T86332,,C4698,Laptop,687.0,595.8976415845849,Credit Card,complete
T86334,,C3007,Coffee Machine,-3.0,822.7222530266072,Credit Card,complete
T86336,,C1589,Headphones,409.0,-384.87932957280134,Cash,Pending
T86337,,C569,Headphones,7.0,130.10617687671703,pay pal,
T86338,,C350,Tablet,-5.0,,creditcard,Failed
T86343,,C1004,Tablet,5.0,$567.27,credit card,Completed
T86345,,C535,Coffee Machine,563.0,-81.94731889894172,Credit Card,complete
T86347,,C3861,Headphones,7.0,,PayPal,Completed
T86348,,C3115,Coffee Machine,-10.0,-425.85838397019336,pay pal,
T86349,,C2810,Laptop,-1.0,63.13700552182991,Cash,Pending
T86351,,C876,Tablet,742.0,,Credit Card,Failed
T86354,,C1197,Headphones,659.0,301.59144332340884,pay pal,complete
T86355,,C4645,Coffee Machine,-6.0,,PayPal ,Completed
T86356,,C4943,Tablet,440.0,257.4005232266069,pay pal,Completed
T86357,,C1320,Headphones,520.0,,Cash,Pending
T86359,,C406,Laptop,-1.0,,creditcard,completed
T86360,,C2612,Tablet,863.0,,pay pal,Completed
T86367,,C244,Laptop,3.0,,Cash,Pending
T86368,,C1145,Tablet,-8.0,375.8925890883806,credit card,Failed
T86369,,C4112,Laptop,-2.0,-805.6780736759193,pay pal,Pending
T86371,,C4053,Smartphone,883.0,-739.2388877494839,PayPal ,Pending
T86373,,,Laptop,2.0,-680.2438648059472,creditcard,completed
T86374,,C4013,Laptop,-9.0,302.8119776075588,creditcard,Completed
T86375,,C2374,Headphones,734.0,,PayPal,Failed
T86376,,C1251,Laptop,272.0,,Cash,completed
T86377,,C2306,Headphones,7.0,$219.14,creditcard,
T86379,,C2879,Smartphone,,-885.1077342243708,Cash,completed
,,C4590,Coffee Machine,580.0,309.7040043748661,credit card,Pending
T86381,,C1891,Tablet,824.0,,Cash,Completed
,,C630,Laptop,-8.0,937.6768352529103,PayPal ,
T86384,,C221,Coffee Machine,384.0,124.92280912802306,credit card,
T86385,,C4325,Coffee Machine,5.0,-81.18090358458392,Cash,complete
T86386,,C782,Smartphone,720.0,,creditcard,Failed
T86387,,C1237,Headphones,635.0,726.6013670033796,Cash,Pending
T86392,,C3050,Smartphone,-10.0,117.64813888038093,credit card,
T86393,,C3363,Headphones,561.0,-787.1464309429496,pay pal,Failed
T86395,,C4794,Coffee Machine,6.0,-150.46978482170243,credit card,completed
T86396,,C3680,Laptop,5.0,,credit card,Completed
T86398,,,Smartphone,1.0,557.6230261765672,Credit Card,Pending
T86401,,C4678,Tablet,706.0,-547.5635864843209,Cash,complete
T86402,,C1107,Tablet,742.0,-642.9976946045364,creditcard,Failed
T86403,,C4528,Coffee Machine,664.0,-350.96879183676606,pay pal,Completed
T86404,,C3109,Coffee Machine,-1.0,,PayPal ,completed
T86406,,C3144,Laptop,-4.0,$767.53,creditcard,Completed
T86407,,C4513,Headphones,238.0,998.8477347389172,PayPal ,complete
T86408,,C1710,Laptop,326.0,,Cash,Failed
T86409,,C925,Headphones,-1.0,789.8368658527071,pay pal,Completed
T86411,,C2583,Laptop,-2.0,,credit card,completed
T86412,,C1472,Coffee Machine,-4.0,$164.01,PayPal ,Pending
T86413,,C3161,Headphones,149.0,-217.67668829944057,pay pal,
T86414,,C4475,Headphones,841.0,$848.36,creditcard,Completed
T86415,,C3859,Smartphone,-10.0,,PayPal,Failed
T86417,,C3405,Tablet,-5.0,-353.3325610390939,Cash,complete
T86418,,C311,Coffee,10.0,853.7089000599883,PayPal,
T86419,,,Smartphone,8.0,$106.61,Cash,Failed
T86421,,,Coffee Machine,9.0,317.6897863387946,creditcard,Completed
T86422,,C3509,Headphones,4.0,-759.5887390135324,Cash,complete
T86423,,C4289,Headphones,8.0,,PayPal,Pending
T86424,,C696,Coffee Machine,-5.0,95.36383375060784,Credit Card,Failed
T86425,,C3983,Coffee Machine,5.0,,Credit Card,Pending
T35685,,C1706,Smartphone,969.0,308.8614114538169,credit card,complete
T86430,,C275,Laptop,968.0,877.9267649881905,PayPal,Failed
T86432,,C3719,Coffee Machine,-1.0,,PayPal ,complete
T86434,,C1549,Headphones,750.0,$167.88,PayPal ,Completed
,,C1445,Coffee Machine,1.0,-835.0694663554228,pay pal,Failed
T86436,,C3997,Coffee Machine,,126.17835147777038,pay pal,Pending
T86437,,C786,Coffee Machine,-4.0,,creditcard,completed
T86439,,C3121,Headphones,104.0,800.1932518345203,Credit Card,completed
T86440,,C2250,Coffee Machine,1.0,,PayPal,Completed
T86441,,,Headphones,547.0,75.91259819623875,Cash,Failed
T86442,,C4105,Coffee Machine,143.0,,PayPal,Completed
T86443,,C4972,Smartphone,3.0,-586.5884753845688,PayPal,Failed
T86445,,C590,Coffee Machine,9.0,,credit card,Completed
T86449,,C2079,Headphones,10.0,,Cash,Completed
T86450,,C836,Laptop,1.0,,pay pal,Pending
T86451,,C2240,Headphones,6.0,943.9781884896338,creditcard,Completed
T86453,,C594,Sm,438.0,967.2885117899635,Credit Card,
T86454,,C4030,Smartphone,-10.0,,PayPal,Pending
T86455,,C2397,Headphones,-3.0,943.588567145557,creditcard,Completed
T86456,,C1688,Tablet,327.0,,creditcard,Pending
T86457,,C4371,Table,3.0,-631.9545810218294,PayPal,Completed
T86458,,C1557,Tablet,274.0,143.62982835617652,creditcard,complete
T86459,,C3204,Coffee Machine,962.0,$-330.23,PayPal ,Completed
T86460,,C4427,Lapt,9.0,-774.1391558166705,credit card,completed
T86461,,C966,Laptop,7.0,$782.53,credit card,
T86462,,C3523,Smartp,248.0,,credit card,Pending
,,C2077,Laptop,-5.0,474.06520650375984,pay pal,completed
T86464,,C4893,Ta,-3.0,,Credit Card,completed
T86465,,C1160,Laptop,-7.0,-629.8719368152766,PayPal,Pending
,,C369,T,433.0,,pay pal,Failed
T86469,,C4077,Smartph,,373.8455922073466,PayPal ,Failed
T86470,,C727,Laptop,7.0,$-780.41,pay pal,Completed
T86471,,C145,Tablet,691.0,$816.74,Credit Card,Pending
T86474,,C1193,Tablet,-6.0,575.911081884132,pay pal,Failed
T86475,,C3934,Smartphone,-4.0,-588.8897958476914,PayPal,complete
T86476,,C4965,Smartphone,345.0,,credit card,
T86477,,C954,Headphones,4.0,-376.12999874106754,PayPal ,
T86479,,C3797,S,941.0,,pay pal,
T86480,,C3375,Laptop,-5.0,-631.6462934725976,creditcard,complete
T86481,,C4006,Laptop,-4.0,590.7088908813876,pay pal,Failed
T86482,,C2117,Laptop,-3.0,909.4085809505708,creditcard,Failed
,,C786,Coffee Machine,759.0,863.0861035634894,creditcard,completed
,,C851,Coffee Machine,7.0,824.1586075590691,Cash,complete
T86488,,C1718,Tablet,-3.0,100.68138202952281,Credit Card,completed
T86489,,C3299,Coffee Machine,4.0,550.8503550905428,Credit Card,Failed
T86490,,C359,Laptop,-9.0,-182.29111163609286,credit card,Pending
T86491,,C3803,Coffee Machine,-3.0,,creditcard,Completed
T86492,,C1179,Coffee Machine,-1.0,887.5836245450882,Credit Card,Pending
T86493,,C2007,Coffee Machine,6.0,,Cash,complete
T86495,,C313,Laptop,4.0,248.0843041827575,pay pal,Failed
T86496,,C4171,Laptop,8.0,504.02871903118205,credit card,Completed
T86497,,C3279,Lapt,,-862.1870986401574,PayPal,
T86498,,C1064,Laptop,254.0,-395.5625550340735,pay pal,Pending
T86501,,C4270,Laptop,599.0,-172.36246497996785,credit card,complete
T86503,,,Tablet,500.0,272.0202988031226,Cash,Completed
T86504,,C2887,Coffee Machine,-5.0,,PayPal ,complete
T86505,,,Coffee Machine,,-673.7392895770497,Cash,completed
T86506,,C3154,Smart,893.0,,Cash,complete
T86507,,,Smartphone,3.0,,Cash,Completed
T86508,,C617,Tablet,2.0,743.3503621931029,Cash,complete
T86510,,C1692,Smartpho,426.0,,credit card,complete
T86511,,C4033,Coffee Machine,3.0,617.4267387650232,PayPal ,Completed
T86514,,C876,Headphones,136.0,,PayPal ,complete
T86515,,C4481,Smartphone,581.0,625.8352976280315,pay pal,completed
T86517,,C489,Headphones,7.0,883.967349589152,credit card,completed
T86518,,C1580,Smartphone,558.0,$937.99,pay pal,
T86519,,C2826,Smartphone,-6.0,,creditcard,completed
T86524,,C3869,Laptop,969.0,,PayPal ,complete
T86526,,C1906,Smartphone,-6.0,466.3359986116687,Cash,completed
T86528,,C1900,Headphones,389.0,698.8547126171264,PayPal,Completed
T86530,,C655,Coffee Machine,469.0,-915.9725949612389,pay pal,completed
T86531,,C382,Tablet,9.0,,creditcard,Pending
T86532,,C031,Coffee Machine,-7.0,439.93172489981464,creditcard,
T86533,,C3962,Coffee Machine,438.0,$982.30,creditcard,completed
,,C897,Coffee Machine,-6.0,-205.87796837753365,PayPal,Completed
T86535,,C3918,Tablet,1.0,,Cash,
T86536,,C4442,Laptop,6.0,160.59612287653385,creditcard,completed
T86537,,C2870,Smartphone,-7.0,,PayPal,Completed
T86538,,C3536,Smartphone,-5.0,-628.3860120311856,creditcard,completed
T86540,,C3550,Lap,-3.0,691.427512281435,credit card,Pending
T86541,,C4941,Coffee Machine,565.0,-332.3585595950806,Cash,Pending
T86542,,C584,Tablet,-4.0,612.868597325676,PayPal,completed
T86543,,C4775,Smartphone,580.0,,credit card,Failed
T86546,,C2538,Coffee Machine,-9.0,-829.3006799609192,PayPal ,completed
T86548,,,Smartphone,898.0,-440.2989132909803,pay pal,Pending
T86549,,C4157,Laptop,1.0,114.02321740851954,PayPal ,Completed
T86550,,C1368,Smartphone,7.0,-784.222538279698,credit card,complete
T86551,,C2072,Tablet,8.0,$-557.79,PayPal,Pending
T86552,,C2437,Tablet,4.0,567.7492930689388,creditcard,completed
T86553,,C2556,Headphones,-1.0,400.5918539191975,PayPal ,Failed
T86554,,C244,Tablet,360.0,716.6850871308465,PayPal ,
T86557,,C3527,S,-1.0,-941.4663737594861,credit card,
T86558,,C2717,Laptop,6.0,325.5991292147574,credit card,
T86559,,,Headphones,6.0,697.109903696858,Credit Card,completed
T86560,,C3238,Headphones,10.0,619.7694574971533,Credit Card,Failed
,,C3244,Laptop,181.0,,PayPal ,Failed
T86563,,C1065,Smartphone,163.0,-769.1457297767627,credit card,Completed
,,C2345,Coffee Machine,-5.0,,credit card,
T86567,,C4025,Smartphone,924.0,$604.28,creditcard,completed
T86568,,C947,Smartphone,915.0,,Cash,completed
T86569,,C3044,Laptop,860.0,$-993.28,creditcard,Pending
T86570,,C530,Smartphone,-10.0,639.0866888328853,Cash,Completed
T86571,,C4347,Tablet,712.0,-455.95903959626423,creditcard,complete
T86572,,C2570,Laptop,6.0,,Cash,completed
T86573,,C4423,Smartphone,519.0,,PayPal,complete
T86575,,C2220,Coffee Machine,979.0,,creditcard,
T86576,,C3253,Headphones,564.0,-530.4385142370862,Cash,complete
T86578,,C2203,Laptop,,-732.1912894824695,PayPal,Completed
T86579,,C1894,Laptop,9.0,-341.53458864759295,PayPal,Completed
T86580,,C849,Tablet,157.0,75.71514276310265,Credit Card,complete
T86582,,C1526,Tablet,4.0,,pay pal,Pending
T86584,,,Tablet,-4.0,440.0722513039411,pay pal,Pending
T86586,,C3862,Sma,4.0,,credit card,
T86588,,C2094,Smartphone,5.0,576.2637213182084,credit card,
T86589,,C1117,Smartphone,2.0,,Cash,complete
T86590,,C2037,Coffee Machine,343.0,,PayPal ,Pending
T86592,,C1716,Headphones,973.0,,creditcard,
T86594,,C4825,Smartphone,751.0,,Cash,Failed
,,C116,Headphones,588.0,-860.3836250281989,Credit Card,completed
T86596,,,Headphones,347.0,-529.0257579135376,Credit Card,Pending
T86597,,C254,Smartphone,403.0,,pay pal,Failed
T86598,,C1270,Coffee Machine,797.0,$195.29,creditcard,Completed
T86599,,C1145,Coffee Machine,457.0,-560.8487862903229,Cash,complete
T86600,,C3824,Laptop,126.0,,credit card,complete
T86601,,C3485,Smartphone,-9.0,-662.8145597400301,PayPal ,Completed
T86602,,C4205,Smartphone,452.0,,PayPal,Pending
T86603,,C4179,Coffee Machine,-6.0,-341.6771595860141,PayPal ,
T86604,,C2238,Tablet,555.0,678.7573916924565,creditcard,Completed
T86605,,C4246,Smartphone,7.0,904.3415731506525,Cash,Completed
T86607,,C2676,Coffee Machine,3.0,-482.4650641243852,Cash,Failed
T86609,,C4719,Tablet,-2.0,377.75433324765316,pay pal,complete
T86610,,C4528,Coffee Machine,9.0,673.7322626983805,creditcard,completed
T86612,,C2299,Smartphone,3.0,-437.19036621442217,creditcard,Completed
T86613,,C4050,Smartphone,-7.0,177.36190514751684,Credit Card,Failed
T86614,,,Headphones,7.0,,pay pal,Completed
T86617,,C4884,Headphones,464.0,,PayPal ,Completed
T86619,,C1133,Coffee Machine,2.0,,Cash,completed
T86620,,C1023,Headphones,878.0,,PayPal,Failed
T86621,,C1998,Laptop,491.0,-645.1794522146795,PayPal ,complete
T86622,,C881,Headphones,6.0,$-941.74,credit card,Completed
T86623,,C381,Headphones,199.0,439.7809587343273,Cash,Failed
T86624,,C4151,Tablet,-10.0,,credit card,completed
T86627,,C1047,Headphones,10.0,,pay pal,
T86628,,C3401,Headphones,-9.0,822.3212274929373,PayPal ,Completed
T86629,,C206,Tablet,6.0,-962.3606538695169,credit card,Pending
T86630,,C1104,Headphones,-9.0,,PayPal ,complete
T86632,,C2437,Tablet,1.0,61.06487607362493,PayPal ,complete
T86633,,C836,Smartphone,-5.0,,PayPal,Failed
T86634,,C1403,Headphones,-10.0,,Cash,Completed
T86635,,C666,Coffee Machine,-1.0,,Cash,Pending
T86636,,C2883,Headphones,586.0,-62.29676176927819,PayPal ,complete
T86640,,C3207,Headphones,314.0,153.29091154644874,PayPal,
T86641,,C853,Headphones,8.0,,PayPal,Completed
T86642,,C3202,Smartphone,-6.0,,Cash,complete
T86643,,C2551,Tablet,472.0,-598.4588247127924,pay pal,complete
T86644,,C2102,Headphones,1.0,-868.9729597667987,pay pal,completed
T86646,,C1249,Laptop,598.0,483.63090585208937,PayPal,Pending
T86647,,C1096,Headphones,-3.0,,creditcard,Completed
T86648,,C4819,Tablet,8.0,-616.2265428057822,pay pal,complete
T86649,,C3269,Headphones,10.0,665.893729842548,Credit Card,completed
T86654,,C3629,Laptop,8.0,,Cash,complete
T86655,,C2266,Smartphone,-4.0,305.7620999381081,pay pal,complete
T86656,,C3948,Laptop,6.0,$-943.12,credit card,complete
T86658,,C1906,Headphones,-9.0,,pay pal,Failed
T86659,,C3310,Tablet,-5.0,470.5055654184864,Cash,completed
T86661,,C224,Smartphone,1.0,319.9896874952085,PayPal,complete
T86662,,C3087,Headphones,151.0,,Credit Card,Pending
T86663,,C2466,Tablet,522.0,-830.9623234939777,Credit Card,Pending
T86664,,C4072,Tablet,514.0,,PayPal,complete
T86665,,C3762,Laptop,-5.0,-669.0840692713174,credit card,
T86666,,C3395,Tablet,489.0,-966.8824556914894,PayPal,Completed
T86667,,C4371,Tablet,357.0,,credit card,
T86668,,C2820,Tablet,-10.0,-208.13180306589595,pay pal,complete
T86669,,C1563,Headphones,-1.0,,PayPal,Completed
T86671,,C2737,S,,-580.9674596715988,Cash,Completed
T86672,,C3350,Coffee Machine,-7.0,-177.74771774569547,pay pal,complete
T86673,,C4251,Cof,-3.0,-837.7595962639411,PayPal,completed
T86675,,C2177,Tablet,238.0,-80.18542323698045,credit card,
T86676,,C4931,Smartphone,7.0,-481.5799788097406,credit card,completed
T86679,,C4647,Coffee Machine,-5.0,116.42621404828145,credit card,complete
T86680,,C1693,Smartphone,-7.0,-670.2247552651246,pay pal,Failed
T86682,,C2300,Coffee Machine,-7.0,,Credit Card,
T86684,,C1133,Laptop,278.0,935.0149117486023,creditcard,
T86685,,C4436,Headphones,815.0,558.8789424211625,creditcard,
T86686,,C3184,Coffee Machine,878.0,265.64898159855926,Credit Card,Completed
T86687,,C3020,Headphones,5.0,182.85711993376273,pay pal,
T86688,,C3187,Smartphone,-1.0,,Credit Card,completed
T86689,,,Laptop,-2.0,-493.2493464777417,Credit Card,
T86690,,C1214,Coffee Machine,2.0,,pay pal,complete
T86691,,C4724,Coffee Machine,495.0,-322.0685424037679,pay pal,complete
T86692,,C4548,Smartphone,327.0,,credit card,Completed
T86693,,,Headphones,-6.0,,pay pal,completed
T86694,,C2506,Smartphone,844.0,-135.9813931962126,PayPal,Failed
T86695,,C3232,Coffee Machine,6.0,,Cash,Completed
,,C1723,Coffee Machine,6.0,151.4167474145484,credit card,Completed
T86697,,C4722,Headphones,-10.0,723.5004625405487,creditcard,Failed
T86698,,C677,Smartphone,4.0,,PayPal ,complete
T86699,,C443,Tablet,4.0,,credit card,Completed
,,C542,Headphones,125.0,,PayPal,Completed
T86701,,C2658,Laptop,106.0,-212.69463250748288,creditcard,Completed
T86702,,C1601,Smartphone,-2.0,,Credit Card,
T86703,,C4001,Coffee Machine,1.0,426.0636088198534,Credit Card,complete
T86704,,C1410,Tablet,478.0,,creditcard,Completed
T86706,,C4009,Headphones,815.0,973.2909409205764,Cash,Failed
T86707,,C110,Coffee Machine,653.0,$-855.03,Credit Card,Completed
T86709,,C4384,Tablet,768.0,,credit card,Failed
T86710,,C3158,Smartphone,-8.0,,Credit Card,
T86711,,C2290,Coffee Machine,9.0,,Credit Card,complete
T86713,,C4009,Headphones,,-108.38015461972282,Credit Card,complete
T86714,,C4267,Headphones,-9.0,-50.56069716926868,PayPal,Failed
T86715,,C3997,Headphones,517.0,-224.0566227599138,Credit Card,Pending
T86716,,C4755,Coffee Machine,10.0,,creditcard,
T86718,,C4718,Smartphone,6.0,985.8572598643714,Cash,Failed
T86719,,C1491,Tablet,1.0,-564.9618401725011,pay pal,complete
T86720,,C3974,Smartphone,163.0,314.23705013868533,creditcard,
T86722,,C3402,Smartphone,10.0,,credit card,
T86724,,C2274,Laptop,4.0,-583.9869595959483,creditcard,completed
T86725,,C379,Smartphone,285.0,,PayPal ,Pending
T86727,,C4784,Tablet,2.0,,Credit Card,complete
T86728,,C3951,Smartphone,-7.0,,PayPal ,Failed
T86729,,C332,Smartphone,-6.0,,Cash,completed
T86730,,C4670,Smartphone,6.0,,pay pal,complete
T86731,,,Co,-7.0,-392.0299549056847,pay pal,complete
T86733,,C2303,Smartphone,3.0,-277.6062740867984,pay pal,Failed
T86734,,C2507,Tablet,1.0,,credit card,Pending
,,C4471,Laptop,446.0,,Cash,
T86739,,C2343,Headphones,4.0,221.4653359177184,creditcard,complete
T86740,,C4500,Tablet,358.0,798.7695749191239,pay pal,Completed
,,C398,Headphones,936.0,768.9115399107441,creditcard,Completed
T86743,,C1156,Tablet,1.0,728.234659340259,credit card,complete
T86744,,C3556,Tablet,3.0,$321.14,Cash,
T86745,,C4303,Smartphone,756.0,,Cash,Completed
T86747,,C4452,Coffee Machine,460.0,745.9219843342385,Credit Card,completed
T86748,,C3800,Tablet,-4.0,-961.1548809664248,PayPal ,completed
T86749,,C3987,Coffee Machine,6.0,-328.9679669108848,pay pal,Pending
T86750,,C060,Laptop,576.0,,Cash,Failed
T86751,,C1713,Tablet,375.0,,Credit Card,Failed
T86753,,C4600,Tablet,-7.0,,credit card,
T86754,,C2158,Smartphone,-6.0,-373.818071796332,credit card,complete
T86755,,C715,Smartphone,914.0,,Credit Card,completed
T86756,,,Headphones,-5.0,620.1013876048022,PayPal ,Failed
T86760,,C4713,Headphones,860.0,642.185026560164,Cash,Completed
T86763,,C1176,Laptop,548.0,-521.2241334684484,pay pal,Failed
T86764,,C1025,Headphones,-6.0,-655.4091178716363,PayPal ,Pending
T86765,,C2480,T,501.0,310.49968826885515,PayPal,Failed
T86766,,C295,Laptop,6.0,$53.97,PayPal,
T86767,,C2017,Coffee Machine,-2.0,-514.4876613264253,creditcard,completed
T86768,,,Smartphone,341.0,831.90365214012,pay pal,Pending
T86770,,C1653,Tablet,-4.0,-597.0140212469163,PayPal,Completed
T86775,,C871,Coffee Machine,451.0,416.6577006092594,PayPal,complete
T86776,,C356,Smartphone,3.0,956.9608132367541,Cash,
,,C3080,Coffee Machine,7.0,352.20003229203775,PayPal,Completed
T86778,,C2663,Laptop,5.0,,Cash,complete
T86779,,C2823,Smartphone,5.0,-402.338334321921,creditcard,Completed
T86780,,C3607,Headphones,9.0,-65.1293714997937,PayPal,
T86781,,C130,Laptop,-8.0,,PayPal,
T86783,,C747,Smartphone,-7.0,142.69159193340266,Credit Card,Pending
T86784,,C2313,Laptop,898.0,,creditcard,completed
T86785,,C4318,Headphones,-5.0,162.25895668307095,pay pal,Completed
T86787,,C4452,Coffee Machine,634.0,-251.7043024206123,credit card,completed
T86789,,C523,Coffee Machine,-3.0,,PayPal ,Pending
T86790,,C3554,Coffee Machine,287.0,-872.043931875201,pay pal,completed
T86791,,C2599,Headphones,-3.0,$906.99,pay pal,Pending
T86792,,C1353,Headphones,9.0,,PayPal,completed
T86793,,C084,Headphones,-2.0,999.6719303445254,Credit Card,complete
T86794,,C1625,Laptop,-6.0,$-289.14,Credit Card,Failed
T86795,,C3310,Laptop,501.0,,creditcard,Completed
T86796,,,Tablet,-2.0,181.95523317647314,credit card,complete
T86797,,C857,Tablet,-8.0,-912.0848442072147,PayPal ,Failed
T86798,,C3657,Headphones,9.0,-882.2106262156411,PayPal,Failed
T86801,,C2700,Tablet,277.0,994.5550523877374,PayPal,complete
T86804,,C2135,Laptop,8.0,748.3129738812465,PayPal,completed
T86808,,C1540,Tablet,-2.0,-816.1926191411357,PayPal,complete
T86809,,C4911,Coffee Machine,962.0,,Credit Card,Completed
T86811,,C1661,Tablet,299.0,,creditcard,
T86813,,C738,Headp,-4.0,-197.5535307264107,Credit Card,completed
T86814,,C1647,Laptop,-9.0,593.2731376060993,Cash,Failed
T86815,,C4827,Headphones,4.0,,pay pal,Failed
,,C4085,Coffee Machine,,,credit card,complete
T86818,,C3554,Coffee Machine,10.0,,pay pal,
T86819,,C2711,Headphones,10.0,622.9585432251729,creditcard,
T86822,,C3291,Coffee Machine,153.0,-656.8978078967025,PayPal ,
T86823,,C2198,Coffee Machine,279.0,$989.93,pay pal,Pending
T86828,,C1802,Smartphone,-10.0,,pay pal,
T86829,,C3061,Tablet,4.0,302.57669535183004,PayPal ,Pending
T86830,,C3769,Tablet,367.0,548.4257016040792,PayPal,Failed
T86831,,C1416,Coffee Machine,-4.0,263.3025789034872,pay pal,Failed
T86832,,C585,Coffee Machine,9.0,254.3969852155775,pay pal,completed
T86833,,C2420,Smartph,758.0,$717.90,Credit Card,Completed
T86834,,C1364,Laptop,895.0,$-960.01,PayPal ,Failed
T86838,,C3768,Coffee Machine,177.0,,pay pal,Failed
T86839,,C2183,Smartphone,8.0,,Credit Card,Pending
,,C481,Laptop,-9.0,-882.9521325500656,creditcard,Completed
T86844,,C4292,Coffee Machine,423.0,248.07636608015875,PayPal ,Pending
T86845,,C4814,Headphones,-8.0,-439.13527747417766,PayPal ,Failed
T86847,,C2590,Tablet,394.0,$72.37,PayPal,completed
T86848,,C1572,Tablet,-6.0,313.4622140372695,creditcard,complete
T86849,,C2499,Headphones,151.0,,Cash,Completed
T86850,,C4047,Tablet,523.0,-222.37394434247028,Credit Card,completed
T86851,,C2039,Laptop,,-624.4283200473367,PayPal,Pending
T86852,,C3629,Head,,,credit card,Pending
T86853,,C4504,Headphones,6.0,,credit card,Pending
T86854,,C817,Smartphone,-7.0,,creditcard,Pending
T86855,,C1092,Lap,10.0,-666.3281710053168,pay pal,Completed
T86857,,C345,Headphones,808.0,,PayPal ,Failed
T86860,,C902,Tablet,476.0,,Credit Card,Pending
T86861,,C4731,Laptop,-4.0,,creditcard,Pending
T86862,,C186,Headphones,395.0,626.0477410930661,Cash,Pending
T86863,,C4602,Coffee Machine,5.0,983.7699568120047,PayPal ,Completed
T82860,,C2898,Headphone,,774.6902128047532,creditcard,Failed
T86865,,C3749,L,-8.0,874.4347894879899,creditcard,Pending
T86866,,C2905,Laptop,,,PayPal,Failed
T86867,,C1042,Laptop,413.0,,Cash,Failed
T86868,,C3982,Laptop,3.0,,Credit Card,
T86869,,C270,Smartphone,10.0,844.5961438004673,PayPal,completed
T86870,,C3533,Tablet,-6.0,,creditcard,complete
T86871,,C2572,Tablet,5.0,-771.996633927084,Credit Card,complete
T86872,,C2439,Headphones,-8.0,304.8830197341501,Cash,complete
T86876,,C4291,Coffee Machine,-6.0,764.9237118811384,Credit Card,Completed
T86878,,C1605,Coffee Machine,7.0,-212.9323006595822,Credit Card,
T86879,,C1042,Tablet,-4.0,,pay pal,Failed
T86881,,C1240,Coffee Machine,8.0,,credit card,Pending
,,C2618,Tablet,-3.0,-374.45232577092725,credit card,complete
T86884,,C2230,Smartphone,7.0,225.86500794304695,pay pal,
T86885,,C3145,Smartphone,-10.0,,creditcard,complete
T86886,,C1667,Coffee Machine,232.0,,PayPal ,
T86887,,C4656,Smartphone,-7.0,,PayPal,
T86888,,C1091,Smartphone,8.0,298.37967949320404,Cash,Completed
T86890,,C1480,Coffee Machine,,-264.48027920677146,PayPal,Completed
T86891,,C1520,Tablet,104.0,-52.0241654053159,Cash,
,,C326,Smartphone,771.0,,PayPal ,Failed
T86893,,C3558,Smartphone,6.0,-888.4652737028916,Cash,
T86894,,C4480,Tablet,109.0,-544.7028553811725,Cash,Completed
T86895,,C2783,Tablet,-10.0,671.5680781396815,pay pal,Completed
T86900,,C3707,La,280.0,-327.65009459694295,creditcard,
T86901,,C4360,Tablet,543.0,,credit card,complete
T86903,,C4388,Headphones,7.0,,creditcard,Pending
T86905,,C2462,Headphones,938.0,986.3749917601294,Credit Card,completed
T86906,,C4671,Coffee Machine,512.0,-141.86276342992483,creditcard,complete
T86907,,,Tablet,-7.0,386.310969946833,pay pal,complete
T86908,,C553,Tablet,9.0,465.78882047711005,creditcard,Failed
T86911,,C905,Tablet,6.0,139.4405176126586,credit card,completed
T86912,,C4215,Tablet,7.0,-553.6203331127913,creditcard,Failed
T86913,,C600,Smartphone,102.0,-795.7177251214093,PayPal,Failed
T86915,,C2628,Tablet,653.0,63.17710146987256,pay pal,Pending
T86917,,C1745,Headphones,739.0,-925.2853969316083,pay pal,Completed
T86919,,C2818,Smartphone,-7.0,,PayPal ,
T86920,,C2247,Laptop,263.0,300.91201279702557,pay pal,Pending
T86921,,C4749,Smartphone,-4.0,,creditcard,Pending
T86922,,C4162,Smartphone,-8.0,$221.96,credit card,completed
T86923,,C4328,Tablet,-6.0,-449.0659677124254,pay pal,Completed
T86924,,C3853,Coffee Machine,3.0,,Cash,
T86926,,C192,Headphones,900.0,281.30310893148567,pay pal,completed
T86927,,C3029,Tablet,2.0,981.5526183721985,PayPal,
T86928,,C1987,Tablet,1.0,,Cash,
T86929,,C1434,Laptop,-9.0,-264.10464640933253,creditcard,completed
T86930,,C3341,Tablet,5.0,-77.87839818957502,PayPal,Failed
T86931,,C3461,Smartphone,5.0,397.8867709044231,creditcard,Completed
T86933,,C3534,Coffee Machine,-9.0,462.42556429567173,PayPal,Pending
T86934,,C181,Headphones,488.0,$110.26,pay pal,complete
,,C1578,Tablet,-3.0,,Credit Card,complete
T86936,,C4722,Headphones,10.0,-172.55930031903483,PayPal ,
T86937,,C2877,Headphones,-4.0,576.8952807103966,PayPal ,Pending
T86938,,C2448,Laptop,649.0,-604.1963977786738,Cash,
T86939,,C1332,Tablet,284.0,,pay pal,
T86941,,C2308,Coffee Machine,724.0,926.8375575903345,Cash,Completed
T86943,,C2946,Smartphone,5.0,-252.8471955719691,pay pal,
T86944,,C3345,Coffee Machine,-6.0,$803.03,creditcard,Pending
T86945,,C2879,Smar,165.0,-816.7317132944828,pay pal,Pending
T86947,,C4071,Smartphone,4.0,-355.3733732141625,Cash,complete
T86949,,C483,Coffee Machine,439.0,104.68872315325069,PayPal ,complete
T86951,,C689,Headphones,-8.0,783.2033862148419,credit card,complete
T86952,,C3081,Laptop,10.0,$-123.69,Cash,Completed
T86953,,C3020,Tablet,-6.0,,PayPal ,completed
T86955,,C931,Tablet,620.0,,Credit Card,
T86960,,C299,Smartphone,917.0,771.3596790620188,Cash,complete
T86961,,C747,Headphones,-4.0,131.92899730845664,PayPal ,Completed
T86963,,C3465,Smartp,323.0,,creditcard,Failed
T86964,,C261,H,6.0,620.2907522275746,credit card,Completed
T86966,,C2984,Coffee Machine,7.0,,PayPal ,complete
T86967,,C1430,Headphones,5.0,233.4587444899099,PayPal,Failed
T86971,,C2267,Table,10.0,-363.90488830426295,PayPal,Pending
T86972,,C1644,Laptop,-4.0,,Credit Card,complete
T86975,,C3831,Headphones,1.0,-404.8832816641808,pay pal,complete
T86978,,C1960,Coffee Machine,-9.0,-225.9090442866178,Cash,Pending
T86980,,C3216,Smartphone,889.0,-806.0194972915937,pay pal,Failed
,,C432,Smartphone,146.0,,PayPal,
T86982,,C2721,Smartphone,622.0,$-872.38,PayPal ,complete
T86983,,C3522,Smartphone,909.0,-304.19478887290575,credit card,Pending
T86985,,C1892,Ta,9.0,,Cash,
T86986,,C1933,Laptop,-6.0,-133.76997403634425,Cash,completed
T86987,,,Tablet,110.0,,Credit Card,Failed
T86988,,C2707,Laptop,228.0,593.47603785526,Cash,complete
T86991,,C2891,Smartphone,1.0,502.21008419993746,PayPal,
T86992,,C3082,Laptop,10.0,722.4541249397314,creditcard,
T86996,,C1944,Coffee Mac,5.0,-363.3962623495546,pay pal,completed
T86997,,C4863,Tablet,149.0,755.4798134250726,PayPal ,completed
T86998,,C1115,Coffee Machine,5.0,,credit card,Completed
,,C4783,Headphones,-3.0,-776.1496440249479,Cash,Completed
T87005,,C1501,Smartphone,243.0,,creditcard,Failed
T87006,,C012,Smartphone,234.0,-587.931879131564,PayPal,
T87007,,C1259,Tablet,239.0,-937.2040855978238,Credit Card,complete
T87012,,C2407,Laptop,-9.0,,PayPal ,
T87014,,C2064,Tablet,8.0,443.9227563376173,pay pal,Failed
T87016,,C919,Coffee Machine,9.0,-311.1189502898269,PayPal ,Failed
T87017,,C856,Smartphone,651.0,-546.4631550859829,Cash,Failed
T87018,,,Smartphone,117.0,,Credit Card,Pending
T87019,,C2919,Smartphone,-2.0,,Cash,complete
T87020,,C2857,Headphones,5.0,-735.2151930355517,Cash,Completed
T87025,,C3900,Smartphone,,-695.1469324520019,PayPal ,Pending
T87027,,C4767,Laptop,-4.0,,Credit Card,complete
T87029,,C3630,Headphones,-8.0,,Credit Card,
T87030,,C2913,Headphones,-10.0,-830.7626199021545,creditcard,Pending
T87031,,C2184,Laptop,-6.0,,PayPal ,Failed
T87033,,C4151,Headphones,3.0,328.1013818233629,Cash,
,,C972,Tablet,6.0,815.1716481694453,pay pal,Completed
,,C2986,Headphones,8.0,403.9926114169624,credit card,Pending
T87037,,C2644,Tablet,649.0,,creditcard,Completed
T87039,,C4810,Smartphone,566.0,141.3114674288667,credit card,complete
T87040,,C4395,Tablet,-1.0,-366.99318132985024,Credit Card,Completed
T87042,,C3547,Coffee Machine,-9.0,,PayPal ,Pending
T52734,,C2499,Laptop,-6.0,197.04867855231592,PayPal,completed
T87050,,C1472,Coffee Machine,473.0,345.24802210951646,pay pal,complete
T87051,,C1636,Laptop,-6.0,-63.42550137979606,PayPal ,
T87052,,C2148,Laptop,2.0,617.4920590330025,Cash,
T87053,,C3473,Laptop,1.0,429.30704745164144,Cash,complete
T87054,,C1368,Coffee Machine,9.0,,credit card,completed
T87055,,C1601,Tab,857.0,,creditcard,Pending
T87056,,C3060,Tablet,821.0,-996.4442160556755,credit card,
T87057,,C1666,Tablet,,846.8189333987949,creditcard,Failed
T87058,,C4749,Tablet,926.0,,pay pal,Pending
T87059,,C3712,Laptop,-4.0,$698.29,Credit Card,
,,C2226,Smartphone,-4.0,-646.3711776554604,PayPal,
T87061,,C4171,Tablet,863.0,,credit card,complete
T87064,,C4386,Headphones,10.0,,credit card,Failed
T87065,,C4038,Laptop,1.0,-374.60311688061404,creditcard,complete
T87066,,C3740,Laptop,720.0,984.9703687403226,creditcard,Failed
,,C1111,Headphones,8.0,-873.0768747001666,PayPal ,Pending
T87069,,C1334,Hea,-9.0,889.0531967044833,PayPal,Failed
T87070,,C285,Headphones,-1.0,-718.1283885122104,Cash,complete
T87071,,C4934,Smartphone,3.0,148.37256945579855,PayPal ,complete
T87072,,C990,Smartphone,-9.0,,Cash,complete
T87073,,C3006,Laptop,994.0,-243.0292759068302,Cash,Pending
T87074,,C073,Headphones,-9.0,,creditcard,completed
T87077,,C4388,Smartphone,3.0,-532.1886566035341,PayPal ,complete
T87078,,C1961,Tablet,,,credit card,Pending
T87079,,C1535,Smartphone,3.0,,creditcard,Failed
T87080,,C4606,Coffee Machine,523.0,-302.55448834589674,PayPal,Pending
T87084,,C4860,Coffee Machine,657.0,,PayPal ,completed
T87085,,C4258,Smartphone,-10.0,328.4240131603489,pay pal,
T87086,,C3749,Headphones,8.0,-213.78667077411512,PayPal ,
T87088,,C2753,Tablet,8.0,742.8115458642686,PayPal,Failed
T87089,,C3760,Laptop,-9.0,372.890881782019,credit card,complete
T87091,,C2855,Laptop,,$-957.57,PayPal ,
T87095,,C2907,Laptop,-2.0,-970.7878420038375,Cash,Completed
T87096,,C434,Smartphone,-9.0,683.7532893440464,pay pal,Failed
T87099,,C2790,Tablet,5.0,409.3703789733675,pay pal,Pending
T87101,,,Coffee M,-3.0,984.9166909983062,creditcard,
T87102,,C550,Headphones,-4.0,220.52328931841686,creditcard,Failed
T87103,,C4838,Tablet,925.0,-524.6528055137885,PayPal,complete
T87104,,C1183,Headphones,,-563.004634023131,pay pal,Completed
T25731,,C1028,Coffee Machine,-4.0,,creditcard,complete
T87108,,C4549,Coffee Machine,162.0,,credit card,completed
T87110,,C3829,Smartphone,,916.2368277642747,Credit Card,completed
T87111,,C2294,Coffee Machine,327.0,271.5486520573435,PayPal ,complete
T87112,,C1954,Tablet,-2.0,-717.1338646905574,Cash,Pending
T87114,,C4427,Laptop,344.0,,PayPal,Failed
T87115,,C2320,Laptop,337.0,,Cash,
T87116,,C1260,Headphones,,244.55199277535246,credit card,Pending
,,C515,Smartphone,950.0,$907.94,creditcard,complete
T87119,,C2176,Tablet,-5.0,323.23648116340803,PayPal ,completed
T87121,,C3334,Smartphone,186.0,,Cash,completed
T87122,,C3438,Smartphone,166.0,-283.9141533191264,PayPal ,
T87125,,C1349,Headphones,-1.0,-472.2177335523196,pay pal,complete
T87126,,C2518,Laptop,740.0,,credit card,Failed
T87127,,C1153,Headphon,5.0,,PayPal,completed
T87129,,C3932,Tablet,987.0,-380.8626095553619,PayPal,complete
T87130,,C4764,Smartphone,4.0,-235.30485476278534,PayPal,completed
,,C2490,Hea,-4.0,117.14498614356246,PayPal ,completed
T87133,,C2512,Smartphone,507.0,193.42177514819417,Cash,Failed
T87136,,C2928,Smartphone,8.0,-143.69157417435054,credit card,Pending
,,C487,Headphones,-3.0,197.6032899403692,pay pal,Completed
T87140,,C2602,Tablet,-1.0,-84.0179359033973,PayPal ,Pending
T87142,,C4974,Headphones,-4.0,275.3868342366112,Credit Card,
T87143,,C1693,Headphones,2.0,-965.7187134856083,creditcard,Completed
T87146,,C4246,Tablet,10.0,,credit card,Failed
T87147,,C2226,Laptop,7.0,,creditcard,Pending
T87148,,C694,Tablet,10.0,382.6431069991409,Cash,Pending
T87151,,C874,Tablet,600.0,,Cash,complete
T87154,,C2333,La,632.0,-543.5682616206951,PayPal,complete
T87155,,C304,Coffee Machine,-8.0,469.55856698727683,Credit Card,complete
T87156,,C2516,He,837.0,,PayPal,Pending
T87158,,C4750,Laptop,1.0,-117.88317522663453,Cash,completed
T87159,,C4530,Coffee Machine,946.0,-639.0221904690075,pay pal,Completed
T87160,,C756,Tablet,-5.0,672.9984536405145,PayPal,Failed
T87162,,C287,Smartphone,3.0,-326.87720658171406,credit card,Pending
T87163,,C4379,Smartphone,461.0,-430.43962830332464,Cash,Failed
T87164,,C1955,Smartphone,830.0,544.5535020803343,PayPal,completed
T87165,,C1073,Tablet,-1.0,-516.5810099757158,credit card,Completed
T87166,,C3278,Laptop,4.0,429.29316667923604,Credit Card,complete
T87167,,C2336,Headphones,-6.0,,PayPal ,Completed
T87168,,C4051,Smartphone,502.0,833.463911557578,credit card,Completed
T87170,,C3201,Smartphone,10.0,$-804.80,creditcard,
T87171,,C3408,Tablet,822.0,-301.40007424903774,Cash,Failed
T87172,,C655,Coffee Machine,9.0,-506.2083754754436,Cash,complete
T87174,,C3516,Headphones,-6.0,-688.227232253203,pay pal,Pending
T87176,,,Tablet,6.0,287.41091650120006,creditcard,
T87179,,C1414,Tablet,4.0,420.47313453877405,Cash,
T87180,,C1675,Tablet,-10.0,$910.68,creditcard,Failed
T87181,,C3893,Smartphone,6.0,,Cash,
T87183,,C735,Coffee Machine,6.0,,Credit Card,completed
T87184,,C930,Headphones,-7.0,,PayPal,completed
T87185,,C1771,Tablet,-3.0,199.60295899747112,Credit Card,Completed
T87186,,C4089,Laptop,113.0,662.2374620500192,PayPal ,complete
T87187,,C3641,Tablet,-5.0,,pay pal,Completed
T87188,,C2463,Smartphone,273.0,,PayPal ,Pending
T87189,,C2416,Smartphone,-4.0,,Cash,completed
T87191,,C3205,Headphones,-3.0,339.38374524261457,Cash,completed
T87193,,C321,Coffee Machine,8.0,,Credit Card,
T87194,,C2643,Headphones,4.0,,pay pal,completed
T87195,,C327,Smartphone,213.0,-904.8111878238149,creditcard,Failed
T87196,,C1506,C,6.0,-795.0578049523934,creditcard,Pending
T87197,,C2789,Tablet,-9.0,803.136194416084,pay pal,Failed
T87198,,,Lapt,724.0,-245.1564765754713,PayPal,Completed
T87201,,C625,Tablet,724.0,-399.8918186681143,pay pal,Completed
T87202,,C1647,H,-2.0,-452.1604625447835,PayPal ,Failed
T87203,,C4585,Headphones,9.0,-471.4384435704353,PayPal ,Completed
T87204,,C288,Laptop,141.0,923.9996317972704,pay pal,
T87207,,C418,Laptop,-5.0,,credit card,completed
T87208,,C1465,Laptop,203.0,-652.8915109801003,PayPal,
T87210,,C1216,Tablet,10.0,-291.4489099073311,Cash,completed
T87211,,C2536,Coffee Machine,1.0,$607.11,PayPal,Failed
T87212,,C465,Headphones,235.0,149.6728585498297,PayPal,
T87213,,C3991,Headphones,6.0,-635.7757534546719,pay pal,Failed
T87214,,C166,Laptop,681.0,966.9948557286776,PayPal ,Failed
T87215,,C1978,Coffee Machine,-8.0,,PayPal,
T87217,,C2388,Tablet,-10.0,,credit card,complete
T87218,,C890,Smartphone,-3.0,-185.74044367373915,PayPal,complete
T87219,,C3306,Laptop,7.0,,PayPal,Failed
T87220,,C4047,Tablet,-4.0,,PayPal,Failed
T87222,,C4328,Smartphone,807.0,,Cash,
T87223,,C418,Laptop,-1.0,-152.9810039580425,pay pal,
T87224,,C3597,T,570.0,-689.4232197752003,PayPal,Failed
T87225,,C3118,Coffee Machine,580.0,991.7489490074972,PayPal,complete
T87226,,C2410,Laptop,518.0,,PayPal,Failed
T87227,,C1976,Smartphone,333.0,277.1645850065994,credit card,completed
T87228,,C3305,Smartphone,-4.0,376.5928742729556,PayPal,Completed
T87230,,C1475,Smartphone,297.0,,Credit Card,
T87232,,,Headphones,-9.0,,Credit Card,Pending
T87234,,C4285,Smar,785.0,-376.88883909403467,Credit Card,Completed
T87236,,C418,Tablet,-2.0,803.4771311606357,PayPal ,completed
T87237,,C2343,Coffee Machine,-4.0,,PayPal,Completed
,,C3466,Coffee Machine,9.0,$-946.35,PayPal ,completed
T87240,,C3338,Smartphone,936.0,960.4589927242131,pay pal,completed
T87241,,C1683,Smartphone,-10.0,445.74635550286837,credit card,completed
T87246,,C3361,Smartphone,845.0,-943.3353160887038,PayPal ,complete
T87248,,C1222,Headphones,-5.0,$417.00,credit card,complete
T87249,,C2981,Smartphone,-10.0,-210.066697432988,Credit Card,
T87255,,C4730,Headphones,5.0,635.035196863042,Credit Card,
T87257,,C4386,Laptop,4.0,-647.7114147309135,PayPal,
T87258,,C3067,Smartphone,308.0,274.602003641947,PayPal,
T87259,,C4435,Coffee Machine,1.0,-433.505113672485,PayPal,Pending
T87260,,C522,Tablet,3.0,362.56597432675363,creditcard,Completed
T87263,,C1730,Tablet,944.0,-972.452651283015,Cash,Pending
,,C2235,Headphones,9.0,,PayPal,Completed
T87266,,C4987,Tablet,3.0,,pay pal,complete
T87269,,C2064,Headphones,899.0,165.0105951158541,pay pal,
T87270,,C513,Laptop,3.0,716.9861043826594,Credit Card,Pending
T87271,,C2411,Coffee Machine,9.0,,PayPal,
T87272,,C2613,Coffee Machine,459.0,-776.6363856881335,PayPal ,Completed
T87273,,C2253,Tablet,-8.0,-809.4503721313197,Credit Card,Pending
T87274,,C2087,Smartphone,1.0,,Cash,completed
T87278,,C3122,Coffee Machine,-5.0,902.4676757870519,creditcard,complete
T87279,,C1237,T,924.0,,credit card,complete
T87282,,C2459,Smartphone,-4.0,76.36221040072931,creditcard,Failed
T87283,,C1927,Coffee Machine,-1.0,596.4825424594596,pay pal,complete
T87285,,C2926,Coffee Machine,7.0,373.932153518461,Cash,completed
T87286,,C3040,Coffee Machine,7.0,-505.67158197853576,creditcard,
T87287,,C4856,Smartphone,9.0,,Cash,
T87289,,C4659,Tablet,-8.0,,Credit Card,Failed
T87290,,C2287,Tablet,1.0,,creditcard,Completed
T87291,,C3647,Table,5.0,973.6864497559745,PayPal ,Failed
T87292,,C4454,Headphones,630.0,,Cash,Pending
T87293,,C1318,Smartphone,2.0,-512.5294959331613,PayPal ,complete
T87294,,C2455,Laptop,740.0,,Cash,Failed
T87295,,C3915,Smartphone,2.0,,Credit Card,Completed
T87296,,C3429,Headphones,10.0,,Credit Card,Completed
T87297,,C334,Coffee Machine,101.0,267.6628599112121,Cash,Completed
T87298,,C4499,Smartphone,-7.0,187.5104809051422,Credit Card,Pending
,,C3206,Laptop,8.0,,creditcard,
T87301,,C3137,Tablet,324.0,832.5524123368695,Cash,Completed
T87302,,C4859,Smartphone,6.0,,Cash,complete
T87305,,,Laptop,-4.0,898.3608095322382,Credit Card,completed
T87310,,C4893,Tablet,1.0,,Cash,Failed
T87311,,C4983,Coffee Machine,-9.0,-441.37378181230645,Cash,complete
T87316,,C2589,Tablet,,,Credit Card,Pending
T87317,,C1018,Laptop,-8.0,674.3719303413906,PayPal,Pending
T87318,,C3333,Headphones,9.0,-403.3104243376274,pay pal,completed
T87319,,C4910,Smartphone,-4.0,,PayPal ,Completed
T87320,,,Smartphone,6.0,$-573.33,PayPal,Completed
T87321,,C4230,Laptop,-2.0,334.6287816642127,creditcard,completed
T87323,,C2230,Headphones,-10.0,58.40748344963428,PayPal ,Pending
T87325,,C3552,Coffee Machi,-5.0,,pay pal,Failed
T87327,,C1600,Tablet,-2.0,806.8385508990385,credit card,complete
T87329,,C3945,Tablet,5.0,130.12447796831032,pay pal,completed
T87330,,C3506,Lapt,-10.0,123.73280244518762,Cash,Pending
T87331,,C1361,Smartphone,6.0,,PayPal ,completed
T87332,,C1320,Tablet,-7.0,583.9405271934306,credit card,Completed
T87333,,C3206,Laptop,-5.0,,PayPal,Failed
T87334,,C502,Headphones,-7.0,845.7066273631804,PayPal ,Completed
T87335,,C1217,Headpho,934.0,-700.3555257695443,credit card,Pending
T87337,,C1753,Coffee Machine,-6.0,,pay pal,
T87338,,C2914,Laptop,827.0,,Credit Card,
T87340,,C2745,Smartphone,-10.0,$-391.85,credit card,Pending
T87341,,C827,Headphones,,$915.55,PayPal ,completed
T87342,,C2727,Smartphone,,821.3611618880595,credit card,
T87343,,C2783,Headphones,-8.0,,Credit Card,Completed
T87344,,C3255,Tablet,-9.0,103.30884346662364,PayPal ,Completed
T87345,,C2327,Tablet,659.0,$-555.85,credit card,Pending
T87346,,C1129,Tablet,,933.2143437280877,creditcard,
T87347,,C2040,Headp,6.0,,Credit Card,Completed
T87349,,C816,Smartphone,,$-978.43,credit card,Pending
T87350,,C272,Coffee Machine,968.0,,PayPal,Failed
T87351,,C4108,Headphones,-9.0,,pay pal,Pending
T87352,,C3428,Tablet,-10.0,-918.6481964450086,PayPal,complete
T87355,,C3994,Headphones,-4.0,$-623.34,pay pal,complete
T87357,,C162,Tablet,-2.0,,pay pal,Pending
T87358,,C1857,Smartphone,319.0,,Cash,complete
T87360,,C4328,Tablet,965.0,-615.2699058071744,pay pal,Pending
T87361,,C2640,Laptop,4.0,,Credit Card,complete
T87362,,C3469,Headphones,7.0,206.1071323736867,credit card,complete
T87365,,C3347,Laptop,-2.0,-147.15360632428929,Cash,complete
T87367,,C2986,Tablet,-3.0,-633.5002592075418,credit card,Completed
T87368,,C785,Laptop,-5.0,,pay pal,Pending
T87369,,C4386,Coffee Machine,391.0,837.9122554707772,creditcard,Completed
T87371,,C4581,Table,8.0,,PayPal,completed
T87373,,C3789,Laptop,-6.0,463.26615177053776,Cash,Pending
T87375,,C4058,Tablet,-1.0,,creditcard,Failed
,,C2434,Smartphone,-1.0,-219.85017730078448,PayPal ,complete
T87377,,C4872,Tablet,2.0,360.706111663271,credit card,Completed
T87379,,C2479,La,,-376.06036604630503,Credit Card,Failed
T87380,,C2768,Tabl,242.0,-467.11234201738444,pay pal,complete
T87382,,C4280,Laptop,1.0,457.1314776980447,Credit Card,
T87383,,C2576,Headphones,3.0,,PayPal ,complete
T87384,,C2589,Laptop,-3.0,-377.9351770187985,creditcard,completed
T87385,,C4454,Headphones,936.0,-286.41780544749395,pay pal,Pending
T87386,,C973,Coffee Machine,472.0,,creditcard,Failed
,,C268,Coffee Machine,-10.0,-223.06901828774846,credit card,Failed
,,C4947,Headphones,8.0,-980.7552677299778,creditcard,
T87389,,C661,Coffee Machine,2.0,198.4667242570349,Credit Card,Failed
T87390,,C1342,Coffee Machine,175.0,835.4887613278879,PayPal ,complete
T87392,,,Smartphone,-7.0,-435.6888476236684,creditcard,
T87394,,C3219,Coffee Machine,165.0,,PayPal ,Completed
T87395,,C1042,Smartphone,8.0,,credit card,
T87396,,C331,Tablet,5.0,-872.1833634701785,creditcard,completed
T87397,,C3975,Headphones,357.0,,credit card,
T87398,,C1577,Smartphone,8.0,866.1217745458351,PayPal ,Failed
T87399,,C1132,Tablet,3.0,-914.4332011992911,credit card,Failed
T87400,,C552,Laptop,-3.0,606.9187513401357,creditcard,complete
T87401,,C4906,H,562.0,410.79907244575867,credit card,Pending
T87402,,C1267,Smartphone,-3.0,,PayPal ,Pending
T87403,,C4152,Coffee Machine,4.0,-593.1223326633569,Cash,Completed
T87404,,C4822,H,760.0,943.6115751835722,credit card,Failed
T87405,,C276,Tablet,247.0,,Credit Card,Failed
T87406,,,Headphones,,,PayPal ,Pending
,,C3881,Coffee Machine,549.0,245.17437658384617,pay pal,Failed
T87410,,C422,Smartphone,403.0,,credit card,Failed
T87411,,C3899,Headphones,467.0,,Credit Card,
T87412,,C2377,Smartphone,146.0,,pay pal,complete
T87414,,C4417,Coffee Machine,-4.0,-446.69972017631176,Cash,complete
T87415,,C1988,Tablet,-10.0,-917.1257760270875,pay pal,
,,C2025,Headphones,-8.0,-808.547248913617,creditcard,Completed
T87418,,C1898,Coffee Machine,-3.0,,Credit Card,Failed
T87420,,C850,Laptop,511.0,289.1954901360508,pay pal,
T87421,,C3080,Coffee Machine,6.0,926.5535223936093,pay pal,
T87423,,C2393,Coffee Machine,-8.0,-470.6267990280802,pay pal,Pending
T87426,,C2075,Tablet,-3.0,702.7990241041149,PayPal ,
,,C1181,Headphones,4.0,,PayPal,
T87430,,C2331,Tablet,-8.0,,Cash,completed
,,C1905,Headphones,778.0,-800.6134445878558,pay pal,
T87433,,C1910,Coffee Machine,8.0,-57.65839882954401,PayPal,
T87434,,C2692,Coffee Machine,2.0,313.2038809963865,credit card,completed
T87435,,C4484,Tablet,2.0,,PayPal,
T87437,,C4111,Laptop,4.0,,Credit Card,complete
T87438,,C3892,Coffee Machine,977.0,,Credit Card,
T87439,,C322,Smartphone,6.0,780.2679430202822,PayPal ,Failed
T87440,,,Headphones,616.0,,Credit Card,completed
T87441,,C3813,Smartphone,3.0,-584.0217108135448,PayPal ,complete
,,C4742,Coffee,-1.0,-951.458267686607,Credit Card,Pending
T87443,,C4034,Headphones,-8.0,760.189412008694,pay pal,completed
T87445,,C053,Tablet,646.0,-118.60269883243359,PayPal ,Completed
T87446,,C4298,Headphones,-2.0,$-245.15,PayPal ,Pending
T87451,,C2007,Headphones,4.0,,PayPal ,
T87452,,C2309,Headphones,-8.0,,PayPal,completed
T87454,,C3348,Coffee Machine,360.0,500.32262111202675,PayPal ,Completed
T87455,,C1974,Coffee Machine,657.0,53.16322982081198,credit card,
T87456,,C092,Laptop,-2.0,-973.2087225683341,creditcard,complete
T87457,,C2667,Laptop,4.0,312.2833630351167,credit card,Completed
T87458,,C2520,Tablet,-7.0,$804.09,pay pal,completed
T87460,,C103,Laptop,222.0,-203.72528797879318,creditcard,Failed
T87461,,C852,Smartphone,4.0,,creditcard,Completed
T87463,,,Coffee Machine,504.0,-166.82990975239977,pay pal,Completed
T87464,,C2764,Coffee Machine,593.0,111.516456341449,PayPal,complete
T87465,,C2249,Laptop,637.0,,creditcard,Completed
T87466,,,Tablet,,,credit card,completed
T87468,,C1537,Tablet,10.0,828.8063735563575,PayPal ,Pending
T87469,,C762,Tablet,912.0,209.0484054957358,credit card,completed
T87470,,C2877,Smartphone,346.0,,PayPal ,Failed
T87473,,C1066,Coffee Machine,-4.0,907.6572198846103,credit card,
T87474,,C1157,Coffee Machine,167.0,-190.39920835871476,PayPal ,complete
T87476,,C3451,Laptop,1.0,336.36214628017444,credit card,Pending
T87477,,C1422,Coffee Machine,-5.0,$-786.82,PayPal ,complete
T87479,,C1759,Coffee Machine,6.0,587.267180577699,PayPal,Failed
T87481,,C4645,Coffee Machine,5.0,-152.55887238570938,Credit Card,complete
T87482,,C2893,Laptop,229.0,568.0983597028887,creditcard,
T87483,,C3557,Headphones,,-90.36520087380859,Cash,Pending
T87487,,C4952,Tablet,,,pay pal,Pending
T87489,,C417,Laptop,568.0,361.8528176648717,creditcard,
T87490,,C1589,Laptop,-8.0,-360.26012474495496,creditcard,Completed
T9771,,C1076,Laptop,-7.0,-382.6520416564143,credit card,completed
T87492,,C2045,S,,$689.62,creditcard,Failed
T87493,,C2216,Headphones,2.0,934.6746328584363,credit card,completed
,,C4303,Tablet,734.0,,Cash,Completed
T87495,,C4931,Tablet,496.0,,pay pal,
T87498,,,Laptop,9.0,,pay pal,Completed
T87500,,,Headphones,223.0,-880.2787746151471,credit card,complete
T87501,,C2406,Smart,7.0,228.9209343328294,Credit Card,completed
T87504,,,Headphones,293.0,,pay pal,
T87505,,C2583,Smartphone,357.0,,credit card,Pending
T87506,,C3285,Coffee Machine,8.0,392.6613161154189,creditcard,completed
T87507,,C2490,L,894.0,,Credit Card,Pending
T87509,,C349,Tablet,-8.0,-175.87832809770032,Cash,Failed
T87510,,C1994,Headphon,1.0,457.04407970869596,PayPal,Failed
T87511,,,Coffee Machine,4.0,,PayPal ,complete
T87513,,C1353,Tablet,5.0,,creditcard,completed
T87514,,,Coffee Machine,9.0,-147.84687858917755,PayPal ,completed
T87515,,C1929,Headphones,685.0,,PayPal ,
T87517,,C1670,Headphones,8.0,,credit card,
T87522,,C575,Laptop,-8.0,,PayPal,Completed
T87523,,C1503,Headphones,752.0,291.7417031508625,credit card,Completed
T87524,,C163,Headphones,902.0,-298.65410839678395,Credit Card,Pending
T87525,,C4987,Coffee Machine,-7.0,,Credit Card,Failed
T87527,,C3325,Headphones,-1.0,,credit card,Completed
T87528,,C884,Coffee Machine,944.0,,credit card,
T87529,,C3254,Tablet,-8.0,-734.9904549083603,Cash,completed
T87530,,C4019,Laptop,808.0,-849.2594920833493,pay pal,Pending
T87534,,C3237,Tablet,4.0,-814.5484624200799,PayPal,complete
T87535,,,Headphones,460.0,71.51582921625237,Credit Card,Failed
T87536,,C2268,Smartphone,-7.0,-886.5654149568888,pay pal,complete
T87538,,C2676,Tablet,-4.0,169.96219460987834,pay pal,completed
T87540,,C2111,Smartphone,-3.0,,Credit Card,completed
T87541,,C4033,Tablet,4.0,,Cash,Failed
T87542,,C3251,Tablet,-7.0,-221.99186421209947,PayPal ,complete
T87543,,C1706,Coffee Machine,485.0,252.2789642686937,credit card,Completed
T87544,,C661,Smartphone,,-145.8043792512899,PayPal,complete
T87545,,,Coffee Machine,-8.0,-715.0041192596968,Cash,Completed
T87546,,C332,Laptop,561.0,,credit card,completed
T87547,,C4029,Tablet,253.0,-287.02192068959266,pay pal,Completed
T87548,,C1837,Tablet,-5.0,,Credit Card,Failed
T87549,,C3775,Coffee Machine,777.0,$585.92,pay pal,Completed
T87550,,C3465,Tablet,-8.0,,Credit Card,
T87551,,C237,Coffee Machine,-9.0,,Cash,Completed
T87554,,C750,Lap,,420.0411917215505,pay pal,Failed
T87555,,C3631,Headphones,-6.0,-370.5094998650717,Cash,completed
T87556,,C2489,Headphones,1.0,,PayPal,complete
T87557,,C1584,Tablet,428.0,,Cash,Completed
T87559,,C4792,Headphones,424.0,-289.17003854461564,PayPal,complete
T87560,,C3583,Headphones,378.0,-538.5972126207328,PayPal,complete
T87562,,C3187,Laptop,-7.0,-775.1211197394881,Cash,
T87565,,C2190,Headphones,4.0,$-693.99,PayPal ,
T87566,,C595,Headphones,432.0,,pay pal,Pending
T87567,,C4625,Smartphone,,-319.59828443214064,creditcard,Failed
T87568,,C420,Tablet,3.0,-155.3154724964346,credit card,Pending
T87569,,C1152,Headphones,-1.0,-143.68880683687667,PayPal,completed
T87571,,C2278,Laptop,-8.0,,credit card,completed
T87572,,C2375,Laptop,305.0,-197.92486885849507,PayPal ,Failed
T87574,,C3309,Coffee Machine,-9.0,551.0614741648194,PayPal ,complete
T87575,,C1832,Headphones,-4.0,562.7200360879299,Cash,Completed
T87576,,C167,Laptop,3.0,,pay pal,completed
T87577,,C1632,Headphones,425.0,,credit card,complete
T87578,,C587,Headphones,4.0,559.7095286735063,PayPal ,Pending
T87579,,C3553,Laptop,5.0,859.0885899833922,Credit Card,
T87580,,C739,Headphones,4.0,238.83091578514012,Cash,Pending
T87581,,C2749,Tablet,236.0,$-233.97,PayPal,complete
T87582,,C4844,Laptop,378.0,-480.00728519499796,credit card,Failed
T87583,,C1775,Smartphone,-7.0,,PayPal ,Failed
T87584,,C2957,Tablet,377.0,-948.6040601150994,creditcard,Completed
T87586,,C378,Coffee Machine,-10.0,807.7132796402803,credit card,Completed
T87587,,C3079,Headphones,-10.0,-383.95484021377797,creditcard,Failed
T87588,,C1472,Coffee Machine,9.0,,pay pal,Failed
T87589,,C999,Tablet,696.0,802.8332360660089,credit card,completed
T87591,,C3787,Coffee Machine,-5.0,346.0840156068752,PayPal,completed
T87592,,C2851,Tabl,-8.0,-874.0862857263727,pay pal,completed
T87595,,C2931,Smartphone,-5.0,$493.36,creditcard,Pending
T87596,,C2214,Tablet,1.0,$661.29,credit card,Completed
T87598,,,Headphones,10.0,,Credit Card,completed
T87599,,C4780,Ta,284.0,-289.6341299007131,creditcard,Completed
T87600,,C283,Coffee Machine,830.0,-682.4860930891523,Cash,
T87601,,C3627,Smartphone,-10.0,,pay pal,completed
T87604,,C947,Laptop,-3.0,-94.68737088497869,credit card,Completed
T87605,,C1411,Coffee Machine,-7.0,-414.9054403480036,pay pal,Failed
T87606,,C4527,Laptop,-5.0,269.2525589447574,Credit Card,complete
T87607,,C533,Tablet,8.0,,credit card,
T87610,,C810,Headphones,8.0,,credit card,Failed
T87611,,C821,Laptop,-1.0,,Credit Card,Pending
T87612,,C2069,La,7.0,-605.9885408094785,Credit Card,completed
T87613,,C2837,Coffee Machine,414.0,224.77954449583672,PayPal,Pending
,,C4858,Headphones,3.0,253.63878601760484,Credit Card,complete
T87615,,C4561,Headphones,-1.0,-634.8273256266766,credit card,Failed
,,C1092,Coffee Machine,-7.0,698.1543302485649,credit card,
T87618,,C2944,Tablet,583.0,,credit card,Completed
T87620,,,Headphones,-7.0,736.0349539036309,credit card,completed
T87621,,,Laptop,874.0,,PayPal,Failed
T87624,,C4615,Coffee Machine,321.0,687.5927121512331,creditcard,Failed
T87626,,C347,Coffee Machine,2.0,,pay pal,Pending
T87627,,C2945,Laptop,10.0,,Cash,
T87628,,C1118,Tablet,-10.0,-691.1336790184571,Cash,
T87629,,C3765,Tablet,4.0,850.9186228474881,Cash,Failed
T87630,,C3097,Coffee Machine,-1.0,,credit card,Failed
T15710,,C4954,Coffee Machine,2.0,,creditcard,complete
T87634,,,Laptop,245.0,,creditcard,
T87636,,C3312,Coffee Machine,5.0,,credit card,complete
T87637,,C4993,Lapto,-7.0,670.497846938777,credit card,Completed
T87638,,C239,Coffee Machine,,-380.45679629021936,Credit Card,completed
T87642,,C665,Coffee Machine,-6.0,,PayPal ,
T87643,,C2181,Laptop,-9.0,-251.61659904942303,PayPal ,
,,,Laptop,571.0,-900.9246380439322,creditcard,complete
T87645,,C203,Coffee Machine,340.0,,Credit Card,completed
T87646,,C1328,Tablet,10.0,,pay pal,completed
T87650,,C639,Coffee Machine,6.0,-723.2237642183552,PayPal ,
T87651,,C2467,Headphones,286.0,-963.6739902901378,Cash,completed
T87652,,C2335,Smartphone,355.0,538.8332364067633,credit card,complete
T87653,,C513,Smartph,144.0,,creditcard,complete
T87655,,C918,Coffee Machine,-3.0,376.6749328825512,pay pal,
T87658,,C2307,Smartphone,-2.0,-914.1733055166849,PayPal ,complete
T87660,,C1157,Smartphone,-5.0,845.7029513380891,pay pal,complete
T87662,,C1377,Headphones,833.0,-667.2843550322247,creditcard,Failed
T87663,,C465,Headphones,-6.0,-167.2302359338903,PayPal ,complete
T87664,,C221,Smartphone,-7.0,,PayPal,Failed
T87666,,C4959,Smartphone,7.0,,creditcard,Completed
T87667,,C2715,Laptop,520.0,474.2370784633446,credit card,complete
T87670,,C1061,Coffee Machine,2.0,549.8837195203437,Credit Card,complete
T87671,,C2204,Tablet,4.0,,creditcard,Pending
T87672,,C4030,Headphones,129.0,844.6170764252837,creditcard,Pending
T87674,,C1251,Smartphone,6.0,-511.1615358292659,credit card,
T87675,,C2041,Tablet,992.0,-612.7974058425136,PayPal ,Pending
T87676,,C3119,Smartphone,403.0,-808.3668197371783,Credit Card,Completed
T87678,,C1289,Coffee Machine,678.0,-118.24404468285627,pay pal,
T87679,,C1391,Headphones,-6.0,,credit card,Completed
T87681,,C4608,Sma,-9.0,$-391.05,Cash,completed
T87682,,C1633,Smartphone,3.0,881.8606656620881,PayPal,
T87683,,C584,Laptop,259.0,,creditcard,
T87686,,C2222,Laptop,-1.0,,Cash,Failed
T87687,,C3836,Headphones,-1.0,761.5318829154248,credit card,Failed
T87688,,C050,Tablet,501.0,189.37672895994697,PayPal,complete
T87689,,C831,Coffee Machine,-1.0,$-394.03,creditcard,
T87690,,C4574,Laptop,-7.0,,PayPal,Pending
T87691,,C935,Laptop,8.0,911.8854344807197,PayPal,Completed
T87692,,C3130,Headphones,4.0,698.5467881132948,creditcard,completed
T87693,,C2621,Tablet,987.0,,Cash,Completed
T87695,,C686,Smartphone,6.0,-383.94892807910674,credit card,Failed
T87696,,C900,Smartphone,819.0,$-156.76,PayPal ,Completed
T87697,,C1061,Laptop,268.0,921.3542155477033,creditcard,complete
T87698,,,Laptop,608.0,870.2509183046221,Cash,complete
T87700,,C2130,Tablet,-6.0,,PayPal,Pending
T87702,,C994,Headpho,717.0,-267.7461596747114,Credit Card,Pending
T87703,,C502,Coffee Machine,-3.0,,Credit Card,Pending
T87704,,,Smartphone,654.0,,Credit Card,completed
T87705,,C171,Smartphone,2.0,-909.2337078992665,credit card,
T87706,,C2732,Smartphone,-5.0,-972.8900828129589,PayPal ,
T87707,,C286,Smartp,-4.0,752.7033639214048,PayPal,complete
T87709,,C079,Tablet,753.0,100.38054958006464,Cash,Pending
T87710,,C1129,Coffee Machine,360.0,-392.4348791694397,creditcard,Pending
T87711,,C2435,Headphones,-6.0,-295.4946601535513,PayPal ,complete
T87714,,C2197,Tablet,10.0,695.6222617353475,Cash,
T87716,,C4362,Headphones,529.0,,Credit Card,
T87717,,C3812,Smartphone,10.0,,Cash,completed
T87718,,C703,Smartphone,4.0,219.59887437326498,creditcard,Failed
T87719,,C714,Headphone,4.0,780.9770482380609,credit card,Pending
T87720,,C2417,Smartphone,1.0,262.18472485075165,creditcard,Failed
T87721,,C3604,Tablet,980.0,,Credit Card,complete
T87722,,C450,Headphones,5.0,-808.8836944731647,PayPal ,completed
T87723,,C1951,Smartphone,-10.0,973.2879866745332,Cash,completed
T87726,,C924,Tablet,4.0,287.13507792313,Credit Card,Pending
T87728,,C3579,Tablet,873.0,,credit card,Pending
T87729,,C141,Laptop,955.0,-528.4430413698728,PayPal ,Completed
T87735,,C4882,Headphones,584.0,-833.5013057150111,pay pal,Failed
T87736,,C4922,Tablet,-10.0,-611.8188131275538,PayPal ,completed
T87738,,C4330,Tablet,-3.0,-580.083991776753,PayPal ,
T87739,,C2380,Tablet,4.0,963.8636071420285,Cash,Completed
T87740,,C788,Tablet,-1.0,172.95990381873807,PayPal,complete
,,C2493,Tablet,10.0,566.5417405916818,Credit Card,completed
T87743,,C716,Smartphone,2.0,-579.6684386113302,creditcard,Completed
T87744,,C3937,Laptop,518.0,,creditcard,
T87745,,C3208,Laptop,1.0,-839.8668972674246,Cash,Pending
T87746,,C815,Laptop,447.0,,Credit Card,completed
T87747,,C501,Smartphone,1.0,,PayPal,completed
T87748,,C1516,Laptop,5.0,-940.1086603131182,PayPal ,Pending
T87750,,C858,Coffee Machine,8.0,$572.68,PayPal ,Failed
,,C4156,Laptop,-7.0,,PayPal ,completed
T87753,,C2132,Tablet,839.0,$-638.81,Credit Card,Pending
T87754,,C1265,Coffee Machine,7.0,694.8348847602113,pay pal,complete
T87755,,C4571,Headphones,7.0,-721.6486879022273,credit card,
T87757,,C1159,Smartphone,5.0,792.2267253968334,PayPal,complete
T87761,,C336,Smartphone,8.0,,Cash,Pending
T87762,,C2298,Coffee Machine,2.0,804.438828201957,PayPal ,complete
T87765,,C1395,Smartpho,502.0,380.09713298785994,PayPal ,Completed
T87766,,C971,Smartphone,543.0,914.6105478315734,Credit Card,complete
,,C2368,Coffee Machine,,-175.56498075889317,credit card,completed
T87769,,C2542,Smartphone,374.0,,PayPal ,Completed
T87770,,C1238,Headphones,-2.0,,pay pal,completed
T87771,,,Coffee Machine,9.0,,creditcard,Completed
T87773,,C1629,Headphones,103.0,-596.9022850604499,pay pal,complete
T87774,,C3363,Sm,8.0,886.1151034430362,creditcard,Completed
T87775,,C3444,Smartphone,135.0,,PayPal ,complete
T87778,,C3595,Smartphone,-10.0,,PayPal,Pending
T87780,,,Tablet,,,pay pal,completed
T87782,,C380,Coffee Machine,585.0,364.7286221206894,creditcard,completed
T87784,,C3497,Smartphone,896.0,,creditcard,Completed
T87785,,C1732,Smartphone,7.0,,Credit Card,
T87786,,C109,Laptop,8.0,-472.5253883003661,PayPal,Failed
T84555,,C3025,Tablet,-3.0,,PayPal,Pending
T87790,,C1170,Coffee Machine,-6.0,$-325.61,pay pal,completed
T87792,,C1706,Coffee Machine,402.0,,Credit Card,Failed
T87793,,,Coffee Machine,-8.0,485.66973783367246,pay pal,
T87794,,C4603,Headphones,-4.0,840.8399882439165,pay pal,Pending
T87795,,C4349,Laptop,-5.0,-65.97917520145836,Cash,
T87797,,C3679,Coffee Machine,5.0,711.6652439105218,PayPal,completed
T87799,,C2984,Coffee Machine,120.0,-484.23345283346373,pay pal,Completed
T87800,,C2783,Headphones,10.0,,creditcard,completed
T87801,,,Laptop,6.0,338.5553565294789,Cash,
T87802,,C3110,Laptop,1.0,-932.7827937330596,credit card,Pending
T87803,,C2538,Headphones,-5.0,-976.8965685133684,PayPal ,completed
T87804,,,Laptop,869.0,,Cash,Completed
T87806,,C2919,Headphones,,,credit card,complete
T87807,,C3737,Headphones,-6.0,-247.99163361635487,Cash,
T87809,,C4004,Headphones,559.0,-537.6413590335881,PayPal ,Completed
T87810,,C119,Coffee Machine,-10.0,,Cash,Pending
T87811,,C1099,Laptop,7.0,,creditcard,Pending
T87814,,,Laptop,256.0,-875.4017458793485,PayPal ,completed
T87815,,C3714,C,164.0,,Credit Card,Failed
T87816,,C4788,Tablet,804.0,,PayPal ,
T87817,,C4490,Tablet,1.0,-327.9266687152484,PayPal,complete
T87819,,C534,Laptop,-3.0,,Cash,Pending
T87820,,C2951,Headphon,2.0,-128.7967726610799,credit card,
T87822,,C2340,Tablet,-9.0,,creditcard,
T87823,,C4267,Laptop,779.0,120.31365150298504,PayPal ,completed
T87825,,C4399,Coffee Machine,-5.0,-202.8345426126814,PayPal,Completed
T87826,,C254,Laptop,2.0,,Cash,complete
T87827,,C4406,Smartphone,,559.3860821005751,PayPal,complete
T87828,,,Tablet,780.0,-571.3281300639748,pay pal,completed
T87831,,C3419,Laptop,-9.0,,PayPal,Failed
T87832,,C130,Tablet,-8.0,-706.926102742417,PayPal,Completed
T87833,,C4546,Headphones,994.0,232.60981889822028,Cash,
T87835,,C1611,Laptop,-3.0,-526.4835063308747,PayPal ,
T87836,,C2717,Smartphone,-3.0,918.0218509906178,Cash,complete
T87837,,C664,Headphones,8.0,814.5681911832005,pay pal,complete
T87838,,C4586,Smartphone,-9.0,,Cash,Failed
,,C723,Headphones,-5.0,483.4044284628007,pay pal,completed
T87840,,C680,Coffee Machine,587.0,,creditcard,Completed
T87841,,C4237,Smartp,-10.0,111.2103549728471,PayPal ,Pending
T87843,,C1237,Smartphone,997.0,789.5683822318758,PayPal ,Failed
T87845,,C2972,Laptop,394.0,,pay pal,Pending
T87846,,C918,Tablet,-7.0,,Cash,Completed
T87847,,C301,Smartphone,2.0,,Credit Card,Pending
T87850,,C2527,Headphones,-10.0,981.6259294955332,Credit Card,Pending
T87851,,C2607,Lapto,982.0,239.90957856085805,Credit Card,Pending
T87852,,C4447,Tablet,402.0,-490.1467560184,Credit Card,
T87854,,C3721,Headphones,647.0,,credit card,Pending
T87855,,C1306,Headphones,725.0,$-987.98,PayPal,complete
T87856,,C4512,Coffee Machine,-1.0,$-317.81,credit card,completed
T87858,,C2467,Tablet,1.0,986.7552940385194,PayPal,Failed
T87859,,C166,Coffee Machine,-2.0,,pay pal,Completed
T87860,,C1148,Tablet,10.0,743.7857494896485,credit card,completed
T87861,,C2893,Laptop,130.0,-754.6036183953926,PayPal ,Failed
T87862,,C863,Smartphone,-4.0,-629.9725413193055,PayPal,Failed
T87863,,C1405,Tablet,10.0,384.12519766731026,PayPal ,Failed
T87864,,C4046,Coffee Machine,7.0,533.9275849216066,pay pal,Failed
T87865,,C3681,Smartphone,1.0,-448.85578798584675,credit card,Pending
T87868,,C1436,Laptop,10.0,-146.55058454602806,creditcard,Pending
T87869,,C3914,Headphones,-9.0,,pay pal,Completed
T87871,,C1074,Coffee Machine,-5.0,152.37559711052626,Credit Card,Completed
T87872,,C1386,Smartphone,2.0,171.61242092645386,PayPal,Pending
T87873,,C3467,Coffee Machine,884.0,,PayPal ,complete
T87874,,C1837,Laptop,9.0,675.441611322485,credit card,completed
T87875,,C1798,Laptop,837.0,-749.8778810458422,credit card,completed
T87876,,C3794,Headphones,3.0,-160.6057366572528,pay pal,completed
T87877,,C515,Smartphone,456.0,,PayPal,Failed
T87878,,C4609,Headphones,251.0,,PayPal,
T87879,,C730,Smartphone,340.0,-386.2191983902578,Credit Card,Pending
T87880,,C753,Headphones,-8.0,,pay pal,
T87882,,C055,Laptop,-2.0,,credit card,Failed
T87883,,C4771,Coffee Machine,-5.0,512.4816433420333,Credit Card,Failed
T87884,,C930,Headphones,-6.0,,creditcard,completed
T87886,,C667,Coffee Machine,655.0,-993.4383756248819,credit card,Pending
,,C871,Tablet,2.0,-660.1458415443508,creditcard,completed
T87891,,C1508,Tablet,-4.0,306.3854901975687,Credit Card,completed
T87893,,C3186,Lap,962.0,239.85568671578412,Cash,Pending
T87894,,C3133,He,8.0,$591.81,pay pal,complete
T87895,,C2999,Tablet,717.0,,Cash,Completed
T87897,,C3154,Tablet,537.0,,Credit Card,
T87900,,C1244,Laptop,-3.0,,creditcard,complete
T87901,,C2151,Tablet,-10.0,854.1240309843381,creditcard,completed
T87904,,C2669,Coffee Machine,-2.0,476.48624173899935,PayPal ,Completed
T87907,,C4809,Smartphone,10.0,-347.62614829694087,pay pal,Failed
T87908,,C906,Tablet,595.0,,pay pal,Failed
T87909,,C700,Smartphone,686.0,936.0341172206544,PayPal,Completed
T87910,,C048,Tablet,833.0,-275.71042094600125,Credit Card,Failed
T87913,,C2687,Smartphone,546.0,,Cash,
T87914,,C1656,Smartphone,-9.0,,Cash,Failed
T87915,,C4990,Headphones,-1.0,-829.3092830738462,PayPal ,Pending
T87916,,C264,Smartphone,-3.0,297.02595230337175,PayPal,Pending
T87918,,C4170,Tablet,6.0,$-954.67,pay pal,Pending
T87919,,C3387,Headphones,703.0,157.998575987849,PayPal ,Failed
T87920,,C360,Laptop,-9.0,$-171.53,Cash,Completed
T26142,,C910,Smartphon,-3.0,,PayPal,
T87923,,C332,Coffee Machine,7.0,,Cash,Completed
T87926,,C253,Smartphone,-7.0,,PayPal ,Pending
T87927,,C544,Laptop,1.0,182.33203049156637,credit card,Pending
T87928,,C003,Smartphone,-2.0,-193.82709483806354,pay pal,Failed
T87929,,C1381,Tablet,-1.0,710.0810727539257,PayPal,complete
T87931,,C653,Smartphone,-8.0,,PayPal,Completed
T87932,,C616,Headphones,8.0,299.4257898290779,PayPal,Failed
T87933,,C153,Tablet,10.0,-900.577300142452,Credit Card,Completed
T87934,,C2570,Smartphone,-9.0,,creditcard,
T87935,,C2717,Coffee Machine,-9.0,603.4207822081731,PayPal,Failed
T87937,,C2580,Tablet,8.0,537.0947120654419,pay pal,
T87938,,C054,Headphones,-7.0,-728.9163860758032,pay pal,
T87939,,C2922,Coffee Machine,-7.0,-673.4318022505538,PayPal,complete
T87945,,C4769,Tablet,9.0,914.306866114153,creditcard,Pending
T87946,,C1651,Tablet,168.0,-938.5089873954821,Cash,complete
T87947,,C3010,Tablet,-6.0,$508.56,pay pal,Completed
T87949,,C3540,Tablet,872.0,,PayPal ,Pending
T87950,,,Tablet,7.0,-163.18156406127548,Cash,completed
T87953,,C4954,Tablet,-9.0,$-498.43,pay pal,complete
T87955,,C4141,Tablet,,-582.9646534026028,Cash,
T87957,,C1210,Smartphone,1.0,,PayPal,
T87958,,C2087,Laptop,388.0,-773.6882883771016,credit card,
T87960,,C2835,Coffee Machine,-2.0,,creditcard,Pending
T87964,,C1565,Smartphone,226.0,,Credit Card,
T87965,,C077,Smartphone,-10.0,,PayPal,completed
,,,Headphones,7.0,,Credit Card,completed
T87968,,C1870,Tablet,4.0,,Credit Card,Pending
T87970,,C3985,Coffee Machine,997.0,720.3281986182162,PayPal,completed
T87971,,C4428,Laptop,-7.0,231.81989814825982,creditcard,completed
T87972,,C1653,Tablet,2.0,884.3103571944404,Credit Card,Pending
T87973,,C907,Laptop,-6.0,-471.5059833687875,credit card,completed
T87974,,C215,Smartphone,,,credit card,completed
T87975,,C1086,Coffee Machine,-6.0,249.43934496095773,credit card,Pending
T87976,,C2373,Smartphone,-7.0,,Cash,Failed
T87977,,C4399,Tablet,9.0,,PayPal,complete
T87978,,C4886,Coffee Machine,456.0,-881.626691972003,PayPal,completed
T87979,,C3989,Tablet,-7.0,-635.8149686030965,pay pal,Pending
T87980,,C3405,Smartphone,796.0,612.0887844740149,PayPal ,Failed
T87981,,C4247,Tablet,535.0,,PayPal,Pending
T87982,,C1319,He,6.0,-131.26238447096705,Cash,Failed
,,C1378,Coffee Machine,-9.0,,credit card,
T87987,,C4493,Tablet,-8.0,,Cash,Pending
T87989,,C2748,Headphone,266.0,,creditcard,Failed
T87990,,C1462,Laptop,982.0,613.5985435050626,pay pal,completed
T87991,,,Headphones,-3.0,,Credit Card,complete
T87994,,C4934,Laptop,176.0,-389.8205756815322,PayPal ,
T87997,,C093,Coffee Machine,,-158.51393337284242,PayPal ,complete
T87999,,C4988,Coffee Machine,8.0,,credit card,completed
T88000,,C1945,Laptop,898.0,,pay pal,Completed
T88001,,C2275,Smartphone,-3.0,257.9606629557436,Cash,Pending
T88002,,C2691,Tablet,5.0,186.56829893609532,pay pal,Failed
T88003,,C4488,Tablet,138.0,,Cash,
T88004,,C3304,Headphones,-1.0,$-225.97,credit card,complete
T88008,,C1159,Tablet,7.0,163.37133776254518,PayPal ,completed
T88009,,C3810,Tablet,-3.0,153.2878643466563,pay pal,
T88010,,,Laptop,-4.0,883.3175637001644,Credit Card,Completed
T88012,,C3475,Laptop,603.0,,credit card,Completed
T88016,,C3727,Tablet,967.0,,PayPal,Completed
,,,Laptop,2.0,-654.5495440944723,PayPal,complete
T88020,,C2146,Coffee Machine,,-409.1915582476894,Credit Card,Failed
T88021,,C3043,Laptop,3.0,273.8006092679136,Cash,
,,C933,Headphones,-10.0,257.268261794903,pay pal,Pending
T88023,,C2009,Laptop,-3.0,,pay pal,
T88024,,C3302,Tablet,4.0,-542.4546022414357,creditcard,Failed
T88026,,C261,Headphones,351.0,385.85853473762916,credit card,completed
T88028,,C757,Headphones,6.0,650.8363433046638,Credit Card,
T88031,,C4166,La,-6.0,,Cash,complete
T10948,,C1218,Coffee Machine,2.0,,Cash,completed
T88033,,C4994,Coffee Machine,299.0,,PayPal ,complete
T88034,,C4946,Coffee Machine,-10.0,-227.22739456382226,pay pal,
T88036,,C436,Laptop,-8.0,,Cash,
T88037,,C1681,Smartphone,-4.0,,credit card,Pending
T88038,,C1011,Headphones,-5.0,388.2219106429718,Cash,completed
T88039,,C2765,Coffee Machine,-4.0,477.5002306953398,creditcard,complete
T88041,,C768,Coffee Machine,,,creditcard,Pending
T88042,,C4157,Laptop,-7.0,,Cash,Failed
T88043,,C1271,Headphones,738.0,,creditcard,complete
T88045,,C3706,Tablet,-9.0,,creditcard,Failed
T88048,,C4024,H,4.0,-979.2286581834068,Credit Card,
T88050,,C4704,Tablet,3.0,737.3979530094788,credit card,Failed
T88051,,C4058,Smartphone,-1.0,-774.112925029925,creditcard,completed
T88052,,C2452,Tablet,-5.0,-137.522886899455,Credit Card,Failed
T88054,,C153,Coffee Machine,311.0,,PayPal ,completed
T88055,,C2061,Smartphone,,989.7385939875275,pay pal,Pending
T88057,,C4114,Headphones,835.0,,PayPal ,Failed
T88058,,C1583,Coffee Machine,569.0,,credit card,complete
T83165,,C4004,Tablet,948.0,601.4099623635852,PayPal ,completed
T88060,,C4964,Headphones,-5.0,277.97517364914074,PayPal,completed
T88061,,C1331,Tablet,414.0,-755.009960221927,PayPal ,Failed
T88062,,C1403,Laptop,-9.0,,Cash,complete
T88063,,C1029,Smartphone,728.0,677.5042919263307,Cash,
T88064,,C4701,Laptop,-2.0,,pay pal,completed
T88065,,C079,Coffee Machine,883.0,-591.6321953616075,pay pal,complete
T88066,,C926,Tablet,1.0,-647.0715118575389,PayPal,completed
T88067,,C730,Headphones,-10.0,214.35387614415876,Cash,completed
T88068,,C2878,Smartphone,2.0,-922.1158759274549,credit card,Pending
T88069,,C1636,Laptop,,$747.53,credit card,Pending
T88070,,C3932,Tablet,8.0,,creditcard,Completed
T88072,,C1105,Tablet,1.0,-439.5203172715429,creditcard,Failed
T88073,,C2944,Coffee Machine,-8.0,741.9566778474486,credit card,
T88074,,C666,Headphones,2.0,,credit card,Pending
T88075,,C4753,Laptop,990.0,-90.38935334495409,PayPal ,Pending
T88076,,C041,Smartphone,9.0,-388.34101453839105,Cash,Pending
T88077,,C587,Tablet,2.0,,PayPal ,
T88079,,C4965,Laptop,2.0,,PayPal ,
T88081,,C724,Smartph,9.0,253.3687784523111,PayPal,completed
T88082,,C1400,Headphones,773.0,-155.51990014860178,Cash,complete
T88083,,C4616,Tablet,10.0,,PayPal ,Failed
T88084,,C2932,Tablet,5.0,107.76897208770683,credit card,Completed
T88085,,C1696,Tablet,-10.0,-254.95283089166173,Credit Card,Completed
T88086,,C1236,Headphones,-9.0,-479.7596179435815,credit card,Failed
T88087,,C2495,Smartphone,1.0,775.417394144675,Credit Card,
T88089,,C1539,Tablet,-6.0,525.2785404489493,credit card,Completed
T88091,,C496,Smartphone,-8.0,655.0037086932124,pay pal,completed
T88094,,C3294,Tablet,4.0,980.149747560263,Cash,complete
T88096,,C3846,Smartphone,-6.0,292.8644220613178,Cash,completed
T88097,,C550,Tablet,293.0,-302.86755137759997,creditcard,complete
T88098,,C1209,Coffee Machine,-9.0,-718.9664456374094,Cash,Completed
T88100,,C3906,Headphones,-6.0,,Credit Card,Completed
T88102,,C160,Headphones,5.0,,Credit Card,
T88103,,C1620,Headphones,738.0,752.1094517756235,creditcard,complete
T88104,,C2990,Smartphone,6.0,-897.8282611648631,creditcard,Completed
T88107,,C1227,Headphones,382.0,,creditcard,Pending
T88108,,C1196,Coffee Machine,-3.0,-942.6564792429583,PayPal ,Completed
,,C2138,Laptop,10.0,-538.9680339226727,Cash,Failed
T88112,,C1400,Tablet,-3.0,-117.06030555125415,Cash,complete
T88114,,C1608,Laptop,860.0,$967.22,pay pal,completed
T88115,,C294,Tablet,427.0,-377.85927311018224,Cash,Completed
T88116,,C4833,Coffee Machine,-1.0,,PayPal,
,,C1006,Coff,-5.0,,PayPal,complete
T88118,,C4398,Tablet,6.0,-96.72057296085427,creditcard,completed
T88119,,C3337,Tablet,3.0,,PayPal ,Completed
T88120,,C1447,Coffee Machine,10.0,-884.3911318762649,PayPal ,
T88122,,C3550,Coffe,488.0,219.54874533220058,pay pal,
T88125,,C946,Tablet,9.0,,credit card,Completed
T88127,,C4361,Headphones,774.0,,Credit Card,Failed
T88129,,C4133,Headphones,,389.6673992552697,Cash,complete
T88132,,C4940,Headphones,469.0,566.6093280149286,creditcard,Completed
T88134,,C1945,Coffee Machine,,-731.925886183086,PayPal,completed
T88136,,C1197,Headphones,961.0,-436.97686640019094,Cash,Completed
T88137,,C607,Laptop,8.0,,creditcard,Pending
T88138,,C3922,Headphones,-8.0,,Cash,complete
,,C1196,Smartphone,9.0,-725.1357067952049,credit card,Completed
T88140,,C2492,Headphones,974.0,-595.2208551764643,Cash,completed
T88142,,C1195,Headphones,-8.0,-230.8543660593084,PayPal ,Completed
T88143,,C2886,Laptop,424.0,$242.92,PayPal,Pending
T88144,,C2939,Laptop,4.0,,creditcard,completed
T88145,,C496,Coffee Machine,,$643.55,pay pal,completed
T88146,,C2774,Laptop,-1.0,,pay pal,completed
T88147,,C4200,Laptop,489.0,,PayPal ,Completed
T88148,,C3468,Smartphone,1.0,,PayPal,
T88149,,C3934,Laptop,2.0,-969.7287354791735,pay pal,completed
,,C4244,Headphones,7.0,-463.2765141718677,PayPal ,Failed
T88154,,C763,Smartphone,1.0,-223.91566039784232,PayPal ,completed
T88155,,C2843,Laptop,-1.0,,credit card,Completed
T88156,,C2552,Coffee Machine,445.0,451.8921453373329,credit card,
T88157,,C1549,Laptop,3.0,,pay pal,Completed
T88159,,C4279,Headphones,2.0,,PayPal ,completed
T88160,,C2895,Smartphone,382.0,,Cash,complete
T88161,,C3680,Laptop,707.0,964.1505855399993,PayPal ,complete
T88162,,C1454,Headphones,-10.0,,PayPal ,Completed
T88165,,C2009,Tablet,-3.0,-979.5078104783682,PayPal ,completed
T88166,,C1371,Coffee Machine,8.0,,Credit Card,completed
T88168,,C4078,Laptop,7.0,-329.26589771045406,PayPal,
T88169,,C3130,Coffee Machine,5.0,,Credit Card,completed
T88170,,C4414,Coffee Machine,9.0,,Credit Card,completed
T88172,,C1407,Smartphone,,348.5110635589529,PayPal ,Failed
T88173,,,Smartphone,,953.4748195243825,PayPal,complete
T88174,,C4099,Tablet,-5.0,252.07878406920332,Credit Card,Completed
T88175,,C4978,Headphones,-7.0,-104.47311585047805,creditcard,Completed
T88176,,C1441,Coffee Machine,864.0,,PayPal ,complete
T88177,,C4805,Head,534.0,348.91366220540027,PayPal,Completed
T88178,,C2584,Smartphone,259.0,875.3121233952212,Cash,
T88180,,,Headphones,6.0,549.0302583044407,creditcard,
T88181,,C2748,Laptop,596.0,,PayPal,complete
T88182,,C3199,Coffee Machine,-9.0,,credit card,completed
T88188,,C4672,Laptop,334.0,,creditcard,completed
T88189,,C3766,Headphones,-6.0,-914.1163421019357,PayPal ,
T88190,,C903,Coffee Machine,-6.0,-617.7024483612936,Cash,
T88191,,C1812,Tablet,-8.0,-971.1849736778655,PayPal,Completed
T88194,,C4466,Coffee Machine,4.0,562.2481385532521,creditcard,Failed
T88196,,,Tablet,-8.0,$-154.57,creditcard,Completed
T88197,,C579,Tablet,9.0,,Credit Card,
T88198,,C2212,Laptop,3.0,779.0428834127941,creditcard,Completed
T88199,,C2824,Lapt,-9.0,586.7890573320569,Credit Card,Pending
T88200,,C1160,Headphones,419.0,83.9468090421605,Cash,Completed
T88201,,C1655,T,-5.0,,Credit Card,
T88202,,C1169,Coffee Machine,-4.0,-500.1251059733027,PayPal ,complete
T88203,,C4439,Tablet,-9.0,-682.9667380762448,pay pal,completed
T88204,,C4516,Laptop,-7.0,,pay pal,Completed
T88205,,C635,Laptop,,-688.2257794609725,PayPal,complete
T88207,,C2196,Tablet,-7.0,648.6266449456689,credit card,Pending
T88209,,C4705,Coffee Machine,-7.0,,Credit Card,Failed
T88212,,C560,Headphones,,,PayPal ,complete
T88213,,,Laptop,-5.0,276.05925276786553,credit card,Pending
T88214,,C4616,Tablet,6.0,-820.6611650596866,PayPal ,completed
T88215,,C3064,Laptop,392.0,630.6727017289018,Cash,complete
,,C1091,Headphones,200.0,,PayPal,Completed
T88217,,C4732,Laptop,-9.0,$952.02,PayPal,complete
T88218,,C3345,Tablet,4.0,,Credit Card,Pending
T88219,,C293,Laptop,10.0,,PayPal ,
T88220,,C3582,Headphones,-4.0,94.63388194700896,credit card,Pending
T88221,,C2205,Coffee Machine,797.0,454.1672276019558,Credit Card,Failed
T88222,,C1282,Coffee Machine,780.0,773.1127998962412,credit card,
T88224,,C4004,Smartphone,1.0,-602.6433318432912,Credit Card,completed
T88225,,C354,Laptop,6.0,555.9552255242568,PayPal,Failed
T88226,,C2702,Tablet,-4.0,,PayPal ,completed
T88227,,C148,Coffee Machine,-9.0,-546.2151150352327,Cash,
T88228,,C2485,Coffee Machine,4.0,478.8732324951961,PayPal,
T88230,,C977,Smartphone,4.0,-959.0269537914801,pay pal,Pending
T88233,,C4129,Laptop,2.0,-832.8804676676625,pay pal,Completed
T88234,,C2050,Headphones,885.0,,Credit Card,Completed
T88235,,C2061,Smartphone,-4.0,150.17749645577328,PayPal,Failed
T88238,,C4681,Tablet,7.0,968.7231970955769,credit card,Completed
T88239,,C4923,Coffee Machine,1.0,221.0531469715623,PayPal ,
T88241,,C1769,Headphones,404.0,,PayPal ,Pending
T88242,,C3326,Smart,974.0,-501.3826732179388,PayPal,Failed
T88243,,C334,Tablet,-6.0,-589.5792427499586,Credit Card,Pending
T88244,,C1441,Smartphone,9.0,901.7492418295474,credit card,Failed
T88245,,C2551,Smartphone,,257.5574431631825,Cash,
T88248,,C3795,Headphones,332.0,,PayPal ,Pending
T88249,,C1724,Laptop,5.0,,credit card,
,,C1379,Smartphone,,-260.9363961729632,PayPal ,
T88251,,C256,Laptop,111.0,-305.1280278777731,creditcard,Pending
T88252,,C1947,Laptop,473.0,976.2741647818173,Credit Card,Pending
T88256,,C2150,Laptop,427.0,,credit card,Pending
T88257,,C1000,Headphones,1.0,,PayPal,complete
T88258,,C550,Laptop,679.0,,PayPal,
T88261,,C3041,Coffee Machine,5.0,,PayPal ,Failed
T88262,,C3155,Headphones,976.0,-511.7656124315142,PayPal,Pending
T88263,,C3331,Smartphone,8.0,297.9819725386229,PayPal ,Failed
T88264,,C1387,Headphones,,,creditcard,Pending
T88265,,C3590,Headphones,780.0,77.59774019070335,Cash,
T88267,,C318,Smart,7.0,,Cash,Pending
T88268,,C828,Coffee Machine,208.0,-166.75867786730566,Cash,completed
T88269,,C2413,Headphones,6.0,,Cash,complete
T88271,,C140,Headphones,7.0,,PayPal,
T88272,,C1053,Headphones,1.0,,PayPal ,complete
T88273,,C3090,Coffee Machine,234.0,576.8972650273005,pay pal,Completed
T88274,,C1284,Headphones,-7.0,-703.2838875626985,PayPal ,Pending
T88275,,C1680,Smartphone,-3.0,-326.64875666928685,Credit Card,
T88276,,C1533,Laptop,5.0,528.4888856867117,pay pal,
T88277,,C4087,Tablet,-8.0,-931.2680489090851,creditcard,completed
T88278,,C4264,Tablet,5.0,-698.6503262724332,PayPal ,completed
T88281,,C1470,Smartphone,4.0,-592.8108427875717,credit card,Failed
T88282,,C2972,Laptop,10.0,443.75047820343076,pay pal,completed
T88283,,C3453,Tablet,,-855.3127135378893,PayPal,Completed
T88285,,C2667,Coffee Machine,,297.2196884943678,PayPal,completed
T88288,,C3750,Tab,,,credit card,Completed
T88289,,C4924,Smartphone,9.0,,PayPal,complete
T88291,,,Laptop,820.0,$702.44,PayPal,completed
T88292,,C933,Coffee Machine,4.0,-491.4307272275266,pay pal,Completed
T88293,,C3119,Laptop,4.0,-737.1010290111419,PayPal,complete
T88294,,C3178,Smartphone,197.0,-795.9095193692638,Credit Card,Failed
T88296,,,Laptop,5.0,305.0767254978231,PayPal,complete
T88297,,C1034,Laptop,8.0,107.11471695111187,pay pal,Pending
T88298,,C1942,Headphones,-8.0,,credit card,
T88301,,C2352,Coffee Machine,-6.0,$760.94,Cash,Pending
T88302,,C162,Smartphone,273.0,-793.8538346162388,pay pal,
,,C4044,Coffee Machine,,450.74586416562676,creditcard,Completed
T88304,,C258,Coffee Machine,-2.0,,credit card,completed
T88305,,C4993,Headphones,984.0,,creditcard,Failed
T88306,,C488,Headphones,142.0,,creditcard,completed
T88308,,C602,Smartphone,-6.0,,Credit Card,completed
T88310,,C929,Laptop,806.0,328.8591060278259,credit card,Completed
T88312,,C3158,Headphones,255.0,-740.9171297610162,credit card,Completed
T88313,,C1828,Headphones,2.0,-564.2033220372714,creditcard,Completed
T88314,,C2388,Laptop,-7.0,-699.2489476143955,pay pal,
T88315,,C378,Tablet,1.0,-776.0623522294735,Credit Card,Completed
T88316,,C3886,Headphones,-5.0,,Cash,Pending
T88317,,C229,Headphones,-10.0,,creditcard,Completed
T88318,,C1834,Laptop,-10.0,437.14806430268095,credit card,Failed
T88319,,C4681,Headphones,788.0,-833.1968198602403,Cash,completed
T88320,,C1187,Tablet,9.0,,PayPal ,completed
T88322,,C2134,L,8.0,,Cash,Failed
T88323,,C4041,Coffee Machine,857.0,,credit card,complete
T88324,,C572,T,571.0,-796.7757340980181,credit card,Pending
T88325,,C4130,Laptop,-6.0,295.5295571150434,creditcard,complete
T88326,,C3848,Smartphone,763.0,-177.653297347131,PayPal ,completed
T88328,,C4549,Laptop,5.0,,creditcard,complete
,,C1913,Coffee Machine,2.0,$-377.92,PayPal ,completed
T88333,,C2873,Smartphone,830.0,-592.0439421960009,PayPal,
,,C3842,Tablet,-5.0,-395.07443712063446,PayPal ,complete
T88339,,C923,Coffee Machine,886.0,-980.3032294936006,Cash,Pending
T88340,,C2458,Tablet,1.0,506.92334596578996,Credit Card,Pending
T88341,,C3797,Coffee Machine,9.0,-368.7828080947668,pay pal,completed
T88343,,C4218,Laptop,4.0,-93.27122069371683,creditcard,Failed
T88344,,C2013,Coffee Machine,9.0,205.84976871589743,PayPal ,complete
T88345,,C4814,Coffee Machine,3.0,-777.3633749791804,pay pal,
T88346,,C1765,Tab,-1.0,,pay pal,complete
T88348,,C908,Smartphone,8.0,363.9609423522799,pay pal,
T88349,,C2265,Tablet,897.0,-939.7313707363679,PayPal ,
T88350,,,Tablet,,314.82003204181996,PayPal ,Completed
T88353,,C4770,Headphones,7.0,,Credit Card,completed
,,C4267,Tablet,-9.0,-897.0577631812591,Credit Card,Pending
T88355,,C1094,Laptop,-8.0,136.16685917998183,creditcard,
T88356,,C4039,Laptop,733.0,144.218474059217,PayPal ,Pending
T88357,,C3457,Tablet,9.0,$-336.58,credit card,Pending
T88358,,C3655,Tablet,7.0,-224.18551190528433,PayPal,complete
T88359,,C1408,Headphones,-8.0,-552.5467388115699,Cash,completed
T88360,,C2538,Tablet,7.0,,pay pal,completed
T88361,,C3784,Coffee Machine,-6.0,,creditcard,Failed
T88362,,C4175,Laptop,222.0,,credit card,Pending
T88363,,C2559,Coffee Machine,-2.0,,credit card,Pending
T88364,,C2865,Tablet,-7.0,,creditcard,complete
T88365,,C4207,Smartphone,5.0,$-536.68,creditcard,Failed
T88366,,C1959,Laptop,10.0,-837.5291531082958,creditcard,completed
T88367,,C1205,Smartphone,225.0,-703.0133108511507,PayPal,completed
T88369,,C1206,Headphones,-5.0,762.7151898828129,pay pal,Failed
T88370,,C1032,Headphones,6.0,-340.19232488579985,creditcard,Failed
T88371,,C3909,Laptop,3.0,366.5470705384449,PayPal ,
,,C1091,Laptop,-2.0,,Credit Card,Pending
T88373,,C081,Coffee Ma,340.0,-92.77426522542623,Cash,completed
T88374,,C444,Ta,699.0,467.8323854799112,Credit Card,Failed
T88375,,C3592,Smartphone,9.0,880.9365431379765,credit card,complete
T88377,,C2650,Laptop,,-350.43727807206665,creditcard,completed
,,,Coffee Machine,-3.0,$-402.01,credit card,Failed
T88380,,C522,Laptop,-9.0,,pay pal,completed
T88381,,C3170,Coffee Machine,-6.0,,Cash,complete
T88382,,C2067,Smartphone,780.0,271.096944184156,Cash,complete
T88386,,C2634,Coffee Machine,9.0,,PayPal ,Failed
T88387,,C1318,Tablet,,,PayPal ,
T88388,,C4000,Coffee Machine,533.0,,PayPal ,Failed
T88389,,C1383,Laptop,-2.0,-806.6029817277192,creditcard,Failed
T88390,,,Smartphone,-6.0,215.90858110023942,PayPal ,Completed
T88391,,C005,Laptop,1.0,916.4566595582337,Cash,
T88392,,C296,Tablet,765.0,,pay pal,Pending
T88393,,C1731,Headphones,-4.0,,credit card,Failed
T88394,,C2403,Coffee Machine,-8.0,,Credit Card,
T88395,,C1728,Laptop,115.0,,creditcard,completed
T88397,,,Laptop,-8.0,,credit card,Completed
T88398,,C651,H,-4.0,611.7533525188613,Credit Card,complete
T88399,,C2940,Laptop,-3.0,,pay pal,completed
T88401,,C4047,Tablet,7.0,-200.31007957628879,creditcard,completed
,,C4882,Headphones,10.0,-959.5047733520457,PayPal,completed
T88403,,C4099,Smartphone,10.0,-784.3606162319089,pay pal,completed
T88408,,C1591,Tablet,9.0,120.3581259642715,Cash,Completed
T88409,,C060,Laptop,3.0,189.19304272795196,pay pal,completed
T88410,,,Headphones,-6.0,268.3243095037173,pay pal,Pending
T88411,,C3704,Smartphone,5.0,,Credit Card,Completed
T88412,,C3280,Tablet,,581.3079361114112,credit card,Completed
T88414,,C2794,Coffee Machine,,803.480197514918,PayPal ,Completed
T88415,,C4394,Headphones,757.0,-762.9252567274176,PayPal ,Pending
T88416,,C3228,Coffee Machine,227.0,,PayPal,Failed
T88417,,C2333,Laptop,198.0,351.8025523845473,pay pal,Pending
T88419,,C3054,Tablet,-5.0,855.9738540980086,PayPal_Updated,completed
T88420,,C2398,Tablet,,573.1551088355561,credit card,
T88421,,,Tablet,433.0,,PayPal,Pending
T88422,,C3695,Headphones,749.0,97.22916331540843,Cash,completed
T88423,,C731,Smartphone,-4.0,,credit card,complete
T88424,,C4043,Smartphone,338.0,736.6810975629783,PayPal,Completed
T88425,,C350,Coffee Machine,10.0,-363.4883294492364,pay pal,Completed
,,,Laptop,294.0,-912.2352698938075,Cash,
T88427,,C1826,Tablet,869.0,,Credit Card,completed
T88428,,C3351,Headphones,260.0,450.48234042490066,pay pal,complete
T88430,,C1446,Laptop,234.0,262.22399763851615,credit card,complete
T88432,,C1287,Laptop,9.0,$767.65,PayPal ,Failed
T88433,,C1783,Headphones,-3.0,-263.71332173946155,creditcard,complete
T88434,,C1588,Laptop,5.0,609.4325836133185,pay pal,complete
T88435,,C2366,Smartphone,549.0,$575.96,pay pal,
T88437,,C367,Smartphone,-8.0,441.09281123571367,creditcard,complete
T88438,,C3654,Coffee Machine,431.0,,creditcard,completed
T88439,,C2957,Laptop,1.0,677.5291811948633,pay pal,completed
T88440,,C3299,Smartphone,335.0,368.20394794107534,creditcard,Pending
T88441,,C1733,Coffee Machine,-2.0,965.4900286412224,Cash,complete
T88442,,C4875,Headphones,-5.0,,pay pal,Failed
T88443,,C756,Laptop,8.0,-78.20466419603201,PayPal ,completed
T88444,,C1192,Sma,-6.0,,Cash,
T88445,,C3286,Tablet,-2.0,,PayPal ,complete
T88446,,C2936,Laptop,8.0,826.2515410734494,credit card,completed
T88449,,C4165,Laptop,9.0,,Cash,
T88450,,C1418,Coffee Machine,,$-174.46,creditcard,Completed
T88452,,C3498,Smartphone,274.0,-175.57881218222224,Cash,Completed
T88453,,C4050,Headphones,-4.0,,PayPal ,Completed
T88455,,C3659,Smartphone,5.0,679.638950424133,Cash,complete
,,,Smartphone,10.0,,credit card,Completed
T88457,,C2596,Coffee Machine,7.0,733.4641039039698,credit card,Failed
T88461,,C3017,Coffee Machine,716.0,$800.48,PayPal ,Pending
T88462,,C4506,Laptop,368.0,,creditcard,complete
T88463,,,Tablet,-9.0,729.496942213783,Credit Card,complete
T88464,,C542,Laptop,-5.0,,Credit Card,Failed
T88465,,C4534,Smartphone,289.0,699.7158558107376,pay pal,Completed
T88466,,C1682,Headphones,1.0,-806.5067902856731,pay pal,Completed
T88468,,,Tablet,-7.0,-385.7610943586259,Credit Card,Pending
T88469,,C2766,Headphones,-2.0,984.9624659272328,PayPal ,complete
T88470,,C2062,Headphones,807.0,$-441.05,PayPal ,
T51125,,C4139,Coffee Machine,596.0,139.70727640594373,Cash,Pending
T88472,,C2355,Headphones,6.0,997.5581692472134,pay pal,
,,C081,Smartphone,-6.0,,credit card,Pending
T88474,,C4167,Tablet,7.0,,Cash,Completed
T88475,,C2221,Headphones,606.0,605.6957334243381,creditcard,Failed
,,C3710,Laptop,579.0,,Cash,Failed
T88478,,C3102,Headphones,-1.0,,Cash,complete
T88480,,C1062,Tablet,-1.0,700.7613547002818,Credit Card,Failed
T88481,,C1107,Smartphone,,278.5850394066439,creditcard,
T88482,,C4885,Coffee Machine,289.0,,PayPal,complete
T88483,,C1946,Tablet,240.0,587.6463391371077,Cash,Failed
T88484,,C1041,Smartphone,454.0,-876.3145880369867,creditcard,completed
T88485,,C206,Tab,8.0,$275.82,pay pal,Completed
T88487,,C1813,Coffee Machine,491.0,-306.68283849225645,creditcard,
T88488,,C4545,Coffee Machine,717.0,359.83780845163,Credit Card,
T88489,,C4737,Smartphone,-2.0,-426.90627341067204,Cash,Completed
T88490,,C1830,Headphones,-3.0,-312.19334151884266,PayPal ,Pending
T88491,,C1263,Smartphone,-8.0,,credit card,Pending
T88492,,C3252,Laptop,782.0,-911.7327861062354,PayPal ,
T88494,,C2925,Tablet,115.0,585.4427617561299,Credit Card,Failed
T88495,,C4572,Lapto,803.0,97.71463191032231,PayPal ,Failed
T88496,,C684,Headphones,-8.0,,credit card,
T88497,,C1032,Smartphone,248.0,,creditcard,complete
T88498,,C1266,Tablet,682.0,$104.54,credit card,Failed
T88499,,C2580,Tablet,277.0,,pay pal,
T88500,,C4420,Coffee Machine,-6.0,-60.05659506965719,Cash,completed
T88501,,C2234,Coffee Machine,4.0,$-414.76,PayPal ,
T88502,,C4789,Tablet,-6.0,-583.675271640614,PayPal ,completed
T88504,,C433,Laptop,170.0,,Credit Card,complete
T88506,,C4868,Coffee Machine,411.0,,PayPal ,completed
T88508,,C3605,Smartphone,-1.0,52.835432359451275,pay pal,Completed
T88509,,C4301,Laptop,8.0,,creditcard,Failed
T88510,,C3981,Headphone,,,PayPal,complete
T88511,,C4545,Smartphone,840.0,828.5047559871554,PayPal,
T88512,,C4950,Laptop,6.0,361.86160465931374,Credit Card,Failed
T88514,,C3587,Laptop,-8.0,734.9966901898401,credit card,Failed
T88515,,C3570,Smartphone,-5.0,,PayPal,
T88516,,C1576,Smartphone,3.0,-94.83144441137381,pay pal,completed
T88517,,C4922,Tablet,948.0,$-294.82,creditcard,Completed
T88518,,C3145,Laptop,836.0,-473.22938450522054,creditcard,Completed
T88519,,C1505,Coffee Machine,-6.0,,PayPal,Failed
T88521,,C2774,Laptop,9.0,846.0519374952838,PayPal ,Pending
T88522,,,Tablet,8.0,-315.62508112003206,Cash,Completed
T88523,,C2908,Laptop,,-963.0712894779612,PayPal ,Pending
T88524,,C1988,Headphones,6.0,,credit card,complete
T88525,,C3158,Coffee Machine,-7.0,,credit card,Completed
T88526,,C514,Laptop,10.0,-632.3025044424242,Credit Card,completed
T88527,,C4332,Laptop,409.0,-166.8161067981879,Credit Card,Completed
T88529,,C3299,Co,10.0,,Cash,Failed
T88530,,C4490,Coffee Machine,,,PayPal ,Completed
T88531,,C3892,Tablet,2.0,,pay pal,Pending
T88532,,C906,Smartphone,-10.0,,PayPal ,completed
T88535,,C4955,Smartphone,8.0,-617.4478812045817,creditcard,Failed
T88536,,C3445,Smartphone,2.0,-162.68148338542778,pay pal,
T88537,,C1592,Tablet,10.0,-599.3749371407462,pay pal,
T88538,,,Headphones,-9.0,$967.34,Cash,Pending
T88539,,C1758,Smartphone,-8.0,-136.88429061298814,Credit Card,Failed
T88540,,C2987,Laptop,9.0,-924.7287849664793,PayPal ,Completed
T88541,,C1038,Smartphone,156.0,-829.0695049535057,pay pal,Pending
T88542,,C4388,Laptop,697.0,-587.1061876813558,creditcard,Pending
T88543,,C2958,Laptop,2.0,817.4955920353126,Credit Card,Pending
,,C2686,Tablet,353.0,,Credit Card,complete
T88545,,C1940,Laptop,4.0,$-836.24,Credit Card,Pending
T88546,,C349,Coffee Machine,881.0,296.7790382740502,credit card,complete
T88547,,C2111,Coffee Machine,5.0,748.5694536408191,Credit Card,Failed
T88548,,C673,Coffee Machine,145.0,,Credit Card,Failed
T88552,,C3655,Smartphone,187.0,-608.0631169061166,credit card,Completed
,,C4354,Tablet,2.0,166.54033138460468,pay pal,complete
T88554,,C352,Headphones,3.0,119.91284896181186,creditcard,complete
T88555,,C2824,Tablet,508.0,-904.0401186959323,PayPal ,
T88557,,C2895,Laptop,-6.0,,credit card,Completed
T88558,,C273,Headphones,-6.0,-308.98740607451816,Credit Card,Pending
T88560,,C1953,Tablet,847.0,225.84655267453275,PayPal,complete
T88564,,C2477,Smartphone,898.0,$903.81,PayPal,complete
T88565,,C2625,Coffee Machine,,290.7075287231007,Credit Card,Pending
T88568,,C4170,Tablet,-9.0,-500.90140338315507,pay pal,Pending
T88569,,C4723,Headphones,9.0,,Cash,Failed
T88570,,C4426,Coffee Machine,-1.0,879.2804297811933,PayPal,Pending
T88575,,C3722,Coffee Machine,-1.0,257.7320675976523,PayPal ,Completed
T88576,,C2565,Coffee Machine,6.0,,Credit Card,Pending
T88578,,C2433,Laptop,4.0,858.6473515756499,pay pal,complete
T88579,,C2660,Coffee Machine,-4.0,$245.56,credit card,Pending
T88581,,C1648,Smar,2.0,,Credit Card,Failed
T88585,,C3908,Tablet,-10.0,,Cash,Pending
T88586,,C2037,Tablet,6.0,819.2166899119615,credit card,Failed
T88587,,C1437,Headphones,9.0,,creditcard,Failed
T88588,,C2648,Laptop,6.0,-575.0339534738705,Credit Card,
T88590,,C2960,Coffee Mach,1.0,78.52263084497238,PayPal,Failed
T88591,,C4969,Coffee Machine,632.0,,Cash,Failed
T88592,,C2286,Smartphone,8.0,148.3902711493905,Cash,
T88593,,C3704,Headphones,-10.0,-693.3277015050644,Cash,
,,C3329,Smartphone,3.0,524.0432850722366,PayPal ,complete
T88595,,C3078,Coffee Machine,809.0,,creditcard,Completed
T88597,,C848,Coffee Machine,329.0,436.4429028305213,PayPal,completed
T88598,,C1755,Tablet,-9.0,-239.47828157630784,credit card,Completed
T88599,,,Headphones,196.0,,Cash,completed
T88600,,C3354,Coffee Machine,812.0,351.69205386743783,PayPal,completed
T88601,,C4436,Sma,10.0,-750.2267773163146,PayPal,Completed
T88602,,C1453,Headphones,-2.0,$489.96,pay pal,complete
T88604,,C4481,Laptop,1.0,,creditcard,completed
T88605,,,Tablet,1.0,,credit card,complete
T88607,,C1807,Tablet,-4.0,840.8605594330447,PayPal,
T88608,,C411,Tablet,-4.0,,Credit Card,
T88609,,C1544,Smartphone,3.0,,credit card,completed
T88610,,C3808,Smar,5.0,-601.5522018512231,PayPal,Failed
,,C2713,Coffee Machine,626.0,,credit card,complete
T88612,,C2656,Smartphone,907.0,,PayPal,
T88613,,C3342,Coffee Machine,-6.0,,Cash,Pending
T88614,,C1757,Coffee Machine,-5.0,-942.5493795994081,PayPal ,completed
T88615,,C4088,Headphones,284.0,200.86951124866002,Cash,Completed
T88616,,C1422,Headphones,-1.0,-346.2045978494957,pay pal,Completed
T88617,,C4252,Coffee Machine,2.0,806.1984283712678,Cash,completed
T88618,,C2491,Headphones,146.0,233.043248372602,pay pal,Pending
T88619,,C1901,Coffee Machine,-3.0,-757.7248954672912,PayPal ,Completed
T88620,,C138,Smartphone,-9.0,,PayPal ,Completed
T88621,,C283,Headphones,4.0,-592.420056324103,Credit Card,Completed
T88622,,C2326,Coffee Machine,5.0,806.0668379837913,credit card,Pending
T88623,,C2620,Coffee Machine,-9.0,281.8218183980686,PayPal,Pending
T88624,,C2430,Smartphon,-2.0,-391.7048689981824,Cash,Pending
T88626,,C4910,Smartphone,-9.0,-829.7077481445164,pay pal,Completed
T88627,,C3967,Tablet,-4.0,683.8334210495258,creditcard,Failed
T88629,,C353,Laptop,221.0,-857.7139575599024,pay pal,completed
T88631,,C1826,Laptop,-7.0,575.5932618485944,PayPal ,completed
T88632,,C1641,Laptop,6.0,,Credit Card,Completed
T88635,,C1430,Smartphone,978.0,,PayPal,
T88636,,C2018,Laptop,8.0,340.4626408746793,PayPal,Pending
T88637,,C2294,Laptop,-6.0,$215.73,PayPal,completed
T88640,,C2859,Smartphone,2.0,$243.38,PayPal,Failed
T88642,,C1740,Coffee Machine,-5.0,,Credit Card,completed
T88643,,C3911,Tablet,840.0,-729.9369449970438,PayPal ,
T88644,,C1907,Coffee Machine,2.0,405.14431439502494,creditcard,Completed
T88646,,C1549,Tablet,3.0,$500.95,PayPal ,Pending
T88647,,C2144,Tablet,-1.0,,pay pal,
T88648,,C2964,Smartphone,-10.0,-400.0269558489273,PayPal ,Pending
T88649,,C2728,Tablet,5.0,-797.6317093408749,creditcard,complete
T88650,,C4241,Laptop,-3.0,-412.83140797149304,Credit Card,Failed
T88652,,C1288,Coffee Machine,212.0,-877.212904514392,Cash,completed
T88653,,C4120,Headphones,875.0,,pay pal,Pending
T88656,,C1734,Headphones,3.0,366.7914690061803,PayPal,Failed
T88657,,,Smartphone,284.0,-897.716252277893,Cash,completed
T88658,,C1771,Coffee Machine,811.0,,credit card,Failed
T88659,,C2102,Headphones,753.0,,credit card,completed
T88661,,,Coffee Machine,-6.0,-309.86064521552885,pay pal,Pending
T88663,,C2727,Coffee Machine,-10.0,-906.6785978687878,creditcard,Completed
T88664,,C2729,Smartphone,-10.0,,Cash,completed
T88667,,C015,Coffee Machine,608.0,,PayPal,
T88668,,C1081,Smartphone,5.0,535.3021766071553,credit card,complete
T88670,,C4237,Table,9.0,,pay pal,Failed
T88671,,C3239,Coffee Machine,268.0,-669.8807676124354,creditcard,complete
T88673,,C3061,Lap,-4.0,,PayPal ,Completed
T88675,,,Headphones,881.0,386.17507422018053,PayPal ,Pending
T88677,,C4981,Headphones,676.0,-119.72369141394063,PayPal,Pending
T88678,,C894,Smartphone,2.0,-139.292915042524,credit card,
T88679,,C3682,Laptop,6.0,,PayPal,completed
T88680,,C2760,Coffee Machine,8.0,984.9689402661919,creditcard,Failed
T88682,,C2451,Headphones,115.0,$672.03,PayPal,complete
T88683,,C1838,Coffee Machine,224.0,-419.52754347180894,credit card,Pending
T88686,,C1090,Tablet,-2.0,396.78375631350457,PayPal ,completed
T88687,,C1003,Laptop,-5.0,,PayPal ,completed
T88688,,C3400,Headphones,143.0,,creditcard,Pending
,,C490,Headphones,-1.0,,credit card,Completed
T88691,,C1934,Headphones,-4.0,-389.2307832918963,credit card,
T88696,,C2072,Smartphone,-9.0,,creditcard,Failed
T88697,,C2233,Coffee Machine,800.0,,credit card,Pending
T88698,,C1474,Headphones,-7.0,,Credit Card,Completed
,,C444,Laptop,-4.0,-336.2763945906988,PayPal ,Completed
T88702,,C1725,Smartphone,-1.0,,creditcard,
T88704,,C3538,Coffee Machine,-3.0,-262.8720431623384,pay pal,Failed
T88705,,C2433,Laptop,540.0,$-554.16,PayPal ,
T88706,,C4178,Coffee Machine,7.0,,credit card,
T88709,,C573,Coffee Machine,3.0,,Credit Card,
T88711,,C3760,Headphones,-10.0,482.93526593825203,credit card,complete
T88712,,C167,Tablet,-5.0,$673.46,Credit Card,
T88715,,C436,Tablet,,-766.281962992013,PayPal ,Failed
T88716,,C2070,Laptop,-4.0,,creditcard,Pending
T88717,,C3298,Laptop,-8.0,$55.75,PayPal ,Completed
T88718,,C097,Laptop,-3.0,658.7672767032066,PayPal ,Pending
T88719,,C1139,Coffe,,369.24660301305636,pay pal,Pending
T88720,,C2129,Laptop,,785.3475504951662,Cash,Pending
T88721,,C1240,Tablet,-7.0,,creditcard,
T88722,,C2887,Laptop,854.0,,pay pal,
T88723,,C023,Table,1.0,841.0222804309269,PayPal ,complete
T88724,,C3989,Headphones,608.0,,PayPal ,complete
T88728,,C4005,Smartphone,897.0,$-267.06,pay pal,complete
T88729,,C3919,Smartphone,132.0,$800.76,pay pal,Completed
T88730,,C4998,Headphones,156.0,-333.37847990104547,pay pal,Failed
T88731,,,Coffee Machine,-1.0,,credit card,Completed
T88736,,C2593,Tablet,939.0,-918.9662767839767,creditcard,complete
T88738,,C230,Headphones,-2.0,-975.5136180441866,PayPal,Completed
T88741,,C687,Smartphone,,740.3552050820457,pay pal,Completed
T88745,,C4757,Smartphone,-8.0,-657.0343395359907,PayPal ,completed
T88746,,C964,Coffee Machin,6.0,,Credit Card,completed
T88747,,C1384,Lapto,8.0,,Cash,Completed
T88749,,C325,Headphones,929.0,318.8998959937938,Credit Card,
T88750,,C4089,Tablet,847.0,,credit card,completed
T88752,,C2954,Smartphone,-3.0,,PayPal,Pending
T88754,,C1634,Headpho,173.0,-749.9008495180303,Cash,
T88755,,C3367,Laptop,2.0,$-863.01,creditcard,
T88756,,C942,Laptop,612.0,,creditcard,Failed
T88758,,C899,Headphones,-7.0,,pay pal,Failed
T88761,,C1247,C,782.0,$232.34,Credit Card,Completed
T88762,,,Smar,-2.0,,Cash,Failed
T88766,,C314,Smartphone,-7.0,,Credit Card,complete
T88767,,C4003,Coffee Machine,258.0,-683.760317072145,PayPal,
T88768,,C2382,Coffee Machine,463.0,-319.4088073430545,PayPal,
T88770,,C4871,Tablet,837.0,-679.5128436706706,credit card,complete
T88771,,C1602,Headphones,843.0,,PayPal ,complete
T88772,,C692,Tabl,960.0,-269.4456779334654,PayPal,Completed
,,C764,Coffee Machine,8.0,,Credit Card,completed
T88775,,C993,Tablet,5.0,,pay pal,Completed
T88777,,C563,Smartphone,-1.0,$771.35,Cash,Pending
T88778,,C2314,Coffee Machine,130.0,$146.46,Credit Card,Pending
T88779,,C2374,Headphones,721.0,738.974982316341,Credit Card,complete
T88781,,C1499,Headphones,-6.0,635.4228620766286,PayPal ,
T88782,,C2556,Headphones,-10.0,787.101708389934,credit card,completed
T88783,,C3048,Smartphone,949.0,405.1722133365382,credit card,Pending
T88785,,C2723,Smartphone,5.0,-815.0899651416879,PayPal,
T88787,,C4887,Laptop,319.0,-517.6901270542448,PayPal ,completed
T88788,,C3358,Coffee Machine,5.0,148.1919036549258,Credit Card,complete
T88789,,C955,Headphones,-5.0,,Cash,completed
T88790,,,Laptop,300.0,-544.8246767193777,PayPal,Failed
T88791,,C4398,Laptop,6.0,,PayPal,
T88792,,C1699,Coffee Machine,-10.0,688.7185740577482,pay pal,Completed
T88795,,C4605,Laptop,751.0,720.236496809423,pay pal,complete
T88799,,C310,Headphones,5.0,-974.771842212096,pay pal,Pending
T88800,,C3532,Headphones,3.0,-115.19338888174832,creditcard,
T88801,,C1333,Smartphone,-9.0,,PayPal,Completed
T88804,,C1087,Tablet,-6.0,-100.15344745799246,PayPal,Completed
T88806,,C1860,Tablet,-4.0,604.1845760258815,Credit Card,Completed
T88807,,C4569,Tablet,1.0,-316.0308308735847,creditcard,Failed
T88808,,C2927,Coffee Machine,-8.0,761.7944332171953,Cash,completed
T88810,,C1340,Tablet,752.0,-356.44875876339313,PayPal ,completed
T88811,,C4187,Headphones,408.0,613.4863443860554,credit card,
T88815,,C566,Smartphone,8.0,-520.4383418021148,Cash,Pending
T88816,,C4780,Coffee Machine,4.0,,creditcard,Completed
T88817,,C3009,Smartphone,909.0,107.24829967669521,creditcard,Failed
T88818,,C939,Smartphone,-7.0,665.9855143081305,Credit Card,Failed
T88819,,C884,Coffee Machine,,-323.5355619215037,pay pal,completed
T88824,,C4409,Headpho,-5.0,,creditcard,completed
T88826,,C910,Tablet,894.0,-132.81290007136363,credit card,
T88828,,,Smartphone,,$-129.32,pay pal,Pending
T88830,,C4526,Headphones,-6.0,481.9920784126057,PayPal ,
T88831,,C256,Laptop,-8.0,$-372.55,PayPal ,Pending
T88832,,C2083,Tab,1.0,525.7488973853549,PayPal ,completed
T88834,,C405,La,-3.0,714.5061295964834,Credit Card,completed
T88836,,C1226,Smartphone,445.0,$932.24,creditcard,Failed
T88839,,C1492,Tablet,-4.0,-60.53149510284595,Credit Card,complete
T88840,,C1851,Tablet,5.0,73.37804689391737,Credit Card,Completed
T88841,,,Tablet,115.0,-277.4965623696844,Credit Card,complete
T88842,,,Laptop,-3.0,,Credit Card,completed
T88843,,C4736,Tablet,-4.0,,pay pal,Failed
T88848,,C3053,Tablet,391.0,-327.6834933636553,Cash,
T88849,,C1417,Smartphone,-8.0,-533.9922082584244,pay pal,
T88850,,C3192,Smartphone,-7.0,-936.2006854268794,Cash,
T88851,,,Tablet,-5.0,,Credit Card,Failed
T88852,,C101,Laptop,10.0,-391.7553724469002,Cash,Pending
T88853,,C121,Headphones,,-680.5944665674108,credit card,Pending
T88855,,C2878,Headphones,288.0,,Credit Card,complete
T88856,,C2732,Headph,-1.0,-954.120422765568,credit card,
T88857,,C1868,Tablet,9.0,667.2759790392805,credit card,complete
T88858,,C111,Laptop,3.0,-304.1653216906982,creditcard,Pending
T88859,,C2663,Smartphone,4.0,694.5534414735571,credit card,Completed
T88860,,C2196,Tablet,444.0,-680.7053776016928,Credit Card,Failed
T88861,,C1468,Laptop,592.0,415.23155207940846,credit card,Completed
T88862,,C3868,Headphones,553.0,293.481272255461,pay pal,
,,C3574,Coffee Machine,-4.0,315.02771761134704,Cash,
T88864,,C3055,L,8.0,343.7691051781016,PayPal,Completed
T88865,,,Headphones,-6.0,-980.8667044111447,pay pal,Failed
T88866,,C4879,Coffee Machine,-8.0,-322.36518007805955,creditcard,Pending
T88867,,,Coffee Machine,-6.0,,creditcard,Completed
T88868,,C1983,Coffee Mach,805.0,-211.7540855246226,Cash,Pending
T88869,,C1386,Smartphone,662.0,,pay pal,complete
T88870,,C1205,Smartphone,-1.0,114.18671627876779,pay pal,Pending
T88871,,C2728,Tablet,-5.0,916.49393563098,pay pal,Failed
T88872,,C202,Headphones,10.0,$-620.63,PayPal,
T88873,,C4384,Headphones,7.0,-235.07874074193796,PayPal,completed
T88874,,C057,Tablet,1.0,,creditcard,completed
T88875,,C2054,Laptop,8.0,,creditcard,complete
T88878,,C2695,Headphones,-2.0,-56.223187698385686,Credit Card,complete
,,C1462,Tablet,-9.0,,PayPal ,
T88881,,C620,Laptop,-5.0,,pay pal,completed
T88882,,C3262,Headphones,970.0,-624.8346279342875,PayPal ,Failed
T88884,,C1047,Coffee Machine,2.0,-632.4155039444693,Credit Card,Completed
T88885,,C272,Smartph,-2.0,915.4179321120166,credit card,completed
T88887,,C2556,Smartphone,262.0,715.2623661668805,PayPal,Pending
T88888,,C3247,Laptop,-7.0,-739.4041305124467,Credit Card,
T88889,,C1917,Coffee Machine,-8.0,114.9094059342041,pay pal,Failed
T88891,,C101,Laptop,1.0,,Cash,completed
T88892,,C013,Smartphone,3.0,538.6968429522128,Credit Card,complete
T88895,,C2871,S,452.0,,creditcard,Pending
,,C1986,Smartphone,2.0,-778.5015150468544,pay pal,Completed
T88898,,C1852,Coffee Machine,872.0,168.32371185815623,creditcard,completed
T88899,,C623,Headphon,983.0,,Cash,completed
T88900,,C1037,Smartphone,687.0,882.8781829922142,pay pal,completed
T88901,,C4958,Smartphone,4.0,-638.6776521692634,pay pal,Pending
,,C262,Smartphone,3.0,,PayPal ,
T88904,,C4569,Coffee Machine,,$-588.30,PayPal ,Pending
T88905,,C601,Laptop,3.0,,PayPal,Failed
T88906,,C3310,Coffee Machine,240.0,-446.8555006231171,creditcard,Pending
T88907,,C2818,Smartphone,-3.0,143.117681892184,PayPal,Completed
T88908,,C4981,Laptop,594.0,,pay pal,Pending
T88909,,C1939,Headphones,-9.0,,Credit Card,Completed
T88910,,C4367,Coffee Machine,7.0,-159.91870640708453,credit card,
T88916,,,Coffee Machine,-10.0,,Credit Card,Pending
T88918,,C2992,Tablet,545.0,-317.1279450237863,Cash,Pending
T88919,,C2846,Tablet,-10.0,,pay pal,Completed
T88920,,C1034,Headphones,,225.2009681917935,Cash,Completed
T88921,,C1194,Headpho,364.0,397.89015377645944,PayPal ,complete
T88922,,C1693,Tablet,6.0,,PayPal,
T88923,,C1597,Headphones,5.0,490.44150793504826,Credit Card,Pending
T88925,,C1236,Coffee Machine,-2.0,,Credit Card,Pending
T88926,,C3952,Coffee Machine,124.0,-662.8864991408302,creditcard,
T88928,,C2353,Smartphone,,-837.2711908158053,credit card,
T88930,,C483,Tablet,-2.0,,pay pal,Pending
T88931,,C1932,Headpho,,351.71579216890336,Credit Card,Failed
T88932,,C3332,Smartphone,8.0,,PayPal,complete
T88933,,C330,Coffee Machine,-2.0,,credit card,complete
T88934,,,Coffee Machine,4.0,-860.3747303711318,creditcard,Pending
T88936,,C242,Coffee Machine,952.0,978.4087881888103,pay pal,Pending
T88937,,C3258,Headphones,131.0,434.8255628947941,creditcard,Completed
T88938,,C3107,Headphones,9.0,,credit card,complete
T88940,,C635,Tablet,474.0,,pay pal,Completed
T88941,,C367,Tablet,680.0,766.685090651504,credit card,Failed
T88943,,C4069,Coffee Machine,-8.0,-717.0938395693638,creditcard,
T88945,,C2551,Smartphone,-6.0,-438.51520394926604,PayPal ,Completed
T88947,,C001,Coffee Machine,-7.0,$143.37,pay pal,Completed
T88949,,C2000,Smartphone,464.0,139.48489911946757,creditcard,Completed
T88951,,C220,Laptop,1.0,826.7633351336335,PayPal,Pending
T88952,,C2541,Headphones,6.0,,credit card,Pending
T88956,,C4413,Smartphone,832.0,-699.0947568835769,credit card,Completed
T88957,,C4328,Coffee Machine,-2.0,513.3583824355434,credit card,complete
,,C1039,Smartphone,945.0,405.2293767080403,Cash,complete
T88959,,C4515,Headphones,1.0,,creditcard,Pending
,,C3835,Laptop,178.0,-648.98821778149,creditcard,completed
T88962,,C482,Smartphone,377.0,-181.19917841418442,credit card,Completed
T88964,,C4272,Headphones,7.0,-318.30406067741103,Credit Card,Pending
T88965,,C1422,Coffee Machine,245.0,787.3585979558958,pay pal,complete
T88966,,C344,Headphones,625.0,-363.76309904846835,pay pal,Completed
T88967,,C3119,Tablet,-1.0,,PayPal,Failed
T88968,,C4124,Laptop,507.0,,credit card,
T88970,,C3002,Smartphone,832.0,-910.9266881098896,credit card,Completed
T88971,,C3377,Coffee Machine,880.0,$-370.45,creditcard,complete
T88972,,C2743,Tablet,663.0,640.9724216543641,PayPal,
T88973,,C2056,Smartphone,-6.0,227.26010935382052,PayPal,Completed
T88975,,C802,Coffee Machine,10.0,-424.09099627059095,Cash,Completed
T88976,,C2817,Lapt,-9.0,364.77638774608704,Cash,completed
T88978,,C2000,Tablet,5.0,-209.0760317389877,PayPal ,Pending
T88979,,C1775,Smartphone,-10.0,$492.05,credit card,complete
T88980,,C3088,Coffee Machine,7.0,752.394127868771,credit card,completed
T88982,,C415,Coffee Machine,10.0,-452.5624513424941,credit card,completed
T88983,,C1924,Tablet,3.0,,Cash,complete
T88984,,C2319,Laptop,6.0,-870.3645161412578,PayPal ,
T88985,,C1657,Smartphone,-9.0,,credit card,Failed
T88986,,C2117,Laptop,-5.0,-887.2547132254704,PayPal,Pending
,,C715,Co,990.0,$601.96,credit card,Failed
T88988,,C592,Headph,-1.0,,Credit Card,completed
T88989,,C953,Smartphone,3.0,,creditcard,
T88990,,C1034,Tablet,,513.5073557215251,PayPal ,Failed
T88991,,C1777,Smartphone,7.0,,Cash,
T88992,,C2870,Headphones,4.0,-462.27292349632216,PayPal,completed
,,C3220,Tablet,,466.01048734242886,credit card,completed
T88994,,C018,Headphones,3.0,$-454.64,PayPal,Failed
T88996,,C2564,Headphon,-8.0,-731.0121224713369,PayPal,Completed
T88998,,C2516,Smartphone,148.0,-141.2704681569221,credit card,completed
T89000,,C442,Headphones,851.0,90.96685591119578,pay pal,completed
T89001,,C4375,Tablet,-8.0,$487.90,Cash,Pending
T89002,,C742,Laptop,-5.0,398.5384737175975,Credit Card,Completed
T89003,,C190,Coffee Machine,-3.0,,PayPal ,
T89005,,,Coffee Machine,-6.0,,PayPal ,completed
T89006,,C2748,Coffee Machine,4.0,-296.0501047764378,credit card,Failed
T89007,,C2966,Headphones,-10.0,-794.4160493507189,Credit Card,complete
T89010,,C2165,Laptop,-2.0,-267.4916920259715,PayPal ,complete
T89011,,C1266,Headphones,309.0,,credit card,Pending
T89012,,C4697,Tablet,4.0,-122.02317679451585,Cash,complete
T89013,,C671,Coffee Machine,-4.0,,pay pal,Completed
T89014,,C4969,Coffee Machine,5.0,,credit card,Completed
T89015,,C429,Tab,364.0,-470.3677242978233,Credit Card,completed
T89018,,C3355,Sm,7.0,-470.25185985292114,credit card,Failed
,,C2571,Tablet,,273.8011796428534,Cash,complete
T89022,,C4846,Headphones,6.0,-234.5577593686993,PayPal ,Pending
T89023,,C2817,S,130.0,,creditcard,
T89024,,C147,Laptop,4.0,,creditcard,completed
T89025,,C2818,Tablet,8.0,-835.4710280891345,Credit Card,Pending
,,C3581,Headphones,7.0,-819.349562760275,credit card,
T89027,,C1484,Smartphone,5.0,,PayPal ,completed
T89028,,,Laptop,941.0,-943.8807400868192,PayPal ,Completed
T89031,,C185,Headphones,494.0,396.32107675621916,pay pal,Failed
T89032,,C566,Tab,,,credit card,Completed
T89033,,C2205,Coffee Machine,441.0,$195.57,credit card,Pending
T89035,,C650,Coffee Machine,-1.0,-877.8367368776802,Credit Card,Failed
T89036,,C2892,Smartphone,-7.0,-357.0864031737908,Cash,Pending
T89038,,C1955,Tablet,621.0,922.2632490322263,pay pal,Failed
T89039,,C960,Laptop,4.0,,PayPal,Failed
T89041,,C1198,T,,991.0158067444821,credit card,Completed
T89042,,C3517,Tablet,-2.0,767.3217004792431,PayPal,complete
T89044,,C1141,Tablet,798.0,-603.1693313859475,PayPal,completed
T89045,,C3801,Tablet,5.0,,Cash,Completed
T89046,,,Laptop,918.0,$-135.51,PayPal ,Failed
T89047,,C4546,Tablet,-1.0,-544.2357541054632,PayPal ,
T89048,,C3565,Coffee Machine,607.0,,PayPal ,completed
T89049,,C1969,Headphones,863.0,,Credit Card,
T89050,,C1314,Coffee Machine,9.0,433.87446389448183,PayPal,Completed
T89053,,C4181,Laptop,513.0,,Credit Card,Pending
T89054,,C3538,Smartphone,165.0,-765.8452925855037,Credit Card,complete
T89055,,C1969,Smartphone,410.0,,Credit Card,Pending
T89056,,C253,Tablet,690.0,,Credit Card,Completed
T89057,,C3726,Smartphone,487.0,,pay pal,complete
T89061,,C4321,Smartphone,911.0,,PayPal ,Completed
T89065,,C3156,Laptop,,,Cash,complete
T89066,,,Laptop,-7.0,$-787.47,pay pal,Pending
T89069,,C2425,Coffee Machine,9.0,,pay pal,complete
T89071,,C1574,Smart,6.0,618.5651108584383,creditcard,Pending
T89073,,C530,Headphones,-10.0,$617.71,pay pal,Failed
T89074,,C3307,Laptop,-5.0,51.592615529524224,Cash,Pending
T89075,,C2573,Laptop,933.0,434.3857048600598,Credit Card,Failed
T89076,,C4474,Smartp,-2.0,,creditcard,complete
T89077,,C2159,Smartphone,-9.0,-377.2296984326787,Credit Card,Completed
T89078,,C709,Coff,-3.0,-362.9070019506562,Cash,completed
T89079,,C3376,Coffee Machine,-3.0,-991.233726631956,pay pal,Failed
T89080,,,Headphones,-4.0,,pay pal,
T89081,,C114,Headphones,473.0,373.1062981135949,creditcard,
,,C1368,Laptop,,914.6406012653878,credit card,Failed
T89083,,C1485,Coffee Machine,225.0,,PayPal,complete
T89086,,C2631,Tablet,998.0,,PayPal,
T89090,,C3805,Smartphone,304.0,,Credit Card,Failed
T89091,,C2070,Tablet,-1.0,$359.89,creditcard,complete
T89092,,C501,Smartphone,-3.0,-85.89654907498573,Cash,
T89094,,C4807,Smartphone,989.0,$372.41,Cash,completed
T89095,,C4168,Smartphone,565.0,576.1922811182566,Credit Card,completed
T89096,,C1125,Smartphone,-9.0,692.239339820019,PayPal,Failed
T89097,,,Laptop,-8.0,,creditcard,Failed
T89099,,C298,Smartphone,-10.0,-213.1724722984559,creditcard,Completed
T89100,,C3736,Headphones,-4.0,-518.442920135471,pay pal,Pending
T89101,,C3502,Headphones,-5.0,,creditcard,Pending
T89102,,C2399,Smartphone,468.0,,creditcard,
T89103,,C3250,Laptop,5.0,$-956.83,PayPal ,Failed
T89104,,C2284,Tablet,723.0,-215.8568868444596,Cash,
T89105,,,Coffee Machine,-4.0,-169.7201740719405,creditcard,
T89106,,C2767,Tablet,-1.0,$-991.15,pay pal,
T89107,,C2623,Tablet,5.0,-464.8859670286183,creditcard,Pending
T89109,,C3656,Smartphone,-6.0,,Cash,Failed
T89110,,C455,Headphones,7.0,,PayPal,Completed
T89111,,C3938,Laptop,166.0,975.4561975280283,Cash,Pending
T89113,,C4181,Coffee Machine,802.0,752.3675050852402,creditcard,
T89114,,C1726,Laptop,3.0,,PayPal,completed
T89116,,C2137,Tablet,582.0,-732.6428230326094,creditcard,completed
T89117,,C1028,Coffee Machine,360.0,,PayPal ,complete
,,C2009,Laptop,10.0,,Cash,complete
T89120,,C3900,Coffee Machine,-1.0,$-474.57,pay pal,Completed
T89122,,C3341,Sma,8.0,$-727.05,creditcard,
T89123,,C2049,Tablet,9.0,,Cash,Pending
T89124,,C3823,Tablet,9.0,,creditcard,completed
T89126,,C964,Smartphone,7.0,-931.769436455539,PayPal ,Pending
T89127,,C4372,Smartphone,10.0,448.50213614346205,creditcard,
T89128,,C3916,Laptop,7.0,876.9120637273091,credit card,
T89129,,C3974,Smartphone,-5.0,375.73428026195876,pay pal,completed
T89130,,C3552,Headphones,107.0,,credit card,
T89131,,,Tablet,376.0,,creditcard,completed
T89132,,C1252,Coffee Machine,3.0,-732.2328450016199,pay pal,Failed
T89134,,C242,Tablet,3.0,-110.07061826460745,creditcard,complete
T89137,,C3812,Tablet,,,credit card,complete
T89138,,C414,Headphones,345.0,427.25274939571136,Credit Card,complete
T89139,,C3476,T,5.0,,creditcard,complete
T89140,,C2341,Coffee Machine,322.0,533.5300478912543,creditcard,Pending
,,C890,Smartphone,3.0,,Credit Card,Failed
T89143,,C1482,Laptop,-3.0,,Credit Card,completed
T89144,,C1494,Laptop,-7.0,-999.3142506744736,PayPal,Completed
T89147,,C425,Smartphone,-7.0,-639.1565548337276,creditcard,completed
T89148,,C4722,Laptop,109.0,273.8227549800788,creditcard,complete
T89149,,C2606,Tablet,7.0,966.1204099371461,credit card,Pending
T89150,,C1021,Coffee Machine,,499.2540685294506,Credit Card,complete
T89152,,,Headphones,,667.8208554274896,PayPal ,
T89155,,C1295,Laptop,-3.0,711.0714721940312,pay pal,completed
T89156,,C1982,Smartphone,-9.0,,Credit Card,Failed
T89157,,C3111,Cof,8.0,,Cash,Failed
T89159,,C4591,Laptop,632.0,,pay pal,Pending
T89161,,C281,Laptop,-9.0,,credit card,completed
T89164,,C3199,Hea,4.0,780.3940054181777,credit card,
T89165,,C1350,Tablet,668.0,-93.66560336676321,Cash,Completed
T89166,,C2775,Headphones,8.0,924.2651288659644,pay pal,Failed
T89167,,C1023,Laptop,8.0,,PayPal,Completed
T89168,,C4835,Coffee Machine,-10.0,,Cash,Failed
T13826,,,Tablet,674.0,490.7097884002236,Credit Card,Pending
T89170,,C2159,Laptop,199.0,,PayPal,complete
,,C4798,Coffee Machine,196.0,,creditcard,Pending
T19407,,C3790,Smartphone,-7.0,211.91719612000466,Cash,Failed
T89177,,C3528,Coffee Machine,719.0,,pay pal,
T89178,,C490,Tablet,519.0,,PayPal,
T89180,,C2405,Headphones,10.0,,Credit Card,complete
T89181,,C2185,Tablet,885.0,-630.4737460331335,Credit Card,Pending
T89182,,C3106,Smartphone,814.0,229.84373992602056,creditcard,Pending
T89184,,C2846,Coffee Machine,-7.0,,pay pal,
,,C3239,Headphones,,899.0378561751972,pay pal,Pending
T89186,,C4412,Laptop,428.0,-444.9327553526533,Cash,completed
T89189,,C1362,Headphones,4.0,$137.11,pay pal,complete
T89192,,C4090,Smartphone,3.0,,PayPal ,complete
T89193,,C927,Tablet,5.0,-993.2043613767325,PayPal,Pending
T89194,,C4002,Smartphone,-5.0,,Credit Card,Failed
T89196,,C4875,Laptop,580.0,-924.9919730370108,pay pal,completed
T89197,,C3877,Laptop,701.0,,creditcard,Pending
T89198,,,Laptop,381.0,-98.66896206907745,PayPal,
T89199,,C1901,Smartphone,7.0,723.3749319135901,Credit Card,completed
T89201,,C4059,Headphones,889.0,-843.9565421957082,credit card,Pending
T89202,,C1046,Tablet,635.0,,Credit Card,completed
T89203,,,Tablet,5.0,-533.7805683723435,PayPal,completed
T89204,,C213,Headphones,998.0,-247.85683988472715,credit card,Pending
T89205,,C3335,Tablet,109.0,-896.0031834557562,PayPal,Failed
T89207,,,Smartphone,169.0,,creditcard,completed
T89208,,C4790,Coffee Machine,9.0,-664.3866210779851,PayPal ,Pending
T89210,,C1262,Laptop,851.0,,credit card,Pending
T89211,,C1097,Smartphone,-10.0,-112.60039138172306,PayPal,Pending
T36217,,C3064,Smartphone,-2.0,$-731.69,Credit Card,Pending
T89213,,C2650,Laptop,-7.0,518.8102929421739,PayPal ,complete
T89214,,C3418,Tablet,3.0,803.8835487561452,Credit Card,completed
T89215,,C1566,Smartphone,455.0,,creditcard,Failed
T89216,,C3295,T,10.0,303.14573102433746,pay pal,completed
T89217,,C4063,Coff,-8.0,245.29490092620722,Cash,completed
T89218,,C2379,Headphones,925.0,-150.0091418232272,Credit Card,Completed
T54018,,C2393,Coffee Machine,-2.0,$-76.38,creditcard,Failed
T89220,,C4206,Coffee Machine,8.0,-753.8680609710639,creditcard,Completed
T88508,,C3605,Smartphone,-1.0,52.835432359451275,pay pal,Completed
T89225,,C471,Laptop,8.0,,creditcard,
T89226,,C2963,Tablet,209.0,-219.61734550599908,creditcard,complete
T89228,,C3022,Tablet,3.0,,PayPal ,completed
T89229,,C2647,Coffee Machine,-2.0,,Credit Card,Failed
T89230,,C905,Lapt,9.0,542.9815290450795,credit card,
T89231,,C4768,Coffee Machine,8.0,,Credit Card,Pending
T89233,,C1395,Tablet,-8.0,,pay pal,Failed
T89234,,C1552,Headphones,9.0,-501.99214762990465,PayPal ,
T89235,,C4446,Laptop,568.0,-209.71424325881924,PayPal,complete
T89236,,C4278,Tablet,408.0,$438.97,Credit Card,Pending
T89237,,C1769,Tablet,482.0,971.7458883962497,PayPal,complete
T89240,,C1834,Laptop,210.0,,credit card,Completed
T89243,,C337,Smartphone,4.0,-812.8085621476147,PayPal ,complete
T89245,,C2877,Tablet,955.0,,Cash,completed
T89246,,C2367,Laptop,-1.0,694.4487600163815,pay pal,Pending
T89248,,C4534,Smartphone,5.0,,Credit Card,complete
T89249,,C3652,Coffee Machine,339.0,,Cash,Pending
T89251,,C1640,Headphones,459.0,,creditcard,Pending
T89252,,C1843,Laptop,-5.0,302.27557824185527,pay pal,completed
T89254,,C3659,Smar,-2.0,-471.67204976373966,Credit Card,completed
T89255,,C1860,Smartphone,814.0,,Credit Card,Failed
T89256,,C4015,Coffee Machine,609.0,956.6926761063041,credit card,Completed
T89257,,C2352,Coffee Machine,776.0,,Cash,completed
T89262,,C3120,Coffee Machine,3.0,-899.937509725588,pay pal,
T89263,,C3900,Tablet,737.0,,Cash,completed
T89264,,C3504,Tablet,10.0,196.7297426340918,credit card,completed
T89265,,C4432,Coffee Mach,-6.0,,PayPal,completed
T89266,,C3090,Coffee Machine,833.0,-180.40049434354637,creditcard,Completed
T89270,,C2828,Headphones,-4.0,296.5766082281202,Credit Card,Failed
T89271,,C1279,Tablet,-6.0,450.11042444168066,pay pal,completed
,,C1201,Laptop,-3.0,-390.1912134048682,creditcard,
T89274,,,Headphones,-2.0,89.99859654050243,Credit Card,completed
T89275,,C642,Tablet,9.0,,pay pal,complete
T89277,,C1980,Sm,116.0,,credit card,completed
T89278,,C935,Tablet,-8.0,-331.1726340169631,PayPal,completed
T89281,,C803,Coffee Machine,-6.0,,PayPal ,Failed
,,C3216,Headphones,2.0,522.7958492679691,Credit Card,Completed
T89283,,C761,Headphones,7.0,972.805187521886,pay pal,Failed
T89284,,C009,Laptop,161.0,-326.33318941891264,creditcard,completed
T89285,,C583,Coffee Machine,485.0,$-729.09,Cash,Pending
T89287,,C4246,Smartphone,538.0,,PayPal ,
T89288,,C4771,Headphones,5.0,370.905927344855,Cash,Pending
T89289,,C3135,H,-7.0,,Credit Card,
T89290,,C3492,Smartphone,611.0,885.1611841703877,PayPal ,Failed
T89292,,C180,Headphones,140.0,334.0855436815153,Cash,
T89293,,C3475,Coffee Ma,-6.0,707.4813960264191,pay pal,Completed
T89294,,,Laptop,668.0,267.93483869951865,PayPal ,complete
T89295,,,Coffee Machine,285.0,464.22971693316435,Cash,Completed
T89296,,C984,Smartphone,2.0,832.4332250672694,pay pal,
T89297,,C4360,Coffee Machine,546.0,-561.1508241833175,creditcard,
T89298,,C3262,Tablet,5.0,-155.8049334234022,pay pal,complete
T89299,,C354,Tablet,10.0,-353.5712476995882,creditcard,Pending
T89301,,C3870,Headphones,3.0,,Credit Card,Pending
,,C1018,S,-10.0,-958.7882057074703,Cash,
T89304,,C4915,Laptop,7.0,,credit card,completed
T89305,,C4877,Laptop,7.0,161.76607951237798,pay pal,
T89306,,C3673,Tablet,848.0,,PayPal,completed
T89307,,C851,Lapt,-6.0,,credit card,complete
T89308,,C3060,Tablet,767.0,70.85031274629053,credit card,Completed
T89310,,C2496,Tablet,-3.0,465.36750452979146,Credit Card,completed
,,C541,Laptop,3.0,909.8560829976553,creditcard,Completed
T89312,,C2924,Coffee Machine,4.0,-696.748192422928,credit card,completed
T89313,,C4336,Smartphone,-2.0,,credit card,
T89314,,C3984,Laptop,-6.0,-530.6605702775454,PayPal,Pending
T89315,,C1851,Smartphone,-5.0,769.481278617849,pay pal,Pending
T89316,,C3231,Laptop,-8.0,273.02903244528443,credit card,completed
T89317,,C4088,Lapto,-8.0,,creditcard,
T89318,,C2176,Smartphone,261.0,816.3479426125998,Cash,completed
T89319,,C170,Laptop,-3.0,159.30033921737737,Cash,
T89320,,C4385,Smartphone,-5.0,,Credit Card,Failed
,,,Laptop,-3.0,-768.8806471358356,PayPal,complete
T89324,,C182,Tablet,7.0,,pay pal,
T89325,,C1008,Smartphone,179.0,,PayPal ,Failed
T89326,,C1520,Smartphone,307.0,-424.4692748780096,PayPal,Failed
T89327,,C1699,Smartphone,219.0,936.8477687465814,Credit Card,complete
T89329,,C056,Headphones,-3.0,394.4712328221805,Credit Card,complete
T89330,,C2689,Hea,730.0,-290.778371532134,credit card,
T89331,,C1285,Lap,2.0,262.3309320496554,pay pal,Pending
T89332,,C2637,Tablet,-2.0,-485.22124222062985,Cash,
T89334,,C1668,Headphones,831.0,-54.5419719160559,PayPal ,Failed
T89336,,C4411,Headphones,647.0,,pay pal,Failed
T89337,,C1470,Laptop,2.0,495.38948845347755,Cash,completed
T89338,,C269,Tablet,470.0,55.10627013531897,Credit Card,
T89341,,C254,Tablet,668.0,,pay pal,Pending
T89343,,C1278,Coffee Machine,-8.0,316.4911500280541,PayPal ,completed
T89344,,C4472,Tablet,-8.0,,creditcard,Failed
T89345,,C1506,Tablet,2.0,,credit card,Pending
T89349,,C4447,He,750.0,988.6020724347848,Credit Card,Failed
T89350,,C2310,Coffee Mac,263.0,758.3170615792039,pay pal,
T89353,,C3737,Coffee Machine,-9.0,,creditcard,complete
T89354,,C1914,Laptop,661.0,$-609.58,Credit Card,complete
,,C274,Coffee Machine,10.0,$920.75,creditcard,Completed
,,C1861,Laptop,8.0,574.2732243525467,credit card,Pending
T89357,,C3335,Coffee Machine,10.0,,credit card,completed
T89358,,C4618,Tablet,702.0,-812.6684982199821,creditcard,complete
T89360,,C4043,Smartphone,-10.0,304.52214796822227,Credit Card,
T89361,,C198,Smartphone,8.0,-649.834103379381,creditcard,Failed
T89362,,C3640,Tablet,,$622.30,creditcard,Pending
T89363,,C1824,Laptop,6.0,,Cash,completed
T89364,,C3118,Smartphone,-2.0,-710.302304800077,Credit Card,completed
T89365,,C4358,Smartphone,9.0,192.25694242139346,creditcard,
T89366,,C2389,Laptop,7.0,,Cash,Pending
T89369,,C3175,Laptop,714.0,-295.0491498127394,PayPal,Failed
T89370,,C4039,Laptop,-10.0,-928.3493697017022,PayPal,completed
T89371,,C503,Laptop,902.0,795.0995479149369,credit card,Pending
T89372,,C1280,Headphones,614.0,705.0837049968277,creditcard,
T89375,,C1736,Smartphone,575.0,$-742.77,Credit Card,complete
T89377,,C825,Smartphone,-4.0,-446.5920647878904,pay pal,Completed
T89378,,C2180,Headphones,425.0,-766.7231813213558,PayPal ,Pending
T89380,,C1210,Smartphone,110.0,,Cash,Completed
T89381,,C1250,Laptop,9.0,789.8491253833955,PayPal,Pending
T89384,,C4127,Laptop,3.0,-680.6695889608919,PayPal ,Failed
T89385,,C4489,Coffee Machine,8.0,,creditcard,Pending
T89387,,C4559,Headphones,-6.0,304.2954145335128,PayPal ,Failed
T89388,,C4144,Smartphone,772.0,-351.57913552069886,Credit Card,Completed
T89390,,C3879,Coffee Machine,-7.0,,creditcard,Completed
T89392,,C734,Tablet,-4.0,,pay pal,Failed
T89393,,C4538,Headphones,7.0,,credit card,completed
T89396,,,Tablet,-3.0,-675.2981187231708,pay pal,
T89397,,C4057,Smartphone,-7.0,649.0945922459474,creditcard,Completed
T89399,,C1842,Tablet,-10.0,-579.8866368432523,creditcard,
T89400,,C1717,Smartphone,8.0,-680.8343251273374,Credit Card,Pending
,,C4170,Smart,491.0,-634.1360316063738,creditcard,Pending
T89402,,C1014,Tablet,-10.0,,PayPal ,Completed
T89404,,C3761,Smartphone,-4.0,,Credit Card,Pending
,,C2877,Headphones,-10.0,,credit card,
T89406,,C3505,Coffee Machine,5.0,,Cash,
T89407,,C3227,La,10.0,-425.78215657151463,pay pal,completed
T89409,,C3474,Smartphone,-4.0,,PayPal ,Completed
T89410,,C4137,Smartphone,1.0,,Cash,Failed
T89412,,,Tablet,623.0,$-85.80,pay pal,completed
T89414,,C1157,Laptop,-9.0,-127.03572882705316,credit card,complete
T89415,,C1889,Headphones,,868.6417648233102,PayPal,Failed
T89417,,C2085,Coffee Machine,-1.0,869.3464918637815,PayPal ,completed
T89418,,C4117,Coffee Machine,6.0,,credit card,complete
T89419,,,Smartphone,685.0,-760.2031208872288,Cash,complete
T41155,,C2342,Coffee Machine,972.0,-189.2571010716306,Cash,Completed
T89426,,C2365,Laptop,525.0,$58.01,pay pal,
T89427,,C514,Laptop,850.0,65.77453107262531,PayPal ,Pending
T89429,,C076,Tablet,8.0,126.84106469994737,PayPal ,complete
T89433,,C4098,Smartphone,-4.0,-836.3641101126072,Credit Card,completed
T89434,,C856,Smartphone,-1.0,759.0554580308468,pay pal,
T89436,,C3036,Laptop,10.0,,PayPal ,Failed
T89437,,C736,Headphones,-10.0,-876.8921485847054,pay pal,Completed
T89438,,C2936,Coffee Machine,,837.7031588448896,credit card,Completed
T89440,,C2833,Laptop,384.0,-213.51298281588538,Cash,
T89441,,C1327,Laptop,-6.0,-439.0825348848648,PayPal,Completed
T89443,,C2516,Coffee Machine,-3.0,,creditcard,Pending
T89444,,C2304,Coffee Machi,873.0,806.2326126594617,Credit Card,completed
,,C4150,H,780.0,200.5045273301782,Cash,Completed
T89448,,C828,Headphones,1.0,222.7357385636147,PayPal ,Failed
T89449,,C2982,Smartphone,833.0,-834.4495676007194,pay pal,Pending
T89450,,C668,Coffee Machine,-10.0,,Cash,Completed
T89452,,,Smartphone,716.0,-600.9098725992558,creditcard,
T89456,,C2509,Tablet,156.0,55.81472778608822,PayPal,complete
T89459,,C2273,Coffee Ma,780.0,,Cash,
T89462,,C4453,Tablet,-3.0,667.3111420523992,credit card,Pending
T89464,,C4254,Table,417.0,,pay pal,Pending
T89465,,C1660,Tablet,424.0,,Cash,Pending
T89469,,C2936,Tablet,5.0,252.99992380079885,Credit Card,Failed
T89471,,C749,Headphones,8.0,,Cash,Pending
T89473,,C2640,Tablet,-10.0,963.2712302370529,Cash,Failed
T89474,,C486,Laptop,8.0,,creditcard,
T89475,,C2015,Coffee Machine,-1.0,$-496.82,pay pal,Completed
T89476,,C473,Coffee Machine,384.0,,pay pal,Failed
T89477,,C4898,Coffee Machine,542.0,,pay pal,complete
T89478,,C4817,Laptop,7.0,-716.4876710457459,credit card,Pending
T89479,,C389,Tablet,499.0,-745.9794731124584,PayPal ,Failed
T89481,,C3589,Laptop,-8.0,-231.3589785478772,Cash,complete
T89482,,C2767,Smartphone,2.0,202.36508461101187,PayPal ,Failed
T89483,,C3087,Headphones,5.0,599.9204807510853,PayPal ,completed
T89484,,C1623,Headphones,631.0,,Credit Card,Pending
T89485,,C1914,Smartphone,1.0,-843.8604772682477,PayPal,complete
T89487,,C2778,Laptop,-3.0,,Cash,Completed
T89488,,C969,Laptop,7.0,819.1549664291671,PayPal ,
,,C835,Smartphone,1.0,,Credit Card,complete
T89490,,C1602,Laptop,,865.4249370298905,Credit Card,complete
T89491,,,Coffee Machine,7.0,-205.18930646388753,credit card,completed
T89493,,C2941,Smartphone,394.0,,Credit Card,Completed
T89494,,C4312,Laptop,896.0,,pay pal,completed
T89496,,C3061,Smartphone,-6.0,404.7313037718563,PayPal ,complete
T89498,,C3918,Coffee Machine,-10.0,-536.6445018184337,PayPal,
T89500,,C1531,Smartphone,211.0,,creditcard,
T89501,,C4961,Smartphone,-3.0,866.6673719579543,pay pal,complete
T89504,,C4518,Headphones,-7.0,,Cash,Pending
T89505,,C400,Coffee Machine,737.0,282.90504398214864,Credit Card,Failed
T89506,,C3311,Laptop,-8.0,,PayPal ,complete
T89508,,C3569,Smartphone,931.0,,Cash,
T89509,,C3354,Headphones,1.0,483.81841095386403,creditcard,Completed
,,C1596,Coffee Machine,-10.0,,credit card,complete
T89514,,,Laptop,-6.0,,PayPal,completed
T89515,,C2614,Coffee Machine,102.0,-933.6150290150952,PayPal,complete
T89516,,C1210,Coffee Machine,-6.0,410.58841923695286,pay pal,Failed
T89519,,C4512,Smartphone,4.0,-195.22640550157212,pay pal,completed
T89520,,C905,Smartphone,420.0,,Credit Card,Failed
T89522,,C4793,Coffee Machine,239.0,,creditcard,Pending
T89523,,C2741,Coffee Machine,-5.0,624.6240047120019,PayPal ,Failed
T89524,,C4162,Smartphone,4.0,645.9379297494453,creditcard,Completed
T89525,,C1979,Smartphone,5.0,-510.232431849235,credit card,complete
T89528,,C2771,Tablet,1.0,357.6604214868416,PayPal ,
T89529,,C2712,Headphones,-7.0,,PayPal ,
T89531,,C602,Tablet,-7.0,-930.6942951263441,credit card,
T89532,,C2075,Tablet,1.0,$-235.65,creditcard,Completed
T89536,,C4152,Headphones,257.0,369.69415415424095,PayPal,
,,C4493,Coffee Machine,650.0,-185.01359744508102,PayPal,Completed
T89540,,C130,Smar,349.0,,PayPal,complete
T89541,,C1034,Tablet,330.0,320.35932744427174,pay pal,
T89543,,C3554,Laptop,317.0,$489.04,PayPal,
T89545,,C4241,Headphones,10.0,740.9309996005106,Credit Card,
T89546,,C2670,Headphones,425.0,436.7818242487762,Cash,completed
T89547,,C3650,Laptop,969.0,905.1191848140154,PayPal,
T89550,,C2772,Headphones,608.0,,Cash,Failed
T89552,,C881,Tablet,-9.0,515.0151126048463,Cash,Failed
T89554,,C4853,Laptop,174.0,-374.9887537596783,credit card,Failed
T89559,,C2747,Headphones,4.0,704.8389779194907,Cash,Pending
T89560,,C3873,Headphones,385.0,-392.18531506336365,credit card,Completed
T89563,,C4703,Laptop,-4.0,-999.0784093468075,PayPal ,Pending
T89564,,C4874,Laptop,119.0,-223.89382041270085,PayPal,Completed
T89566,,C3554,Headphones,-5.0,,PayPal ,
T89567,,C4377,Smartphone,9.0,-198.4395939936952,pay pal,complete
T89569,,C1512,Tablet,6.0,,pay pal,
T89570,,,Smar,-2.0,,pay pal,completed
T89571,,C2844,Laptop,906.0,50.892625425795565,pay pal,complete
T89572,,C397,Coffee Machine,780.0,-511.41596355012047,Cash,
T89573,,C2904,Tablet,514.0,129.3337835742911,Credit Card,Completed
T89574,,,Tablet,-3.0,,Credit Card,Completed
T89576,,C1856,Coffee Machine,4.0,-378.42081281937044,PayPal,completed
T70600,,C3758,Headphones,10.0,-807.9693444286298,pay pal,Failed
T89578,,,Headphones,750.0,,pay pal,Completed
T89580,,C3171,Smartphone,2.0,-466.87931675187883,Credit Card,Completed
T89581,,C1198,Tablet,-1.0,$-420.34,credit card,
T89582,,C2995,C,514.0,,Credit Card,Pending
,,C4155,Smartphone,-6.0,-266.4980700818653,Cash,Pending
T89584,,C3531,Coffee Machine,-1.0,66.70347568008266,Cash,Failed
T89585,,C1712,Smartphone,9.0,,Credit Card,completed
T89586,,C3512,Headphones,378.0,-723.5255275632478,credit card,Completed
T89587,,C2263,Tablet,-7.0,-429.631789120961,Credit Card,Pending
T89588,,C708,Smartphone,-8.0,$983.66,PayPal,
T89589,,C3994,Headphones,932.0,,credit card,completed
T89590,,C2712,Laptop,-9.0,-439.18285531119466,Cash,complete
T89594,,C3307,Tablet,-4.0,676.478959839516,pay pal,
T89595,,C4649,Smartphone,964.0,729.5396802478765,Credit Card,Completed
T89597,,C1196,Smartphon,806.0,,credit card,Failed
T89598,,C3176,Smartphone,8.0,274.7423966355627,pay pal,Failed
T89599,,C295,Laptop,278.0,-732.2514139743232,Credit Card,
T89601,,C3903,Coffee Machine,138.0,-335.3927400735448,Credit Card,Failed
T89602,,C1438,Headphones,3.0,,Cash,
T89604,,C4780,Laptop,161.0,,Credit Card,complete
T89605,,C3400,Smartphone,4.0,,PayPal,completed
T89606,,C3126,Coffee Machine,518.0,,credit card,Failed
T89607,,C866,Sm,194.0,982.8304504156066,pay pal,Failed
T89608,,C4527,Laptop,4.0,979.2029306076915,credit card,completed
T89610,,C1449,Smartphone,5.0,305.58752852417535,credit card,
T89611,,C007,Laptop,-9.0,834.2804378538995,credit card,Pending
T89612,,C2633,Laptop,3.0,$-355.34,creditcard,Pending
T89613,,,Headphones,3.0,$366.31,credit card,Failed
T89614,,C3832,Coffee Machine,112.0,987.0153337026627,Credit Card,
T89615,,C3150,Lap,-9.0,,Credit Card,Failed
T89616,,C4692,Headphones,-2.0,-484.3968612517609,Credit Card,completed
T89617,,C4239,Laptop,-6.0,,PayPal ,
T89618,,C4725,Headphones,8.0,$743.99,creditcard,Pending
T89620,,C3371,Smartphone,8.0,,Cash,Completed
T89621,,C3280,Smartphone,4.0,-89.20957109472374,PayPal,complete
T89626,,C2958,Tablet,5.0,-769.1375858991655,PayPal,complete
T89627,,C4786,Smartphone,,,credit card,Pending
T89628,,C4260,Headphones,875.0,,PayPal ,
T89629,,C2574,Smartphone,-2.0,,Credit Card,
T89630,,C681,Tablet,10.0,,credit card,Failed
T89631,,C036,Smartphone,-5.0,-776.1299797767165,Credit Card,completed
T89632,,C3647,Smartphone,539.0,-78.54619223951738,PayPal,Completed
T89633,,C1651,Smartphone,5.0,562.0558740552189,pay pal,complete
T89634,,C3073,Coffee Machine,-9.0,883.7101874093578,PayPal,Completed
T89637,,C442,Tablet,8.0,,creditcard,Completed
T89638,,C3529,Laptop,4.0,-434.8095324927391,pay pal,
T89639,,C204,Headphones,208.0,-564.584940789793,PayPal,Pending
T89640,,C4871,L,6.0,,Credit Card,complete
T89641,,C4134,Tablet,-1.0,,PayPal,
T89643,,C4059,Coffee Machine,2.0,,creditcard,completed
T89644,,C4214,Coffee Machine,290.0,814.2194690557783,credit card,Pending
T89645,,,S,-4.0,$997.35,PayPal,completed
T89646,,C1240,Coffee Machine,492.0,,PayPal,completed
T89648,,C4033,Coffee Machine,196.0,170.22911372705045,creditcard,completed
T89649,,C1426,Lapt,-10.0,890.7439234678084,PayPal ,
T89651,,,Smartphone,1.0,987.828526908528,Credit Card,complete
T89652,,C3951,Laptop,10.0,,PayPal ,Failed
T89654,,,Laptop,386.0,-150.30964738076784,PayPal,Completed
T89655,,C2610,Coffee Machine,783.0,-442.8986932725677,PayPal,Pending
T89656,,C008,Smartphone,432.0,,PayPal,Completed
T89659,,C4351,Coffee Machine,5.0,-975.1557021680526,Cash,Completed
T89661,,C2505,Tablet,6.0,-814.4450964831688,credit card,Failed
T89664,,C3732,Smartphone,873.0,,creditcard,Completed
,,C3656,Coffee Machine,135.0,,PayPal,Failed
T89666,,C376,Headphones,-7.0,-828.181905421972,PayPal,
T89668,,C3297,Laptop,5.0,,PayPal ,completed
T89669,,C3923,Tablet,-5.0,777.0686494053374,Cash,Failed
,,C4233,Smartphone,324.0,556.1538166863158,credit card,completed
T89671,,C4016,Laptop,813.0,598.3485252826052,creditcard,
T89672,,C2464,Tablet,-10.0,219.56686682791732,pay pal,completed
T89674,,C3701,Laptop,715.0,444.3274637370242,creditcard,Completed
T89675,,C4568,Laptop,-4.0,886.392758485554,Cash,Failed
T89676,,C1554,Coffee Machine,-9.0,173.2783034993847,creditcard,Failed
T89677,,C647,Laptop,5.0,$-518.21,PayPal ,complete
T89680,,C4186,Smartphone,343.0,,PayPal,complete
T89683,,C864,Coffee Mach,-7.0,-426.50164157145844,pay pal,
T89684,,C1352,Tablet,-2.0,811.0692981360598,creditcard,Failed
T89685,,C3381,L,273.0,,creditcard,complete
T89686,,C2057,Smartphone,-5.0,-304.16599014755025,credit card,Pending
T89687,,C3744,Coffee Machine,,,pay pal,Failed
T89692,,C1816,Laptop,5.0,-334.7174645664169,pay pal,
T89693,,C3323,Tablet,358.0,-571.7535805342904,Cash,Failed
T89694,,C1722,Laptop,10.0,537.2791879304389,PayPal ,completed
T89696,,C451,Headphones,9.0,429.4775949102102,credit card,
T89697,,C2758,Tablet,387.0,,pay pal,
T89698,,,Smartphone,430.0,$545.86,PayPal ,
T89700,,C2798,Smartphone,541.0,459.2256306025185,Cash,
T89702,,C4739,Coffee Machine,781.0,-745.7264601850281,creditcard,Failed
T89703,,C2375,Tablet,654.0,,PayPal ,Pending
T89704,,C2928,Laptop,6.0,868.7922792185673,PayPal ,completed
T89706,,C4711,Coffee Machine,-7.0,,credit card,completed
T89707,,C1621,Coffee Machine,4.0,,Credit Card,completed
T89709,,C2711,Coffee Machine,548.0,,PayPal,
T89710,,C1116,Coffee Machine,9.0,,PayPal ,Failed
T89711,,C3523,Tablet,-1.0,,pay pal,
T89712,,C2475,Headphones,6.0,410.02564139882116,Cash,Completed
T89713,,,Tablet,1.0,-862.855514004595,pay pal,complete
T89714,,C3158,Smartphone,643.0,-105.91674854211692,PayPal,Completed
T89715,,C607,Lap,-2.0,938.0742438076046,PayPal,Failed
T89716,,C1817,Coffee Machine,946.0,929.4242257972968,creditcard,Pending
T89717,,C308,Laptop,104.0,390.87186893638284,credit card,Pending
T89718,,C1100,Smartphone,595.0,-594.7865022211108,PayPal,Completed
,,C4543,Headphones,-6.0,796.5543699448474,credit card,completed
T89720,,,Smartphone,-7.0,,credit card,completed
T89721,,C1345,Headphones,-3.0,931.8532886701978,pay pal,Completed
T89722,,,Tablet,7.0,,credit card,Failed
T89723,,C1476,Coffee Machine,575.0,,Credit Card,
,,C2986,Headphones,224.0,654.4379449144665,PayPal ,Pending
T89725,,C4927,Coffee Machine,-5.0,-315.8690203826927,creditcard,completed
T89726,,C3474,Smartphone,353.0,-548.928124207329,pay pal,Pending
,,C1766,Tablet,1.0,-575.8220892679456,PayPal ,
T89729,,C2040,Laptop,-3.0,-764.675617762467,credit card,complete
T89730,,C3250,Tablet,203.0,-825.7233578845053,PayPal,Completed
T89731,,C460,Smartphone,1.0,-148.48820823590165,PayPal ,completed
T81615,,C4420,Smartphone,407.0,502.60745946994825,PayPal,completed
,,C2057,Tablet,-10.0,,PayPal ,
T89734,,,Headphones,7.0,407.7324770545434,PayPal,
T89735,,C2218,Headphones,-10.0,,creditcard,Failed
T89736,,C4755,Smartphone,-2.0,,Credit Card,complete
T89737,,C2817,Smartphone,305.0,-327.2820699111767,Cash,completed
T89738,,C4995,Headphones,3.0,,pay pal,Failed
T89739,,C1483,Tablet,775.0,890.0590753035073,PayPal ,Completed
T89740,,C3536,Laptop,2.0,,pay pal,complete
T89744,,C4203,Headphones,697.0,$-453.09,Cash,Failed
T89746,,C1821,Smart,4.0,235.74474363652672,PayPal,Failed
T89747,,C1769,Smartphone,9.0,-534.9568491206232,credit card,complete
,,C3686,Tab,316.0,-119.07076235674208,creditcard,complete
T89750,,C3948,Headphones,8.0,,PayPal ,completed
T89752,,,Sma,655.0,-974.3169938741103,creditcard,Pending
,,C3897,Tabl,-7.0,-194.80409025187316,Credit Card,Pending
T89754,,C2250,Smartphone,-7.0,$588.26,pay pal,
T89756,,C4881,Tablet,-2.0,-648.312865222772,creditcard,Pending
T89757,,C3041,Tablet,-10.0,587.3722967331823,Cash,complete
T89758,,C2578,Tablet,2.0,286.4093988304658,Credit Card,Failed
T89759,,C1466,La,757.0,,PayPal ,
T89761,,C2544,Headphones,2.0,596.9857799936674,PayPal,completed
T89762,,C1081,Laptop,4.0,235.3662870880375,PayPal,Completed
T89763,,C4451,Coffee Machine,-3.0,-83.10122025093176,PayPal ,
T89766,,C2415,Headphones,494.0,-190.6711477412698,PayPal ,Failed
T89767,,C3453,Headphones,5.0,,pay pal,Pending
T89768,,C4943,Laptop,-4.0,,Credit Card,Completed
,,C1868,Smartphone,-4.0,213.36379849436756,Credit Card,completed
T89773,,C3002,Smartphone,257.0,,credit card,completed
T89774,,C3604,Tablet,435.0,,pay pal,complete
T89775,,C3725,Headphones,986.0,,Cash,completed
,,C4907,Coffee Machine,555.0,,credit card,
T89778,,C768,Tablet,9.0,-702.7535739932325,credit card,
T89780,,C4290,Headphones,8.0,-597.0869899720585,PayPal ,Completed
T89781,,C320,Coffee Machi,2.0,,Cash,completed
T89783,,C3297,Coffee Machine,4.0,-518.7398444870304,Credit Card,completed
T89784,,C4404,Headphones,937.0,918.0843029118689,PayPal ,completed
T89786,,,Laptop,1.0,,PayPal,Failed
,,C3495,Headphones,10.0,870.8445970353106,Cash,Completed
T89788,,C2064,Tablet,542.0,,Cash,Failed
T89789,,C4555,Smartphone,2.0,,creditcard,complete
T89790,,C544,Tablet,-4.0,-957.960978046114,credit card,Pending
T89793,,C2868,Laptop,276.0,,creditcard,Failed
T89794,,C2854,Laptop,-10.0,61.9221423086122,Credit Card,Completed
T89795,,C2557,Tablet,7.0,,pay pal,complete
T89796,,C854,Headphones,,,Cash,Completed
T89797,,C551,Headphones,-2.0,351.42345665699173,pay pal,Completed
T89798,,C686,Tablet,2.0,,creditcard,
T89799,,C4355,Tablet,-10.0,,creditcard,Failed
T89800,,,Headphones,,705.3725304024292,credit card,
T89801,,C2280,Headphones,10.0,,creditcard,Failed
T89804,,C1507,Smartphone,-9.0,642.8497397938163,pay pal,Failed
T89805,,C404,Headphones,992.0,-695.3093635756195,credit card,Completed
T89806,,,Tablet,-10.0,,PayPal ,complete
T89808,,C2853,Headphones,367.0,,pay pal,Completed
T89810,,C2626,Smart,4.0,560.8468967379122,PayPal,Completed
T89811,,C1262,Laptop,-3.0,-948.0712245231513,PayPal ,
T89813,,C2299,Coffee Machine,820.0,,credit card,completed
T89816,,C4002,Smartphone,-6.0,-492.2272616456998,credit card,Failed
T89817,,C2266,Headphones,299.0,133.12841326219745,credit card,
T89819,,,Tablet,151.0,-334.4765388385906,PayPal ,Pending
T89820,,C1362,Smartphone,,175.09825260102855,Credit Card,
T89821,,C3507,Smartph,828.0,,PayPal ,Pending
T89823,,C531,Smartphone,442.0,-369.14478160480144,Credit Card,completed
T89824,,C3744,Smartphone,-1.0,,creditcard,complete
T89825,,C1961,Coffee Machine,763.0,-363.63344359730854,PayPal ,Pending
T89826,,,H,-10.0,,PayPal,Pending
T89827,,C3477,Laptop,445.0,,credit card,complete
T89828,,C1751,Laptop,6.0,,PayPal ,Failed
T89829,,C4889,Coffee Machine,-2.0,940.8921183514054,pay pal,
T89830,,C801,Tabl,740.0,75.59143339630913,Cash,completed
T89831,,C828,Laptop,643.0,-89.37149974570968,PayPal ,Completed
T89832,,C1187,Headphones,8.0,,creditcard,Pending
T89833,,C2932,Laptop,239.0,,PayPal ,Completed
T89834,,C607,Headphones,10.0,-646.7354949722098,PayPal,completed
T89835,,C3449,Laptop,9.0,-50.404030070162776,pay pal,
T89838,,C3689,Headphones,5.0,747.8192373616208,Cash,completed
T89839,,C3999,Tablet,219.0,,PayPal,completed
T89840,,C064,Headphones,,,pay pal,complete
T89842,,,Lap,-7.0,,creditcard,Completed
T89844,,C4371,Laptop,492.0,416.40207808104003,PayPal,completed
T89845,,C1708,Tablet,774.0,-259.767262912262,creditcard,Completed
T89846,,C2009,Smartphone,879.0,281.74565276747796,credit card,Failed
T89847,,C1180,Coffee Machine,1.0,983.0743068549174,pay pal,completed
T89848,,C4367,Headphones,275.0,,pay pal,Completed
T89850,,C1819,Coffee Machine,246.0,,credit card,Completed
T89851,,C2097,Headphones,,,PayPal ,Failed
T89852,,C2951,Tablet,862.0,103.34481536089454,credit card,Completed
T89854,,,La,329.0,-961.439292906333,pay pal,completed
T89856,,C2183,Headphones,-4.0,-398.2259464688418,PayPal,complete
T89857,,C2896,Smartphone,8.0,,credit card,Failed
T89860,,C2777,Table,9.0,,pay pal,completed
T89863,,C264,Laptop,696.0,428.9987541574227,credit card,complete
T89864,,,Headphones,1.0,400.84920724562676,credit card,completed
T89865,,C1200,Headphones,-3.0,,pay pal,
T89866,,C3540,Headphones,-8.0,162.40055476463073,PayPal ,completed
T89867,,C2496,Smartphone,-2.0,,credit card,completed
T89868,,C3329,Tablet,4.0,289.9714862153317,credit card,Pending
T89869,,C1487,Coffee Machine,,94.82241318539423,pay pal,complete
T89870,,C1295,Smartphone,-9.0,976.9475968670425,PayPal,completed
T89871,,C2555,Laptop,-10.0,,PayPal,completed
T89872,,C3529,Smartphone,,$402.21,pay pal,Pending
T89873,,C1847,Tablet,,,PayPal ,Failed
T89874,,C1026,Tablet,3.0,320.5435394446709,Credit Card,Failed
T89876,,C2925,Headphones,986.0,,PayPal ,Failed
T89877,,C346,Smartphone,-7.0,382.6485025694217,Cash,Pending
T89878,,C3470,Headphones,812.0,,creditcard,Failed
T89881,,C3847,Laptop,2.0,,Credit Card,Pending
T89883,,C816,Tablet,9.0,-451.317091893305,Credit Card,Pending
T89884,,C4805,Tablet,390.0,,pay pal,complete
T89885,,C3256,Headphones,326.0,662.1777872341111,Cash,
T89886,,C3938,Tablet,-1.0,,PayPal,Pending
T89889,,C2743,Tablet,-5.0,,Cash,completed
T89894,,C195,Laptop,946.0,$-459.28,creditcard,
,,C2821,Laptop,232.0,-587.9985729086632,credit card,Failed
T89897,,C4058,Laptop,8.0,-961.2606412135184,PayPal,completed
T89899,,C860,Smartphone,106.0,,creditcard,complete
T89902,,C2889,Tablet,-1.0,796.8913758199337,Cash,completed
T89904,,C3336,Tablet,,598.4081513193106,pay pal,Failed
T89905,,C4883,Smartphone,861.0,,creditcard,complete
T89906,,C3081,Laptop,291.0,443.2651979836056,Cash,Pending
T89907,,C3322,Coffee Machine,2.0,,credit card,Completed
T89908,,C995,Smartphone,405.0,-725.8068125234222,Cash,Failed
T89909,,C2185,Coffee Machine,794.0,-887.4823135581235,pay pal,complete
T89911,,C2761,Co,967.0,$-88.28,creditcard,Completed
T89912,,C1764,Headphones,127.0,,pay pal,Completed
T89915,,C2393,Laptop,-1.0,,PayPal,Completed
T89916,,C1233,Tab,,$-500.52,Credit Card,completed
T89917,,C294,Laptop,-3.0,,creditcard,
,,C1021,Tablet,192.0,$610.14,PayPal ,Failed
,,C1053,Tablet,716.0,,PayPal ,Completed
T89922,,C4258,Smartphone,186.0,469.6751263723887,creditcard,Completed
T89924,,C4712,Laptop,320.0,-274.5025572698946,pay pal,Failed
T89925,,C1210,Headphones,-6.0,-668.7018742993453,PayPal ,Pending
T89926,,C1159,Tablet,-9.0,650.7561240433507,credit card,complete
T89929,,C4155,Headphones,3.0,-627.4869543155703,Cash,complete
T89930,,C4415,Tablet,-6.0,992.6815423722,creditcard,Failed
T89931,,,Coffee Machine,-2.0,950.9270862890908,pay pal,Pending
T89933,,C2227,Coffee Machine,444.0,-924.1786530552943,Cash,completed
T89934,,C3593,La,-6.0,,pay pal,Failed
T89936,,C4213,Headphones,-6.0,-740.4461125801085,Credit Card,Failed
T89938,,C168,Tab,5.0,477.1832228164455,creditcard,completed
T89939,,,Headphones,3.0,783.8195634784189,PayPal ,completed
T89941,,C3510,Headphones,3.0,-541.5677592665993,credit card,Completed
T89943,,C2481,Coffee Machine,8.0,-846.0845507124909,PayPal ,complete
T89944,,C4777,Headphones,-9.0,-754.4782017810535,pay pal,complete
T89945,,C2729,Laptop,8.0,846.6700419686819,Credit Card,Pending
T89947,,C2357,Smartphone,-8.0,-748.3316055665218,credit card,complete
T89951,,C3740,Smartphone,8.0,,pay pal,
T89952,,C4460,Tablet,-4.0,,pay pal,complete
T89953,,,Headphones,-2.0,-827.1012457519486,PayPal,
T89954,,C4894,Smartphone,697.0,$961.51,credit card,Failed
T89955,,C4488,Coffee Machine,239.0,-95.85297847466325,creditcard,Failed
T89956,,C2091,Headphones,-2.0,-488.0903647246821,PayPal ,Completed
T89957,,C4902,Laptop,991.0,,PayPal ,completed
T89958,,C3232,Coffee Machine,-5.0,566.9408560723361,credit card,complete
T89959,,C2466,Smartphone,680.0,699.0523758670945,PayPal ,Pending
T89960,,C930,Tablet,2.0,171.94686395836305,Credit Card,completed
T89961,,C019,Smartphone,-1.0,,creditcard,Failed
T89963,,C904,Laptop,2.0,,PayPal,
T89964,,C4662,Tablet,-6.0,376.48731620168525,Cash,completed
T89967,,C3324,Headphones,10.0,-835.8462839398629,Cash,completed
T89970,,C4774,Smartphone,350.0,,credit card,complete
T89971,,,Headphones,6.0,,credit card,
T89974,,C654,Coffee Machine,-7.0,420.2622524752455,pay pal,Completed
T89975,,C293,Coffee Machine,7.0,,pay pal,Pending
T89976,,C554,Tablet,828.0,617.7997620435922,PayPal ,Failed
T89977,,C3441,Smartphone,3.0,,credit card,Completed
T89978,,C1889,Headph,388.0,-887.428318643159,Cash,
T89981,,C2272,Table,6.0,707.5209117689309,credit card,completed
T89982,,C2489,Smartphone,10.0,-655.2110430961131,PayPal ,completed
T89984,,,Headphones,2.0,446.1799517905635,PayPal,Failed
T89987,,C1461,Ta,3.0,53.99378091131582,PayPal ,
T89988,,C1711,Headphones,175.0,631.2991210847855,credit card,completed
T89990,,C2880,Headphones,643.0,$766.29,credit card,completed
T89991,,C2121,Smartphone,-8.0,368.1795295547228,Credit Card,complete
,,C2982,Coffee M,5.0,159.15885389829086,pay pal,Failed
T89994,,C3894,Smartphone,-3.0,-318.5502561080152,PayPal ,
T89995,,C1518,Coffee Machine,-3.0,-502.28625588588267,Credit Card,
T89996,,,Tablet,9.0,,creditcard,Pending
T89998,,C3077,Coffee Ma,9.0,-496.3694061075247,PayPal ,Completed
,,C4787,Lapt,-7.0,743.9040087151247,PayPal,completed
T90000,,C4761,Tablet,10.0,990.1536022544857,credit card,Pending
T90001,,C2957,Tablet,-10.0,-137.8847028799927,PayPal,Pending
T90002,,C1843,Headphones,1.0,,creditcard,Pending
T90003,,C598,Coffee Machine,716.0,-787.7441296488498,PayPal,Completed
T90004,,C3191,Smartphone,-8.0,383.1461452644902,Cash,completed
T90005,,C1426,Headphones,-10.0,-596.9145812291358,pay pal,complete
,,C3243,Smartphone,-5.0,951.1069012373417,Cash,Completed
T90009,,C4491,Headphones,962.0,,Cash,completed
T90011,,C283,Laptop,513.0,,pay pal,completed
T90012,,,Smartphone,5.0,-241.48276702917087,PayPal ,
T90013,,C3199,Coffee Machine,-5.0,-391.4258136146384,creditcard,
T90014,,C4370,Coffee Machine,5.0,-495.15624869159984,credit card,complete
T90015,,C018,Headph,567.0,473.8862787850633,PayPal ,Pending
T90016,,C4198,Smartphone,5.0,-730.0965882215918,pay pal,Pending
T90017,,C3749,Laptop,,-564.3619629593662,Cash,
T90018,,C4373,Headphones,6.0,-803.4101667829746,PayPal ,Completed
T90019,,C1251,Tablet,989.0,288.1244890657512,Credit Card,Pending
T90020,,C1232,Tablet,-2.0,,PayPal ,completed
T90021,,C3843,Coffee Machine,6.0,,Credit Card,Failed
T90022,,C4789,Tablet,-4.0,-158.7190009425458,Credit Card,
T90023,,C3285,Smartphone,584.0,703.0659547949814,Cash,Completed
,,C2422,Laptop,9.0,961.7445946262108,PayPal,
T90025,,C402,Laptop,-2.0,-376.7127738100763,Credit Card,
T90028,,C2839,Smartphone,9.0,,Credit Card,complete
T90029,,C4172,Smartphone,817.0,-168.0646983906595,pay pal,
T90032,,C217,Coffee Machi,554.0,-464.0005951533169,Cash,
T90033,,C2243,Smartphone,8.0,-208.16276631777282,creditcard,
T90034,,C1513,Headphones,8.0,830.5869155815855,creditcard,
T90035,,C778,Coffee Machine,-7.0,700.7185422587173,pay pal,
T90036,,C3549,Tablet,-8.0,-440.39405825667654,Cash,completed
T90037,,C4638,Coffee Machine,5.0,,credit card,
T90038,,C3798,Coffee Machine,2.0,,PayPal ,Failed
,,C3087,Laptop,4.0,$-305.96,PayPal ,completed
T90040,,C583,Headphones,931.0,-805.2455391954335,PayPal,
T90042,,C1868,Laptop,8.0,465.90568143422894,Credit Card,complete
T90043,,C3427,Coffee Machine,,,pay pal,Completed
T90046,,C462,Headphones,539.0,111.02230124898728,PayPal ,completed
T90047,,C2017,Coffee Machine,-8.0,,PayPal,completed
T90048,,C1672,Laptop,-6.0,-653.1641617857388,PayPal,complete
T90049,,C824,Tablet,-5.0,744.3645562529132,PayPal,Pending
T90050,,,Headphones,-8.0,$707.86,Cash,Completed
T90051,,C3712,Smartphone,1.0,739.7378702145278,credit card,
T90053,,C3967,Coffee Machine,485.0,,Cash,Pending
T90055,,C3836,Tablet,-2.0,,credit card,completed
T90057,,C3170,Coffee Machine,4.0,-923.3244382703047,Credit Card,
T90059,,C3258,Headphones,4.0,,PayPal,Completed
T90061,,C3772,Tablet,869.0,,PayPal,Failed
T90062,,C3344,Coffee Machine,-5.0,,pay pal,
T90063,,C1304,Ta,,$-523.84,PayPal,complete
,,C3469,L,3.0,,Cash,
T90067,,C1357,Laptop,-4.0,-377.1906844320457,PayPal,complete
T90069,,C1332,Headphones,3.0,-122.29770643297377,Credit Card,Completed
T90071,,C939,Tablet,6.0,446.99104400291753,Cash,completed
T90072,,C1381,Laptop,2.0,988.9150313241234,pay pal,Completed
T90073,,C2627,Headphones,-6.0,108.98027592350422,Credit Card,Failed
T90074,,C2750,Smartphone,184.0,263.2864974203409,PayPal,
T90075,,C1359,Head,-3.0,532.1068825910993,PayPal,Failed
T90076,,C1968,Headphones,-7.0,-238.41118640996444,PayPal ,
T90077,,C3179,Headphones,-7.0,,pay pal,complete
T90078,,C4035,Tablet,8.0,,PayPal ,Failed
T90079,,C1345,Laptop,583.0,404.67674469839983,PayPal ,Completed
T90080,,C1426,Headphones,7.0,$598.31,PayPal,Failed
T90081,,C4941,Headphones,4.0,56.98021306206618,pay pal,Failed
T90085,,C2861,Smartphone,-10.0,-486.48566803213293,credit card,Completed
T90086,,C2899,Coffee Machine,5.0,$396.61,PayPal,Completed
T90087,,C1539,Smartphone,490.0,-923.3382935466061,Credit Card,Pending
T90088,,C585,Coffee Machine,3.0,-954.5808794126681,credit card,Pending
T90089,,C3159,Smartphone,494.0,,credit card,complete
T90092,,C772,Coffee Machine,8.0,-185.18230462173415,creditcard,
T90094,,C2113,Laptop,9.0,,PayPal,Completed
T90095,,C2654,Headphones,-10.0,,Cash,Failed
T90096,,C812,Headphones,931.0,,PayPal,completed
T90101,,C4609,L,-7.0,,Cash,completed
T90103,,C3363,Coffee Machine,5.0,-817.5031056100036,Credit Card,complete
T90104,,C2516,Coffee Machine,652.0,,pay pal,completed
T90106,,,Laptop,-1.0,-360.5257592721206,Cash,
T90107,,C1626,Coffee Machine,539.0,-229.94041519093946,PayPal ,Pending
,,C4975,Headphones,10.0,826.7097231256547,PayPal ,Completed
T90113,,C1921,Tablet,291.0,246.25487264872996,creditcard,Failed
T90114,,C3603,Tablet,399.0,,PayPal,
T90115,,C1650,Headphones,6.0,,PayPal,complete
,,C4406,Coffee Machine,,-376.9893743583908,Credit Card,completed
T90117,,C084,Tablet,636.0,315.8617326581533,credit card,Failed
T90118,,C316,Tablet,795.0,-781.2125040606013,Credit Card,
T90119,,,Headphones,-5.0,-285.5095961679656,Credit Card,Completed
T90120,,C2740,Smartphone,6.0,347.93319104575204,pay pal,Completed
T90122,,C4446,Coffee Machi,497.0,,Cash,complete
T90124,,C334,Laptop,-5.0,623.3809263525249,PayPal,complete
T90126,,C2359,Headphones,114.0,,Cash,Failed
T90127,,C2909,Tablet,-7.0,959.6648624625791,PayPal,Pending
T90129,,C1570,Laptop,3.0,,PayPal,Completed
T90130,,C3978,Laptop,5.0,,creditcard,Pending
T90131,,C227,Headphones,1.0,-389.7938065366636,creditcard,completed
T90134,,,Headphones,6.0,-330.92273371347414,pay pal,completed
T90135,,C4865,Coffee Machine,-4.0,$-422.13,Cash,completed
T90136,,C4557,Tablet,312.0,996.2962607884793,pay pal,complete
T90138,,C2829,Coffee Machine,-4.0,-347.88065190818077,creditcard,Pending
T90139,,C1848,Headphones,133.0,,credit card,
T90140,,C3412,Headphones,-5.0,,PayPal ,complete
T90141,,C4511,Tablet,3.0,794.3025563876276,Credit Card,Completed
T90143,,C1781,Coffee Machine,10.0,,Cash,completed
T90144,,C3848,Smartphone,-4.0,,creditcard,completed
T90145,,C2800,Coffee Machine,-10.0,$287.87,PayPal,
T90147,,C2143,Headphones,-1.0,,Credit Card,Completed
T90148,,C3289,Tablet,477.0,,Cash,Failed
T90149,,C4481,Tablet,-6.0,,creditcard,completed
T90150,,C3585,Headphones,9.0,$-580.88,creditcard,complete
T90152,,C3281,Coff,9.0,-495.0070385923344,credit card,Failed
T90153,,C086,Smartphone,-10.0,300.060062878929,credit card,Pending
T90154,,C778,Table,9.0,,PayPal ,Completed
T90156,,C617,Coffee Machine,139.0,,credit card,completed
T90157,,C4414,Coffee Machine,9.0,,Credit Card,Pending
T90159,,C1370,Coffee Machine,596.0,272.4505941305266,PayPal,
T90160,,C2311,Tablet,592.0,-180.6199749167124,PayPal ,Failed
T90161,,C1154,Headphones,-8.0,-679.9827270434023,PayPal ,
T90162,,C4879,Tablet,-10.0,-225.80641190175254,credit card,Pending
T90164,,C2070,Headphones,263.0,,PayPal,
T90165,,C029,Headphones,322.0,$758.29,Credit Card,Completed
T90167,,C495,Tablet,-3.0,-886.2708284113804,credit card,Completed
T90168,,C4031,Coffee Machine,10.0,$570.81,pay pal,Pending
T90169,,C528,Tablet,699.0,151.1899421065342,creditcard,Failed
T90171,,C4569,Laptop,770.0,,Cash,completed
T90173,,C921,Smartphone,9.0,,PayPal,
T90177,,C2438,Tablet,650.0,,pay pal,complete
T90178,,C2426,Headphones,-10.0,,PayPal,Pending
T90181,,C280,Headphones,7.0,-704.2492640099977,credit card,completed
T90182,,C3701,Tablet,4.0,,pay pal,Pending
T90183,,C3434,Smartphone,8.0,,Cash,Completed
T90184,,C4970,Headphones,-6.0,54.35930564962047,Cash,completed
T90185,,C577,Smartphone,314.0,$-446.33,pay pal,completed
T90186,,C1173,Coffee Machine,-1.0,,credit card,completed
T90187,,,Coffee Machin,5.0,$758.49,creditcard,completed
T90188,,C4200,Smartphone,-2.0,465.7055452600804,creditcard,Pending
T90190,,C4967,He,10.0,-813.9193770476725,creditcard,complete
,,C4168,Smartphone,882.0,,Credit Card,Failed
T90192,,C4692,Coffee Machine,380.0,407.8126308823331,credit card,Pending
T90193,,C4376,Tablet,-1.0,,creditcard,Failed
T90194,,C2033,Tablet,869.0,618.425414380478,creditcard,Failed
T90195,,C2075,Coffee Machine,-8.0,137.6332151731383,PayPal ,Completed
T90197,,C4295,Tablet,-5.0,-675.8679457474846,PayPal ,
T90199,,C4585,Headphones,7.0,845.0435243172645,creditcard,completed
T90201,,C193,Headphones,122.0,-131.54265334476156,creditcard,Pending
T90202,,C3166,Coffee Machine,116.0,309.45575814065995,PayPal,Completed
T90205,,C3214,Headphones,-3.0,-61.58616738319972,Cash,Failed
T90207,,C3218,Laptop,946.0,916.4396636337979,pay pal,Failed
T90209,,C3459,Smartphone,5.0,-835.1455140400267,Credit Card,completed
T90210,,C2156,Headphones,6.0,403.88904216013213,pay pal,Failed
T90213,,C3664,Headphones,882.0,-58.73948368486481,PayPal,completed
T90214,,C1894,Smartphone,-4.0,$-870.00,PayPal ,
T90215,,C4364,Smartpho,8.0,-531.8816671297501,PayPal,Pending
T90217,,C3191,Laptop,7.0,,Cash,
T90219,,C3951,Smartphone,-4.0,591.501622708267,PayPal,Pending
T90220,,C501,Smartphone,7.0,-547.7086068823078,PayPal,completed
T90221,,,T,215.0,-238.19030824957838,Credit Card,completed
T90224,,C1542,Smartpho,8.0,$-295.10,Cash,complete
T90226,,C4694,Headphones,-2.0,-191.57861831606567,Cash,Failed
T90227,,C4484,Coffee Machine,285.0,,Cash,Pending
T90231,,C631,Laptop,2.0,284.97152906675865,creditcard,completed
T90232,,C1235,Tablet,522.0,,creditcard,Pending
T90235,,C4488,Coffee Machine,532.0,304.96384017354876,Credit Card,Pending
T90236,,C455,Coffee Machine,533.0,93.03683902986546,creditcard,complete
T90243,,C016,Smartphone,879.0,-191.89275560020292,PayPal,Completed
T90245,,C1828,Coffee Machine,8.0,-657.6235089270235,Credit Card,Completed
T90246,,C2105,Coffee Machine,705.0,-304.9708923528352,Cash,
T90248,,C4173,Smartphone,705.0,558.015798620814,PayPal,complete
T90249,,C4998,La,-7.0,960.1348029212178,PayPal,Pending
T90250,,C3622,Coffee Machine,9.0,-625.9194512576772,credit card,complete
T90251,,C2873,Coffee Machine,406.0,,pay pal,
T90252,,C2544,Smartphone,762.0,-287.19079450756567,Cash,Completed
T90253,,C4116,Smartphone,1.0,-742.5137212055503,creditcard,Completed
T90254,,C1232,Headphones,7.0,670.2970412486004,PayPal ,complete
T90255,,C4398,Laptop,-7.0,-149.29308574670824,pay pal,
T90256,,,Smartphone,445.0,,PayPal ,Completed
T90257,,C4194,Tablet,404.0,-568.3009684442889,credit card,Completed
T90258,,C2045,C,-4.0,,creditcard,Completed
T90260,,C1054,Headphones,-9.0,-747.9380194837208,PayPal ,completed
T90261,,C309,Headphones,906.0,-583.5221291511006,credit card,Failed
T90262,,C1021,Laptop,-6.0,-228.78009197163885,PayPal,Pending
T90263,,C4382,Tab,5.0,176.42970209357748,credit card,
T90264,,C4730,Headphones,6.0,$-222.62,PayPal,
T90265,,C2479,Smartphone,4.0,,credit card,Failed
T90266,,C2644,Headphones,-6.0,481.32225628890563,pay pal,complete
T90267,,C3047,Smartphone,993.0,-496.82241723630653,Credit Card,Failed
T90269,,C4176,Laptop,557.0,,pay pal,complete
T90270,,C3694,Headphones,-7.0,-884.6432854760039,PayPal,Pending
,,C4802,Head,277.0,-163.1365823849601,Credit Card,
T90272,,C3197,Tablet,-5.0,$934.73,credit card,complete
,,C349,Smartphone,-6.0,,creditcard,
T90275,,C4992,Lapto,4.0,,pay pal,Failed
T90276,,C1020,Laptop,-4.0,-861.3651436778495,Credit Card,complete
T90277,,C1816,Coffee Machine,1.0,,PayPal ,Completed
T90278,,C1049,Coffee Machine,-10.0,879.419879260453,Cash,Pending
T90279,,C3861,Headphones,8.0,669.7536648262802,Cash,
T90281,,C1700,Laptop,-6.0,,Cash,
T90285,,C1657,Laptop,10.0,122.45192921002587,pay pal,completed
T90286,,C1537,Laptop,545.0,,credit card,completed
T90289,,C696,Coffee Machine,-5.0,,creditcard,
T90290,,C2228,Laptop,9.0,,Credit Card,complete
T90291,,C2231,Laptop,740.0,475.6946665238058,Cash,Completed
,,C397,Laptop,156.0,-445.5643746463295,PayPal,
T90293,,C2308,Coffee Machine,-4.0,600.293722353417,Credit Card,completed
T90294,,C812,Laptop,3.0,135.12892781901104,Credit Card,Failed
T90295,,C2756,Tablet,2.0,$-669.13,credit card,completed
T90296,,C4275,Laptop,-1.0,396.5493524305963,PayPal ,complete
T90297,,C1715,Laptop,4.0,,pay pal,
T90298,,C2643,Tablet,6.0,-533.8513944259412,credit card,Failed
T90300,,C290,Headphones,621.0,,creditcard,Pending
T90301,,C3531,Headphones,558.0,904.7676184161276,pay pal,Pending
T90302,,C4581,Laptop,700.0,,credit card,
T90303,,C4443,Laptop,7.0,$-574.23,pay pal,complete
T90305,,C673,Coffee Machine,5.0,-155.13499448393088,pay pal,
T90306,,C1829,Smartphone,2.0,,Credit Card,complete
T90307,,C2401,Headphones,3.0,55.18339595998644,Cash,completed
T90308,,C3454,Smartphone,680.0,-333.336175762571,Cash,complete
T90310,,C2253,Laptop,,520.6575502766291,credit card,
T90311,,C127,Tablet,-8.0,,Credit Card,complete
T90312,,C295,Smart,929.0,516.9117266204814,Credit Card,Completed
T90313,,C043,Smartphone,8.0,-584.4725117386076,PayPal ,
T1685,,C1448,Headphones,8.0,-422.04091813234106,credit card,
T32644,,C4064,Laptop,719.0,,creditcard,Pending
T90321,,C2505,Headphones,6.0,293.6316142276934,pay pal,complete
T90322,,C3939,Coffee Machine,7.0,339.9611850256615,Cash,
T90323,,C2035,Coffee Machine,-10.0,-213.4186263449934,PayPal ,
T90324,,C2525,Smartphone,963.0,,PayPal ,complete
T90325,,C4527,Coffee Machine,601.0,,creditcard,Failed
T90327,,C791,Tabl,,,PayPal ,
T90331,,C3919,Coffee Machine,107.0,103.61370538621506,creditcard,
T90334,,C751,Coffee Machine,-7.0,-499.5841799540993,creditcard,Pending
T90335,,C4485,Headphones,-4.0,357.2817077090668,pay pal,complete
T90336,,C4415,Headphones,477.0,,PayPal ,Completed
T90337,,C3160,Headphones,6.0,820.9002329764221,PayPal ,Completed
T90338,,C2853,Headphones,-9.0,619.8782709469804,creditcard,Failed
T90339,,C950,Headphones,6.0,-195.7467910891669,creditcard,completed
T90340,,,Laptop,-9.0,-200.76733915295597,PayPal,Failed
T90341,,C2646,Coffee Machine,-5.0,,creditcard,Pending
T90344,,C2338,Laptop,3.0,$608.68,PayPal,complete
T90347,,C2248,Laptop,5.0,363.85355188890617,PayPal ,complete
T90348,,C3111,Smartphone,5.0,,pay pal,Completed
T90349,,C2757,Coffee Machine,6.0,600.326078715638,Credit Card,complete
T90351,,C143,Smartphone,6.0,-824.6448017522596,creditcard,complete
T90353,,C4377,Laptop,-7.0,172.2957472094007,Cash,Completed
T90356,,C4612,Coffee Machine,2.0,$-608.07,credit card,completed
T90358,,C3991,Ta,1.0,,Cash,Completed
T90360,,C3675,Tablet,809.0,-547.538732504796,pay pal,Pending
T90362,,C4429,Headphones,,-268.9842738558516,PayPal ,Pending
T90363,,C1678,Headphon,10.0,-684.8588731576481,pay pal,Pending
T90364,,C2251,Smartphone,4.0,-155.64563339290294,credit card,completed
T90365,,C1058,Laptop,-3.0,,PayPal ,Completed
T90368,,C4291,Laptop,254.0,575.4915440846084,creditcard,
,,C2241,Smartphone,-3.0,,PayPal ,
T90370,,C1322,Headphones,-4.0,113.14026838833546,credit card,Completed
T90371,,C3847,Coffee Machine,-5.0,,Cash,completed
T90372,,C4534,Headphones,,218.30116119629287,PayPal ,Pending
T48833,,C236,Tablet,-10.0,583.087611128553,credit card,Completed
T90375,,C2977,Coffee Machine,1.0,,creditcard,
T90376,,C1703,Laptop,954.0,$194.13,credit card,Pending
T90377,,C1515,Smartphone,-5.0,510.8553240908533,Credit Card,Failed
T90378,,,Headph,4.0,-760.336534755751,Credit Card,completed
T90380,,C4817,Tablet,705.0,-863.4647163069192,creditcard,Failed
T90382,,C282,Tablet,-1.0,419.8108479674873,PayPal,Failed
T90383,,C1333,Coffee Machine,6.0,-355.40349221463975,pay pal,Failed
T90384,,C1423,Laptop,640.0,429.1825638985202,PayPal,Failed
T90385,,C2686,Tablet,-3.0,,pay pal,
T90386,,C2212,Smartphone,885.0,62.97045298561993,credit card,
T90387,,C083,Tablet,-8.0,,PayPal,
T90389,,C3214,Headphones,-10.0,225.74333885723513,credit card,complete
T90392,,C325,Tablet,135.0,,Credit Card,completed
T90394,,C2275,Laptop,,,Cash,Completed
T90395,,C2655,Coffee Machine,-5.0,,credit card,completed
T90399,,C3988,La,124.0,,creditcard,
T90400,,C458,Smartphone,465.0,,credit card,Completed
T90401,,C4107,Coffee Machine,825.0,,Cash,complete
T90403,,C980,Laptop,9.0,928.5932412809659,pay pal,
T90405,,C1677,Coffee Machine,998.0,,PayPal,Completed
T90406,,C2651,Headphones,-9.0,902.9498789487974,creditcard,Pending
T90407,,C1656,Coffee Machin,-5.0,$-199.75,Cash,Completed
,,C1595,Laptop,,-181.89095620508488,PayPal ,completed
T28987,,C3621,Coffee Machine,769.0,,PayPal ,complete
T90411,,C1093,Headphones,4.0,,Cash,complete
T90412,,,Coffee Machine,152.0,-98.9104963564115,credit card,complete
T90413,,C4934,Tablet,4.0,-973.2403583435571,credit card,complete
T90414,,C1646,Tablet,3.0,179.90291777852542,PayPal,Failed
T90415,,C2760,Smartphone,-5.0,-767.2547411066345,Credit Card,Failed
T90416,,C677,Coffee Machine,1.0,986.0199926782607,pay pal,
,,C2633,Headp,-1.0,$-135.09,Credit Card,Completed
T90418,,C992,Tablet,314.0,443.49526929313487,pay pal,Failed
T90419,,C1657,Coffee Machine,-6.0,,Cash,complete
T90420,,C4190,Smart,-2.0,950.3098033967783,creditcard,
T90421,,C2937,Smartphone,700.0,,PayPal ,Failed
T90424,,C2672,Coffee Machine,-2.0,,Credit Card,Pending
T90425,,C1970,Headphones,1.0,,pay pal,Failed
,,C3942,Tablet,-7.0,950.870510369604,creditcard,complete
T90428,,C2801,Coffee Machine,584.0,-891.3815907266448,creditcard,
T90430,,C1852,Smartphone,390.0,364.4476645535961,pay pal,complete
T90432,,C1501,Tablet,497.0,764.6362369076566,pay pal,Failed
T90433,,C2267,Hea,2.0,,pay pal,
T90434,,C4125,Smartphon,-2.0,,Cash,
,,C1260,Laptop,,-796.2817584354882,pay pal,Pending
T90438,,C3796,Coffee Machine,956.0,704.8583889427069,Credit Card,Completed
T90440,,C727,Coffee Machine,8.0,-943.3386334843575,PayPal ,completed
T90441,,C2181,Tablet,643.0,,PayPal ,Completed
T90445,,C1640,Headphones,2.0,,Cash,
T90446,,C2147,Ta,845.0,,Cash,
T90447,,C3877,Coffee Machine,-3.0,,pay pal,complete
T90448,,C147,Coffee Machine,2.0,,credit card,complete
T90449,,C2859,Coffee Machine,785.0,-827.1233961383131,creditcard,
T90450,,,Tablet,4.0,-710.7322168531607,Cash,Failed
T90451,,C2271,Headphones,-4.0,$-891.22,credit card,Failed
T90452,,C2406,Smartphone,340.0,-255.6562615695949,Cash,Failed
T90454,,C3587,Coffee Machine,9.0,,PayPal,complete
T90458,,C1063,Laptop,,,Cash,
T90459,,C2214,Coffee Machine,-7.0,-318.0608348569276,PayPal ,Pending
T90461,,C629,Headphones,438.0,-184.39289620993986,PayPal ,completed
T90462,,C064,Tablet,-4.0,-680.2261981123111,creditcard,
T90463,,C1228,Laptop,1.0,356.63599872862704,Credit Card,Pending
T90464,,C1428,Headphones,5.0,,Credit Card,
T90465,,C4349,Laptop,953.0,,PayPal ,Pending
T90466,,C169,Tablet,-8.0,425.998403630107,Credit Card,Failed
,,C2894,Tablet,,,PayPal ,complete
T90468,,C2309,Coffee Machine,-3.0,$775.57,PayPal,Failed
T90469,,C584,Smartphone,-1.0,-292.0703163153588,Credit Card,completed
T90470,,C2180,Tablet,9.0,-745.2642259323412,pay pal,Failed
T90472,,,Headphones,302.0,-150.83875521929872,Credit Card,complete
T90476,,C511,Headphones,182.0,627.7839241834597,Cash,Pending
T90477,,C4512,Headphones,886.0,-914.3419711033049,PayPal ,complete
T90478,,C2303,Coffee Machine,-9.0,-135.17499634429828,PayPal ,Failed
T90479,,,Tablet,2.0,,credit card,Completed
T90480,,C1992,Coffee Machine,693.0,,creditcard,Failed
T90481,,C1150,Headphones,-5.0,565.9304205257549,Credit Card,complete
T90482,,C1755,Smartphone,-10.0,,PayPal ,Pending
T90483,,C4828,Coffee Machine,726.0,998.0285966453761,credit card,completed
T90484,,C4613,Tablet,-5.0,600.2143455735371,credit card,complete
T90486,,C1606,Laptop,2.0,,Credit Card,
T90488,,C4958,Laptop,5.0,,pay pal,Completed
T90489,,C3899,Headphones,-5.0,-667.9814776282797,PayPal ,Failed
T90490,,,Tablet,756.0,,Credit Card,completed
T90491,,C1007,Headphones,-6.0,,creditcard,
T90493,,C2378,Smartphone,-10.0,-665.7744630226779,PayPal,Pending
T90495,,C2347,Smartphone,730.0,,PayPal,completed
T90496,,C2382,Headphones,-10.0,,credit card,complete
T90497,,C2198,Ta,5.0,,creditcard,complete
T90499,,C515,Tablet,381.0,-949.1844667865691,Credit Card,Failed
T90500,,C2219,Smartphone,7.0,281.5631876055226,credit card,Pending
T90504,,C3924,Smartphone,418.0,-440.3047197943728,Credit Card,complete
T90507,,C3910,Laptop,446.0,-957.3940322320097,creditcard,Completed
T90508,,C302,Coffee Machine,-1.0,,creditcard,complete
T90510,,,Laptop,10.0,-290.122910652468,credit card,complete
T90511,,C2091,Laptop,454.0,-601.53784453293,creditcard,Completed
T90512,,C2998,Tablet,10.0,,creditcard,Pending
T90513,,C525,Coffee Machine,-4.0,919.0380011172732,pay pal,Completed
T90517,,C3837,Laptop,690.0,$-255.29,credit card,
T90518,,C4610,Lapto,367.0,-267.88104958385406,PayPal ,complete
T90519,,C527,Tablet,1.0,440.13052831859255,Cash,Pending
T90520,,C3564,Tablet,211.0,,credit card,completed
T90521,,C1559,Tablet,7.0,-282.515610016569,pay pal,completed
T90522,,C2205,Smartphone,1.0,,Credit Card,Pending
T90523,,C1435,Table,9.0,$263.68,credit card,
T90524,,C4043,Coffee Machine,142.0,,credit card,
T90529,,C1051,Laptop,6.0,994.4825383482394,Credit Card,
T90530,,C608,Coffee Machine,-4.0,,pay pal,Completed
T90532,,C3675,Laptop,454.0,-370.18788718746237,creditcard,
T90534,,C3612,Coffee Machine,-6.0,710.1773648516643,Cash,Completed
T90535,,C1770,T,-4.0,-557.9606199784007,PayPal ,Failed
T90537,,C930,Headphones,7.0,,PayPal,Failed
T90540,,C582,L,10.0,622.743990097795,Cash,Pending
T90542,,C2027,Tablet,9.0,,pay pal,Pending
T90543,,C1955,Tablet,-2.0,389.33946794220054,credit card,completed
T90544,,C2336,Headphones,172.0,-962.3856110722537,Cash,Completed
T90545,,C176,Smartphone,894.0,-629.5699482464178,Credit Card,completed
T90546,,C2811,Laptop,,-64.88146876703581,PayPal,
T90547,,C4114,Smartphone,10.0,-256.7475002539834,creditcard,Pending
T90549,,C2476,Tablet,-8.0,$451.50,Cash,
T90551,,C4250,Smartphone,-7.0,-970.6411852664576,PayPal ,
T90552,,C4820,Smartphone,471.0,,credit card,Pending
T90553,,,Tablet,916.0,$694.71,PayPal ,
T90554,,C4120,Coffee Machine,1.0,919.1565286840721,PayPal ,Failed
T90556,,C1931,Headphones,-1.0,-531.0985659071143,Cash,Completed
T90557,,C3032,Headphones,-8.0,348.8887399390187,PayPal,Pending
T90558,,C3506,Smartphone,7.0,71.26238132710021,Cash,
T90559,,C2554,Tablet,796.0,,pay pal,
T90562,,C216,Smartphone,646.0,$-232.01,Credit Card,
T90563,,C4177,Smartphone,393.0,737.2388885039858,credit card,Pending
T90564,,C771,Headphones,10.0,462.615896565391,PayPal ,complete
T90566,,C3922,Smartphone,455.0,,creditcard,Pending
T90568,,C3059,Laptop,-2.0,753.4075351014661,creditcard,Completed
,,C548,H,-3.0,564.5113506927759,Credit Card,Failed
T90570,,C2527,Smartphone,,802.8697363626031,PayPal ,completed
T90572,,C368,Coffee Machine,969.0,,PayPal ,complete
T90573,,C2900,Tablet,2.0,,credit card,Failed
T90574,,C521,Headphones,-4.0,-877.0203376484613,PayPal,
T90575,,C439,Laptop,864.0,189.46445656743515,Credit Card,Completed
T90576,,C3245,Laptop,3.0,-245.36909618390746,PayPal,
T90577,,C4543,Coffee Machine,1.0,-229.83405509416457,PayPal ,Failed
T90578,,C322,Laptop,795.0,-61.211901127585634,Credit Card,
T90580,,C4077,Smartphone,750.0,,Cash,completed
T90581,,C1005,Tablet,-10.0,$987.89,creditcard,
T90582,,C402,Headph,-8.0,-898.6449319529756,PayPal ,
T90587,,C1650,Smartphone,-8.0,,credit card,Failed
T90590,,C081,Headphones,-6.0,,Credit Card,complete
T90591,,C1466,Coffee Machine,-1.0,,creditcard,Completed
T90592,,C2886,Coffee Machine,192.0,714.4144858792378,PayPal ,completed
T90593,,C1427,Tablet,492.0,,PayPal,Failed
T90595,,C1431,Tablet,3.0,-649.4873746083458,creditcard,Pending
T90598,,C4369,Laptop,-9.0,-877.4602429659005,credit card,Completed
,,C1155,Smartphone,6.0,309.9746702149518,creditcard,Pending
T90600,,C4679,Smartphone,3.0,883.4844942055485,creditcard,Pending
T90601,,C114,Tablet,422.0,786.9428227670164,creditcard,Failed
T90602,,C3176,Coffee Machine,-2.0,483.9077806816788,PayPal ,
T90603,,C144,Tablet,10.0,,PayPal ,Completed
T90605,,C2761,Laptop,,532.5483637209719,credit card,completed
T90610,,C1352,Laptop,981.0,-688.6839768598836,Credit Card,Completed
T90611,,C3302,Laptop,-1.0,,PayPal ,completed
T90613,,C1872,Tablet,8.0,$231.54,pay pal,Completed
T90614,,C3887,Tablet,327.0,-644.5599014126717,pay pal,Failed
T90615,,C1528,Tablet,334.0,100.9117372640844,pay pal,Pending
T90616,,C1863,Smartpho,751.0,,Cash,Completed
T90617,,C4675,Headphones,,,PayPal,Failed
T90618,,C3179,Laptop,-6.0,534.623381984437,Credit Card,complete
T90619,,C655,Tablet,-8.0,-822.9245059826497,pay pal,complete
,,C1130,Headphones,986.0,$-940.72,Cash,complete
T90622,,C1827,Coffee Machine,-5.0,,credit card,Failed
T90623,,C1057,Coffee Machine,-2.0,440.083253774113,Cash,
T90624,,C2725,Coffee Machine,423.0,-479.29764885312443,creditcard,Completed
T90625,,C187,Smartphone,10.0,,credit card,Pending
T90626,,C661,T,4.0,625.4417110900155,PayPal ,complete
T90629,,,Smartphone,-8.0,,credit card,
T90630,,C4645,Tablet,-6.0,-50.05469256972674,Cash,Failed
T90631,,C570,Tablet,760.0,-368.0263414895045,Credit Card,
T90632,,C3920,Smartphone,497.0,-103.60873932660058,Credit Card,completed
T90633,,C4738,La,7.0,,PayPal ,complete
T90634,,C074,Tablet,7.0,690.7759077831325,Cash,complete
,,C2003,Laptop,,-366.3367659511291,PayPal,
T90636,,C3812,Headphones,739.0,75.00472932470548,Cash,Failed
T90637,,C4581,Smartphone,-7.0,664.7656238463012,PayPal,complete
T90638,,C4093,Laptop,-9.0,697.6814684622924,Cash,Completed
T90642,,,Coffee Machine,2.0,,Credit Card,completed
T90645,,C3616,Coffee Machine,-10.0,-753.5352365015086,credit card,
T90646,,C4697,Laptop,-5.0,,credit card,Failed
T90647,,C4080,Laptop,949.0,,PayPal ,
T90648,,C2978,Headphones,,-64.2426198651126,credit card,Pending
T90649,,C4198,Smartphone,-2.0,,pay pal,Pending
T90650,,C101,Laptop,4.0,807.2914704055597,creditcard,complete
T90651,,,Headphones,959.0,-650.7841050674369,PayPal ,complete
T90652,,C2299,Tablet,5.0,,Credit Card,Completed
T90653,,C3202,Laptop,2.0,$859.66,creditcard,Completed
T90655,,C4606,Headphones,931.0,,Credit Card,
T90656,,C4298,Smartphone,564.0,-256.83931042787935,credit card,Completed
,,C4141,S,-6.0,308.4435957009855,Cash,complete
T90659,,C3126,Smartphone,8.0,275.14158860332327,PayPal,Completed
T90661,,C3285,Tablet,-3.0,496.81280049906843,credit card,Pending
T90662,,C1706,Headphones,236.0,$50.18,pay pal,completed
T90666,,,Tablet,237.0,-884.1856758815752,pay pal,completed
T90667,,C025,Coffee Machine,7.0,-180.7868022178476,pay pal,Pending
T90668,,C2122,Smartphone,-10.0,,PayPal,Pending
T90669,,C4891,Smartphone,,-806.2864429371257,PayPal,Completed
T90670,,C1128,H,-4.0,100.55175525438308,PayPal ,Failed
T90672,,C301,Tablet,4.0,,PayPal ,Pending
T90673,,C1511,Laptop,3.0,$909.29,PayPal ,Failed
T90674,,C3497,Sma,-4.0,145.45546864800409,creditcard,Pending
T90675,,C197,Headphones,-3.0,,creditcard,Completed
T90679,,C4232,Tablet,3.0,-513.9280392807278,Credit Card,complete
T90680,,C437,Headphones,-7.0,137.92395317780023,PayPal,complete
T90681,,C4693,Tablet,-2.0,344.11316220300506,PayPal ,
T90683,,C1271,Laptop,686.0,530.1254301024446,creditcard,Failed
T90684,,C1529,Coffee Ma,-10.0,,credit card,Failed
T90685,,C3408,Headphones,762.0,-701.2081972427662,Credit Card,complete
T90687,,C2519,Laptop,9.0,530.2146616913592,pay pal,
T90688,,C4074,La,-8.0,840.3941440392855,Credit Card,completed
T90689,,C2672,Tablet,900.0,760.08187885034,PayPal,Failed
T90690,,C3366,Coffee Machi,850.0,,Credit Card,complete
T90691,,C3191,Tablet,-9.0,457.0678282108298,creditcard,Pending
T90692,,C4621,Laptop,642.0,$549.04,credit card,Pending
T90693,,C4732,Coffee Machine,550.0,140.2032318715024,PayPal ,complete
T90694,,C574,Headphones,4.0,,Cash,Failed
T90695,,C4748,Laptop,1.0,367.9490542148036,PayPal ,
T90696,,C1182,Tablet,7.0,,PayPal,Pending
T90697,,C276,Tablet,731.0,-875.4050697265425,PayPal,complete
T90698,,,Headphones,1.0,916.7505656231951,PayPal,complete
T90700,,C4658,Headphones,-7.0,778.9713020595407,Cash,Pending
T90701,,C4341,Coffee Machine,5.0,$691.11,Credit Card,
T90702,,C1901,Smartphone,,-90.01318483702573,Cash,Failed
T90703,,C1515,Smartphone,,728.284521238525,Cash,Failed
T90705,,C3357,Coffee Machine,,-266.5261472402743,Cash,completed
T90706,,C3757,Headphones,143.0,$-441.24,PayPal,completed
T90707,,C2563,Headphones,-1.0,279.0814959710939,Credit Card,complete
T90708,,C4863,Headphones,10.0,-852.7750580886365,PayPal ,completed
T90713,,C2713,Smartphone,-3.0,,PayPal,Failed
T90717,,C4362,Headphones,-6.0,712.3463409744795,credit card,Failed
T90718,,C658,Coffee Machine,694.0,,credit card,
T90721,,C1849,Tablet,2.0,655.7334821363951,PayPal ,Pending
T90723,,C2309,Smartphone,6.0,$-450.09,credit card,
T90724,,C3324,Laptop,308.0,145.792393222187,pay pal,Pending
,,C1867,Coffee Machine,223.0,-513.5056259736457,pay pal,complete
T90726,,C763,Tablet,10.0,764.4423880083949,PayPal,completed
T90727,,C1476,Coffee Machine,9.0,$467.61,Credit Card,Failed
,,C2909,Coffee ,133.0,,Credit Card,
T90729,,C190,Headphones,-1.0,,PayPal,complete
T90730,,C998,H,-6.0,79.04699253044024,Cash,completed
T90731,,C855,Tablet,517.0,966.0444434434851,Cash,complete
T90733,,C4767,Laptop,634.0,477.89525594738967,pay pal,Failed
T90734,,C1307,Headphones,885.0,-887.1084540972273,creditcard,completed
T90735,,C4055,Smartphone,,-459.76223513716445,PayPal,
T90738,,,Smartphone,-4.0,$-964.34,pay pal,Completed
T90739,,C3661,Smartphone,7.0,,credit card,Failed
T90741,,C2233,Smartphone,184.0,,PayPal ,Failed
T90742,,C3656,Coffee Mach,-3.0,-990.3204596868758,creditcard,Failed
T90745,,C4184,Coffee Machine,849.0,-183.49942391783554,PayPal,complete
T90746,,C437,Headphones,-9.0,152.6108560676814,Credit Card,completed
T90749,,C171,Coff,2.0,-148.71413876678832,PayPal ,
T90751,,C4252,Headphones,-10.0,,Credit Card,
T90752,,C335,Smartphone,,354.7461605540868,Credit Card,completed
T90753,,C3285,Headphones,9.0,155.71708945454293,pay pal,completed
T90754,,C4329,Smartphone,863.0,,pay pal,Completed
T90755,,C4142,Smartphone,7.0,-52.428394378046505,creditcard,complete
T90757,,C2645,Headphones,-9.0,-481.77760542191425,Credit Card,Pending
T90759,,C409,Laptop,-6.0,,pay pal,Pending
T90760,,C1807,Smartphone,6.0,-661.4476184481499,creditcard,Failed
T90762,,C4921,Smartphone,-5.0,-981.1627666101687,Cash,Failed
T90764,,C4327,Tablet,-3.0,,creditcard,
T90765,,C826,Laptop,-1.0,,PayPal ,Pending
T90766,,,Headphones,1.0,-901.6106474431326,pay pal,complete
T90770,,C4380,Headphones,330.0,-972.1635255386838,credit card,Failed
T90771,,C3619,Smartph,-3.0,,Cash,completed
T90773,,C3006,Laptop,,903.0664660041563,credit card,complete
T90774,,C3280,Headphones,-9.0,-854.1199098825408,Credit Card,complete
T90775,,C196,Headphones,-4.0,,pay pal,Completed
T90778,,C1708,Tablet,,96.5549551903081,credit card,Failed
T90780,,C102,Smartphone,1.0,-938.4818855585963,Cash,
T90782,,C510,Smartphone,-3.0,90.37240341403353,credit card,complete
T90783,,C276,Headphones,-3.0,789.1990465910542,pay pal,completed
T90784,,C4900,Headphones,2.0,-405.45045525087903,creditcard,completed
T90788,,C684,Smartphone,159.0,-762.2421095417362,creditcard,complete
T90789,,C1616,Headphones,830.0,-513.944148602658,Credit Card,completed
T62307,,C771,Laptop,1.0,-873.302623858076,creditcard,
T90793,,C585,Laptop,266.0,-834.0334540431214,PayPal ,completed
T90794,,C247,Tablet,-4.0,,Credit Card,Failed
T90796,,,Coffee Machine,-9.0,436.1971343081066,Credit Card,completed
T90799,,C2965,Tablet,5.0,-896.0203697566474,PayPal ,complete
T90802,,C4812,Smartphone,131.0,,credit card,Failed
T90803,,C2229,Laptop,4.0,-401.5764748319008,PayPal,Completed
T90804,,C1735,Headphones,,-517.7178026209795,Cash,completed
T90805,,C4618,Smartphone,-9.0,-282.01499911681117,PayPal,Pending
T90806,,C2828,Coffee Machine,,951.3377881642342,credit card,Failed
T90807,,C1723,Headphones,707.0,82.97119717598422,Credit Card,completed
T90808,,C1148,Smartphone,-6.0,,Cash,Pending
T83599,,C3872,Tablet,-2.0,,PayPal,complete
T90811,,C719,Laptop,3.0,653.2912674999698,pay pal,Completed
T90812,,C3196,Headphones,886.0,-526.3503056802781,Credit Card,Completed
T90813,,,Laptop,3.0,828.0395774058985,Credit Card,complete
T90815,,C215,Headphones,599.0,907.1539183846608,Cash,
T90817,,C3312,Tablet,346.0,,credit card,complete
T90819,,C390,Laptop,202.0,,credit card,completed
T90820,,C3659,Smartphone,724.0,279.7413987282273,credit card,Failed
T90821,,C2854,Lapto,-5.0,,Cash,completed
T90822,,C1030,Laptop,361.0,220.12410611912955,Cash,Pending
T90823,,C1937,Tablet,131.0,-759.8193152655001,credit card,completed
T90824,,C4957,Laptop,,-733.403275155124,PayPal ,Pending
T90827,,C3399,Laptop,-1.0,638.7511828136635,PayPal ,
T90829,,,Tablet,-10.0,-85.83403078020228,Cash,
T90830,,C4291,Tablet,443.0,,PayPal,complete
T90831,,C2496,Headphones,-10.0,,credit card,Completed
,,C3077,Coffee Machine,-8.0,,creditcard,
,,C4120,Tablet,986.0,416.7424673506796,credit card,
T90834,,C4127,Tablet,-9.0,,creditcard,complete
T90835,,C274,Coffee Machine,275.0,-201.65209875833784,credit card,
T90836,,C3639,Coffee Machine,215.0,,PayPal ,completed
T90837,,C985,Tablet,,,credit card,Failed
T90839,,C4848,Coffee Machin,608.0,,PayPal,
T90840,,C1382,Coffee Machine,593.0,218.05083775030863,credit card,Pending
T90841,,C4623,Laptop,8.0,$758.67,Cash,Failed
T90842,,C1517,Tablet,-3.0,385.6668428155365,Cash,Completed
T90844,,C3576,Smartphone,8.0,,PayPal ,complete
T90845,,C4208,Smartphone,822.0,,pay pal,complete
T90846,,C2788,Tablet,9.0,,PayPal ,Failed
T90850,,,Tablet,-7.0,771.8234057253463,Credit Card,complete
T90852,,C131,Laptop,-1.0,268.88211492521555,Cash,Completed
T90854,,C1898,Coffee Machine,-7.0,-703.1167292884779,credit card,complete
T90855,,C2021,Coffee Machine,2.0,806.6026239738042,Cash,complete
T90856,,C4830,Laptop,-7.0,,credit card,Failed
T90857,,C3342,Tablet,10.0,-268.4504885340866,Cash,Pending
T90859,,C1637,Headphones,6.0,,creditcard,
T90861,,C1849,Ta,-4.0,693.3113272893918,credit card,Failed
T90862,,C1652,Coffee Machine,10.0,659.6133694139676,credit card,Pending
T90863,,C3749,Tablet,-3.0,675.2041684076337,credit card,Failed
T90864,,C019,Headphones,996.0,,PayPal ,Failed
T90865,,C2552,Lapt,912.0,989.1703271387261,creditcard,Completed
T90866,,C2965,Tablet,-8.0,,credit card,Pending
T90872,,C4710,Coffee Machine,602.0,231.39435851373347,pay pal,complete
T90874,,C824,Laptop,-10.0,,credit card,Failed
T90875,,C1467,Coffee Machine,860.0,,Cash,completed
T90876,,C651,Tablet,-6.0,614.9744067395834,Credit Card,Pending
T90877,,C1305,Tablet,246.0,,creditcard,Completed
T90878,,C4473,Smartphone,-8.0,,pay pal,Failed
T90879,,C2229,Laptop,465.0,,PayPal,Completed
T90882,,C3474,T,135.0,96.29194416883189,PayPal ,Pending
T90883,,C1955,Tablet,-10.0,528.4556011510026,Credit Card,completed
T90884,,C681,Tablet,-4.0,-820.2812395407356,creditcard,Failed
T90885,,C998,Headph,-1.0,120.12020911992914,creditcard,complete
T90886,,C4505,Coffee Machine,-2.0,-952.4889917179158,Cash,completed
T90888,,C3158,Laptop,880.0,,PayPal ,complete
T90889,,C3361,Coffee Machine,5.0,-762.1062109071718,PayPal ,Completed
T90892,,C2991,Tablet,628.0,,PayPal ,complete
T90894,,C3739,Headphones,959.0,-80.33455052402542,credit card,Failed
T90895,,C1373,Laptop,534.0,,Credit Card,Failed
T90896,,C4038,Headph,-1.0,,credit card,
T90897,,C3422,Coffee Machine,-2.0,,PayPal ,complete
T90898,,C756,Coffee Machine,10.0,,PayPal,
T90900,,C155,Laptop,-2.0,-729.1531113499565,Cash,Completed
T90901,,C2926,Smartphone,-3.0,,creditcard,Failed
T90902,,C3821,Smartphone,-1.0,606.0389556921571,Cash,Pending
T90903,,C411,Tablet,549.0,,credit card,Pending
T90904,,C3325,Headphones,576.0,,credit card,Pending
T90906,,C4458,Coffee Machine,8.0,$984.21,PayPal,completed
T90910,,C3793,Laptop,1.0,-493.35733580233676,PayPal ,completed
T90911,,C4871,Tablet,6.0,364.1813325108134,Cash,complete
T25698,,C1789,Laptop,-3.0,-312.8958300820989,creditcard,
T90913,,C232,Tablet,-4.0,,PayPal ,Failed
T90917,,C262,Smartphone,3.0,798.2708868581451,Credit Card,Failed
T90918,,C3443,Coffee Machine,3.0,-580.2504329588224,PayPal,
T90921,,C1898,Tablet,721.0,,credit card,
T90922,,C2055,Coffee Machine,395.0,863.1570294907674,Credit Card,complete
T90924,,C2911,Smartphone,220.0,-245.9016614963898,credit card,
T90925,,C3593,Smartphone,9.0,-485.58135279975863,creditcard,Failed
T90927,,C3640,Smartphone,3.0,-294.75074402421933,credit card,Completed
T90929,,C3692,Laptop,-8.0,582.3500302229593,Cash,complete
T90931,,C1014,Tablet,543.0,-906.0807879760838,pay pal,Completed
T90932,,C077,Smartphone,-1.0,546.5885323883685,pay pal,Completed
T90934,,C1438,Coffee Machine,448.0,-763.4796687123244,creditcard,complete
T90935,,C4122,Coffee Machine,920.0,,creditcard,complete
T90936,,C3525,Smartphone,672.0,-604.6010648163225,Cash,
T90939,,C2276,Smartp,2.0,157.2648325550614,credit card,complete
T90940,,C2730,Tablet,685.0,,pay pal,
T90941,,C1011,Laptop,10.0,$895.57,Cash,Failed
T90942,,C1070,Headphones,842.0,,Credit Card,Completed
,,C1582,Smartphone,-7.0,,Credit Card,
T90944,,C1468,Co,374.0,196.77307650397353,pay pal,Pending
T90945,,C4836,Laptop,338.0,337.87083280060716,pay pal,Pending
T90950,,C4189,Smartphone,4.0,-733.2583527372481,credit card,Completed
T90952,,,Laptop,-8.0,-949.575956485167,credit card,Pending
T90953,,C2782,Laptop,-9.0,$445.23,credit card,
T90954,,C713,Headphones,633.0,-851.5576716628457,pay pal,Pending
T90956,,C4549,Headpho,609.0,-638.8978918271024,PayPal,Pending
T90957,,C1506,Smartphone,-7.0,572.746856543347,Cash,completed
T90958,,C1356,Tablet,387.0,$295.45,credit card,complete
T90960,,C4227,Coffee Machine,-7.0,446.1092930698744,PayPal,
T90961,,C3450,Tablet,-1.0,472.5046866146849,creditcard,Failed
T90962,,C1482,Tablet,360.0,-658.2661075766719,credit card,complete
T90964,,C2301,Laptop,8.0,377.62062220011967,creditcard,Completed
T90965,,C3436,Laptop,6.0,-993.75084233225,Cash,Failed
,,C2404,C,2.0,233.77905531949506,PayPal ,Pending
,,C3238,Laptop,8.0,102.1860178937747,credit card,
T90968,,C2557,Laptop,-6.0,-513.1148763432586,pay pal,completed
T58898,,C1272,Headphones,154.0,915.7971379373743,pay pal,Completed
T90971,,,Coffee Machine,316.0,668.6396317080407,PayPal ,Completed
T90972,,C3329,Headphones,3.0,,Cash,Failed
T90973,,C263,Tablet,965.0,-319.9039852557054,PayPal,
T90974,,C2173,Laptop,-10.0,-860.8852933742213,pay pal,complete
T90975,,C3470,Smartphone,-2.0,,PayPal ,completed
T90976,,C2427,Coffee Machine,414.0,,creditcard,completed
T90977,,C2622,Coffee Machine,-8.0,367.11149984707794,Credit Card,Failed
T90978,,C1816,Headphone,-4.0,,PayPal ,Completed
T90979,,C3189,Headph,-4.0,930.6982540736844,Cash,
T90980,,C3065,Tablet,-9.0,956.5310933499605,Cash,
T90981,,C2667,Laptop,4.0,736.1127095484532,Cash,
T90982,,C2514,Headphones,2.0,59.61248452964753,Cash,Completed
T90983,,C2331,Tablet,481.0,,credit card,
T90985,,C2340,Tablet,-6.0,956.6465571600695,Credit Card,Pending
T90987,,C106,Smartphone,-8.0,117.67432375334512,Cash,complete
T90989,,C619,Tablet,141.0,-446.12475766549073,credit card,Completed
T90990,,C258,Smartphone,4.0,,Cash,complete
,,C2068,Laptop,724.0,-426.3445339131823,PayPal,
,,C2085,Coffee Machine,405.0,,pay pal,Completed
T90993,,,Headphones,494.0,867.0552377138873,credit card,
T90995,,C2260,Headphones,-10.0,$52.45,pay pal,Pending
T90996,,C4341,Tablet,-4.0,102.83390214673317,PayPal ,Completed
T90998,,C3524,Coffee Machine,,,Cash,
T91000,,C051,Smartphone,386.0,,PayPal,completed
,,C371,Coffee Machine,224.0,,PayPal,Failed
T91003,,C3871,Coffee Machin,,,pay pal,Pending
T91006,,C1757,Headphones,170.0,-184.79009598302275,PayPal ,completed
T91007,,C3258,Headphones,4.0,686.2646946735183,Cash,completed
T91009,,,Laptop,-4.0,-106.09936503578865,creditcard,completed
T91010,,C3607,Coffee Machine,192.0,,pay pal,Failed
T91012,,C1877,Headphones,202.0,412.91789527424856,Cash,completed
T91013,,C742,Tablet,-9.0,,Cash,Failed
T91014,,C2797,Laptop,272.0,134.96008434229879,creditcard,completed
T91015,,C4551,Laptop,-6.0,-597.4445714314917,pay pal,
T91016,,C2792,Coffee M,9.0,-516.8363271627734,Credit Card,Pending
T91017,,C3420,Laptop,358.0,$795.30,credit card,completed
T91018,,C2769,Headphones,-3.0,547.3667464047264,PayPal,Pending
T91019,,C1194,Laptop,626.0,898.1336493665091,creditcard,Pending
T91020,,C2491,Smartphone,-8.0,-452.82573576935806,Credit Card,complete
T91021,,C2533,Tab,8.0,-439.22234447157166,Credit Card,completed
T91022,,C585,Tablet,4.0,-938.5702733785073,pay pal,Pending
T91024,,C1915,Cof,,,Credit Card,Failed
T91025,,C531,Headphones,-9.0,193.5563600132145,credit card,completed
T91027,,C2970,Headphones,7.0,,Credit Card,Pending
T91028,,C1638,Laptop,5.0,,Cash,complete
T91029,,C548,Headphones,316.0,,Cash,Failed
T91030,,,Laptop,-9.0,,Cash,completed
T91032,,C2771,Headphones,986.0,144.78886969639802,PayPal,completed
T91033,,C3102,Coffee Machine,6.0,-821.9888102152652,Credit Card,
T91037,,C2436,Tablet,-7.0,,PayPal ,Failed
T91038,,C233,Headphones,578.0,,pay pal,completed
T91039,,C068,Laptop,542.0,,Credit Card,
T91041,,C3001,Laptop,1.0,,creditcard,Failed
T91042,,C4582,Laptop,129.0,,Credit Card,
T91046,,C1080,Laptop,367.0,,PayPal,completed
T91047,,C4348,Tablet,-8.0,-825.8893665462795,credit card,Completed
T91048,,C1355,Smar,-5.0,502.285107571742,Cash,completed
T91049,,C4517,Smartpho,660.0,984.5045225819391,creditcard,Failed
T91051,,C2351,Smartphone,561.0,879.8836656437519,PayPal ,Failed
T91052,,C1542,Ta,609.0,-583.7462740710091,Credit Card,
T91054,,C2591,Sma,971.0,-905.0104364029507,credit card,complete
T91055,,C217,Laptop,703.0,$-997.75,pay pal,Completed
T91056,,C3758,Laptop,-10.0,234.0200309836076,pay pal,completed
T91057,,C2243,Hea,,-848.9478538998511,Credit Card,Failed
T91058,,C4556,Smartphone,939.0,691.7838449413251,PayPal,completed
T91060,,C859,Laptop,5.0,,PayPal ,Pending
T91061,,C1729,Smartphone,2.0,,Credit Card,Completed
T91063,,C3849,Headphones,281.0,-184.34260871157971,creditcard,completed
T91064,,C2783,Laptop,5.0,-847.0061953592026,Cash,Completed
T91066,,C2221,Headphones,10.0,379.52323334227754,pay pal,
T91068,,C3371,Tablet,-10.0,550.7383933327046,PayPal ,complete
T91069,,C4657,Coffee Machine,340.0,-336.6088150653626,Cash,complete
T91070,,C1487,Headphones,10.0,-211.22634613871116,Cash,Failed
T91071,,C2947,Laptop,-5.0,-582.7947096736958,PayPal ,completed
T91072,,,Smartphone,-4.0,,pay pal,completed
T91073,,C4347,Headphones,5.0,598.8637860291242,creditcard,Failed
,,C4848,Headphones,6.0,-117.9317346076001,Credit Card,
,,C427,Headphones,141.0,,Cash,completed
T91077,,C3077,Tablet,-7.0,765.5626491222987,PayPal ,Completed
T91078,,C555,Laptop,413.0,475.7831920686346,creditcard,
,,C1102,Coffee Machine,-1.0,643.3447718842043,PayPal ,Completed
T91081,,C4762,Tablet,10.0,-380.4009094658601,creditcard,
T91082,,C3242,Coffee Machine,5.0,-289.1963620186574,creditcard,Failed
T91084,,C4139,Tablet,722.0,,credit card,
T91087,,C1943,Headphones,655.0,465.7348071276545,PayPal,completed
,,C1623,Laptop,-1.0,,creditcard,
T91089,,C055,Coffee Machine,575.0,$572.12,Credit Card,complete
T91093,,C4082,Lapto,-8.0,-911.5917541089196,PayPal ,Completed
T91094,,C1091,Tablet,2.0,526.4327594609574,Cash,
T91095,,C4564,Smartphone,-3.0,718.8303366067908,pay pal,Completed
T91096,,C2837,Tablet,487.0,,creditcard,Completed
T91098,,,Coffee Machine,8.0,-126.62143588483707,creditcard,Completed
T91099,,C1477,Smartphone,-10.0,,Cash,Failed
T91100,,C122,Coffee Machine,9.0,878.5674067934815,credit card,completed
T91101,,C961,Tablet,-1.0,,credit card,Failed
T91102,,C3162,Headphones,9.0,213.35607285666393,Cash,Failed
T91103,,C2242,Laptop,1.0,-410.41922536885943,Cash,complete
T91104,,C4518,Smartphone,752.0,$-709.77,creditcard,complete
T91105,,C1913,Tablet,-1.0,,PayPal ,Pending
T91106,,,Tablet,-9.0,-532.8570047335975,PayPal,Completed
T91108,,,Laptop,8.0,709.1969234679526,Cash,completed
T91110,,C2083,Laptop,301.0,560.0459488086053,Cash,complete
T91113,,C3788,Laptop,680.0,-822.9390807138768,PayPal,Pending
T91115,,C2110,Tablet,-10.0,127.22818620884632,credit card,Failed
T91117,,C151,Smartphone,-5.0,,PayPal ,Failed
T91118,,,Tablet,177.0,-555.046175207477,Cash,Failed
T91120,,C3058,Hea,874.0,,Credit Card,Completed
T91123,,C1034,Tablet,-8.0,150.46972918906562,credit card,Pending
T91124,,C050,Coffee Machine,5.0,-843.7448422989098,PayPal ,Pending
T91127,,C3739,Headphones,3.0,,Cash,Failed
T91128,,C1958,Coffee Machine,10.0,,credit card,Pending
T91129,,C2240,Coffee Machine,-4.0,-599.0039866987124,Cash,completed
T91131,,C3960,Coffee Machine,-9.0,89.48382980862453,creditcard,completed
T91133,,C1624,Coffee Machine,5.0,859.0476685115807,pay pal,Pending
T91134,,C3072,Headphones,-6.0,-177.4168316900301,Credit Card,Completed
T91135,,C1441,Smartphone,974.0,,PayPal,completed
T91136,,C4680,Headphones,,-895.4085738323355,PayPal,Completed
T91137,,C3154,Coffee Machine,1.0,-66.02837857456586,Credit Card,completed
T91138,,C2332,Laptop,252.0,,PayPal ,Completed
T91140,,C665,Smartphone,873.0,,creditcard,Completed
T91141,,C4395,Coffee Machine,-1.0,-281.6013930645354,credit card,completed
T91143,,C154,Coffee Machine,-4.0,518.0587587058405,Credit Card,complete
T91144,,C1943,Headphones,840.0,-895.4564558033113,Cash,Completed
T91146,,,Tablet,-6.0,,credit card,Failed
T91147,,C3379,Smartphone,7.0,-402.0093743388809,creditcard,completed
T91149,,C742,Lap,324.0,-504.0553289782973,credit card,
T91150,,C3419,Headphones,-9.0,226.04911418539925,PayPal,
T91151,,C4935,Laptop,-10.0,-695.962095491733,credit card,Completed
T91152,,C939,Headphones,787.0,-460.17366825314457,creditcard,Completed
T91153,,,Laptop,2.0,710.2913590976514,Cash,complete
T91154,,C1368,Headphones,6.0,,PayPal ,complete
T91155,,C4149,Laptop,147.0,-848.024932390825,creditcard,completed
T91157,,C2943,Coffee Machine,2.0,,Cash,Pending
T91158,,C2999,Laptop,-5.0,,Credit Card,Failed
T91159,,C1866,Tablet,673.0,246.32874671153874,credit card,completed
T91160,,C4940,Smartphone,-7.0,235.88795684743982,PayPal,Completed
T91161,,C1728,Coffee Machine,699.0,$-869.91,PayPal ,complete
T91163,,C779,Smartphone,8.0,443.202123578811,creditcard,Completed
T91165,,C3172,Laptop,1000.0,994.1182139175146,PayPal ,Pending
T91166,,C574,Coffee Machine,3.0,-178.42563050049466,Credit Card,Pending
T91167,,,Headph,-6.0,802.2905795253471,PayPal ,Pending
T91168,,C006,Tablet,,-732.1695369542126,credit card,Failed
T91172,,,Headphones,-3.0,-661.1571892137508,Credit Card,Failed
T91174,,C027,Headphones,2.0,97.770103551038,PayPal,Completed
T91175,,C3386,Coffee Machine,892.0,,PayPal,Completed
T91176,,C1882,Coffee Machine,221.0,,Cash,Pending
,,C4740,Headphones,-3.0,,PayPal ,
T91178,,,Tablet,641.0,-897.1054930975432,Credit Card,completed
T91181,,,Laptop,-10.0,-620.1880305740754,PayPal ,
T91182,,C4468,Coffee Machine,793.0,-782.038440117553,PayPal,Pending
T91183,,C4140,Laptop,550.0,970.3977033718111,Cash,Pending
,,C3870,Smartphone,336.0,460.7067330953599,PayPal ,completed
T91185,,C581,Smartphone,273.0,419.6940897376533,pay pal,complete
T91187,,C3755,Laptop,686.0,-694.0063023946661,Cash,Pending
T91189,,C153,L,4.0,640.4150607045573,creditcard,Pending
T91194,,C3028,Headphones,558.0,,Credit Card,completed
T91196,,C1458,Laptop,903.0,-287.83331468368294,pay pal,complete
T91197,,C2709,Smartphone,291.0,$545.29,Cash,Failed
T91198,,C3013,Tablet,632.0,$-404.58,Credit Card,Completed
T91199,,C2585,Laptop,-6.0,-180.26139022204325,creditcard,Failed
T91201,,C3846,Headphones,10.0,-483.3071016385777,pay pal,Failed
T91202,,C3591,Headphones,2.0,-566.3579819140728,Cash,Failed
T91203,,C847,Tablet,882.0,$-477.35,credit card,
T91205,,C1234,Headphones,1.0,,PayPal,complete
T91206,,C218,Smartphone,8.0,,credit card,Failed
T91207,,,Smartphone,-7.0,203.75915999583427,pay pal,Pending
T91208,,C080,Coffee Machine,-2.0,,Cash,complete
T91210,,C3484,Headphones,4.0,-967.7191996868379,credit card,completed
T91211,,C2073,Coffee Machine,180.0,-610.836067150736,Credit Card,Failed
T91212,,C2041,Laptop,4.0,,PayPal,Failed
T91213,,C2041,Laptop,1.0,123.44352100684682,credit card,Failed
T91215,,C4566,Laptop,-5.0,,PayPal,Failed
T91216,,C2334,Smartphone,8.0,$951.20,PayPal ,completed
T91217,,C195,Laptop,-8.0,,pay pal,complete
T91218,,C172,Headphones,3.0,514.0587959943377,PayPal ,Failed
T91219,,C4103,Lap,138.0,,Cash,complete
T91220,,C3375,Headphones,9.0,-254.46043622023444,Cash,completed
T91221,,,Headphones,-9.0,-900.426789679944,pay pal,complete
T91222,,C1101,Tablet,8.0,,PayPal,Failed
T91223,,C3926,Laptop,4.0,398.24145722616845,Cash,completed
T91225,,C2777,Coffee Machine,-6.0,$-710.84,creditcard,complete
T91227,,C2728,Smartp,-9.0,929.1597401858456,PayPal ,Pending
T91228,,C751,Tablet,-1.0,,pay pal,Pending
T91229,,C1287,Laptop,8.0,,PayPal,Pending
T91230,,C1590,Coffee Machine,-10.0,,PayPal,Pending
T91231,,C3730,Ta,-2.0,,credit card,
T91234,,C880,Headphones,6.0,-716.4206272801039,PayPal,
T91235,,C3206,Coffee Machine,-6.0,,PayPal ,complete
T91236,,C2889,Headphones,540.0,,PayPal ,
T91237,,C856,Table,1.0,384.04436105869445,Cash,completed
T91239,,C1019,Smartphone,211.0,,pay pal,
T91240,,C4510,La,236.0,181.2794413068243,creditcard,
T91241,,C070,Tablet,-10.0,123.39396792783906,credit card,
,,C613,La,9.0,-483.116798138822,credit card,complete
,,C1281,Headphones,-2.0,$-85.63,PayPal ,
T91246,,C2005,Coffee Machine,416.0,-97.39186809508374,Cash,completed
T91247,,C4168,Headphones,4.0,-941.6392943233512,PayPal ,
T91249,,C1816,Ta,635.0,,credit card,completed
T91250,,C2384,Coffee Machine,,538.8373630841297,credit card,Failed
T91251,,C4915,Headphones,8.0,,Credit Card,Completed
T91252,,C3487,Laptop,9.0,565.9457321421461,PayPal ,Pending
T91253,,C4581,Laptop,,,pay pal,Completed
T91256,,C584,Lap,1.0,195.64118737476144,Credit Card,
T91257,,C4319,Tablet,-3.0,$-64.60,creditcard,
T91258,,C2255,Headphones,-4.0,,pay pal,completed
T91259,,,Tablet,538.0,762.0016139743881,credit card,complete
T91260,,C1090,Laptop,,-952.0891379858448,PayPal,Failed
T91261,,C2336,Tablet,-10.0,391.45938089616715,credit card,completed
T91262,,C1896,Headphones,3.0,-242.24651505583552,creditcard,
T91263,,,Coffee ,5.0,305.4867672115572,creditcard,Completed
T91268,,C848,Tablet,827.0,-663.7061674826914,Cash,
T91270,,C973,Smartphone,334.0,104.30695611599292,Cash,Pending
T91271,,C2609,Headphones,5.0,462.36468849216294,creditcard,complete
T91273,,C1555,Tablet,1.0,,PayPal,completed
T91274,,C2980,Headphones,5.0,-275.04461295018416,PayPal ,
T91276,,C2483,Tablet,-2.0,649.3658451652062,Credit Card,Pending
T33101,,C3392,Coffee Machine,8.0,,PayPal ,complete
T91282,,C3659,Tablet,462.0,,PayPal,Failed
T91283,,C903,Tablet,-6.0,669.7986734878108,PayPal,
T91284,,C1265,Smartphone,-7.0,,credit card,completed
T91285,,C155,Laptop,252.0,712.052903865184,PayPal ,
T91286,,C2974,Coffee Machine,-9.0,,pay pal,
T91287,,C1712,Headphones,157.0,483.1656546686886,creditcard,complete
T91288,,,Headphones,9.0,-732.6872064536869,creditcard,Pending
T91289,,C2375,Tablet,-3.0,$-152.19,PayPal,complete
T91291,,C2598,Coffee Ma,1.0,-670.4152008683413,PayPal ,Failed
,,C1750,Smartphone,-1.0,-952.8823042579746,creditcard,complete
T91293,,C4720,Laptop,558.0,$419.07,PayPal,Failed
T91294,,C4193,Laptop,-1.0,118.82924420414928,creditcard,complete
T91296,,C081,Coffee Machine,2.0,-627.2802069053187,pay pal,Failed
T91297,,C4123,Laptop,860.0,502.1409653551595,PayPal,completed
T91299,,C4995,Headphones,146.0,553.4714090312043,PayPal ,complete
T91301,,C1390,Headphones,726.0,,PayPal ,Completed
T91302,,C034,Laptop,-1.0,,pay pal,complete
T91303,,C4575,Headphones,502.0,$94.18,Credit Card,Completed
T91304,,C2319,Headphones,-1.0,,PayPal ,complete
T91305,,C2266,Smartphone,589.0,108.74845960886583,Credit Card,completed
T91306,,C1897,Tablet,557.0,,Credit Card,Failed
T91308,,C2693,Headphones,608.0,121.0749737997538,PayPal,Completed
T91310,,C1511,Smartphone,-10.0,,PayPal,completed
,,C4185,Headp,1.0,192.83037674113896,Credit Card,Completed
T91313,,C2998,Tablet,-7.0,-965.9598374267783,PayPal ,Pending
T91314,,C1980,Smartphone,2.0,639.1655980311934,pay pal,
T91318,,C4640,Smartphone,585.0,,PayPal,completed
T91320,,C4716,Coffee Machine,-6.0,-426.67850444676253,Cash,
T91321,,C474,Smartphone,6.0,,pay pal,Completed
T91322,,C399,Tablet,489.0,592.3792616925602,PayPal ,complete
T91324,,C2714,Lap,3.0,,pay pal,Failed
T91329,,C2696,Smartphone,-1.0,158.35325254901812,credit card,completed
T91330,,C1678,Laptop,827.0,,PayPal ,completed
T91331,,C252,Coffee Machine,,,pay pal,complete
,,C1442,Tablet,-9.0,,Cash,Completed
T91334,,C4530,Laptop,609.0,891.7567062632367,Credit Card,Completed
T91335,,,Smartphone,6.0,,PayPal,Failed
T91336,,C1825,Lap,,,creditcard,complete
T91337,,C2397,Laptop,-4.0,440.7466514911101,credit card,
T91338,,C2085,Coffee Machine,2.0,,creditcard,
T91339,,C2491,Laptop,-4.0,-352.12942504921364,PayPal ,completed
T91340,,C4355,La,9.0,314.4336633250166,Credit Card,Pending
T91342,,C2043,Coffee Machine,-4.0,,PayPal,Failed
T91344,,C3391,Laptop,249.0,,credit card,Completed
T91345,,,Lapt,-5.0,480.1299702940513,pay pal,complete
T91346,,,Tablet,-6.0,,PayPal ,Failed
T91347,,C2071,Tablet,-7.0,782.8297877965807,Cash,Failed
T91348,,C3329,Tablet,-10.0,,Cash,Failed
T91349,,C1956,Coffee Machine,-3.0,,credit card,Failed
T91351,,C3146,Headphon,1.0,,credit card,Pending
T91352,,C4794,Smartphone,4.0,-751.1516944467865,creditcard,
T91354,,C3109,Coffee Machine,521.0,507.3737276353792,PayPal,Completed
T91355,,C2758,Headphones,1.0,884.5889263665765,PayPal,completed
T91357,,C2110,Tablet,-6.0,$-700.90,credit card,complete
T91361,,C3791,Headphones,5.0,,credit card,completed
,,C2221,Coffee Machine,8.0,,creditcard,Failed
T91363,,C1011,Coffee Machine,380.0,869.0053054580058,credit card,completed
T91364,,C1532,Smartphone,308.0,,Credit Card,
T91366,,C4973,Tablet,-6.0,-958.9688225461357,PayPal,completed
T91368,,C4049,Headphones,-3.0,-362.28060802896346,PayPal,
T91369,,C1020,Coffee Machine,-6.0,,credit card,complete
T91370,,C071,Laptop,-9.0,,PayPal,
T91371,,C4413,Laptop,3.0,694.9964031870853,PayPal ,
T91372,,C2019,Table,2.0,-499.26582257505686,creditcard,complete
T91373,,C4102,Headphones,-10.0,442.0325081401506,pay pal,Pending
T91375,,C3583,Headphones,5.0,-318.6217666769745,PayPal ,Pending
T91377,,C1882,Smartphone,9.0,-528.231768492949,Credit Card,Failed
T91378,,C3331,Laptop,1.0,,pay pal,complete
T91379,,C1268,Smartphone,9.0,-882.1904742435636,PayPal ,
T91381,,,Smartphone,579.0,485.6774747352057,credit card,Completed
T91382,,C4527,Headphones,7.0,,pay pal,Failed
T91383,,C4116,Laptop,-4.0,-592.2225384488316,Credit Card,
T91385,,C052,Smartphone,4.0,-255.02177869672926,credit card,completed
T91386,,C599,Coffee Machine,744.0,,PayPal,completed
T91387,,C2779,Laptop,361.0,-985.822152833084,PayPal,completed
T91388,,C2366,Coffee Machine,10.0,-496.8692421441434,Credit Card,
,,C1807,Coffee Machine,5.0,-930.8687810794721,PayPal,
,,C3215,Headphones,-5.0,,Credit Card,Failed
T91392,,C3184,Coffee Machine,265.0,-359.30566987464954,PayPal ,complete
T91393,,C4891,Coffee Machine,-2.0,,Cash,Pending
T91395,,C3964,Coffee Machine,279.0,,PayPal,Failed
T91397,,C2556,Tablet,-2.0,-221.82323781619095,PayPal,complete
T91399,,C1019,Smartphone,-8.0,,Credit Card,Pending
T91401,,C549,Laptop,,,Cash,Completed
T91403,,C1063,Laptop,322.0,-382.167391075276,credit card,completed
T91404,,C1725,Tablet,-5.0,-586.7982941574511,PayPal ,Completed
T91405,,C2526,Smartphone,-6.0,,Credit Card,Completed
T91406,,C3327,Headphones,10.0,598.7673646549083,Cash,Failed
T91407,,C4225,Laptop,423.0,,PayPal,Failed
T91408,,C351,Headphones,537.0,,Credit Card,complete
T91412,,C1830,Tablet,838.0,,credit card,complete
T91414,,C3056,Headphones,-1.0,52.30387538757502,credit card,
T91416,,C2318,Headphones,-7.0,-611.5548700626216,PayPal ,completed
T91417,,C2099,Laptop,,,PayPal,completed
T91418,,C4505,Coffee Machine,-2.0,,creditcard,complete
T91419,,C2604,Laptop,4.0,-349.537429626997,credit card,Failed
T91420,,C1567,Smartphone,-9.0,-830.9624589202324,creditcard,completed
T91421,,C2956,Headphones,862.0,696.5246463964755,PayPal ,completed
T91422,,C1117,Headphones,234.0,$-739.62,PayPal,Pending
T91426,,C1720,Laptop,909.0,-501.236720725096,creditcard,Completed
T91428,,C4978,Headphones,1.0,642.9310956400523,Credit Card,
T91429,,C4911,Laptop,8.0,,PayPal ,Completed
T91430,,C2848,Coffee Machine,1.0,-207.1815579929937,PayPal ,Completed
T91433,,C714,Coffee Machine,3.0,-338.716871183257,PayPal ,
T91434,,C161,Tablet,901.0,-691.5742524123435,creditcard,Pending
T91435,,C3697,Headphones,2.0,778.4560531465179,Credit Card,Pending
T91436,,C893,Headphones,-8.0,,Cash,Pending
T91437,,C4621,Tablet,573.0,-965.7234879682738,PayPal,completed
T91438,,C3619,Smartphone,-5.0,598.527826815802,Credit Card,complete
T91439,,C1116,Laptop,4.0,,Cash,Pending
T91440,,C1570,Headphones,-3.0,,credit card,completed
T91442,,C856,Coffee Machine,317.0,988.1293153939645,pay pal,Failed
T91444,,C3852,Coffee Machine,1.0,,Cash,Pending
T91445,,C3059,Tablet,-2.0,-362.2096828593171,PayPal,complete
T91446,,C2908,Headphones,8.0,-426.0711727387219,Cash,Completed
T91447,,C1262,Coffee Machine,293.0,237.9836299488075,Credit Card,Pending
T91448,,C150,Smartpho,1.0,-629.458697059561,pay pal,complete
T91450,,C3870,Smartphone,1.0,,Cash,complete
T91451,,C2875,Smartphone,1.0,-938.2120941015307,credit card,Failed
T91452,,C004,Smartphone,-6.0,,creditcard,Failed
,,C2933,Coffee Machine,316.0,$-961.52,Cash,
T91454,,,Smartphone,9.0,,Credit Card,completed
T91458,,C4162,Headphones,832.0,491.9845190932578,creditcard,completed
T91459,,C4826,Smartphone,650.0,405.44823106241034,creditcard,Completed
T91460,,C1465,Coffee Machine,-5.0,-915.2479514985965,Credit Card,Completed
T91461,,C1083,Headphones,-8.0,,credit card,Pending
T91462,,C3048,Coffee Machine,10.0,,Credit Card,Pending
T91463,,C614,Headphones,175.0,,PayPal ,completed
T91466,,C3236,Laptop,-1.0,-426.4386884337855,Credit Card,Completed
T91468,,C3161,Tablet,439.0,-526.193091879426,Cash,complete
T91469,,C2800,Coffee Machine,10.0,235.00705041549688,pay pal,completed
T91470,,C4333,Headphones,695.0,145.55177890690987,PayPal ,Completed
T91471,,C1576,Headphones,330.0,,pay pal,complete
T91472,,C434,Laptop,783.0,$905.82,pay pal,Completed
T91473,,C150,Tablet,-5.0,128.43061583561277,Cash,completed
T91474,,C3997,Headphones,-7.0,,pay pal,completed
T91475,,C3662,Coffee Machine,10.0,,credit card,complete
T91476,,C3130,Headphones,-10.0,$668.03,creditcard,Completed
T91477,,C1143,Headphones,-7.0,163.91224676189182,credit card,Pending
T91479,,C1568,Headphones,482.0,-659.1511797496428,PayPal ,complete
T91480,,C4827,Laptop,-9.0,-507.62167928694294,Credit Card,
T91481,,C4474,Smartphone,-2.0,-95.17701051288077,Cash,completed
T91482,,C4328,Headphones,7.0,248.61263704682472,pay pal,Completed
T91485,,C2246,Headphones,631.0,953.2163884405362,creditcard,
T91486,,C138,Tablet,4.0,,creditcard,Completed
T91487,,C1355,Laptop,-2.0,-988.7275701500524,PayPal ,Completed
T91488,,C1227,Headphones,1.0,655.8589641049549,credit card,complete
T91489,,C2629,Tablet,5.0,-562.7944769106282,Credit Card,Failed
T91491,,C1779,Tablet,771.0,-759.4701448731585,pay pal,Failed
T91492,,C2171,Coffee Machine,6.0,,Credit Card,
T91493,,C060,Laptop,485.0,$-837.10,credit card,complete
T91494,,C2234,Coffee Machine,4.0,-562.2073021181734,PayPal,Failed
T91495,,C3186,Coffee Machine,203.0,598.3640772479393,pay pal,completed
T91496,,C4748,Headp,2.0,,credit card,Pending
T91498,,C2783,Tab,960.0,551.8199575304271,Credit Card,Failed
T91499,,C3666,Headphones,-8.0,,Credit Card,Pending
T91500,,C399,Coffee Machine,-1.0,-969.146133199312,PayPal,Pending
T91501,,C1942,Headphones,6.0,,credit card,complete
T91502,,C1002,Tablet,-10.0,217.9296439252842,pay pal,completed
T91503,,C2831,Laptop,,139.82627417188377,creditcard,
T91504,,C3945,Smartp,-3.0,-773.5343487773441,PayPal,Failed
T91506,,C1350,Headphones,-4.0,,Credit Card,
T91507,,C1607,Laptop,956.0,-568.1860805883165,Cash,Completed
T91508,,C4573,Headphones,343.0,836.7907698989068,pay pal,Failed
T91509,,C4955,Tablet,6.0,,pay pal,Pending
T91514,,C2038,Laptop,214.0,,PayPal,completed
T91515,,C3215,Laptop,-2.0,,PayPal,completed
T37621,,C994,Headphones,7.0,,Cash,Failed
T91518,,C3032,Laptop,4.0,$-534.22,credit card,complete
,,,Headphones,530.0,817.1566298649384,credit card,completed
T91523,,C4482,Smar,-2.0,,credit card,Completed
T91524,,C2471,Laptop,6.0,$-848.41,Credit Card,Completed
T91526,,C3069,Smartphone,2.0,$-420.51,Cash,complete
T91527,,C4360,Headphones,546.0,114.95608979094602,Cash,completed
T91529,,C4868,Tablet,890.0,965.4918024115314,pay pal,Completed
T91530,,C3501,Headphones,,494.6773767137974,Credit Card,Completed
T91531,,,Coffee Machine,918.0,938.0697465500457,creditcard,complete
T91532,,C4278,Tablet,6.0,-966.7933978744712,PayPal ,Pending
T4939,,C3208,Tablet,-9.0,,PayPal ,Completed
T91535,,C2980,Tablet,2.0,-623.0391721288216,credit card,Completed
T91536,,C654,Smartphone,379.0,-347.75669375033317,PayPal ,complete
T91538,,C3724,Headpho,-5.0,837.3383392796704,pay pal,Failed
T91541,,C1531,Headphones,-8.0,,creditcard,Failed
T91543,,C1972,Tablet,179.0,,Credit Card,completed
T91544,,C3233,Tablet,7.0,619.5813059410206,pay pal,completed
T91545,,,Tablet,9.0,-248.87275455289125,PayPal,Completed
T91546,,C833,Tablet,242.0,-623.6731815218855,creditcard,Completed
T91547,,C3791,Tablet,-6.0,-86.11685281392158,credit card,Failed
T91548,,C3227,Headphones,,388.387040476837,pay pal,
T91550,,C4709,Coffee Machine,447.0,775.7113241051089,Cash,Completed
T91551,,C984,Headphones,-1.0,-919.6317146425612,credit card,Completed
T91552,,C4439,Smartphone,-5.0,$-492.57,pay pal,Pending
T91553,,C162,Tablet,-9.0,198.2101321269414,PayPal,
T91555,,C4168,Smartphone,-8.0,,creditcard,completed
T91556,,C4778,Tablet,346.0,-935.2658130338341,credit card,Pending
T91557,,C2967,Tablet,-8.0,447.49716031599075,PayPal ,complete
T91560,,C2057,Laptop,113.0,,creditcard,Completed
T91561,,C4614,Smartpho,597.0,516.6870755724715,credit card,complete
T91562,,C3876,Tablet,376.0,-160.53774340224902,creditcard,complete
T91563,,C4697,Laptop,1.0,,Credit Card,Failed
T91564,,C4312,Head,686.0,,Credit Card,Completed
T91565,,C445,Smartphone,-1.0,-402.5556084496268,Credit Card,Completed
T91567,,C3527,Coffee Machine,1.0,$105.46,Cash,Pending
T91568,,C3643,Laptop,799.0,,credit card,complete
T91570,,C1527,Tablet,8.0,479.9932101420005,Credit Card,Pending
T91571,,C3167,Coffee Machine,397.0,$84.77,pay pal,
T91572,,C2215,Laptop,-8.0,,Cash,Failed
T91573,,C4885,Smartphone,764.0,$-383.80,creditcard,
T91574,,C526,Tablet,3.0,-528.5712135884253,PayPal ,complete
T91576,,C3122,Tablet,4.0,-964.1480889671897,credit card,Completed
T91577,,C1754,Smartp,-1.0,-252.80214858847285,pay pal,Failed
T91579,,,Coffee Machine,881.0,$-179.01,pay pal,Failed
T91580,,C3861,Tablet,-3.0,419.02544091736087,pay pal,completed
T91581,,C3246,Tablet,-8.0,-175.3207555818957,PayPal ,complete
T91582,,C2323,Headphones,-1.0,,PayPal,Failed
T91583,,C093,Smartphone,778.0,235.79891164253468,PayPal,completed
T91584,,C093,Tablet,554.0,,credit card,
T91585,,C649,Headphones,9.0,116.61929197333072,creditcard,completed
T91586,,C1591,Coffee Machi,841.0,,Credit Card,
T91587,,C1428,Laptop,596.0,641.0745658460289,Credit Card,
T91588,,C2691,Laptop,,692.2148440651183,credit card,complete
T91589,,C1128,Tablet,968.0,589.7854093709452,PayPal,
T91590,,C2025,Coffee Machine,,599.3659870949222,PayPal ,Completed
T91592,,C878,Smartphone,10.0,244.3952098426696,PayPal ,Failed
T91593,,C435,Coffee Machine,-7.0,,PayPal ,
T91594,,C2724,Laptop,878.0,,PayPal,
T91595,,C2737,Headphones,-8.0,,Cash,
T91596,,C929,Smartphone,1.0,$-221.92,creditcard,Pending
T91599,,C3819,Laptop,-9.0,,PayPal,completed
T91602,,C662,Headphones,3.0,-901.4396928074328,Cash,
T91603,,C1511,Smartphone,413.0,890.1379739333644,pay pal,
T91604,,C1160,Headphones,-3.0,356.95825925911987,Credit Card,Failed
T91605,,C3849,Coffee Machine,,$182.02,Cash,completed
T91606,,C1591,Tablet,979.0,523.3872162466471,Cash,
T91610,,C3998,Laptop,,-483.89508117807463,credit card,Pending
T91612,,C2301,Smartphone,3.0,,credit card,complete
T91613,,C2626,Coffee Machine,-1.0,-683.9582650230864,PayPal ,Completed
T91614,,C3351,Headphones,-6.0,834.7834118636378,PayPal ,completed
T91615,,C3116,Tablet,9.0,-362.99730350039727,pay pal,
,,C4543,Headphones,,944.5109302577036,PayPal ,Pending
T91619,,C157,Coffee Machine,-9.0,-792.7972898419996,PayPal,Pending
T91620,,C4333,Smartphone,222.0,,PayPal,
T91624,,C4034,Coffee Machine,-7.0,,pay pal,Failed
T91625,,C3965,Smartphone,10.0,-341.06743667403464,credit card,completed
T91626,,C1936,Headphones,-1.0,-755.0917856983118,Credit Card,Pending
T91628,,C1805,Headphones,2.0,-279.0284162280035,pay pal,Failed
T91630,,C432,Smartphone,878.0,,PayPal ,Completed
T91633,,C1141,Headphones,-10.0,,creditcard,complete
T91635,,C4829,Coffee Machine,,654.4027556876515,PayPal ,complete
T91638,,C2952,Coffee Machine,-6.0,,PayPal ,
T91639,,C3162,Tablet,686.0,,PayPal,Failed
T91640,,C2596,Tablet,456.0,-430.1268261215564,Cash,Pending
T91641,,C1871,Headphones,-5.0,-550.0637746976478,PayPal,complete
T91642,,C1009,Coffee Machine,1.0,353.09107941166934,Cash,Completed
T91643,,C3724,Coffee Machine,9.0,,Credit Card,Failed
T91644,,C1492,Smartphone,10.0,,pay pal,Failed
T91645,,,Headphones,-7.0,-166.64994941561952,credit card,
T91646,,C346,Headph,-5.0,-960.4200576550222,Credit Card,Completed
,,C2270,Smartphone,381.0,,creditcard,complete
T91648,,C1878,Coffee Machine,443.0,-118.6843621290991,credit card,Completed
T91649,,C4557,Laptop,548.0,-948.8090828139909,credit card,Failed
T91650,,C3481,Coffee Machine,443.0,,Credit Card,complete
T91651,,C3260,Laptop,-5.0,-688.5681831558427,pay pal,
T91652,,C1082,Tablet,3.0,626.9730439574416,PayPal,completed
T91653,,C2291,Coffee Machine,466.0,-127.38167452898506,creditcard,completed
T91654,,C2332,Laptop,-9.0,,credit card,complete
T91656,,C4798,Headphones,-2.0,-726.393464281509,PayPal,Completed
T91658,,C2935,Smartphone,844.0,-605.1765950117667,Credit Card,complete
T91659,,C1357,Coffee Machine,-10.0,896.4157046477553,pay pal,Pending
T91660,,C3141,Smartphone,720.0,393.91300338427516,creditcard,Pending
T91661,,C4517,Laptop,8.0,-347.1586541601222,credit card,complete
T91662,,C1227,Coffee Machine,2.0,740.2281868046946,PayPal ,completed
T91663,,C3114,Smartphone,4.0,-55.21735776228991,pay pal,
T91664,,C4138,Smartphone,3.0,,Credit Card,Pending
T91665,,C1771,Laptop,131.0,-722.0718103941651,Credit Card,Completed
T91667,,C1972,Laptop,,,Cash,Completed
T91668,,C986,Headphones,1.0,,credit card,completed
T91669,,C4401,Smartphone,579.0,426.24020346058836,PayPal ,Pending
T91670,,C3750,Smartphone,851.0,-519.5279469694449,Cash,Completed
T91671,,C4917,Laptop,-5.0,-219.81221904322717,credit card,Pending
T91673,,C4087,Smartphone,9.0,,pay pal,complete
T91675,,C784,Headphones,-9.0,-962.5396038644582,credit card,completed
T91676,,C2611,Tablet,-6.0,-440.8108065936643,Cash,Failed
T91678,,C4588,Tab,101.0,683.011419498678,credit card,Pending
,,C1225,S,1.0,-238.85076976140863,PayPal,complete
T91680,,C4936,Headphones,-8.0,582.3314359677119,Credit Card,Failed
T91681,,C2912,Smartphone,-4.0,,pay pal,Pending
T91682,,C307,Smartphone,-10.0,$755.18,Cash,complete
T91683,,C1645,Tablet,,,Cash,Completed
T91685,,C1498,Tablet,692.0,-504.20275098885804,PayPal ,
T91687,,C4221,Coffee Machine,,,Credit Card,completed
T91688,,C2581,Coffee Machine,-4.0,-599.7298969080697,credit card,complete
T91689,,C4241,Laptop,-5.0,-768.3398574867001,Credit Card,completed
T91690,,C3087,Laptop,806.0,901.0579851927833,credit card,
T91692,,C1399,Headphones,-9.0,$-650.85,Credit Card,completed
T91694,,C774,Coffee Machine,266.0,,PayPal,
T91696,,C3159,Laptop,334.0,479.7783467443591,Credit Card,
T91697,,C3448,Smartphone,1.0,-612.5986567012499,PayPal ,completed
T37894,,C846,Tablet,278.0,,creditcard,Completed
T91699,,C568,Headphones,2.0,-554.7693108721542,pay pal,complete
T91700,,C147,Smart,4.0,86.68134458379839,PayPal,completed
T91701,,C3849,Smartphone,628.0,800.4163540628471,credit card,Pending
T91702,,C4280,Laptop,-1.0,-261.6911469037957,PayPal ,Pending
T91703,,C560,Headphones,-9.0,258.33467214570953,Cash,Completed
T91704,,C1401,Laptop,-8.0,-838.5498864966613,creditcard,completed
T91706,,C3682,Tablet,-4.0,$224.45,pay pal,Completed
T91707,,,Laptop,683.0,,PayPal,completed
,,C3778,Coffee Machine,6.0,-235.33518207079828,PayPal,completed
T91709,,C1097,Tablet,-5.0,,Credit Card,
T91710,,C4083,Tablet,171.0,$-747.47,creditcard,Pending
T91711,,C4586,Smartphone,-10.0,$941.47,PayPal,complete
T91712,,C1742,Laptop,8.0,,PayPal,Failed
T91713,,C1763,Tablet,-9.0,,credit card,Completed
,,C2125,Tablet,356.0,,PayPal ,
T91718,,C4746,Headphones,287.0,-350.7445086848114,Cash,Pending
,,C4025,Tablet,828.0,-258.6738450846103,pay pal,
,,C3197,Tablet,-5.0,-362.42604529676316,PayPal ,
T91721,,C2720,Tablet,-8.0,,pay pal,
T91722,,C1682,Laptop,921.0,,PayPal ,
T91724,,,Headphones,-6.0,403.5520880976455,credit card,Failed
T91725,,C3896,Laptop,-5.0,649.0581286480767,Cash,Pending
T91726,,C1057,Smartphone,-1.0,-676.7370954362868,Cash,Failed
T91728,,C4172,Headphones,244.0,,PayPal,
T91732,,C764,Smartphone,7.0,-873.2894653604772,PayPal,Completed
T91734,,C3356,Tablet,-10.0,417.72574924560416,Credit Card,
T91735,,C4521,Laptop,-8.0,135.53714365939766,pay pal,Completed
T91736,,C3844,Headphone,-8.0,779.9018694393848,Credit Card,
T91737,,C1753,La,-3.0,,PayPal,
T91739,,C3779,Laptop,4.0,,PayPal ,Failed
T91742,,C2956,Headphones,5.0,,Cash,Pending
T91745,,C2336,Laptop,133.0,,PayPal ,Completed
T91746,,C626,Headphones,1.0,101.48958116726567,PayPal ,
T91747,,C2190,Smartphone,5.0,608.9528707791919,pay pal,completed
T91749,,C4058,Laptop,620.0,380.2275457065885,Cash,
T91750,,C231,Coffee Machine,510.0,-688.2944783563757,credit card,completed
T91752,,C3528,Smartphone,847.0,581.1850316350987,Credit Card,complete
T91753,,C4937,Smartphone,879.0,,creditcard,completed
T91754,,C4169,Coffee Machine,-9.0,$872.33,pay pal,Failed
T91755,,C2919,Headphones,-1.0,412.02262260596973,pay pal,
T91756,,C2470,Smartphone,-1.0,270.33468941171964,Credit Card,Completed
T91758,,C3622,Tablet,10.0,-848.1002410535976,creditcard,
T91760,,C880,Smartphone,-4.0,712.5982223617643,creditcard,Failed
T91761,,C611,Headphones,9.0,458.0478113313903,Credit Card,complete
T91762,,C4984,Coffee Machine,789.0,,pay pal,
T91763,,C3948,Headphones,-5.0,,PayPal,Pending
T91764,,C1809,Tablet,-2.0,,credit card,
T91765,,C1505,Coffee Machine,866.0,,credit card,Completed
T91766,,C3958,Headphones,227.0,886.1069460914317,PayPal ,Failed
T53978,,C1236,Coffee Machine,933.0,,creditcard,Failed
T91768,,C4924,Coffee Machine,-5.0,,credit card,
T91769,,C1716,Tablet,140.0,-100.62833697942438,pay pal,completed
T91770,,C730,Smartphone,757.0,995.139045753076,creditcard,complete
T91771,,C4138,Headphones,346.0,,PayPal,completed
T91772,,C668,Tablet,449.0,901.0505364966142,Cash,Pending
,,C1419,Headphones,-2.0,-474.78779356342693,Cash,completed
T91776,,C3902,Headphones,202.0,940.0617594828432,Credit Card,completed
T91777,,C3361,Laptop,-3.0,-224.56860517606253,PayPal ,complete
T91778,,C3355,Laptop,-3.0,,Credit Card,completed
T91779,,C4655,Smartph,578.0,,creditcard,completed
T91780,,C1784,Smartphone,219.0,465.2009992716619,PayPal,Completed
T91781,,,Laptop,8.0,142.15761422851244,creditcard,complete
T91782,,C1997,Smartphone,390.0,,Cash,Pending
T80893,,C656,Headphones,9.0,,Credit Card,Completed
T91784,,C2811,Tablet,524.0,,Credit Card,complete
,,C1850,Coffee Machine,-4.0,,credit card,Completed
T91789,,C1045,Coffee Machine,-10.0,887.3312678005055,PayPal,
T91790,,C3082,Smartphone,9.0,,PayPal ,
T91791,,C1457,Laptop,3.0,350.5228678059653,Credit Card,Failed
,,,Laptop,-6.0,479.49804890378476,PayPal ,Completed
T91793,,C3762,Coffee Machine,5.0,,credit card,
T91794,,C3755,Smartpho,551.0,,credit card,Pending
T91795,,C3713,Laptop,810.0,,pay pal,complete
T91796,,C4192,Laptop,-2.0,$-524.19,Cash,Pending
T91797,,C2158,Smartphone,-3.0,-952.386667473229,Cash,complete
T91798,,C4904,Tablet,-4.0,$-444.27,creditcard,completed
T91799,,C3569,Coffee Machine,1.0,$-919.32,PayPal ,Pending
T91800,,C4249,Laptop,2.0,858.8820469695854,Cash,completed
T91804,,C3054,Headphones,103.0,432.40053607439046,PayPal_Updated,complete
T91805,,,Smartphone,4.0,,Cash,complete
T91806,,C3013,Laptop,9.0,,PayPal ,
T91807,,C469,Laptop,559.0,,pay pal,
T91808,,,Tablet,10.0,758.2363349482904,Cash,Failed
T91809,,C2384,Headphones,-8.0,239.66331805612603,Cash,
T91810,,C2455,Coffee Machi,376.0,-377.5378720730821,PayPal ,complete
T91813,,C1799,Headphones,,,creditcard,complete
T91814,,C1847,Coffee M,,,PayPal,
T91816,,C3319,Coffee Machine,,-748.7855733886063,creditcard,Failed
T91817,,C4492,Smartphone,222.0,-669.442286502454,PayPal,Completed
T91818,,C355,Coffee Machine,342.0,,Credit Card,Failed
,,C2970,Smartphone,,,pay pal,
T91821,,C2767,Laptop,-8.0,-692.5197478415273,creditcard,completed
T91822,,C1136,Headphones,,,PayPal,complete
T91825,,C4712,Tablet,-2.0,,Credit Card,Completed
T91827,,C1955,Headphone,-3.0,,credit card,Pending
T91828,,C4694,Smartphone,795.0,-706.2841484746234,Cash,Failed
T91829,,C3274,Coffee Machine,10.0,500.52200440297565,Cash,Completed
T91830,,C2184,Headphones,-7.0,644.3024076734456,credit card,
T91831,,C255,Smart,488.0,,creditcard,
T91832,,C2486,Tablet,1.0,,creditcard,Completed
T91833,,C4516,Smartphone,4.0,,Credit Card,
T91834,,C615,Headph,-3.0,-848.0217344113703,creditcard,Failed
T91835,,C3172,Tablet,744.0,816.055897189812,Cash,complete
,,C1522,Laptop,-1.0,186.25755696220438,Credit Card,complete
T91838,,C3905,Headphones,2.0,,PayPal ,Failed
T91840,,C1179,Smartphone,249.0,-278.139484129017,PayPal ,Pending
T91841,,,Headphones,327.0,-944.6001245471532,creditcard,Failed
T91843,,C1321,Laptop,1.0,902.178701776764,Credit Card,
T91844,,C4471,Coffee Machine,-7.0,232.80026840008878,credit card,
T91846,,,Laptop,,,credit card,
T91850,,C3337,Smartphone,501.0,,creditcard,completed
T91852,,C677,Headphones,146.0,,PayPal ,complete
T91853,,C2503,Smartphone,6.0,,PayPal,
T91854,,C629,Coffee Machine,273.0,,pay pal,Pending
T91855,,C3951,Tablet,695.0,93.57717830736524,PayPal,complete
T91857,,C4277,Laptop,-2.0,602.4113403561051,PayPal,Pending
T91858,,C4311,Coffee Machine,121.0,981.0150823417463,creditcard,complete
T91859,,C401,Smartphone,-7.0,545.5163865476302,credit card,
T91860,,C2743,Coffee Machine,2.0,-257.5863202523017,credit card,
T91861,,C279,Headphones,-1.0,-592.6982071305035,Cash,Pending
T91864,,C2106,Tablet,10.0,375.8190717319347,pay pal,Pending
T91866,,C3619,Tablet,7.0,829.5923827473545,Cash,
T91867,,C4445,Laptop,-2.0,,creditcard,Completed
T91868,,C1900,Coffee Machine,-7.0,,PayPal,Completed
T91870,,C3022,Ta,535.0,,credit card,complete
T91871,,C3305,Smartphone,872.0,173.96916535000588,credit card,complete
T91872,,C767,Headphones,697.0,690.3428804854054,Credit Card,completed
T91874,,C019,Laptop,4.0,,pay pal,Pending
T91875,,C3031,Coffee Machine,881.0,626.912765400381,credit card,Completed
T91876,,C4675,Laptop,477.0,,Cash,Pending
T91877,,C3629,Headphones,553.0,-681.9846316302726,Cash,completed
T91878,,C3228,Headphones,747.0,-76.42463540887991,PayPal,complete
T91879,,C1415,Smartphone,893.0,,creditcard,completed
T91880,,C2495,Laptop,-7.0,,Cash,Pending
T91881,,C3608,Coffee Machine,-6.0,,PayPal ,completed
,,C4807,Smartphone,,-433.531412680381,creditcard,complete
T91885,,C631,Headphones,,-390.8950284598973,credit card,complete
T91886,,C365,Laptop,-5.0,299.72784836274866,PayPal,Failed
T91887,,C3568,Tablet,-4.0,-76.82570553635003,PayPal ,Pending
T91888,,C1089,Coffee Machine,276.0,-238.82224438759,Cash,Pending
T91891,,C1067,Headphones,254.0,-742.4312069198538,pay pal,completed
T91893,,C3571,Headphones,-3.0,-486.64024131786834,pay pal,Completed
T91894,,C2083,Headphones,2.0,,PayPal ,complete
T91895,,C2317,Tablet,-10.0,-493.2268815589792,Credit Card,Failed
T91896,,C3488,Tablet,6.0,-834.569990198667,PayPal,Completed
T91897,,C4544,Headphones,2.0,759.337995363069,Credit Card,
T91899,,C4964,Smartphone,899.0,,PayPal,
T91900,,C1166,Coffee Machine,-8.0,$-877.52,Credit Card,complete
T91901,,C3954,Laptop,5.0,,credit card,Failed
T91902,,C1701,Laptop,539.0,339.4403994159756,creditcard,Pending
T91903,,,Coffee Machine,415.0,,PayPal,
T91905,,C3117,Tablet,-8.0,-968.3059808560272,Credit Card,Completed
T91906,,C2583,Laptop,-5.0,-235.17874166110596,Credit Card,completed
T91907,,C510,Tablet,526.0,,credit card,Completed
,,C1065,Laptop,3.0,,PayPal,Pending
T91913,,C1770,Tablet,-2.0,,credit card,
T91914,,C2446,Smartphone,-8.0,,PayPal,Pending
T91915,,C2085,Smartphone,-6.0,,creditcard,completed
T91916,,C3245,Tablet,221.0,739.3554747272689,creditcard,completed
T91917,,,Coffee Machine,5.0,,pay pal,
T91918,,C2223,Coffee Machine,,-116.47065393847299,Cash,Pending
T91921,,C741,Tablet,10.0,-299.61873148976963,Cash,Failed
T91922,,C1645,Laptop,-1.0,753.6505915097304,pay pal,Pending
T91923,,C732,Tablet,2.0,,pay pal,completed
,,C2646,Lapt,2.0,,Credit Card,Completed
T91926,,C1710,Tablet,315.0,,credit card,complete
T91927,,C3500,Tablet,385.0,-427.725662418477,PayPal ,Completed
T91928,,C854,Laptop,911.0,954.1346381520952,creditcard,
T91929,,,Laptop,-1.0,583.6920463653773,creditcard,
T91930,,C1220,Tablet,226.0,763.8759240486785,Cash,Completed
T91932,,C230,Smartphone,,,PayPal ,completed
T91933,,C618,Coffee Machine,10.0,$-427.55,pay pal,complete
T91934,,C023,Tablet,-6.0,,creditcard,complete
T91936,,C3748,Headphones,648.0,641.7759581818299,Cash,complete
T91938,,C3923,Smartphone,-9.0,-639.3491202431226,pay pal,Pending
T91939,,,Laptop,6.0,,pay pal,Failed
T91940,,C358,Smartphone,-4.0,438.0011835581624,Credit Card,
T91941,,C3995,Smartphone,-2.0,-494.76474451201375,Cash,Pending
T91943,,C1246,Tablet,211.0,211.5802188333191,pay pal,
T91944,,C4109,Tablet,8.0,-196.84923692494408,credit card,completed
T91945,,C3237,Coffee ,3.0,$782.03,Credit Card,Pending
T91946,,C2874,Coffee Machine,4.0,,PayPal ,Pending
T91947,,C2768,Laptop,10.0,,PayPal,
T91949,,C4905,Laptop,,409.8335934054891,creditcard,completed
T91950,,C3001,Coffee Machine,-9.0,-751.8357925420489,creditcard,completed
T91952,,C1901,Smartphone,8.0,-820.3273726105906,PayPal ,complete
T91953,,C3409,Smartphone,7.0,959.6419863843547,pay pal,Completed
T91954,,C4370,Laptop,190.0,,creditcard,complete
T91955,,C3899,Coffee Machine,728.0,-409.5947897819998,pay pal,
T91957,,,Tablet,524.0,200.03274825359935,PayPal,completed
T91958,,C1000,Laptop,-6.0,,PayPal,
T91959,,C4046,Headph,9.0,,credit card,Pending
T91960,,C4949,Tablet,661.0,-814.5036839361536,Credit Card,
T91961,,C1077,Smartphone,3.0,,PayPal ,Failed
T91962,,C2803,Tablet,363.0,-503.49870746873773,PayPal,
T91963,,C3775,Tablet,-8.0,-843.8602770633279,PayPal,completed
T91964,,C3639,Tablet,-1.0,,Credit Card,Failed
T91967,,C1208,Laptop,,$-402.82,Credit Card,Failed
T91968,,C2788,Headphones,499.0,-360.3749474770956,PayPal,Failed
T91970,,C2086,Tablet,5.0,644.2528379845039,Cash,Failed
T91972,,C4666,Coffee Machine,8.0,84.62036723769054,PayPal,completed
T91973,,C1697,Headphones,-7.0,,PayPal,complete
T91974,,C817,Headphones,,792.4314982908614,PayPal,Pending
,,C4119,Headphones,-8.0,,PayPal,Failed
T91976,,C1963,Smartphone,334.0,,creditcard,Failed
T91978,,C644,Headphones,236.0,,credit card,
T91981,,C657,Smartphone,8.0,,Credit Card,completed
T91982,,C4046,Smartphone,6.0,,credit card,completed
T91983,,C2252,Smartphone,-8.0,,pay pal,Failed
T91984,,C2765,Coffee Machine,-7.0,937.4297071629732,Credit Card,complete
T91985,,C1883,Tablet,886.0,608.1970657315366,Cash,Failed
T91986,,C985,Coffee Machine,665.0,-718.151729213005,credit card,Failed
T91987,,C1338,Smartphone,492.0,-546.1328192382617,pay pal,Pending
T91989,,C1994,Laptop,,-110.32300040016491,PayPal ,Completed
T91990,,C1806,Headphones,7.0,-212.63357840414835,Credit Card,
T91991,,C4334,Lapt,-10.0,-232.5802315217552,PayPal,
T91992,,C006,Smartphone,-7.0,,PayPal ,complete
T91993,,C3180,Tablet,189.0,,pay pal,complete
T91994,,C4034,Laptop,830.0,,creditcard,Completed
T91995,,C263,Coffee Machine,-3.0,,PayPal,completed
,,C225,Coffee Machine,738.0,$-809.27,pay pal,Pending
T91997,,C3337,Tablet,502.0,-109.81111454973541,credit card,completed
T91998,,C4680,Smartphone,1.0,-420.0115779021942,pay pal,Pending
T91999,,C4246,Smartphone,-2.0,-961.2240531843669,creditcard,Pending
T92000,,C1478,Laptop,3.0,,creditcard,completed
T92001,,C1808,Smartphone,669.0,,Credit Card,
T92002,,C3090,Coffee Machine,330.0,-366.80479696882173,credit card,Failed
T92003,,C631,Coffee Machine,7.0,,Cash,complete
T92004,,C095,Coffee Machine,9.0,927.7179631558691,Cash,Pending
T92005,,C3984,Coffee Machine,-5.0,-93.0008417415819,Credit Card,completed
T92006,,C2810,Smartphon,4.0,352.82630250166324,creditcard,Completed
T92007,,C2435,Smartphone,-9.0,,creditcard,completed
T92008,,C3639,Headphones,6.0,549.0503759000878,creditcard,Completed
T92009,,C2010,Tablet,5.0,-551.9618154138674,Credit Card,complete
T92010,,C4741,Laptop,480.0,246.250426689801,credit card,Pending
T92011,,C2144,Laptop,4.0,-213.0233740075156,creditcard,Failed
T92012,,C2739,Sma,935.0,,creditcard,Failed
T92013,,C561,Tablet,-10.0,309.12300316626926,credit card,Pending
T92014,,C4227,Coffee Machine,9.0,317.1255423061311,credit card,
T92015,,C2507,Tablet,8.0,-321.7930025376244,Credit Card,complete
T92016,,C3852,Laptop,-1.0,-272.89954464120024,PayPal ,Pending
T92017,,C4331,Headphones,-7.0,,pay pal,completed
T92019,,C3762,Headphones,415.0,,PayPal ,Pending
T92020,,C4157,Smartphone,10.0,237.8276070128693,creditcard,Pending
T92023,,C4491,Coffee Machine,9.0,756.8864254700654,credit card,completed
T92027,,C2815,Tablet,9.0,,PayPal,Pending
T64710,,C4329,Laptop,3.0,-566.927352387647,creditcard,
T92029,,C4961,Coffee Machine,6.0,,creditcard,Completed
T92030,,C318,Smartphone,10.0,-802.4923295269908,creditcard,completed
T92031,,C3377,Smartphone,8.0,572.8632053525961,PayPal ,completed
,,C2972,Headphones,511.0,,PayPal ,Completed
T92033,,C1310,Tablet,888.0,687.4638964347905,Credit Card,Completed
T92035,,C1761,L,9.0,866.6209288217484,credit card,complete
T92036,,C4580,Smartphone,156.0,,PayPal ,complete
T92038,,C2088,Laptop,701.0,$624.97,Cash,Failed
T92039,,C2125,Tablet,481.0,-921.5459675807674,PayPal,
T92040,,C1215,Laptop,-6.0,,pay pal,Completed
T92041,,,Coffee Machine,,$-892.59,pay pal,complete
T92042,,C2211,Coffee Machine,750.0,-60.753766068446794,Cash,complete
T92043,,C1377,Tablet,-6.0,-862.3678301073845,Credit Card,complete
T92046,,C4255,Smartphone,267.0,-985.0044961803479,pay pal,Failed
T92047,,C3611,Coffee Machine,5.0,756.3512103060685,pay pal,Failed
T92048,,C1611,Coffee Machine,619.0,,credit card,complete
T92049,,C291,Headphones,-3.0,,PayPal ,
T92052,,C1011,Laptop,431.0,,pay pal,Completed
T92053,,C214,Coffee Machine,3.0,-328.83642568265225,Cash,Failed
T92055,,C3970,Headphones,-8.0,-526.6765702259798,creditcard,Failed
T92056,,C4533,Headphones,-10.0,-373.8926140890145,PayPal ,
T92057,,C1787,Headphones,-4.0,656.6350464376418,pay pal,Completed
T92058,,C1961,Smartphone,-3.0,,PayPal,Completed
T92059,,C3333,Smartphone,610.0,,pay pal,Failed
T92060,,C2976,Laptop,-6.0,815.9479335295784,Credit Card,Completed
T92061,,C1839,Smartphone,1.0,-170.38212254877192,pay pal,
T92062,,C3846,Headphones,-2.0,-686.5247293737427,Cash,complete
T92065,,C567,S,150.0,-481.0025797038286,PayPal ,completed
T92066,,C2347,Coffee Machine,535.0,887.9185628444515,creditcard,Completed
T92067,,,Tablet,507.0,-343.4400411271125,creditcard,Pending
T92068,,C3253,Laptop,119.0,-94.52232654418799,pay pal,Completed
T92070,,C1210,Tablet,10.0,908.3429541944712,PayPal ,Failed
T92072,,C1876,Tablet,7.0,-332.5726521302761,PayPal,completed
T92073,,C4807,Headphones,883.0,,PayPal ,Pending
T92074,,C2678,Coffee Machine,-3.0,607.5732532337146,PayPal ,complete
T92075,,C3925,Smartphone,835.0,,credit card,completed
T92077,,C2225,Tablet,550.0,617.940356142958,PayPal ,completed
T92078,,C891,H,2.0,,PayPal ,Failed
T92079,,C3490,Table,2.0,-762.9682127168692,PayPal ,Pending
T92080,,C1339,Smartphone,4.0,-65.42685067176194,credit card,Completed
T92081,,C2329,Tablet,7.0,936.9184388831088,PayPal,complete
,,C3594,Laptop,,$-459.39,credit card,Failed
T92085,,C3563,Smartphone,-2.0,,Credit Card,completed
T92086,,C151,Tablet,2.0,-636.4473213644767,PayPal,completed
T92087,,C3832,Laptop,10.0,-326.8528154117399,Cash,completed
T92088,,C3977,Tablet,,,credit card,Failed
T92093,,C1583,Headphones,958.0,150.24382572534918,creditcard,complete
T92094,,C589,Coffee Machi,3.0,-384.2555384382091,PayPal ,Failed
T92095,,C3527,Tablet,4.0,106.34874660016673,PayPal ,completed
T92096,,C4866,Laptop,6.0,,Cash,Pending
T92098,,C4282,Tablet,583.0,-266.55201599964414,creditcard,completed
T92099,,C1358,Coffee Machine,112.0,-871.0035348294812,Credit Card,Completed
T92101,,C3955,Laptop,8.0,190.9933478809469,creditcard,completed
T92102,,C3585,Laptop,847.0,,Cash,complete
T92103,,C2407,Headphones,805.0,301.181810835926,Cash,
T92104,,C2220,Smartphone,5.0,-334.7287406343887,Credit Card,complete
T92105,,C1925,Tablet,9.0,-969.5966637824044,Credit Card,Pending
T92107,,C2412,Coffee Machine,317.0,,PayPal ,complete
T92110,,C4261,Headphones,334.0,,credit card,Completed
T92112,,C3574,Tablet,244.0,-298.74070514585617,pay pal,
T92115,,C2232,Coffee M,-2.0,-473.8307834840655,Cash,Completed
T92116,,,Laptop,914.0,-674.4047901468623,credit card,
T92118,,C746,Coffee Machine,463.0,313.3453693766196,Credit Card,
T92120,,C4628,Laptop,-9.0,366.24458562261583,PayPal,Completed
T92121,,C1260,Tablet,-9.0,,creditcard,Failed
T92122,,C196,Smartph,-7.0,844.7357394822048,PayPal ,completed
,,C3067,Headphones,-7.0,,creditcard,Completed
T92124,,C1761,L,3.0,650.0075541132657,PayPal,completed
T92125,,C4658,Laptop,-5.0,,pay pal,complete
T92127,,C362,Smartphone,1.0,,pay pal,
,,C3522,Coffee Machine,6.0,,PayPal,
T92130,,C3648,Coffee Machine,9.0,220.65734512574875,Cash,complete
T92131,,C598,Tablet,-2.0,,creditcard,Failed
T92132,,C3560,Smartphone,-3.0,-494.60108049584426,Cash,complete
T92133,,C2742,Laptop,-5.0,,PayPal ,Failed
T92134,,C3246,He,-7.0,,pay pal,
T92135,,C1998,Tablet,8.0,-784.4558620431912,credit card,Failed
,,C4622,Headphones,1.0,,Cash,Failed
T92137,,C4362,Lap,4.0,89.95888823717452,Cash,Completed
T92139,,C3415,Laptop,4.0,$461.28,PayPal,Failed
T92141,,C3103,Coffee Machine,-8.0,-642.9901908646169,Credit Card,complete
T92145,,C4117,Coffee Machine,784.0,,pay pal,completed
T92146,,C1082,Coffee Machine,239.0,-151.88726765283263,pay pal,Failed
T92147,,C1480,Tablet,2.0,204.16009304778694,Credit Card,completed
T92149,,C519,Headphones,6.0,-711.3207029490377,creditcard,completed
T92151,,C4147,Headphones,465.0,,creditcard,Failed
T92153,,,Tablet,8.0,$169.90,pay pal,completed
T92155,,C4898,Headphones,,$858.16,PayPal,Failed
T92156,,C4732,Laptop,7.0,847.1482847116907,Cash,Completed
T92158,,C393,Smartphone,397.0,879.6993150483655,pay pal,complete
T92161,,C3649,Smartphone,1.0,,Cash,
,,C2633,Coffee Machine,,-646.0667777882014,Credit Card,completed
T92165,,C4284,He,,,PayPal ,Failed
T92167,,C2360,Laptop,,,PayPal ,Completed
T92168,,C1300,Tablet,2.0,-245.259439354228,credit card,Completed
T92169,,C672,Headphones,-4.0,-159.1281564233583,pay pal,completed
T92170,,C887,Headphones,8.0,$515.56,pay pal,Completed
T92172,,C2923,Coffee Machine,6.0,,Credit Card,completed
T92173,,C1760,La,,369.44481283478336,credit card,
T92174,,C4394,Headphones,-9.0,,creditcard,Completed
T92175,,C4468,Smartphone,-9.0,-341.53339016251675,pay pal,completed
T92176,,C4064,Coffee Machine,,190.72930983103043,Cash,completed
T92178,,C1454,Laptop,-6.0,-477.45449005978196,Cash,Completed
T92179,,C3973,Smartphone,-4.0,-853.5931783065836,creditcard,completed
T92180,,C3538,Smartphone,375.0,-807.6649183686459,Cash,Completed
T92181,,C2156,Laptop,-9.0,-681.6217019360238,pay pal,Failed
T92184,,C200,Smartphone,-8.0,,Cash,Failed
T92185,,C1148,Smartphone,-2.0,566.4103389114468,Cash,completed
T92186,,C3364,Tablet,124.0,$181.45,creditcard,Completed
T92188,,C3052,Smartphone,4.0,,credit card,
T92192,,C4023,Smartphone,906.0,995.434392729526,PayPal,Pending
T92193,,C1918,Tablet,-7.0,,Credit Card,complete
T92195,,C2974,Smartphone,151.0,-306.3837187627928,creditcard,complete
T92196,,,Laptop,5.0,967.5587952717103,creditcard,Completed
T92197,,C2812,Headphones,-9.0,856.1402110795334,pay pal,
T92198,,C3644,Headphones,-7.0,-312.72053389737493,Credit Card,Pending
T92199,,C4115,Smartphone,2.0,-508.08224939061887,credit card,Completed
T92202,,C4759,Smartphone,-3.0,,pay pal,Completed
T92203,,C4461,Smartphon,216.0,-214.59079445803638,pay pal,Completed
T92204,,C1363,Tablet,655.0,-383.9166947277522,pay pal,complete
T92205,,C533,Laptop,724.0,-933.4750008878357,creditcard,complete
T92206,,C3220,Laptop,331.0,-646.8491854144645,Credit Card,Failed
T92207,,C3028,Laptop,5.0,526.3676107315101,Cash,complete
T92208,,C2323,Tablet,7.0,,credit card,Failed
,,C977,Tablet,391.0,-824.2069188945025,pay pal,Failed
T92211,,C5000,Laptop,1.0,-315.71814048101385,PayPal,Pending
T92213,,C1481,Tablet,-2.0,$830.19,pay pal,
,,C1775,Coffee Machine,-8.0,,pay pal,complete
T92216,,C4473,Coffee Machine,-9.0,715.8586894267632,Credit Card,
T92217,,C4567,Headphones,-2.0,-794.9473476400337,credit card,Failed
T92218,,C870,Headphones,-6.0,,pay pal,Pending
T92219,,C4510,Tablet,,,PayPal ,completed
T92222,,C572,Headphones,871.0,,Cash,completed
T92223,,C641,Laptop,4.0,597.6255787459704,creditcard,Completed
T92224,,C2116,Laptop,555.0,,Cash,Failed
T92225,,C3944,Coffee Machine,-4.0,,Credit Card,complete
T92227,,C4904,Laptop,-7.0,-238.81900364829585,PayPal,completed
T92228,,C2003,Cof,-10.0,,credit card,Pending
T92229,,C4167,Tablet,-6.0,$-710.85,PayPal ,Pending
T92230,,,Laptop,5.0,729.8439831475603,creditcard,Completed
T92232,,C3257,Smartphone,-9.0,-277.9404616294979,Credit Card,Pending
T92233,,C2294,Headphones,200.0,497.0845762757627,Credit Card,complete
,,C1625,Tablet,6.0,-246.90118892453233,PayPal,complete
T92235,,C2505,Smartphone,,$445.97,creditcard,
T92236,,C4141,Coffee Machine,763.0,782.9636118656493,pay pal,complete
T92237,,C3473,Headph,6.0,-950.5804772157037,creditcard,complete
T92238,,,Tablet,-3.0,,Cash,Pending
T92240,,C1637,Tablet,553.0,,credit card,
T92241,,,Headphones,495.0,,PayPal ,Failed
T92242,,C2517,S,5.0,759.3051118145978,creditcard,Pending
T92243,,C3480,Headphones,-10.0,278.35883258413116,PayPal ,complete
T92245,,C4880,Coffee Machine,2.0,,creditcard,
T92247,,C1023,Headphones,-7.0,312.62670249995597,credit card,completed
T92251,,C2093,Coffee Machine,-9.0,-554.8404207773843,Credit Card,Completed
T92253,,C1042,Coffee Machine,3.0,948.6674275229478,PayPal ,Completed
T92254,,C3762,Coffee Machine,10.0,-263.6074730485798,Credit Card,completed
T92256,,C2955,La,1.0,-277.0153307925166,pay pal,completed
T92257,,C900,Coffee Machine,-6.0,,credit card,Pending
T92258,,C2676,Tablet,877.0,,pay pal,
T92259,,C1555,Smartphone,10.0,726.8847497822538,pay pal,Completed
T92263,,C456,Headphones,-2.0,-373.4610622884114,PayPal ,complete
T92264,,C3391,Smartphone,4.0,-502.0734048440084,PayPal,
T92267,,C543,Coffee Machine,418.0,490.0950618690862,PayPal ,completed
T92268,,C1906,Headphones,-2.0,-228.54979311560032,credit card,Failed
T92269,,C3802,Headphones,-7.0,,PayPal ,completed
T92270,,C2846,Laptop,-5.0,206.92163467993734,Credit Card,Failed
,,C3035,Headphones,884.0,,credit card,Pending
T92274,,C853,Laptop,1.0,-493.0144929982315,Credit Card,Pending
T92276,,C1478,Coffee Machine,7.0,362.47529412742614,credit card,Pending
T92277,,C721,Laptop,8.0,$779.40,PayPal ,Completed
T92280,,C1042,L,185.0,,pay pal,Failed
T92281,,C360,Headphones,529.0,130.9002945967827,Credit Card,complete
T92282,,C4001,Headphones,-4.0,232.63942126960598,pay pal,complete
T92284,,C3145,Smartphone,-5.0,-797.7480278735038,Cash,Completed
,,C1366,Tablet,901.0,525.0151321991655,creditcard,Pending
T92288,,C556,Hea,-6.0,-83.64226542653057,Cash,Completed
T92289,,C4326,Headphones,-9.0,124.76712981182185,PayPal,complete
T92290,,C480,Tablet,-6.0,,credit card,Completed
T92292,,C213,Headphones,2.0,197.80940613420677,credit card,Failed
T92293,,C1461,Coffee Machine,-3.0,,creditcard,completed
T92294,,C4935,H,717.0,-778.2142242645461,Cash,completed
T92296,,C507,Laptop,965.0,325.78513811912387,PayPal ,Pending
T92298,,C2986,Laptop,-6.0,,Credit Card,completed
T92299,,C4513,Laptop,-4.0,-130.42797904305974,Credit Card,Pending
T92300,,C1221,Laptop,,-649.009892693829,PayPal ,Failed
T92301,,C2395,Smartphone,721.0,,Cash,Failed
T92302,,C3147,Smartphone,215.0,237.12573969862657,Cash,completed
T92303,,C3437,Tablet,1.0,864.4406173988071,credit card,complete
T92304,,C4129,Headphones,414.0,282.2347173341799,PayPal,Pending
T92306,,C4006,Coffee Machine,7.0,148.90824943722515,creditcard,completed
T92307,,C848,Coffee Machine,,$-404.39,Credit Card,
T92308,,C4682,Smartphone,150.0,,credit card,
T92309,,C4098,Laptop,4.0,224.08896581099077,PayPal,Completed
T92310,,C1754,Headphones,833.0,442.5401913371246,credit card,Pending
T92311,,C3283,Smartphone,425.0,-379.65072942037057,Cash,
T92312,,C2982,Coffee Machine,-1.0,-209.85952314055135,credit card,
T92314,,C2182,Coffee Machine,3.0,,creditcard,
T92315,,C3444,Smartphone,504.0,,credit card,
T92316,,C317,Coffee Machine,606.0,$304.20,credit card,Pending
T92317,,C2851,Coffee Machine,-10.0,,PayPal,Failed
,,C834,Smartphone,-2.0,-189.43086808269823,pay pal,Pending
T92319,,C2953,Tablet,399.0,-87.44891198267874,PayPal ,
T92320,,C4598,Laptop,-7.0,-828.8673196618602,PayPal ,completed
T92321,,,Headphones,219.0,779.0323934498865,PayPal,Failed
T92322,,C2826,Coffee Machine,4.0,$894.43,pay pal,completed
T92324,,C1910,Laptop,-5.0,-144.05881354689257,Credit Card,completed
T92325,,C941,Smartphone,-9.0,-532.1663705804464,credit card,Failed
T92326,,C3706,Smartphone,5.0,172.54335848329706,credit card,Pending
T92327,,C2028,Coffee Machine,8.0,800.5187814270583,creditcard,completed
T92328,,C378,Coffee Machine,,277.6962866218662,PayPal,Pending
T92329,,C2503,Headphones,,-902.1839907099019,Cash,Failed
T92330,,C1242,Smartphone,-5.0,459.3967579304893,PayPal,completed
T92331,,C3415,Smartphone,957.0,-101.94138228613178,credit card,Completed
T92332,,C3077,Headphones,684.0,780.5900298426635,PayPal ,Completed
T92333,,C3502,Headphones,310.0,-303.74804829672735,credit card,completed
T92334,,C1837,Smartphone,,-342.3309116593547,Credit Card,complete
T92335,,C810,Laptop,8.0,,PayPal,Pending
T92337,,C1601,Headphones,-8.0,892.8626404519464,PayPal ,Failed
T92339,,C3724,Laptop,6.0,-577.6734080453971,credit card,
T92340,,C1782,Tablet,212.0,-764.5383572743888,Cash,
T92341,,C1010,Smartphone,581.0,,PayPal ,Pending
T92343,,C179,Headphones,-8.0,211.38190881803507,Cash,completed
T92344,,C1022,Smartphone,6.0,,creditcard,Completed
T92345,,C888,Smartphone,-1.0,-67.58313052636822,PayPal ,completed
T92346,,C3209,Tablet,-7.0,-675.7887343420009,PayPal ,completed
T92348,,C3534,Smartphone,3.0,,creditcard,completed
T92349,,C4019,Headphones,-1.0,-214.19976166087224,creditcard,
T92350,,C3429,Smartphone,-10.0,,Credit Card,Pending
T92351,,C4057,L,539.0,849.4670020512036,PayPal,Completed
T92352,,C2928,Laptop,289.0,$662.80,Cash,complete
,,C1825,Smartphone,133.0,177.94818764757395,PayPal,Failed
T92354,,C676,Smartphone,-1.0,,creditcard,Pending
T92355,,C3595,Laptop,440.0,-61.40794949729627,PayPal ,Completed
T92356,,,Laptop,2.0,-272.8144544863213,PayPal ,Completed
T92358,,C251,Coffee Mac,-9.0,699.2458318839572,PayPal,complete
T92359,,C425,Tablet,202.0,255.73329632925214,credit card,
T92361,,C1804,Coffee Machine,-9.0,-180.55413010747486,pay pal,completed
T92362,,C3156,Tablet,-7.0,,creditcard,
,,C1449,Smartphone,-2.0,$394.88,credit card,Pending
T92364,,C550,Smartphone,578.0,,PayPal,
T92365,,C3610,Smartphone,4.0,993.4901798846086,Credit Card,Completed
T92366,,,Laptop,587.0,688.9518609766454,creditcard,
T92367,,,Smartphone,383.0,-243.04766625093248,credit card,
T92368,,C1515,Coffee Machine,221.0,-85.3200778742912,pay pal,complete
T92369,,C128,Tablet,9.0,,credit card,Completed
T92370,,C3092,Sma,973.0,880.2608372704357,credit card,completed
T92373,,C2391,Smartphone,2.0,,PayPal,Completed
T92374,,C2483,Headphones,-10.0,984.217050183114,Cash,completed
T92376,,C1037,Laptop,,$617.85,credit card,Failed
T92378,,C1837,Headphones,,-246.9179167729685,PayPal,Completed
T92379,,C3809,Tablet,-3.0,354.7422265093232,PayPal ,completed
T92383,,C4822,Coffee Machine,174.0,-236.73095723066035,Credit Card,complete
T92384,,,Tablet,6.0,427.5900827633714,Cash,complete
T92385,,C3347,Headphones,-10.0,458.72221133387234,creditcard,Failed
T92387,,C1522,Smartphone,6.0,453.13827417971436,PayPal,Completed
T92388,,C1875,Headphones,8.0,,PayPal ,
T92389,,C3816,Tablet,286.0,348.11630831917796,Credit Card,complete
T92390,,C4177,Headphones,5.0,,Cash,Failed
T92391,,C4857,Laptop,3.0,169.44624412038908,PayPal,Failed
T92392,,C4971,Coffee Machine,5.0,-960.3368578539651,pay pal,Completed
T92395,,C2364,Laptop,342.0,-491.84113933382423,Cash,Completed
T92396,,C2361,Laptop,-5.0,-685.2698606602576,PayPal,completed
T92399,,C2672,Laptop,6.0,277.36580041496177,PayPal ,
T92401,,C805,Coffee Machine,5.0,$496.01,PayPal,Pending
T92402,,C2075,Headphones,3.0,,pay pal,completed
T92403,,C1945,Laptop,885.0,,PayPal ,Completed
T92404,,C4952,Headphones,434.0,$709.46,PayPal ,Completed
T92405,,C4933,Smartphone,9.0,-409.9949844999078,Cash,Failed
T92406,,C2623,Headphones,-6.0,,PayPal ,Completed
T92407,,C1006,Coffee Machine,-9.0,-895.734913886413,credit card,Failed
T92410,,C2166,Tab,925.0,,PayPal ,Pending
T92411,,,Smartpho,-9.0,94.03894886897609,PayPal,Completed
T92412,,C4716,Smartphone,760.0,$-569.57,Cash,Failed
T92413,,C272,Coffee Machine,,,Credit Card,Failed
T92414,,C3567,Smartphone,7.0,515.2965013838555,PayPal ,complete
T92415,,C352,Head,,-923.0019852118688,PayPal ,Failed
T92416,,,Laptop,-4.0,,Cash,Failed
T92417,,C3354,Coffee Machine,-5.0,815.8357524843768,Credit Card,Completed
T92418,,,Laptop,435.0,,creditcard,completed
T92419,,C817,Laptop,9.0,,creditcard,Pending
T92420,,C2873,Coffee Machine,9.0,,creditcard,Pending
T92421,,C3403,Headphones,-7.0,,Cash,Completed
T92423,,C1909,Tablet,875.0,-70.70478261657115,credit card,complete
T92426,,C996,Headphones,-2.0,,PayPal,
T92428,,C2130,Headphon,703.0,246.40382433710232,PayPal ,Completed
T92429,,C4379,Tablet,-4.0,,pay pal,completed
T92430,,C596,Laptop,-9.0,,credit card,Completed
T92431,,C3107,Headphones,838.0,410.1444346252598,creditcard,completed
T92432,,,Tablet,285.0,708.2428780808727,creditcard,Failed
T92433,,C1484,Tablet,3.0,445.9284320395185,Credit Card,complete
T92434,,C4920,Laptop,-7.0,135.32902432661137,pay pal,Pending
,,C1419,Smartpho,728.0,$684.51,Credit Card,complete
T92437,,C3149,Smartphone,532.0,,PayPal ,complete
T92438,,C2435,Laptop,271.0,-104.10406450432481,credit card,completed
T92439,,C4834,Coffee Machine,7.0,,Credit Card,Failed
T92441,,C1474,Tablet,-10.0,-584.0239877177078,PayPal ,Completed
T92442,,C1088,Coffee Machine,-1.0,,creditcard,complete
T92445,,C640,Tablet,,-636.5851131564332,creditcard,completed
T92446,,C4365,Coffee Machine,7.0,,Cash,Pending
T92450,,C1402,Laptop,978.0,$538.91,credit card,Pending
T92451,,C300,Tablet,8.0,,credit card,Failed
T92452,,C1771,Laptop,6.0,,pay pal,complete
T92453,,C080,Headphones,781.0,913.9432606675399,pay pal,complete
T92454,,C115,Laptop,708.0,681.471656405756,PayPal,Pending
T92455,,C3453,Laptop,191.0,,pay pal,Pending
T92456,,C2280,Headp,712.0,,Cash,Failed
T92457,,C4160,Smartphone,5.0,195.91544324351105,PayPal,Failed
T92461,,C3314,Tablet,5.0,-973.1865125787299,Cash,Failed
T92462,,C1871,Coffee Machine,629.0,,credit card,Completed
T92463,,C4326,Headphones,462.0,-738.1773644902755,creditcard,Pending
T92466,,C1291,Smartphone,-1.0,-728.946243517946,Cash,complete
T92467,,C2574,Tablet,-9.0,-795.6580597653638,pay pal,completed
T92469,,C3597,Tablet,731.0,653.3779422715819,PayPal ,completed
T92470,,C2588,Smartphone,-6.0,238.29478309060337,Credit Card,Pending
T92472,,C1662,Laptop,326.0,374.99111731320795,credit card,Completed
T92473,,C4700,H,303.0,-157.46497077698825,Cash,completed
T92475,,C4838,Laptop,-4.0,665.0457182167365,PayPal,complete
T92479,,C1487,Smartphone,492.0,437.2974998464208,PayPal,Failed
T92480,,C2486,Laptop,4.0,980.4153296273837,Credit Card,complete
T92482,,C1685,Laptop,-1.0,259.35408270279254,pay pal,Failed
T92483,,C608,Laptop,778.0,347.4399944675484,Cash,complete
T92485,,C278,Headphones,2.0,-269.64219831104333,PayPal,completed
T92486,,C354,Coffee Machine,703.0,230.28489959401432,PayPal,Completed
T92487,,C2620,Headphones,698.0,767.7579426315182,PayPal ,Failed
T92488,,C305,Smartphone,1.0,732.1883304203329,pay pal,Pending
T92489,,C3104,Smartphone,359.0,,creditcard,Pending
T92490,,C4397,Smartphone,7.0,-987.7217031332958,creditcard,Completed
T92491,,C923,Coffee Machine,-4.0,,Cash,completed
T92492,,C2022,Coffee Machine,-9.0,-898.9378762423128,PayPal ,Completed
T92493,,C2331,Smartphone,-9.0,,Cash,Failed
T48105,,C2019,Laptop,597.0,-185.81495447310078,PayPal,complete
T92496,,C1877,Tablet,396.0,180.1249194046372,pay pal,
T92497,,C164,Tablet,2.0,277.79816407405247,credit card,
T92498,,C1276,Smartphone,695.0,194.4007207049007,Cash,
T92499,,C4644,Smartphone,1.0,752.1386356271995,Cash,
T92500,,,Laptop,7.0,-282.0043065783872,PayPal ,Pending
T92502,,C2181,Laptop,-10.0,-513.2657639355656,pay pal,Completed
T92505,,C3695,Coffee ,743.0,606.0076509358568,Cash,completed
T92506,,C3508,Tablet,10.0,,pay pal,Completed
T92507,,C267,Smartphon,549.0,517.3226158810419,credit card,Completed
T92508,,C1664,L,418.0,,pay pal,Failed
T92509,,C3916,Smartphone,6.0,,PayPal ,completed
T92510,,,Coffee,7.0,,PayPal,complete
T92511,,C4461,Coffee Machine,5.0,-613.8578628750552,Credit Card,Pending
T92512,,C2783,Tablet,-3.0,$125.35,Credit Card,Completed
T92518,,C3878,Tablet,640.0,,PayPal ,complete
T92519,,C2848,Tablet,-3.0,$880.99,PayPal,Completed
T92520,,C4858,Laptop,421.0,,credit card,complete
T92521,,C2688,Smartphone,1.0,,credit card,Failed
T92522,,C104,Laptop,598.0,,Cash,completed
T92523,,C4894,Smartphone,725.0,-646.2062326910942,Cash,complete
T92525,,C4089,Coffee Machine,9.0,,PayPal,completed
T92526,,C1440,Tablet,-8.0,111.95168121050577,Credit Card,Pending
T92527,,C3320,Tablet,721.0,$-756.66,pay pal,Failed
T92528,,C3698,Laptop,514.0,795.3250200834759,credit card,Pending
T92529,,C2751,H,-2.0,660.2926584039812,creditcard,Completed
T92530,,C1042,Laptop,716.0,541.7156374388321,credit card,Failed
T92533,,C3747,Coffee Machine,-5.0,$-79.01,PayPal,Completed
T92534,,C4779,Coffee Machine,3.0,,credit card,completed
T92535,,C3925,Headphones,-8.0,635.4406901824832,Cash,Failed
T92538,,C1376,Headphone,-7.0,,PayPal,completed
T92539,,C3925,Coffee Machine,-1.0,-324.78473738695754,Cash,completed
T92541,,C4024,Headphones,301.0,-998.5920933516363,pay pal,Pending
T92542,,C4729,Tablet,3.0,700.456896227615,Credit Card,
,,C3683,Smartphone,-8.0,-988.1042098094446,PayPal ,completed
T92544,,C228,Tablet,1.0,454.605577373599,Cash,
T92546,,C1974,Coffee Machine,4.0,-134.01428265527875,Credit Card,Pending
T92547,,C4260,Coffee Machine,206.0,$948.70,PayPal ,complete
T92549,,C4808,Smartphone,838.0,,Cash,Completed
T92550,,C953,Headphones,1.0,-572.9188155626158,pay pal,
T92551,,C2646,Coffee Machine,7.0,-693.0232200746948,credit card,Completed
T92552,,C1569,Smartphone,-2.0,-314.9704504300238,Credit Card,Completed
,,C1371,Laptop,10.0,-786.3025702751889,PayPal,Failed
T92555,,C2784,Coffee Machin,9.0,$-989.86,PayPal ,Pending
T92556,,C2689,Smartphone,275.0,606.9133226288923,PayPal ,complete
T92557,,C4754,Smartphone,3.0,717.7109683830903,PayPal ,
T92559,,C1122,Smartphone,925.0,764.2399526206204,PayPal,
T92560,,C1259,Laptop,9.0,,credit card,Completed
T92561,,C2734,Headphones,419.0,979.3132170327041,pay pal,Pending
T92566,,C992,Tablet,-7.0,155.6040555827434,Cash,complete
T92568,,C1158,Tablet,-7.0,-91.47096130129171,Credit Card,Completed
T92570,,C1685,Tablet,573.0,729.8409214229847,PayPal ,complete
T92572,,C1359,Coffee Machine,,,Cash,
T92573,,C3067,Coffee Machine,195.0,$223.23,Credit Card,complete
T92575,,C476,Laptop,-4.0,123.42489475301839,credit card,Pending
T92577,,C1410,Tab,595.0,843.6060985793404,Credit Card,Pending
T92578,,C3771,C,-9.0,346.15748890833606,Credit Card,Completed
T92579,,C1098,Smartphone,-6.0,-56.81391785319181,creditcard,Pending
T92580,,C3855,Laptop,3.0,,Credit Card,Failed
,,C976,Smartphone,250.0,389.30148857076455,credit card,completed
T92582,,C552,Lap,6.0,-522.9542838796089,pay pal,completed
,,,Headphones,8.0,739.3870254979488,PayPal,complete
T92585,,C1033,Laptop,-4.0,,credit card,Pending
T92588,,C1621,Laptop,1000.0,-524.0233601659295,Cash,completed
T92589,,C3750,Headphones,-5.0,718.2673537692851,Cash,completed
T92591,,C2493,Lapt,9.0,,credit card,complete
T92592,,C2318,Headphones,7.0,$428.65,PayPal,Completed
T92595,,C4421,Coffee Machine,,-675.2994310115473,credit card,complete
T92598,,C773,Coffee Machine,,195.41016885400694,Credit Card,Pending
T92600,,C117,Coffee Machine,900.0,-299.31144344079826,Cash,Pending
T92601,,C192,Coffee Machine,4.0,987.6701510153944,PayPal,Failed
T92602,,C017,Coffee Machine,9.0,$-419.91,PayPal,
T92605,,C1788,Smartphone,9.0,-697.2913460847828,Credit Card,Failed
T92607,,,Headphones,-10.0,495.2990753159553,PayPal ,Failed
T92608,,C258,Headphones,612.0,998.1040176939122,Credit Card,
T92609,,C3562,Coffee Machine,-6.0,-342.39096796264346,Cash,complete
T92610,,C2259,Smartphone,-7.0,899.5483321604138,creditcard,Failed
T92611,,C1314,Headphones,-3.0,879.5929472282546,creditcard,Pending
T92613,,C2861,Smartphone,1.0,-297.8386189309018,Cash,Completed
T92614,,C1035,Smartphone,3.0,,creditcard,completed
T92615,,C383,Tablet,518.0,,PayPal ,complete
T92616,,C3786,Smartphone,917.0,441.51764415745475,Credit Card,completed
T92618,,C3677,Smartphone,833.0,,PayPal,
T92619,,C3643,Smartphone,4.0,,PayPal,
T92620,,C2191,Headphones,650.0,,PayPal,completed
T92629,,C1599,Coffee Machine,404.0,803.4337330638666,credit card,Failed
T92631,,C3608,Headphones,7.0,749.5459202733508,PayPal ,completed
T92633,,C1471,Smartphone,500.0,$-619.78,credit card,Completed
T58901,,C1769,Tablet,-3.0,,creditcard,
T92635,,C3399,Laptop,3.0,-204.57026781731474,PayPal,completed
T92636,,C927,Tablet,4.0,253.58562690379566,PayPal,completed
T92637,,C841,Headphones,,-415.4220047543573,credit card,Failed
T92638,,C615,Smartphone,-5.0,-343.7658544055986,pay pal,completed
T92639,,C1399,Smartphone,-10.0,644.6588810154623,creditcard,
T92641,,C4214,Table,,508.89492624844263,creditcard,complete
T92642,,C148,Tablet,935.0,,Credit Card,completed
T92643,,C2154,Smartphone,1.0,153.98169724299584,PayPal,completed
T92645,,C2436,Tablet,986.0,,PayPal,complete
T92646,,C3805,Tablet,-1.0,,PayPal ,Completed
T92648,,C955,Headphones,-5.0,,creditcard,Pending
T92649,,C049,Smartphone,-5.0,818.845038384649,Cash,Completed
T92651,,C3107,Headphones,10.0,,creditcard,Pending
T92652,,C4233,Smartphone,-2.0,,pay pal,
T92654,,C1423,Coffee Machine,-6.0,-166.00225879114623,PayPal,complete
T92655,,C3844,Smartphone,858.0,,pay pal,Failed
,,C1232,Laptop,-9.0,607.6978330573627,PayPal,Pending
,,C2438,Smartphone,241.0,471.41100579970634,Cash,complete
T92660,,C1354,Laptop,-4.0,$177.23,Cash,Pending
T92661,,C570,Laptop,4.0,83.81482939517181,Credit Card,Pending
T92662,,,Sm,-8.0,,Cash,completed
T92663,,C1883,Tablet,10.0,,creditcard,Completed
T92664,,C2217,Laptop,-8.0,$-718.03,PayPal ,complete
T92667,,C1097,Smartphone,7.0,,pay pal,
,,C525,Coffee Machine,,,creditcard,Pending
T92669,,C2065,Tablet,201.0,-466.2873556796734,Cash,Completed
T92673,,C2636,Tablet,509.0,-285.2874171342829,PayPal ,completed
T92674,,C773,Headphones,840.0,440.31548322353683,credit card,complete
T92675,,C993,Headphones,503.0,230.64028071524055,Credit Card,complete
T92677,,C069,Tabl,-2.0,,creditcard,Failed
T92678,,C3954,Smartphone,111.0,$308.86,credit card,Failed
T92679,,C2433,Smartphone,910.0,801.6036485311844,creditcard,Pending
T92680,,C2010,Coffee Machine,2.0,,credit card,Pending
T92684,,C495,Lapt,342.0,100.76083794231494,pay pal,Completed
T92685,,C3476,Coffee Machine,6.0,835.9858761567783,credit card,completed
T92686,,C4731,Tablet,554.0,-69.06222376453513,PayPal ,Pending
T92687,,C4239,Coffee Machine,295.0,-901.6260927986824,PayPal,Completed
T92689,,C337,Smartphone,-7.0,,pay pal,Pending
T92690,,C4551,Coff,-10.0,897.3763490518306,Credit Card,Completed
T92691,,C2836,Headphones,414.0,550.6050606949545,PayPal ,Pending
,,C991,Coffee Machine,-3.0,,credit card,complete
T92698,,C2718,Tablet,-7.0,-667.7963103750103,Credit Card,Pending
T92701,,C4141,Headp,546.0,,Cash,Completed
T92703,,C3613,Headphones,838.0,973.0755025261445,pay pal,Pending
T92704,,C4464,Headphones,787.0,633.5941621522963,Cash,complete
T92705,,C1114,Headphones,898.0,302.4170024852993,credit card,completed
T92706,,,Smartphone,1.0,,credit card,Failed
T92707,,C2109,Tablet,-7.0,,creditcard,Completed
T92710,,C735,Coffee Machine,,-749.0617793380986,Cash,Pending
T92711,,C2266,Smartphone,425.0,,PayPal ,Pending
T92713,,C1837,L,-1.0,562.0837063186344,Credit Card,Pending
T92716,,C3955,Laptop,-7.0,,credit card,
T51337,,C2376,Headphones,-8.0,,PayPal,Completed
,,C2059,Headphones,567.0,152.4929591622491,Cash,Failed
T92719,,C3747,Smartphone,-6.0,,credit card,Completed
T92720,,C4973,Tablet,125.0,,Cash,complete
T92721,,C964,Laptop,278.0,,credit card,Pending
T92722,,C2957,Smartphone,-5.0,-147.37027784529835,Cash,
,,C603,Tablet,-4.0,,PayPal,Failed
T92724,,C4702,Coffee Machine,896.0,,PayPal ,completed
T36911,,C493,Smartphone,-2.0,$235.69,Cash,Failed
,,C3132,Tab,2.0,701.8521464137331,pay pal,Failed
T92727,,C296,Headphones,-3.0,-100.82657297507103,PayPal ,Pending
T92729,,C3909,Laptop,6.0,$806.44,Credit Card,
T92730,,C760,Coffee Machine,4.0,392.66650849034244,Credit Card,completed
T92732,,C3429,Smartpho,-1.0,$691.99,Credit Card,
T92733,,C3630,La,-5.0,,Cash,
T92734,,C787,Laptop,-9.0,,pay pal,Completed
T92735,,C3493,Coffee Machine,-8.0,-973.4330635781564,PayPal ,
,,C1493,Tablet,,$-260.08,credit card,Completed
,,C3912,Headphones,,$285.53,creditcard,completed
T92738,,C982,Tablet,-3.0,682.0008327477096,Cash,Completed
T92739,,C4873,Laptop,2.0,-798.3929837758442,credit card,Completed
T92740,,C4620,Coffee Machine,1.0,,credit card,Pending
T92746,,C2476,Headphones,-9.0,596.0421030394841,Credit Card,Pending
T92749,,C1952,Smartphone,-6.0,141.01704752126102,creditcard,Completed
T92750,,C4008,Laptop,-1.0,,pay pal,complete
T92751,,C1009,Tablet,-6.0,,Cash,Completed
T92752,,C4777,Laptop,761.0,,Credit Card,complete
T92753,,C1877,Headphones,-3.0,883.2789143011158,Credit Card,completed
T92754,,C2041,Tablet,4.0,-851.1080783876434,Cash,complete
T92755,,C1223,Tablet,2.0,596.1348090570353,PayPal ,Failed
T92757,,C4984,Coffee Machine,7.0,257.0914298572438,creditcard,
T92758,,C870,Laptop,6.0,791.3350521837565,PayPal,Failed
T92759,,C470,Laptop,-9.0,923.0272888625551,Credit Card,complete
T92760,,C1403,Hea,792.0,-295.45936982787396,creditcard,completed
T92762,,C4413,Laptop,743.0,,credit card,complete
T92763,,C3426,Coffee Machine,503.0,229.005797968399,PayPal,Completed
T92764,,C3828,Smartphone,,344.86521032645766,creditcard,complete
T92766,,C1748,Smartphone,,-134.07701578511922,PayPal,Completed
T92767,,C379,Table,928.0,,credit card,Completed
T92768,,C4423,Tablet,263.0,,Cash,Completed
T92770,,C4818,Smartphone,-2.0,,Credit Card,completed
T92771,,C2131,Smartphone,-3.0,,credit card,Pending
T92773,,C4263,Headphones,-10.0,$307.80,PayPal,complete
T92774,,C2079,Laptop,3.0,-81.81069541919726,pay pal,Pending
T92777,,C525,Coffee Machine,451.0,748.572038159901,credit card,
T92778,,,Smartphone,-9.0,299.29497911453973,pay pal,Pending
T41307,,C697,Tablet,481.0,-882.8581558218868,PayPal,Failed
T92780,,C4762,Laptop,929.0,-661.9187531519012,pay pal,completed
T92781,,C934,Smartphone,-4.0,-640.6990782822746,credit card,Completed
T92782,,C4094,Laptop,-4.0,714.0252497949277,Cash,complete
T92783,,C4941,Headphones,9.0,-262.46161411293144,credit card,completed
T92784,,C4375,Smartphone,415.0,701.932982100782,credit card,
T92785,,C2104,Tablet,885.0,$-963.64,PayPal,Completed
T92786,,C3893,Tablet,-2.0,-229.18283835181865,PayPal ,complete
T92788,,C3579,Headphones,-7.0,542.2957811302324,creditcard,
T92789,,C2814,Smartphone,2.0,-547.9710039480817,credit card,Pending
T92791,,C2493,Coffee Machi,-7.0,209.20201194016153,PayPal ,completed
T92793,,C987,Coffee Machine,518.0,-880.8762053126185,Cash,complete
T92794,,C3005,Coffee Machine,10.0,350.5172456639548,PayPal,Pending
,,,Smartphone,9.0,-759.6484991979091,PayPal ,Pending
T92799,,C569,He,5.0,,pay pal,Completed
T92800,,C1156,Tablet,10.0,71.34585399885101,pay pal,completed
T92801,,C1249,Smartphone,489.0,-56.38619833664666,pay pal,
T92803,,C3903,Coffee Machine,1.0,,creditcard,complete
T92804,,C4022,Smartphone,9.0,-364.52137136104557,Credit Card,Pending
T92805,,C2629,Coffee Machine,-4.0,690.5047487195958,pay pal,Pending
T92806,,C686,Laptop,-6.0,998.9701565942019,Credit Card,completed
T92807,,C2421,Headphones,794.0,,PayPal ,
,,C1163,Headphones,-10.0,834.2454037966947,Credit Card,complete
T92810,,C3902,Laptop,-1.0,-550.3656816566186,credit card,complete
T92813,,C2334,Smartphone,9.0,100.01561342308062,pay pal,Completed
T92814,,C587,Smartphone,-8.0,,pay pal,
T92815,,C3907,Tablet,-4.0,,Credit Card,
T92816,,C1207,Tablet,6.0,,Cash,complete
T92817,,C4394,Smartphone,2.0,-312.7950014097271,Cash,Completed
T92818,,C081,Smartphone,-10.0,475.1412996611398,PayPal ,Completed
T92819,,C2321,Tablet,411.0,,pay pal,complete
T92820,,C3130,Laptop,444.0,-858.232917308623,Cash,Pending
T92821,,C3406,Headph,9.0,-705.9801802481516,PayPal,complete
T92822,,C2587,Tablet,607.0,$673.91,pay pal,
T92824,,C3598,Headphones,591.0,-805.3028517198828,PayPal,complete
T92827,,C1259,S,-6.0,-372.76846079540053,pay pal,Failed
T92828,,C1335,Tablet,-9.0,337.0529068042823,Cash,complete
T92829,,C552,Headphones,737.0,,Cash,Pending
T92832,,C173,Laptop,,,PayPal,Completed
T92833,,,Tablet,546.0,,Cash,Completed
T92834,,C082,Lapt,845.0,,Cash,Completed
T92835,,C2282,Coffee Machine,1.0,-565.5352490462551,creditcard,Completed
T92838,,C1009,Coffee Machine,-9.0,76.01435098298225,PayPal ,complete
T92842,,C3522,Tablet,-6.0,535.30008254491,pay pal,
T92843,,C4371,Headphones,233.0,-773.5102634237464,credit card,Failed
T92847,,C2899,Laptop,-9.0,88.9596761284732,PayPal ,complete
T92848,,C3783,Headphones,4.0,,PayPal ,Completed
T92849,,C1897,Tablet,1.0,$-674.48,Credit Card,Completed
T92850,,C4940,Headphones,5.0,921.8662347203103,PayPal ,Completed
T92851,,C037,Tab,-3.0,833.2427575858269,PayPal ,complete
T92853,,C2139,Tablet,278.0,577.1129396948455,PayPal ,Failed
T92854,,C2649,Laptop,619.0,,credit card,
T92855,,C922,Laptop,3.0,-169.15750444300807,Credit Card,
T92856,,C949,Smartphone,830.0,-959.708912265152,Cash,complete
T92858,,C3437,Coffee Machine,-1.0,,Cash,completed
T92859,,C1689,Coffee Machine,2.0,246.5275704786519,pay pal,Completed
T92861,,,Smartphone,3.0,553.5652615040775,pay pal,Pending
T92862,,C3532,Headphones,,,pay pal,complete
T92863,,C2954,Smartphone,1.0,,Cash,completed
T92865,,C995,Laptop,540.0,-668.1262881849373,Cash,Failed
T92867,,C1815,Headphones,-7.0,,credit card,complete
T92868,,C3444,Smartphone,,-439.00018315998057,creditcard,
,,C496,Headphones,2.0,996.8221745825266,PayPal,
T92871,,C2564,Tablet,534.0,,Cash,completed
T92873,,C2113,Headphones,-9.0,,creditcard,completed
T92875,,C4266,Tablet,9.0,,creditcard,completed
T92876,,C4880,Laptop,170.0,,PayPal ,complete
T92877,,C2142,Tablet,133.0,-730.1882591739427,PayPal ,
T92878,,C1977,Coffee Machine,-8.0,,Cash,Pending
T92879,,C4909,Headphones,6.0,907.0909918662795,Credit Card,
T92880,,C3176,Smartphone,,-991.4170654737185,creditcard,
T92884,,C4749,Smartpho,412.0,-63.47141054370388,PayPal,Completed
,,C3634,Laptop,-3.0,-884.4160252948877,PayPal ,Pending
T92886,,C2809,Coffee Machine,591.0,,Cash,Failed
T92887,,C2119,Smartphone,-2.0,,Cash,complete
T92889,,C1053,Smartphone,2.0,,Cash,completed
T92891,,C906,Coffee Machine,102.0,-358.2565301021184,PayPal ,complete
T92894,,C772,Headphones,,780.9033312755131,creditcard,Failed
T92895,,C2639,Headphones,7.0,$-124.94,Cash,completed
T92897,,C4071,Smartphone,,,pay pal,complete
T92898,,C3566,Headphones,-4.0,,Credit Card,complete
T92899,,C3796,Smartpho,-4.0,355.93439913171426,PayPal ,Completed
T92900,,C3489,Coffee Machine,6.0,174.14308154585308,PayPal ,complete
T92901,,,Laptop,,94.95963020568189,Cash,
T92902,,C4560,Coffee Machine,816.0,-171.0517244441844,creditcard,Completed
,,C513,Coffee Machine,10.0,-87.66293384297262,PayPal ,completed
T92904,,C2835,Headphones,-3.0,-835.1556190311189,PayPal,Completed
T92905,,C1415,Laptop,388.0,-342.6888315207369,Credit Card,Pending
,,C2204,Tablet,344.0,,credit card,completed
T92907,,C2047,Tablet,215.0,-69.48506089149828,creditcard,
T92911,,C4309,Smartphone,380.0,,PayPal,Pending
T92912,,C472,Headphones,-2.0,-978.871200274163,Credit Card,Failed
T92913,,C2756,Laptop,-2.0,491.5938363298722,Cash,Completed
T92915,,,Coffee Machine,2.0,,Credit Card,completed
T92916,,C034,Coffee Machine,891.0,650.8000273686713,Cash,Failed
T0998,,C2150,Smartphone,-2.0,,PayPal,complete
T92919,,C1831,Coffee Machine,1.0,-324.5354000852641,PayPal ,Completed
T92920,,C1853,Headphones,-2.0,971.4245497017228,PayPal,Pending
T92922,,C3851,Coffee Machine,-9.0,,creditcard,completed
T92923,,C2265,C,-3.0,-136.87554960699606,PayPal,Pending
,,C4865,Laptop,10.0,-281.18304685865405,Credit Card,Pending
T92926,,C4932,Coffee Machine,4.0,-508.34248709124864,PayPal,Pending
T92927,,C3280,Tab,-9.0,-885.6753439577644,Credit Card,Failed
T92928,,C3098,Coffee Machine,605.0,,PayPal ,completed
T92929,,C3912,Coffe,8.0,-956.411390736712,Credit Card,
T92930,,C1999,Headphones,7.0,,PayPal,Pending
T92931,,C2475,Tablet,4.0,-549.215981264044,PayPal,completed
T92933,,,Headphones,9.0,-874.8255593707198,Cash,Pending
T92934,,C1208,Headphones,-8.0,,Cash,completed
T92936,,C331,Headphones,7.0,,Cash,
T92938,,C3447,Headphones,628.0,695.2011742836763,creditcard,Failed
T92939,,C3759,Laptop,275.0,$969.63,Credit Card,Completed
T92940,,C4996,Laptop,8.0,$-727.95,PayPal,completed
T92941,,C1884,Laptop,560.0,,pay pal,
T92943,,C1592,Tablet,2.0,-883.425317210663,credit card,Pending
T92944,,C4075,Smartphone,2.0,,pay pal,
T92945,,C4218,Coffee Machine,-3.0,-847.7659804113605,Credit Card,
T92946,,C4520,Coffee Machine,643.0,965.9776799244274,Credit Card,Completed
T92947,,C2321,Tablet,10.0,,Credit Card,completed
T92948,,C2240,Tablet,4.0,,Cash,Failed
T92949,,C825,Tabl,534.0,,PayPal,Failed
T92950,,C1006,Coffee Machine,3.0,-856.8478613923302,credit card,Failed
T92951,,C1688,Smartphone,446.0,,PayPal,Failed
T92952,,C4970,Headphones,3.0,,Cash,
T92953,,C310,Headphones,-1.0,255.07297542636954,pay pal,Pending
T92954,,C357,Coffee Machine,-10.0,-538.292800703824,credit card,complete
T92957,,C1757,Headphon,9.0,,Credit Card,completed
T92960,,C3156,Coffee Machine,-6.0,-923.7624253635713,credit card,
T92961,,,T,3.0,-248.10976317938741,Cash,complete
T92962,,C4974,Headphones,939.0,,creditcard,Completed
,,C2347,Headphones,-10.0,,Credit Card,Failed
T92964,,C2776,Headphones,2.0,,pay pal,completed
T92965,,,Laptop,3.0,,Cash,Completed
T92966,,C2330,Headphones,927.0,583.4418362008996,Cash,Failed
T92967,,C2308,Headphones,657.0,905.7032244960453,PayPal ,Failed
T92968,,C1408,Headphones,1.0,,PayPal ,
T92969,,C2599,Laptop,5.0,762.8572780633921,pay pal,complete
T92970,,C2464,Tablet,-1.0,,pay pal,
T92971,,,Headphones,803.0,395.208576223148,Credit Card,Pending
T92973,,,Smartphone,-3.0,,Credit Card,
T92975,,C1673,Coffee Machine,114.0,,PayPal ,Failed
T92976,,C4071,Coffee Machine,5.0,486.6096921323131,credit card,Completed
T92977,,C4091,Smartphone,779.0,-426.3708974700264,credit card,Completed
T92978,,C416,Headpho,190.0,-558.4053710242465,credit card,
T92979,,C992,Table,-8.0,-851.4443334606076,PayPal,Completed
T92980,,C990,Headphones,906.0,327.9695853955124,Credit Card,complete
T92982,,C2335,Coffee Machine,9.0,-998.874732534957,Cash,Pending
T92983,,,Smartphone,-5.0,133.19156353889406,credit card,Pending
T92984,,C638,La,560.0,$-746.17,PayPal ,completed
T92985,,C2893,Smartphone,-2.0,-762.7276007008207,creditcard,Pending
T92986,,C2355,Coffee Machine,5.0,563.3355032525334,Cash,complete
T92987,,C4264,Laptop,2.0,355.7473481914076,Credit Card,complete
T92988,,C491,Coffee Machine,-8.0,,PayPal ,Completed
T92989,,C3810,Headphones,687.0,516.5473235894706,PayPal ,completed
T92990,,C239,Laptop,-1.0,,pay pal,completed
T92991,,C4577,Coffee Machine,-4.0,-684.8286824486371,creditcard,Completed
T92992,,C321,Tablet,-7.0,174.53223890569643,Credit Card,completed
T92993,,C1379,Tablet,6.0,-186.71781658468103,PayPal ,
T92995,,C4289,Laptop,-5.0,-281.12829897666643,creditcard,Failed
T92996,,C3206,Tablet,7.0,521.851476011645,PayPal ,Pending
T92997,,C1875,Coffee Machine,3.0,642.571925706085,PayPal,
T92998,,C4097,Headphones,-7.0,442.470384460525,PayPal ,
T92999,,C1336,Smartphone,-2.0,,Credit Card,complete
,,C1693,Smartphone,-5.0,,pay pal,Completed
T47529,,C3030,Laptop,-4.0,-759.9078275588776,Credit Card,complete
T93006,,C3609,Tablet,-2.0,-759.7387627263817,Credit Card,Failed
T93007,,C3551,Tablet,9.0,,credit card,Pending
T93008,,C3257,Coffee Machine,3.0,921.2888777764484,PayPal,completed
T93009,,C1694,Coffee Machine,394.0,-995.0527919120598,PayPal ,
T93011,,C3900,Headphones,-8.0,-898.0848352186006,PayPal,complete
T93012,,C2399,Tablet,,,creditcard,Failed
T93013,,C225,Tablet,900.0,-389.37367683926504,PayPal,Failed
T93014,,C1840,Laptop,820.0,361.2261521583868,creditcard,complete
T93015,,C290,Laptop,740.0,455.4313959847887,Credit Card,completed
T93016,,C2773,Headphones,9.0,-197.53796692888739,Cash,
T93018,,C1701,Coffee Machine,4.0,,Cash,Failed
T93019,,C4825,Headphones,-8.0,673.3237696388434,credit card,completed
T93020,,C3584,Laptop,366.0,,credit card,completed
T93022,,C1882,Headphones,10.0,,creditcard,Completed
T93023,,,Headphones,-3.0,324.77145248466275,Credit Card,Completed
T93024,,C3607,Laptop,219.0,349.82360741169094,Cash,complete
T93025,,C431,Coffee Machine,8.0,,PayPal ,Pending
T93026,,C967,Headphones,9.0,996.5074219774467,creditcard,completed
T93027,,C1327,Smartphone,-7.0,104.00855224458957,pay pal,Completed
T93028,,C1923,Smartphone,-9.0,,PayPal,Pending
T93031,,C1826,Tablet,761.0,,Credit Card,completed
T93033,,C2749,Tablet,114.0,$-908.52,PayPal,Failed
T93036,,C4456,Smartphone,611.0,,PayPal,completed
T93038,,C3262,Ta,-2.0,,creditcard,complete
T30005,,C2346,Headphones,-10.0,,Credit Card,
T93041,,C4473,Coffee Machine,-2.0,$-687.54,pay pal,Pending
T93042,,C3547,Smartphone,685.0,$-443.46,creditcard,Pending
T93044,,,Tablet,4.0,,PayPal ,complete
T93045,,C4511,Headphones,728.0,716.6643632892456,Cash,Failed
T93046,,,Tablet,935.0,405.11850112030993,PayPal ,Completed
T93047,,C662,Laptop,617.0,$415.66,creditcard,completed
T93048,,C4652,Headphones,8.0,775.0965632835782,Credit Card,Completed
T93049,,C1684,Coffee Machine,675.0,,creditcard,Failed
T93050,,C1291,Tablet,-6.0,,creditcard,Completed
T93051,,C4262,Coffee Machine,-8.0,152.66878535293313,pay pal,complete
T93052,,C270,Tablet,495.0,,credit card,Pending
T93053,,C4858,Tablet,5.0,,pay pal,completed
T93054,,C782,Tablet,879.0,$182.38,PayPal,complete
T93058,,C3920,Coffee Machine,492.0,-307.1439454289666,PayPal ,Failed
T93060,,C2605,Headphones,-3.0,811.1718244640142,PayPal ,Failed
T93061,,C2412,Tablet,3.0,,pay pal,
T93062,,C1765,Tablet,-2.0,,PayPal ,
T93063,,C1693,Tablet,820.0,351.86533040905005,PayPal ,completed
T93064,,C3431,Coffee Machine,446.0,,PayPal ,completed
T93065,,C3627,Headphones,-10.0,$-971.70,Credit Card,Pending
T93066,,C3081,Laptop,-7.0,,pay pal,Pending
T93067,,C4021,Laptop,2.0,203.45564822476177,Credit Card,completed
T93069,,C395,Tablet,-3.0,213.26695107468103,pay pal,completed
T93070,,C3315,Tablet,,$-120.55,Credit Card,Completed
T93071,,C3696,Smartphone,-9.0,,PayPal ,Failed
T93073,,C4946,Smartphone,162.0,519.9997716001901,Cash,Failed
T93074,,C3416,Coffee Machine,8.0,-864.5013118021941,Credit Card,
T93075,,C1329,Smartphone,-8.0,-901.5423016762113,pay pal,
,,C4343,Laptop,-2.0,,Cash,
T93077,,C090,Headphones,,,Cash,completed
T93078,,C2774,Coffee Machine,177.0,,pay pal,Pending
T93081,,C943,Headphones,,403.06974249492396,creditcard,
T93082,,C3182,Smartphone,510.0,,creditcard,completed
T93083,,C2705,Tablet,-4.0,$-173.00,credit card,complete
T93084,,C4049,Tablet,4.0,79.76797881719936,pay pal,Failed
T93086,,C2828,Tablet,104.0,,PayPal,Failed
T93087,,C3942,Tablet,941.0,,Cash,Failed
T93088,,C792,Laptop,-9.0,,Credit Card,Failed
T93089,,C3726,Laptop,-1.0,,credit card,Pending
T93090,,C3001,Headphones,-1.0,-733.9137838760169,Credit Card,
T93091,,C487,Coffee Machine,9.0,,PayPal,
T93095,,C1911,Ta,10.0,,pay pal,complete
T93098,,C2320,Coffee Machine,2.0,,credit card,completed
T93101,,C3034,Coffee Machine,9.0,616.5563471547231,Credit Card,Pending
T93103,,C4410,Headphones,5.0,301.69439583859094,pay pal,Pending
T93106,,C1314,Smartphone,904.0,-181.4244003573591,credit card,Pending
T93107,,C729,Headphones,260.0,,PayPal,completed
T93108,,C1816,Laptop,-3.0,-563.0093218115687,Cash,Completed
T93109,,C460,Laptop,-3.0,-173.1275680346805,PayPal ,Pending
T93111,,,Smartphone,-10.0,-238.6134744843697,creditcard,Pending
T93112,,C1457,Smartphone,-9.0,300.24347517390413,PayPal,Pending
T93113,,C1589,Smartphone,166.0,70.93420255939131,pay pal,Pending
T95148,,C1895,Laptop,7.0,,credit card,Failed
T93115,,C227,Laptop,-7.0,-430.3138986233686,PayPal,Completed
T93116,,C516,Coffee Machine,-6.0,845.5515854320964,PayPal ,Completed
T93117,,C4286,Tablet,796.0,-700.0999486173263,pay pal,
T93119,,C2478,Laptop,964.0,,credit card,Failed
T93121,,C3917,Laptop,-9.0,503.10794280489256,creditcard,completed
T93123,,C2547,Laptop,5.0,-824.1116138980395,PayPal,Pending
T93124,,C731,Headphones,911.0,-974.6746751308019,creditcard,complete
T93126,,C4818,Tablet,356.0,-584.3919437335959,PayPal ,complete
T93127,,C2616,Tablet,634.0,-456.08067321280237,Credit Card,
T93129,,,Smartphone,4.0,-986.9181146351435,Credit Card,complete
T93131,,C2872,Headphones,,-707.5217828906091,pay pal,Completed
T93133,,C4406,Tablet,9.0,,pay pal,complete
T93135,,C4658,Headphones,-8.0,,PayPal,completed
T93136,,C1216,Laptop,363.0,,pay pal,
T93138,,C1224,Tablet,1.0,,PayPal,complete
T93140,,C654,Smartphone,566.0,940.336685284125,Credit Card,Failed
T93141,,C3134,Headphones,8.0,-995.9056108195672,PayPal ,complete
T93142,,C4236,Coffee Machine,-8.0,,PayPal ,completed
T93144,,C1028,Tablet,-5.0,559.4213698268536,pay pal,
T93145,,C1704,Coffee Machine,2.0,-660.5846092945685,credit card,Failed
T93148,,C4166,Smartphone,372.0,271.0440440814158,Credit Card,Pending
T93151,,C1007,Coffee Machine,-6.0,411.47239326575374,creditcard,
T93154,,C3325,Smartphone,9.0,,Credit Card,complete
T93155,,C4784,Coffee Machine,10.0,$-765.04,PayPal ,
T93156,,C4464,Smartphone,-9.0,,PayPal,Pending
T93158,,C1634,Laptop,2.0,297.68549085062295,creditcard,Failed
T93159,,C503,Headphones,-10.0,,Cash,
T93164,,C4311,Headphones,682.0,915.6854632409643,PayPal ,completed
T93165,,C3559,Smartphone,-6.0,134.88032420249655,credit card,
,,C2238,Coffee Machine,-10.0,,pay pal,Completed
T93168,,C2781,Smartphone,8.0,-62.16301553201117,creditcard,Pending
T93169,,C3523,Coffee Machine,-10.0,-164.31483493170902,credit card,Pending
T93170,,C2797,Coffee Machine,7.0,,PayPal ,Completed
T93172,,C1853,Tablet,-1.0,,Credit Card,Pending
T62941,,C4716,Tablet,-4.0,-476.5872589379236,Credit Card,Failed
T93175,,C4245,Lap,8.0,,Cash,complete
T93176,,C897,Tablet,7.0,,credit card,
T93177,,C2229,Smartphone,8.0,,PayPal,Pending
T93179,,C2300,Tablet,5.0,,pay pal,completed
T93180,,C3885,Smartphone,-3.0,107.3089258507032,pay pal,complete
T93182,,C1729,Coffee Machine,359.0,-540.7195684672402,PayPal ,completed
T93184,,C2083,Tablet,595.0,491.1830910222216,credit card,Completed
T93185,,C4719,Coffee Machine,-7.0,,PayPal,completed
T93186,,C2503,Coffee Machine,-1.0,,pay pal,completed
T93190,,C4898,Headphones,3.0,,pay pal,Completed
T93191,,C201,Laptop,203.0,$75.17,creditcard,Failed
T93192,,C2778,Smartphone,-1.0,,pay pal,Failed
T93194,,C2807,Tablet,,,credit card,Pending
T93195,,C069,Smartphone,3.0,,PayPal ,completed
T93196,,C063,Headphones,4.0,,Cash,
T93197,,C1732,Headphones,926.0,-218.48804067238655,Credit Card,
T93198,,C490,Coffee Machine,-6.0,257.75078303782743,PayPal ,
T93199,,C045,Laptop,9.0,,PayPal ,Completed
T93201,,C4502,Coffee Machine,-1.0,-775.5358567350111,Cash,Completed
T93203,,C3335,Laptop,-3.0,209.7456383672192,PayPal ,Completed
T93204,,C1630,Laptop,-2.0,-661.4184867659217,Cash,Pending
T93206,,C1874,Tablet,213.0,,PayPal,
T93208,,C4457,Headphones,241.0,,PayPal ,
T93210,,C3935,Headphones,169.0,-463.8413433667447,PayPal,Pending
T93212,,C4246,Smartphone,-2.0,,Cash,Pending
T93213,,C4479,Tablet,-1.0,673.6928921834257,PayPal,Pending
T93215,,C4364,Smartphone,1.0,,credit card,Failed
T93216,,C1008,Smartphone,268.0,-936.5256132173034,credit card,Failed
T93217,,C2208,Laptop,575.0,957.4074384563828,PayPal,complete
T93219,,C2611,Headphones,7.0,693.280600305987,credit card,Failed
T93221,,C3565,Smartphone,,,pay pal,Failed
T93222,,C4992,Smartphone,-7.0,-322.59150697445546,pay pal,completed
,,C699,Smartphone,2.0,,credit card,
T18556,,C1934,Table,-3.0,,PayPal,Pending
T93227,,C811,Headphones,447.0,$527.27,PayPal ,Failed
,,C1469,Coffee Machine,224.0,-950.4429402345241,PayPal,Completed
,,C301,Tablet,578.0,938.1521778229177,Cash,Pending
T93232,,C4428,Headphones,526.0,585.5827896954489,credit card,
T93233,,C296,Tablet,350.0,483.312950196562,Cash,complete
T93234,,C4730,Smartphone,103.0,,creditcard,Completed
T93235,,C3874,Coffee Machine,1.0,99.11445913507893,PayPal ,Completed
T93236,,C1563,Coffee Machine,7.0,-381.65488697093133,PayPal,Failed
T93238,,C1693,Tablet,6.0,,PayPal ,complete
T93239,,C008,Laptop,9.0,-830.1094627661407,pay pal,completed
T93242,,C145,Tablet,-4.0,,creditcard,complete
T93243,,C4374,Coffee Machine,,294.2347226590758,PayPal ,Completed
T93244,,C1017,Smartphone,947.0,356.44418585216897,Cash,
T93245,,C3109,Coffee Machine,-7.0,$-175.36,Credit Card,Completed
T93249,,C2949,Tablet,778.0,,PayPal ,completed
T93251,,C4117,Smar,-3.0,-302.2047632476841,Cash,completed
T93253,,C2321,Laptop,527.0,,PayPal ,completed
T93254,,C802,Coffee Machine,540.0,,PayPal,Failed
T93255,,C3682,Laptop,355.0,510.08673776209696,PayPal ,Failed
T93257,,C2439,Headphones,693.0,889.1259855117363,creditcard,Failed
T93258,,C2531,Tablet,118.0,$892.55,PayPal ,Failed
T93259,,C4600,Coffee Machine,815.0,-332.9289746794045,Credit Card,
T93260,,C4423,Laptop,483.0,-626.2341369713663,pay pal,Completed
T93261,,C4936,Headphones,-9.0,-264.1053393601894,Credit Card,complete
T93263,,C604,Tablet,466.0,,creditcard,complete
T93264,,C1171,Coffee Machine,6.0,,PayPal,complete
T93267,,C1332,Headphones,10.0,,Cash,Completed
T93268,,C4657,Coffee Machine,354.0,,Cash,Pending
T93269,,C2721,Headphones,-8.0,-402.042408221056,Credit Card,
T93271,,C391,Smartphone,4.0,833.505523953427,pay pal,
T93272,,C3394,Laptop,639.0,,Cash,Completed
T93275,,C1849,Tablet,464.0,899.0973002826335,creditcard,completed
T93276,,C2660,Laptop,9.0,-469.90442333145234,Credit Card,completed
T93277,,C2764,Tablet,165.0,783.8036710370184,PayPal,complete
T93278,,C1088,Laptop,336.0,226.81373158615074,credit card,Pending
T93279,,C3071,Lapto,-8.0,,Credit Card,Completed
T93280,,C4990,Laptop,1.0,$-960.60,Credit Card,Pending
,,C952,Tablet,-7.0,980.1769948235752,creditcard,Completed
T93282,,C3855,Coffee Machine,-8.0,984.1520937626096,pay pal,Pending
T93283,,C132,Tablet,-6.0,-193.3862745642366,Cash,completed
T93286,,C4604,Headphones,6.0,-353.80497228530214,pay pal,completed
,,C4591,Coffee Machine,3.0,,creditcard,
T93291,,C4055,Coffee Machine,842.0,,Cash,
T93292,,C2571,Headphones,795.0,192.6630718285465,Cash,completed
T93293,,C4338,Coffee Machine,,,Cash,
T93294,,C4078,Coffee Machine,8.0,-732.6257240943235,Cash,Pending
T93295,,,Laptop,-6.0,373.6065493821926,creditcard,Failed
T93296,,C665,Laptop,-5.0,,Credit Card,completed
T93298,,C4723,Smartphone,4.0,,Cash,Failed
T93299,,C1108,Tablet,9.0,,PayPal ,Pending
T93301,,C4017,Tablet,1.0,-71.85376182882146,Cash,
T93302,,C2103,Laptop,920.0,-905.8326583941918,credit card,Completed
T93304,,C955,Coffee Machine,,-872.4841281058511,Cash,Failed
T93305,,C2179,Coffee Machine,4.0,139.59030588639288,PayPal ,
T93306,,C3594,Tablet,106.0,-549.5279403979688,credit card,Completed
T93308,,C2985,Laptop,4.0,959.6452333710344,Credit Card,completed
T93309,,C3529,Laptop,423.0,$820.14,Credit Card,Pending
T93310,,C1448,Coffee Machine,846.0,-398.41553194066125,creditcard,Failed
T93311,,C4979,S,741.0,,creditcard,Failed
T93312,,,Coffee Machine,-6.0,-229.02205076712858,creditcard,Completed
T93316,,C4224,Coffee Machine,-7.0,-589.1580856409652,PayPal ,Failed
T93317,,C1811,Smartphone,348.0,,credit card,complete
T93318,,C077,Tablet,3.0,369.8585110863595,Cash,
T93320,,C2120,Coffee Machine,-3.0,424.1069152674001,creditcard,Pending
T93322,,C3687,Smartphone,-5.0,-844.4550782853233,creditcard,Pending
T93323,,C2822,Lap,-1.0,,pay pal,
T93325,,C2633,Headphones,-6.0,501.21314771041426,credit card,Pending
T93326,,C4614,Headphones,,-570.8257896580724,pay pal,complete
T93327,,C2578,Tablet,4.0,-179.86660899414244,Credit Card,
T93328,,C2686,Headphones,-1.0,,creditcard,
,,C4444,He,1.0,864.6318798486412,Cash,
T93331,,,Smartphone,207.0,675.3469533811717,pay pal,completed
T93332,,C1688,Smartphone,585.0,-955.3323141815491,Cash,Completed
T93333,,C049,Headphones,980.0,495.39890677501916,pay pal,Pending
T93335,,C2496,Tablet,1.0,853.2706002593202,pay pal,Pending
T93336,,C1836,Headphones,-3.0,87.43098253429723,creditcard,
T93337,,,Coffee Machine,2.0,-829.5474504131732,Cash,complete
T93338,,C2672,Headphones,9.0,491.457673601647,pay pal,complete
T93341,,,Tablet,670.0,-203.50695012525978,Cash,Completed
,,C4878,Laptop,-8.0,-85.73450636407836,PayPal ,Completed
T93343,,C3797,Laptop,5.0,,pay pal,Failed
T93345,,C4001,Laptop,6.0,484.15233855370684,Cash,
T93346,,C2496,Laptop,198.0,-332.1203079911728,PayPal,completed
T93348,,C1221,Coffee Machine,115.0,-930.3568307261291,PayPal ,Completed
T93349,,C1675,Smartphone,,-396.6668346672469,PayPal ,completed
T93351,,C4188,Headphones,503.0,$-774.49,Cash,
T93352,,C4695,Smartphone,4.0,-628.5395231582297,pay pal,
T93353,,C1501,Coffee Machine,552.0,,PayPal ,
T93355,,C1629,Tablet,-8.0,,Cash,completed
T93359,,C4082,Laptop,-1.0,-703.6557763857079,pay pal,Pending
T93360,,C2585,Headphones,-4.0,-891.1413197744715,pay pal,
T93361,,C3805,Smartphone,131.0,692.6490732441888,creditcard,Completed
,,C977,Coffee Machine,347.0,,pay pal,Failed
T93364,,C982,Laptop,10.0,474.0272183107707,Cash,Completed
T93365,,C2062,Coffee Machine,1000.0,552.7926807667975,pay pal,completed
T93367,,C648,Coffee Machine,5.0,,Credit Card,completed
T93368,,C3545,Smartphone,7.0,550.5549475092755,pay pal,
T93370,,C2139,Tablet,-1.0,954.4120223572962,Credit Card,complete
T93371,,C4844,Laptop,752.0,-57.94679343201449,Cash,
T93372,,C4176,Tablet,8.0,670.5238647551065,creditcard,Failed
T93373,,C3406,Smartphone,-8.0,,credit card,Pending
T93374,,C4665,Smartphone,-8.0,553.7714675946148,pay pal,completed
T93378,,C3708,Tablet,763.0,,PayPal ,complete
T93380,,C591,Headphones,292.0,,PayPal,complete
T93381,,C2530,Coffee Machine,-7.0,-261.3308569326606,credit card,Pending
T93382,,C4968,Headphones,10.0,,PayPal ,Completed
T93384,,C126,Laptop,728.0,,Credit Card,Completed
T93385,,C626,Smartphone,,933.1287895347958,Credit Card,Failed
T93386,,C3089,Smartphone,-8.0,736.4055041670031,PayPal,Completed
T93387,,C2476,Smartphone,-8.0,180.0095125800758,credit card,Failed
T93388,,C1046,Laptop,7.0,111.8843969317802,PayPal ,complete
T93391,,C953,Coffee Machine,399.0,-424.17774372360725,PayPal,Completed
T93392,,C3529,Laptop,276.0,-197.61608289744322,pay pal,Failed
,,C4092,Headphones,7.0,-953.8888792669687,pay pal,Failed
T93395,,C2203,Tabl,10.0,-419.7551870139887,pay pal,Pending
T93396,,C752,Laptop,544.0,574.3658905633768,creditcard,Pending
T93397,,C589,Smartphone,-6.0,,PayPal ,Completed
,,C1055,Laptop,9.0,490.07517230638723,creditcard,
T93399,,C509,Tablet,887.0,52.017612808076926,PayPal,
T93402,,C2103,Tablet,6.0,-654.643671761752,creditcard,Failed
T93405,,C4307,Laptop,-4.0,,Credit Card,complete
T93407,,C3205,Smartphone,-5.0,,PayPal,completed
T93408,,C3886,Smartphone,5.0,,Credit Card,
T93409,,C3570,Tablet,-8.0,298.2735023332484,pay pal,completed
T93411,,C939,H,504.0,920.9710923787922,credit card,Failed
T93413,,C711,Headphones,941.0,-302.8672485712369,creditcard,Completed
T93415,,C4752,Coffee Machine,8.0,400.2858492401959,Credit Card,Pending
T93416,,C3128,Coffee Machine,,-757.3725156519388,credit card,Completed
T93417,,C2485,Tablet,209.0,765.8553898769089,Credit Card,Failed
,,C4060,Smartphone,742.0,-552.7802850770591,PayPal ,completed
T93419,,C4909,Tablet,621.0,-657.6645084598802,Credit Card,
T93420,,C2797,Laptop,-8.0,,pay pal,completed
T93421,,C241,Smartphone,5.0,$689.64,pay pal,Completed
,,C1066,Laptop,,,PayPal,completed
T93424,,C3507,Coffee ,264.0,-644.3414935882116,pay pal,completed
T93425,,C2613,Laptop,277.0,,PayPal ,Failed
T93426,,C4495,Coffee Machine,3.0,-86.08385919794227,Cash,complete
T93427,,C2553,Laptop,3.0,-379.11818524404316,Cash,Pending
,,C3563,Smartphone,277.0,443.40852861902727,PayPal ,Failed
T93431,,C2483,Laptop,6.0,,pay pal,complete
T93434,,C3016,Tablet,1.0,805.6313255465755,Cash,complete
T93435,,C340,T,-5.0,,Credit Card,Failed
T93437,,C4078,Head,727.0,,credit card,Completed
T93438,,C4491,Tablet,541.0,-132.36655468650247,Credit Card,completed
T93439,,C4820,Headphones,,,credit card,Failed
T93440,,C1639,Laptop,-9.0,245.96948378746555,credit card,complete
T93441,,C3017,Headphones,186.0,-276.0532117475167,creditcard,complete
T93444,,C1476,Laptop,,-464.9177980348369,PayPal ,Pending
T93445,,C078,Laptop,842.0,823.6847611221385,Credit Card,
T93447,,C3174,Coffee Machine,7.0,-771.6761680318442,credit card,completed
T93449,,C4300,Coffee Machine,-7.0,$191.83,credit card,completed
T93450,,C1469,Headphones,-8.0,$206.64,PayPal ,Completed
,,C1539,Smartphone,3.0,435.88655664230976,PayPal ,complete
T93454,,C4784,Smartphone,9.0,-440.4210589190509,Cash,
T93455,,C1452,Coffee Machine,-6.0,403.99480755584204,PayPal,Completed
T93456,,C2415,Laptop,,-135.97930577445982,credit card,Pending
T93457,,C4300,Laptop,,$-88.30,creditcard,Failed
T93458,,C3772,Tablet,-9.0,534.3247122756757,Cash,Failed
T93459,,C917,Coffee Machine,8.0,914.0277313115561,creditcard,Pending
T93460,,C1747,Tablet,3.0,-163.58848585232386,creditcard,Completed
T93465,,C1957,Laptop,4.0,$-407.57,pay pal,completed
T93466,,C3177,Coffee Machine,9.0,,Cash,completed
T93470,,C3861,Smartphone,871.0,120.11985614200393,Cash,completed
T93473,,C3981,Smartphone,8.0,600.1521445867332,credit card,completed
T93474,,C730,Tablet,9.0,-473.7906187869886,pay pal,Completed
T93475,,C1214,Tablet,3.0,,Credit Card,
T93476,,C4775,Laptop,-6.0,,creditcard,complete
T93477,,C1452,Headphones,9.0,750.6739090576124,Cash,completed
T93478,,C992,Smartphone,-7.0,-403.72786671456936,Credit Card,completed
T93480,,C4126,Headphones,9.0,$-366.82,pay pal,Failed
T93482,,C1746,Tablet,-10.0,,PayPal,Completed
T93483,,C302,Laptop,463.0,,creditcard,Completed
T93484,,C069,Tablet,-9.0,-329.36072024641555,pay pal,Completed
T93485,,C4374,Headphones,145.0,-258.2383497698628,credit card,completed
T93486,,C2675,Headphones,-5.0,,PayPal,complete
T93487,,C3818,Tablet,794.0,933.719479231394,pay pal,Failed
T93488,,C3690,Coffee Machine,10.0,-523.1378939510442,pay pal,completed
T93492,,C613,Laptop,-9.0,$-743.26,Cash,completed
,,C787,Coffee Machine,600.0,757.1589434862415,credit card,Completed
T93494,,C1989,Tablet,320.0,-233.08296872037135,Cash,completed
T93495,,C2996,Smartphone,8.0,,PayPal ,complete
T93496,,C138,Laptop,-7.0,,Credit Card,Completed
T93498,,C4460,Tablet,-10.0,-222.84131963173593,pay pal,completed
T93499,,C1744,Smartphone,760.0,696.8260786963793,credit card,
T93500,,C4568,Tablet,-8.0,-128.71039941804372,creditcard,Completed
,,C3146,Laptop,779.0,568.9671720548325,pay pal,Failed
T93504,,,Coffee Machine,2.0,,PayPal ,complete
T93506,,C1077,Tablet,9.0,894.966140824189,credit card,Pending
T93508,,C4034,Smartphone,-9.0,$180.56,Credit Card,
T93510,,C1031,Laptop,780.0,,credit card,completed
T93511,,C1297,Coffee Machine,5.0,940.1074038583638,Cash,completed
T93512,,C3125,Tablet,-6.0,-557.6676414505731,Credit Card,
T93513,,C1328,Tablet,-10.0,-437.55861427115497,credit card,complete
T93514,,C3981,Coffee Machine,715.0,,PayPal ,Completed
T93515,,C4202,Tablet,5.0,,PayPal,Failed
T93516,,C2398,Coffee Machine,668.0,-329.26559651943273,Cash,completed
T93517,,C3754,Coffee Machine,185.0,,Credit Card,Pending
T93518,,C4524,Headphones,7.0,,pay pal,completed
T93519,,,Smartphone,6.0,,creditcard,Pending
T93521,,C096,Coffee Machine,252.0,,Cash,
T93523,,C1808,Laptop,9.0,-322.92333169444464,pay pal,completed
T93524,,C3191,Tabl,-4.0,,credit card,
T93525,,C130,Headphones,-2.0,,credit card,Completed
T93526,,C2268,Headphones,259.0,,credit card,
T93527,,,Smartphone,-7.0,,creditcard,completed
T93528,,C1026,Tablet,2.0,-893.4457078019858,pay pal,completed
T93530,,C638,Headphones,-7.0,312.744912943086,creditcard,Completed
T93531,,C3419,Tablet,6.0,,creditcard,completed
T93532,,C540,Smartphone,6.0,,PayPal,
T93533,,C1118,Headphones,257.0,929.3568226706274,Credit Card,complete
T93534,,C4182,Smartphone,-6.0,737.3059995403971,PayPal ,Failed
T93535,,C845,Headphones,-4.0,555.6278324917553,PayPal ,Completed
T93536,,C2750,Coffee Machine,589.0,,pay pal,Pending
T93537,,C3130,Tablet,978.0,-743.7981576039981,PayPal,
T93538,,C1112,Headphones,-1.0,599.0007426337872,creditcard,Completed
T93539,,C3601,Coffee Machine,630.0,$-970.10,PayPal,Failed
T93540,,C2834,Headphones,3.0,$840.20,Credit Card,complete
T93542,,C273,Smartphone,6.0,-423.6082715082787,PayPal,completed
T93543,,C2876,Laptop,586.0,-944.8715922305345,creditcard,completed
T93545,,C1856,Tablet,722.0,$399.07,Credit Card,complete
T93547,,C2142,Headphones,139.0,899.6604693152933,Cash,completed
T93548,,C2508,Headphones,939.0,-588.1221465894041,pay pal,Failed
T93550,,C3681,Tablet,2.0,-183.93837151480932,PayPal,complete
T93551,,C1869,Headphones,-9.0,-677.7618429431964,creditcard,
T93552,,C3967,Smartphone,683.0,$666.19,pay pal,Failed
T93553,,C1205,Tablet,860.0,580.7875393988006,creditcard,
,,C4301,Tablet,-4.0,523.84710415205,Credit Card,Failed
T93555,,C2087,Tablet,5.0,166.60610474884876,Credit Card,completed
T93556,,C4256,Headphones,5.0,-689.4261951635539,Cash,Pending
T93557,,C3093,Smartphone,371.0,-260.39921529932553,Cash,completed
T93559,,C1700,Coffee Machine,952.0,-363.30730016998314,creditcard,Failed
T93561,,C4256,Headphones,1.0,,Credit Card,complete
T93562,,C719,Coffee Machine,-1.0,-285.6524576773527,credit card,complete
T93564,,C4520,Smartphone,-7.0,716.866324224885,PayPal ,Completed
T93565,,C4580,Coffee Machine,-7.0,,PayPal,Failed
T93566,,C4297,Coffee Machine,151.0,533.4361692292171,PayPal,Completed
T93567,,C1012,Headphones,2.0,492.082084971852,creditcard,
T93568,,C2240,Laptop,1.0,675.2976283835435,credit card,complete
T93569,,C4160,Laptop,8.0,$737.10,Cash,Failed
T93570,,C2849,Headphones,419.0,,credit card,
T93571,,C037,Tablet,5.0,-434.99367352787056,Credit Card,
T93573,,C1761,Coffee Machine,145.0,702.9771752129243,Credit Card,Failed
T93574,,C1105,Smartphone,9.0,480.4455988379825,Credit Card,complete
T93576,,C3873,Smartphone,-3.0,$225.11,credit card,
T93578,,C4094,Coffee Machine,5.0,287.83421455594316,pay pal,Pending
T93580,,C3348,Coffee Machine,1.0,966.1278204490027,Cash,Completed
T93581,,C4288,Smartphone,-7.0,,Cash,complete
,,C874,Tablet,6.0,463.97146624586344,creditcard,completed
T93583,,C3802,Coffee Machine,-1.0,57.364705537565015,PayPal ,completed
T93584,,C3059,Headphones,-3.0,-114.19973482579394,pay pal,Pending
T93585,,C3848,Laptop,-7.0,-314.196858632493,creditcard,
T93586,,,Headphones,-7.0,877.8032444055603,PayPal ,
T93587,,C2045,Tablet,-3.0,-56.402965123858394,PayPal,completed
T93588,,C079,Headphones,965.0,,PayPal ,complete
T93589,,C4604,Headphones,2.0,121.692397979045,PayPal,Failed
T93590,,C1948,Headphones,-2.0,745.1846335677382,Cash,completed
T93592,,C1264,Laptop,-9.0,,pay pal,Completed
T93593,,C2633,Ta,9.0,-109.49199793183891,PayPal,completed
T93594,,C1725,Coffee Machine,9.0,-383.95225245600807,PayPal ,complete
T93595,,C3033,Tablet,776.0,,pay pal,Completed
T93597,,,Table,8.0,-587.6561355530225,PayPal ,Failed
T93599,,C2889,Headphones,240.0,$472.96,PayPal,complete
T93600,,C829,Tablet,-7.0,833.0630158481373,credit card,
T93601,,C1585,Coffee Machine,-6.0,-871.6114198144288,Cash,completed
T93602,,C3685,Coffee Machine,-4.0,,Credit Card,complete
T93604,,,Laptop,-6.0,-188.47513904610116,PayPal,completed
T93605,,C2158,Smartphone,,,Cash,Completed
T93606,,C2418,Tablet,740.0,-910.9685724435966,pay pal,
T93607,,C4507,Coffee Machine,-7.0,,pay pal,Failed
T93609,,C2693,Coffee Machine,,-934.138197227406,credit card,complete
T93610,,,Smartphone,,,PayPal,Pending
T93611,,C135,Tablet,854.0,,PayPal ,Failed
T93612,,C2280,Tablet,,-239.70172860175023,Credit Card,
T93615,,C1305,Laptop,2.0,-79.73767777635283,PayPal ,completed
T93616,,C631,Laptop,1.0,,Cash,Pending
T93617,,C1852,Laptop,6.0,653.2017457657765,credit card,Failed
T93618,,C1863,Tablet,515.0,314.5091342438951,creditcard,complete
T93619,,C2170,Tablet,-9.0,,pay pal,complete
T93620,,C3836,Smartphone,2.0,,credit card,Completed
T93621,,C2785,Laptop,9.0,389.11808351260896,credit card,complete
T93622,,C3590,Sma,,,Credit Card,Completed
T93624,,C4270,Tablet,10.0,,PayPal,Failed
T93626,,C2624,Headphones,365.0,-472.90318825807935,PayPal,Pending
T93627,,C1797,Coffee Machine,444.0,-674.8659829151183,Credit Card,Pending
T93628,,C1673,Coffee Machine,782.0,651.07572326001,pay pal,Failed
T93629,,C2700,Smartphone,540.0,,Cash,Failed
T93631,,C1394,Laptop,2.0,$-71.19,PayPal ,complete
T93632,,C643,Headphones,4.0,,Credit Card,Pending
T93633,,C2192,Smartphone,7.0,-702.2301846811615,PayPal ,Failed
T93636,,C1579,Smartphone,942.0,,PayPal,completed
T93637,,C783,Laptop,-9.0,,PayPal,Failed
T93638,,C2679,Smartphone,-5.0,799.6423972704716,PayPal ,Completed
T93640,,C1387,Laptop,943.0,,Cash,Pending
T93641,,C876,Tablet,428.0,$-75.52,Credit Card,Failed
T93642,,C835,Tablet,111.0,,credit card,Failed
T93643,,C459,Tablet,-4.0,,pay pal,Completed
T93644,,,Tablet,8.0,-839.0958038794225,Credit Card,
T93645,,C1911,S,3.0,-541.2150699383881,PayPal ,complete
T93646,,C2891,Laptop,227.0,-110.78610109932401,pay pal,Pending
T93647,,C2165,Tablet,871.0,,PayPal,complete
T93649,,C3074,Smartphone,965.0,,PayPal ,completed
T93651,,C3688,Smartphone,10.0,-386.3160246047223,creditcard,Completed
T93653,,C3351,Laptop,607.0,-406.8589620469959,Credit Card,Pending
T93654,,C1158,Ta,-4.0,189.64306865313378,pay pal,Failed
,,C1249,Table,-1.0,364.38690272553873,pay pal,Completed
T93656,,C2700,Coffee Machine,-9.0,290.55267922332325,credit card,Failed
T93657,,C3858,Headphones,792.0,-456.9701914773191,Cash,Failed
T93658,,C3318,Smartphone,2.0,$377.79,pay pal,Pending
T93660,,C1544,Tablet,404.0,$115.13,Credit Card,Completed
T93661,,C4569,Headphones,-5.0,-521.5223124436948,Cash,complete
T93662,,C4985,Laptop,7.0,369.25229536031503,Cash,complete
T93664,,C344,Laptop,364.0,445.7852786069352,PayPal ,complete
T93665,,C4932,Laptop,150.0,424.1086486181645,PayPal,completed
T93667,,C1034,Headphones,596.0,70.79119970051956,credit card,Failed
T93668,,C1575,Coffee Machine,-2.0,930.0112433681766,PayPal ,
T93670,,C2649,Headphones,-8.0,-93.56504214230858,PayPal,completed
T93671,,C4271,Headphones,8.0,765.7226665362256,PayPal ,Failed
T93672,,C365,Coffee Machi,222.0,,creditcard,Completed
T93673,,C3024,Coffee Machine,-10.0,-653.8856329289108,PayPal,completed
T93675,,C4690,Coffee Machine,-1.0,-182.59589107617558,pay pal,Pending
T93676,,C1859,Smartphone,7.0,-313.54784135658986,Cash,
T93677,,C1835,Coffee Machin,-3.0,,credit card,Failed
T93678,,C4491,Laptop,788.0,-189.36476598368063,pay pal,complete
T93682,,C4130,Smartphone,1.0,-629.6355607363116,credit card,Completed
T93683,,C2084,Coffee Machine,481.0,,PayPal ,complete
T93687,,C4594,Tablet,712.0,,Credit Card,complete
T93688,,C3464,Laptop,3.0,-609.7293787473563,pay pal,Failed
T93689,,C1510,Tablet,2.0,767.9183719618579,Cash,completed
T93692,,C2981,Coffee Machine,-3.0,$-254.49,credit card,Failed
T93693,,C680,Smartphone,853.0,660.2683889409589,creditcard,Pending
T93694,,C2225,Smartphone,775.0,-721.9214787775118,pay pal,Failed
T93695,,C2662,Coffee Machine,-6.0,,Cash,Pending
T93696,,C3449,Smartphone,540.0,-710.3624516802848,PayPal ,Pending
T93697,,C2693,Coffee Mach,1.0,-736.2927138715082,pay pal,Pending
T93698,,C428,Tablet,6.0,707.4370932195203,credit card,Failed
T93699,,C1779,Tablet,852.0,,PayPal ,Pending
T93700,,C4924,Tablet,-2.0,,Credit Card,complete
T93704,,C618,Headphones,755.0,-64.18636897854674,Credit Card,Pending
T93705,,,Headphones,1.0,-920.2086253819324,creditcard,Pending
T93706,,C2287,Laptop,188.0,,PayPal,Pending
T93708,,,Smartphone,,-253.3203843644236,pay pal,
T93709,,C1594,Tablet,,,Cash,Pending
T93711,,C121,Tablet,5.0,-804.4669333697225,PayPal,completed
T93712,,C2077,Headphones,7.0,-656.4940564476274,PayPal,
T93713,,C1486,Headphones,649.0,617.1840156391916,pay pal,
T93714,,C3117,Smartphone,4.0,,PayPal,complete
T93715,,C3297,Headphones,4.0,,credit card,completed
,,C2237,Coffee Machine,503.0,383.7064118294053,Credit Card,complete
T93721,,C3711,Headphones,-2.0,-625.5530788388128,credit card,completed
T93722,,C4084,Tablet,3.0,-60.8732985802003,creditcard,complete
T93723,,C269,Coffee Machine,-8.0,281.63250510309825,PayPal,Pending
T93724,,C3070,Smartphone,756.0,-978.0835349733392,PayPal ,Completed
T93726,,C4752,Smartphone,461.0,,pay pal,Pending
T93727,,C1141,Table,-3.0,993.7157524463356,Cash,complete
T93729,,C4712,Tablet,4.0,985.2324791587478,pay pal,Failed
,,C2128,Tablet,671.0,485.53121896795864,PayPal,Completed
T93732,,C3406,Laptop,5.0,590.1192904920292,pay pal,
,,C4920,Tablet,8.0,-523.5072936644631,Credit Card,completed
T93735,,C1498,Headphones,7.0,-360.4505833288497,pay pal,Failed
T93737,,C2319,Smartphone,738.0,155.27987563257057,Cash,Failed
T93738,,C299,Laptop,468.0,788.9242244389011,Credit Card,
T93742,,C4578,Tablet,,,creditcard,Completed
T93743,,C3665,Coffee Machine,1.0,,PayPal,Failed
,,C3570,Headphones,-2.0,-411.99307499855365,PayPal,complete
T93750,,C3945,Headphones,7.0,,Credit Card,complete
T93751,,,Laptop,646.0,,creditcard,complete
T93752,,C3253,Laptop,113.0,-577.9788654910957,Credit Card,completed
T93753,,C3166,Tablet,-6.0,,PayPal,
T93754,,C625,Laptop,-1.0,-110.17968025848859,Credit Card,Completed
T93756,,C2263,Headphones,2.0,399.4747244020288,PayPal,complete
T93758,,C2149,Tablet,,-454.47753711105236,PayPal,
T93761,,C4222,Tablet,-1.0,,credit card,
T93763,,C2768,Laptop,5.0,,Cash,complete
T93764,,C496,Smartphone,1.0,-328.10417538108345,creditcard,complete
T93765,,C537,Laptop,7.0,,credit card,Failed
T93766,,,Tablet,2.0,-691.6835647158864,pay pal,complete
T93767,,C1193,Tablet,575.0,-447.1151189401635,creditcard,Pending
,,C3108,Tablet,,686.5972159737104,creditcard,completed
T93769,,,S,-8.0,611.0561152869785,Cash,
T93770,,C3439,Tablet,7.0,,PayPal,Failed
T93772,,C3347,Tablet,-5.0,,credit card,Failed
T93775,,C3881,Headpho,1.0,-73.4634722598147,PayPal,complete
T93776,,C2860,Coffee Machine,410.0,,Cash,Failed
T93779,,C029,Coffee Machine,6.0,$-623.52,PayPal,complete
T93780,,C4314,Laptop,-2.0,-314.77931272481385,pay pal,Failed
T93781,,C3232,Coffee Machine,897.0,,Cash,Pending
T93783,,C3950,Laptop,-4.0,-351.92422425034977,PayPal ,Failed
T93784,,C121,Laptop,,,pay pal,Pending
,,C493,Tablet,721.0,297.5681710980655,credit card,complete
T93787,,C3577,Coffee Machine,-1.0,,Cash,completed
T93788,,C1710,Smartphone,7.0,212.31468069007101,Cash,Completed
T93789,,C536,Head,2.0,,creditcard,Failed
T93790,,C1449,Headphones,-6.0,,Credit Card,complete
T93794,,C3963,Coffee Machine,9.0,546.573994882981,PayPal ,complete
T93795,,C336,Coffee Machine,2.0,,Credit Card,
T93796,,C334,Headphones,-6.0,,PayPal,Completed
T93797,,C583,Laptop,-9.0,$160.75,PayPal ,Pending
,,C4305,Coffee Machine,131.0,704.5969001780326,pay pal,complete
T93802,,C1767,Tablet,-4.0,,PayPal ,
T93803,,C1860,Sma,9.0,201.328622418278,PayPal ,
T93804,,C2885,Headphones,242.0,,credit card,Pending
T93805,,C742,Laptop,-7.0,972.6533314974276,Credit Card,Failed
,,C3996,Coffee Machine,-10.0,-962.8162737500893,Cash,
T93808,,C282,Tablet,159.0,989.1564541277951,credit card,completed
T93809,,C2966,Laptop,-4.0,605.3600531854228,creditcard,Failed
T93811,,C225,Tablet,171.0,,pay pal,complete
T93812,,C3131,Tablet,10.0,-964.7046375319359,PayPal ,Completed
T93815,,C4702,Headphones,481.0,-827.7723281013472,Cash,completed
T93816,,C4357,Coffee Machine,720.0,297.36964993684785,Credit Card,completed
T93819,,C1848,Headphones,5.0,756.5644593725189,credit card,
T93820,,C1439,Smartphone,730.0,-68.39946038176129,PayPal,completed
T93822,,C3040,Laptop,219.0,735.1126430588002,credit card,Completed
T93823,,C989,Headphones,7.0,,PayPal,complete
T93824,,C038,Tablet,-8.0,,creditcard,Pending
T93825,,C4851,Coffee Machine,-3.0,,credit card,complete
T93826,,C2323,Tablet,715.0,-65.47284429362662,PayPal,Completed
T93827,,C4623,Tablet,4.0,402.1808077963166,Credit Card,Failed
T93828,,C761,Headphones,-1.0,-757.3256235160488,creditcard,Pending
T93830,,C3029,Laptop,143.0,,Credit Card,Pending
T93831,,C2900,Laptop,-1.0,-765.3732641905182,PayPal,completed
T93832,,C202,Laptop,9.0,,PayPal,Failed
T93833,,C4699,Smartphone,-9.0,903.823479180475,Cash,
T93834,,C3345,Smartphone,,-320.12486144331774,Cash,
T93837,,C3104,Smartphone,782.0,405.36658563999697,credit card,Completed
T93838,,C4882,Laptop,1.0,$493.03,Cash,Failed
,,C3889,Laptop,-5.0,-253.08316866831126,Credit Card,Completed
T93841,,C4743,Laptop,4.0,,PayPal,Completed
T93842,,C3183,Tablet,-2.0,,Credit Card,Completed
T93843,,C4366,Tablet,9.0,91.25676114473168,credit card,Completed
T93844,,C4441,Coffee Machine,969.0,,creditcard,
T93846,,C2718,Tablet,760.0,,PayPal ,
T93848,,C2436,Laptop,4.0,-482.9751118884516,PayPal ,Failed
T93849,,C797,Tablet,2.0,-416.48489263578654,creditcard,
T93850,,C4524,Laptop,-7.0,-456.9491658020871,PayPal,Completed
T93851,,C4061,Headphones,9.0,226.32241041721016,PayPal ,completed
T93853,,C150,Tablet,493.0,716.4828709755761,PayPal,completed
T93854,,C2478,Tablet,5.0,-542.2542090196036,Credit Card,completed
T93856,,C3642,Tablet,3.0,-809.3598160673,PayPal,Completed
T93857,,C742,Laptop,-3.0,689.4314796115831,creditcard,completed
T93859,,C4541,C,4.0,-963.1281472951325,creditcard,
T93860,,C2878,Coffee Machine,973.0,,credit card,
T93861,,C4475,Coffee Machine,522.0,955.8906317569962,Cash,Pending
T93862,,C4347,Coffee Machine,-10.0,,Cash,
T93863,,C4915,Laptop,-1.0,486.12326571185963,PayPal ,
T93864,,C1662,Headphones,,-626.9208323037338,creditcard,Failed
T93865,,C1721,Smartphone,4.0,,pay pal,
T93866,,C528,Smartphone,1.0,,Credit Card,complete
T93867,,C1109,Tablet,10.0,867.3014820505081,PayPal,complete
T93868,,C3659,Laptop,137.0,-834.2668796893122,Credit Card,Pending
T93869,,C1582,Coffee Machine,,957.6341528994378,Cash,Failed
T93871,,C3161,Laptop,178.0,825.389596394976,credit card,Pending
,,C2425,T,-6.0,379.9246271122148,Credit Card,completed
T93873,,C3546,Headphones,923.0,290.7078140136291,creditcard,Pending
T93874,,C1477,Smartphone,-3.0,440.1535657159944,credit card,complete
T93876,,C503,Tablet,7.0,505.20901341362503,PayPal,completed
T93878,,C081,Headphones,,229.95022606958162,PayPal,complete
T93879,,C1237,Coffee Machine,-8.0,-915.3730010099906,PayPal,Pending
T93880,,C2824,Laptop,-3.0,,PayPal,Failed
T93882,,C4416,Smartphone,-1.0,,credit card,Failed
T93883,,C2749,Coffee Machine,-2.0,362.5292597301754,PayPal ,complete
T93884,,,Coffee Machine,-9.0,,PayPal ,complete
T93885,,C3233,Coffee Machine,-1.0,999.6291116132398,PayPal,Failed
T93886,,C1368,Coffee Machine,-9.0,,PayPal,complete
T93887,,C2564,Coffee Machine,456.0,-535.2575093433848,credit card,completed
T93888,,C3778,Tablet,538.0,-943.5431211347925,pay pal,completed
T93891,,C4809,Lapt,424.0,-596.0193573305754,PayPal,Failed
T93892,,C391,Headphones,322.0,,credit card,completed
T93894,,C3972,Coffee Machine,-2.0,,PayPal,completed
T93895,,C1554,Headphones,,-368.5022594073895,creditcard,completed
T93896,,C3240,Coffee Machine,2.0,689.1883622347585,credit card,completed
T93897,,C4022,Tablet,-8.0,$-885.10,PayPal ,complete
T93900,,C950,Headphones,-2.0,931.8090633470024,Cash,
T93902,,C4677,Coffee Machine,-7.0,60.02304339928911,Cash,Failed
T93904,,C2981,Headphon,701.0,-609.8535021964165,Credit Card,
T93905,,C1401,Laptop,6.0,-342.0893881551558,PayPal ,Failed
T93907,,C1522,Headphones,8.0,227.10534791207468,credit card,complete
T93908,,C044,Headphones,-3.0,-655.9467656783205,Credit Card,complete
T93909,,C706,Smartphone,-10.0,170.39485673333903,creditcard,Completed
T93911,,C974,Smartphone,8.0,-443.65174258414754,PayPal,
T93913,,C477,Coffee Machine,657.0,$552.40,PayPal ,Failed
T93914,,C120,Laptop,-9.0,-759.283364489927,pay pal,Pending
T93917,,C804,Smartphone,-7.0,-539.8307284243101,creditcard,
T93918,,C1029,Tablet,585.0,,PayPal,Failed
T93919,,C2307,Coffee Machine,-8.0,853.11331941799,PayPal,Pending
T93920,,C2899,Smartphone,-8.0,890.0658944999959,pay pal,completed
T93922,,C2089,Coffee Machine,10.0,215.22324245100637,Credit Card,completed
T93924,,C4728,Headphones,,-525.2042943099498,credit card,
T93925,,C4119,Tablet,4.0,-904.0849797162974,pay pal,completed
T93926,,C485,Headphones,485.0,287.84913485551397,creditcard,completed
T93927,,C2424,Smartphone,9.0,-958.933103968708,Cash,Completed
T93928,,C2690,Laptop,8.0,209.7344401937856,Cash,complete
T93929,,,Tablet,3.0,428.92534537475325,creditcard,Failed
T93930,,C4977,Lapto,-5.0,,PayPal ,completed
T93931,,C2766,Laptop,,384.1905992746678,pay pal,Failed
T93932,,C196,Coffee Machine,1.0,-931.9231429909121,pay pal,Pending
T93933,,C2195,Headphones,10.0,-848.0454809577011,creditcard,Completed
T93934,,C1603,Smartphone,2.0,709.7299400710807,Cash,Failed
T93935,,C1516,Coffee Machine,1.0,248.93960644659657,PayPal,complete
T93936,,C4870,Laptop,-2.0,$991.12,pay pal,Pending
T93939,,C2947,Coffee Machine,8.0,,pay pal,Pending
T93940,,C1044,Headphones,5.0,-970.747221004142,pay pal,Completed
T93941,,C3368,Tablet,833.0,-968.1883136140207,Credit Card,complete
T93942,,C3408,Smartphone,-8.0,-721.5626752182015,Cash,completed
T93945,,C907,Tablet,308.0,$566.48,credit card,completed
T93949,,C4348,Coffee Machine,900.0,,Credit Card,Completed
,,C964,Laptop,1.0,,Cash,Failed
T93952,,C1130,Coffee Machine,-5.0,,PayPal,Pending
T93953,,C1930,Tablet,,-854.080477209791,creditcard,completed
T93957,,C4622,Laptop,365.0,,pay pal,
T93958,,C3655,Sma,8.0,-167.876726748676,Cash,complete
T93960,,C1773,Tablet,3.0,-839.975102528957,credit card,complete
T93961,,C1456,Headphones,436.0,505.5399311532428,PayPal ,completed
,,C3984,Smartphone,10.0,-445.52712398094525,Credit Card,
T93963,,C4936,Tablet,462.0,,credit card,Failed
T93964,,C4548,Laptop,-4.0,,creditcard,Pending
T93966,,C1088,Laptop,8.0,-57.49666005364929,Credit Card,completed
T93967,,C4923,Laptop,-2.0,-416.2154366774032,Credit Card,Completed
T93968,,C1517,Laptop,-10.0,249.71819752084681,pay pal,completed
T93969,,C688,Laptop,515.0,$-738.99,pay pal,
T93970,,C4269,Tablet,7.0,-543.843746462396,Credit Card,completed
T93973,,C525,Laptop,430.0,$898.74,PayPal,Failed
T93974,,C3570,Laptop,10.0,,PayPal ,completed
T93975,,C3853,Headphones,2.0,,PayPal ,Pending
T93978,,C4019,Headphones,262.0,950.2351032961164,credit card,
T93979,,C2629,Smartphone,380.0,-135.00341354202442,Cash,
T93980,,C1909,Headphones,-7.0,280.083756763665,PayPal,
,,C3297,Headphones,2.0,604.6652829045603,creditcard,Failed
T93985,,C363,Coffee Machine,-3.0,816.5162074520799,PayPal ,Failed
T93986,,C720,Smartphone,-6.0,-186.38358588507833,Credit Card,
T93988,,C020,Laptop,970.0,56.13752206367931,Cash,
T93990,,C2841,Coffee Machine,9.0,439.88626557156215,PayPal ,completed
T93991,,C2616,Laptop,912.0,-668.3738818644159,Cash,Pending
T93992,,,Headphones,-9.0,-734.4322125250167,credit card,complete
T93998,,C4551,Smartphone,-9.0,322.1657480463731,Cash,Completed
T93999,,C2938,Smartphone,10.0,,Cash,
T94000,,C2868,Laptop,6.0,,pay pal,Pending
T94001,,C1263,Tablet,-3.0,,creditcard,complete
T94002,,C3222,Smartphone,-2.0,873.5190877516602,creditcard,Completed
T94003,,C2233,Tablet,4.0,,credit card,complete
T94004,,C1099,Tablet,843.0,173.47294802450438,pay pal,complete
T94006,,C4863,Coffee Machine,484.0,$813.65,creditcard,Pending
T94008,,C1711,Coffee Machine,-1.0,712.4475003523467,pay pal,Failed
T94009,,,Coffee Machine,591.0,-120.44448149078323,Cash,
T94010,,C3252,Coffee,871.0,,credit card,Failed
T94012,,C2071,Coffee Machine,-2.0,,PayPal,Pending
T94013,,C2236,Coffee Ma,-3.0,56.90378591317205,PayPal,completed
T94014,,C3097,Smartphone,-5.0,,PayPal ,Failed
T94015,,C110,Tablet,1.0,,PayPal,
T94017,,,Headphones,789.0,889.5022406322367,Cash,
T94018,,C2079,Laptop,-10.0,,PayPal,Completed
T94019,,C2479,Laptop,-9.0,,Cash,
T94020,,C2466,Smartphone,253.0,-120.151090658013,pay pal,complete
T94021,,C235,Coffee Machine,7.0,-622.7937265510192,PayPal ,completed
T94024,,C587,Table,6.0,-704.0535573525825,Cash,complete
T94025,,C1980,Headphones,3.0,,PayPal,completed
T94026,,C2842,Coffee Machine,4.0,,PayPal,Pending
T94027,,C4532,Coffee Machine,-10.0,,Credit Card,
T94028,,C1666,Tablet,-9.0,-370.6919239659152,PayPal,complete
T94029,,C2413,Tablet,252.0,$-853.58,pay pal,Failed
T94030,,C3895,Coffee Machine,-9.0,,Cash,complete
T94032,,C4465,Smartphone,-9.0,-113.90307334770978,credit card,Completed
T94033,,C044,Coffee Machine,-3.0,-791.0191387344569,PayPal ,complete
T94034,,C4884,Tablet,-10.0,$-89.29,PayPal,Pending
T94036,,C3590,Coffee Machine,-2.0,-673.7275156035521,credit card,completed
T94037,,C3809,Laptop,941.0,954.2833384172492,pay pal,complete
T94038,,C2911,Coffee Machine,,349.02136004300064,PayPal,
T94040,,C519,Smartphone,-4.0,437.0910120035567,credit card,
T94041,,C2910,Laptop,-3.0,674.6146211583085,PayPal,Completed
T94043,,C2986,Headphones,723.0,,PayPal,completed
T94045,,C4300,Tablet,656.0,-437.0489302377323,credit card,Failed
T94046,,C792,Coffee Machine,-8.0,918.0767926259609,pay pal,complete
T94047,,C3579,Coffee Machine,301.0,306.09940542015795,credit card,Failed
T94049,,C1946,Tablet,6.0,-809.3360637126634,PayPal ,Pending
T94052,,C4923,Smartphone,-10.0,,Cash,Completed
T94053,,C3185,Coffee Machine,-3.0,-941.6321111147337,credit card,Pending
T94054,,C1290,Smartphone,-5.0,828.2659815575025,creditcard,completed
T94055,,C2252,Sma,801.0,-905.8165650723793,Credit Card,Pending
T94057,,C2711,Tablet,-9.0,-403.81412928321436,Cash,completed
T94058,,C3615,Headphones,-9.0,812.3321499918914,creditcard,
T94059,,C2291,Smartphone,-8.0,-515.7711861971231,pay pal,complete
T94060,,C1486,Coffee,-2.0,,credit card,Pending
T94062,,C4015,Coffee Machine,-7.0,,PayPal ,completed
T94063,,C2309,Headphones,6.0,438.4654390697882,creditcard,complete
T94064,,,Laptop,8.0,-750.0194760146314,PayPal,
T94066,,C2593,Headphones,-5.0,393.1522618558749,creditcard,Pending
T94067,,C1328,Smartphone,525.0,-377.6662550604211,Cash,
T94070,,,Headphones,10.0,-60.370553706656324,creditcard,Completed
T94071,,C1359,Coffee Machine,1.0,488.94876662528844,PayPal,Pending
T94072,,C300,Laptop,103.0,$136.93,pay pal,
T94073,,C4298,Headphones,280.0,,PayPal,completed
T94075,,,Laptop,431.0,319.20469107194657,PayPal,Completed
T94076,,C138,Coffee Machine,2.0,56.12918304224302,PayPal,
T94077,,C1467,Coffee Machine,7.0,,PayPal,Pending
T94079,,C3302,Laptop,-1.0,,Credit Card,
T94080,,C4641,Coffee Machine,756.0,915.4899985966767,PayPal,
T55187,,C1946,Headphones,558.0,,pay pal,
T94082,,C2397,Coffee Machine,811.0,940.7831185143554,creditcard,Pending
T94084,,C4343,Headphones,368.0,,PayPal,completed
T94085,,C3792,Tablet,1.0,826.3919432676449,Cash,
T94086,,,Coffee Machine,7.0,,creditcard,Completed
T94087,,C1582,Tablet,569.0,-763.0834553126306,creditcard,
T94089,,C4128,Lapt,580.0,,PayPal,
T94091,,C3016,Smartphone,1.0,,Cash,Pending
T94093,,C413,Headphones,-8.0,-751.5361765280081,Credit Card,Failed
T94094,,C3727,Coffee Machine,748.0,,Cash,
T94095,,C3260,Headphones,830.0,-232.43283072345992,Credit Card,completed
T94096,,C1763,Headphones,-7.0,,PayPal ,Pending
T94097,,C031,Headphones,-7.0,$-692.77,Cash,Failed
T94098,,C3801,Laptop,-8.0,,Credit Card,
T94099,,C3705,Laptop,6.0,-790.0488297143802,PayPal,Failed
T94100,,C460,Laptop,199.0,,pay pal,completed
T94101,,C2620,Coffee Machine,-9.0,,pay pal,Pending
T94102,,C926,Headphones,-3.0,-293.3932183770304,Credit Card,Failed
T94103,,C1764,Tablet,6.0,792.2026912548413,pay pal,Completed
T94104,,C4431,Coffee Machine,1.0,-683.7544933715399,PayPal,completed
T94105,,C4633,Laptop,-8.0,,creditcard,
T94106,,C3429,Coffee Machine,3.0,-729.8113944779393,pay pal,Failed
T94107,,C2511,Tablet,-2.0,-266.11713393201956,pay pal,Completed
T94108,,C566,Smartphone,-8.0,,creditcard,completed
T94109,,C1049,Smartphone,453.0,,PayPal,complete
T94110,,C2114,Tablet,-2.0,,PayPal,Completed
T94111,,C3086,Coffee Machine,-3.0,$-279.71,PayPal ,Completed
T94112,,C1356,Laptop,7.0,,Credit Card,complete
T94113,,C883,Coffee Machine,5.0,$666.25,Cash,
T94114,,C2497,Laptop,10.0,-347.70088716702253,Credit Card,completed
T94115,,,Coffee Machine,182.0,596.7260594541191,Cash,Pending
T94116,,C2411,Headphones,-8.0,705.2453445547785,PayPal,complete
T94118,,C1403,Tabl,2.0,59.216495570463714,PayPal ,complete
T94120,,C864,Coffee Machine,3.0,$130.29,Credit Card,Pending
T94122,,C339,Smartphone,608.0,,creditcard,Completed
T94124,,C618,Coffee Machine,,,pay pal,Completed
T94128,,C2000,Smartphone,333.0,,Cash,Pending
T94130,,C017,Laptop,-5.0,895.9464233054066,creditcard,Completed
T94131,,C904,Sm,433.0,-220.10323018552003,creditcard,
,,C3249,Headphones,502.0,,PayPal,
T94136,,C2675,Laptop,348.0,501.74185477243986,Cash,
T94139,,C4930,Coffee Machine,4.0,-989.8879495099299,creditcard,complete
T94140,,C4651,Headphones,-5.0,-487.0122002839205,pay pal,completed
T94141,,C3784,Tablet,2.0,-492.62865937604414,pay pal,Pending
T94142,,C2735,Laptop,-7.0,-980.2585634893876,PayPal,Completed
T94144,,C576,C,4.0,-386.38171408850974,pay pal,complete
T94145,,C3304,Coffee Machine,-8.0,-807.7418545892015,Cash,Failed
T94146,,C4652,Laptop,,-336.07044149308047,PayPal,
T94147,,C058,Coffee Machine,-1.0,820.7335393711423,PayPal,Failed
T94148,,C2017,Laptop,892.0,,PayPal ,completed
T94150,,C4712,Headphones,-8.0,99.19205627328999,creditcard,Pending
T94151,,C4500,Smartphone,5.0,,creditcard,complete
T94153,,C3595,Headphones,4.0,,creditcard,complete
,,C2878,Tablet,10.0,,credit card,
,,C3012,Tablet,618.0,875.531203291602,Cash,completed
T94156,,C2874,Laptop,-5.0,,Cash,complete
T94158,,C147,Headphones,-2.0,685.9734376719881,PayPal ,Pending
T94160,,C3956,Smartphone,1.0,,credit card,completed
T94161,,C3995,Smartphone,5.0,-584.3184994597739,PayPal ,Pending
T94162,,C046,Tablet,650.0,815.5726325074378,PayPal,complete
T94163,,C4166,Laptop,417.0,327.4109517267991,Cash,Failed
T94164,,C4361,Coffee Machine,-8.0,-76.21815686181833,Cash,Pending
T94165,,C3847,Smartphone,927.0,,PayPal,Failed
T94166,,C3394,Headphones,8.0,-287.7980797396558,creditcard,
T94167,,C777,Tablet,912.0,82.45034459541313,PayPal,completed
T94168,,C2853,Tablet,3.0,122.62766628846309,PayPal,completed
T94169,,C1198,Smartphone,9.0,363.0355341935859,creditcard,
T94170,,C270,Tablet,462.0,922.998897718174,Credit Card,Pending
T94172,,C3741,Lapt,,-707.8417590027568,creditcard,Pending
T94176,,C592,Tablet,3.0,-716.1661386758425,credit card,Failed
T94178,,C1605,Smartphone,-1.0,,Credit Card,Pending
T94179,,C1514,Coffee Machine,,-876.8893483335904,Credit Card,complete
T94180,,C892,Tablet,-6.0,761.2726633711521,Credit Card,completed
T94183,,C1570,Head,177.0,-512.447478188715,Credit Card,Failed
T94184,,C2277,Laptop,463.0,-768.5961436064234,creditcard,complete
T94187,,C3877,Tablet,10.0,-409.4728399907341,PayPal,
T94188,,C509,Headphones,6.0,-692.2922545649474,PayPal ,
T94189,,C2042,Headphones,-7.0,145.37665860448473,PayPal ,Failed
,,C1987,Tablet,4.0,-827.2943146449483,Credit Card,
T94191,,C4215,Coffee Machine,-3.0,235.51397920617558,PayPal ,Failed
T94192,,C3558,Headphones,320.0,630.6327539676314,PayPal,
T94194,,C2500,Laptop,-10.0,,Cash,Failed
T94195,,C2539,Headphones,-5.0,592.5678833260957,pay pal,Pending
T94196,,C690,Headphones,-8.0,,creditcard,Failed
T94198,,C4548,Tablet,-7.0,,pay pal,
T94200,,C1964,Coffee Machine,457.0,-177.1570565152657,creditcard,Failed
,,C2188,Smartphone,-10.0,366.10484864467327,Credit Card,
T94204,,C4471,Laptop,1.0,-415.7059440571426,pay pal,
T94205,,C1360,Coffee ,239.0,-795.9052488133254,Cash,Pending
T94206,,C3385,Tablet,361.0,,credit card,Pending
T94207,,C2684,Tablet,-3.0,-926.1152283536743,PayPal ,complete
T94208,,C3598,Headphones,639.0,$407.14,Credit Card,Completed
T94209,,,Laptop,9.0,-577.5729082495568,Cash,completed
T94211,,C4893,Headphones,454.0,-424.7277843201849,Credit Card,Failed
T94212,,C073,Lap,-8.0,235.29202228415932,PayPal ,completed
T94214,,C2024,Laptop,-3.0,427.8317728575437,credit card,Completed
T94217,,C868,Smartphone,-6.0,,PayPal ,Pending
T94219,,C3590,Sm,7.0,865.9865146319976,PayPal,Pending
T94220,,C2321,Lapto,369.0,399.25403804680906,Cash,Failed
T94222,,C2394,Tabl,8.0,380.88522464745324,credit card,complete
T94223,,C621,Smartphone,-5.0,,creditcard,completed
T94225,,C4153,Headphones,-6.0,-963.2872197581631,credit card,complete
T94226,,C3588,Laptop,-8.0,740.3155192135063,pay pal,
T94227,,C1314,Tablet,-8.0,539.6756432270406,Cash,complete
T94234,,C3044,Smartphone,-7.0,$392.86,Cash,Completed
T94240,,C4349,Headphones,3.0,,credit card,Failed
T94241,,C2438,Tablet,-7.0,$185.63,PayPal,
T94242,,C4930,Headphones,6.0,,creditcard,Completed
,,C2142,Laptop,,-517.1867318898921,PayPal,completed
T94246,,C152,Tablet,,842.0440966289611,credit card,
T94247,,C4615,Tablet,-10.0,,creditcard,
T94248,,C2322,Tablet,-7.0,,PayPal,Completed
T94249,,C088,Sm,746.0,,Credit Card,Completed
T94251,,C3813,Laptop,792.0,-351.6877636283524,PayPal,Pending
T94252,,C2094,Laptop,-10.0,930.3236366678456,Cash,Completed
T94253,,C4386,Coffee Machine,639.0,,PayPal ,
T94254,,C1219,Tablet,-3.0,-613.9591785128116,pay pal,complete
T94256,,C2076,Tablet,274.0,,PayPal,completed
T94257,,C1627,Smartphone,6.0,,credit card,completed
T94258,,,Headphones,-2.0,$914.76,pay pal,Failed
T94260,,C4295,Headphones,-10.0,278.7311124997217,creditcard,Pending
T94262,,C2009,Tablet,339.0,,creditcard,
T94263,,,Coffee ,9.0,-375.39543671881495,Cash,completed
T94264,,C4960,Headphones,-10.0,548.6176746672415,pay pal,completed
T94267,,C3665,Smartphone,-8.0,560.6471898222144,creditcard,completed
T94268,,C1346,Coffee Machine,-6.0,$942.50,PayPal ,completed
T94269,,C912,Head,-9.0,-134.98221204802712,Cash,Pending
T94270,,C4326,Laptop,-8.0,,creditcard,completed
T94271,,C532,Laptop,-5.0,$-868.49,PayPal ,complete
T94272,,C1849,Coffee Machine,-1.0,-955.1665322863171,credit card,Failed
T94273,,C2167,Smartphone,7.0,-70.888096381693,Credit Card,completed
T94275,,C3187,S,9.0,-968.1385840400321,pay pal,complete
,,C3538,Tablet,523.0,$224.67,PayPal,Pending
T94278,,C2942,Tablet,725.0,314.61468854354774,PayPal ,complete
T94280,,C3793,Coffee M,-6.0,,Cash,
T94282,,C2052,Table,-4.0,,Credit Card,Failed
T94284,,C4580,Tablet,145.0,563.4703943735296,creditcard,complete
T94285,,C2548,Lapto,9.0,$927.71,PayPal,Failed
T94286,,C4999,Coffee Machine,-4.0,715.7988943945771,Cash,
T94290,,C2205,Coffee Machine,4.0,-731.7477423735777,pay pal,complete
T94291,,C733,Headphones,-10.0,,credit card,Pending
T94292,,C1389,Laptop,3.0,,Cash,Failed
T94293,,C1159,Headphones,-6.0,-880.3332042081292,pay pal,
T94294,,C293,Headphones,736.0,-152.60639016338052,PayPal ,complete
T94299,,C2690,Coffee Machine,-7.0,,creditcard,complete
T94300,,C4819,Tablet,,66.51853213661408,credit card,Failed
T94301,,C1556,Coffee Machine,9.0,148.7387691856851,pay pal,Failed
T94302,,C3295,Coffee Machine,,725.5666533986434,pay pal,complete
,,C4232,Headphones,450.0,703.273786776366,creditcard,Failed
T94306,,C2015,Headphones,-1.0,777.1724821015245,Cash,complete
T94307,,C344,Headphones,8.0,-162.36495526155613,PayPal ,Failed
T94310,,C3016,Laptop,513.0,801.7174566604488,Credit Card,Failed
T94312,,,Laptop,9.0,,pay pal,
T94313,,C1973,Tablet,6.0,,pay pal,
T94314,,C3318,Headphones,,,Credit Card,
T94315,,C476,Laptop,1.0,832.5815118092981,credit card,completed
T94316,,C3956,Coffee Machine,,425.0878390291075,creditcard,complete
T94317,,C3294,Laptop,-5.0,-201.88519131967666,Credit Card,Failed
T94318,,C512,Laptop,3.0,,PayPal,Failed
T94320,,C3273,Headphones,835.0,,credit card,
T94321,,C458,Headphones,,-584.8558014985745,Credit Card,Pending
T94322,,C702,Tablet,3.0,,creditcard,completed
T94323,,,Tablet,-2.0,811.5383755804518,PayPal,
T94329,,C2597,Coffee Machine,-10.0,436.9632690395001,creditcard,Failed
T94330,,C2786,Smartphone,3.0,,PayPal ,Completed
T94331,,C1663,Coffee Machine,855.0,-71.16133352389045,Credit Card,completed
T94332,,C2734,Laptop,139.0,,Cash,Pending
T94334,,C4952,Coffee Machine,-9.0,585.0692831279204,pay pal,completed
T94336,,C1150,Smart,6.0,,credit card,
T94337,,C1086,Smartphone,-1.0,-778.8011449981564,credit card,Pending
T94340,,C2687,Laptop,755.0,,creditcard,
T94342,,C4519,Smartphone,969.0,-570.3039632321106,Credit Card,completed
T94343,,C4118,Coffee Machine,2.0,-847.7194548173381,PayPal,completed
T94344,,C989,Smartphone,1.0,$-72.24,Credit Card,complete
T94346,,,Tablet,10.0,532.9802996720013,credit card,Failed
T94348,,C1775,Tablet,8.0,,Credit Card,Pending
T94350,,C1278,Smartphone,5.0,,credit card,Pending
T94351,,C1178,Tablet,965.0,-529.1153886538109,Credit Card,completed
T58220,,C2259,Smartphone,3.0,704.8068267351824,PayPal,complete
T94354,,C4197,Smartphone,-6.0,$178.61,PayPal,
T94355,,C3083,Tablet,4.0,-959.7407156430922,PayPal,
T94356,,C392,Smartphone,5.0,,pay pal,Completed
T94357,,C059,Laptop,-10.0,,creditcard,
T94358,,C786,Coffee Machine,-2.0,-274.2209521790353,creditcard,completed
T94359,,C3643,Laptop,217.0,,creditcard,Completed
T94361,,C2689,Headphones,977.0,,PayPal,Pending
T94363,,C3135,Tablet,998.0,,pay pal,completed
T94364,,C3298,Laptop,3.0,-838.3883654734926,PayPal,
T94365,,C444,Headphones,2.0,,PayPal,Pending
T94366,,,Coffee Machine,-6.0,272.13481574597995,creditcard,completed
T94367,,C2505,Smartphone,9.0,,PayPal,complete
T94368,,C3482,Tablet,581.0,,PayPal ,Pending
T94369,,,Smartphone,-7.0,368.30616872558375,Cash,Completed
T94370,,C724,Laptop,549.0,,Credit Card,completed
T94371,,C4015,Tablet,977.0,850.126906327528,PayPal,
T94373,,C696,Smartphone,-2.0,-534.7763339012829,Credit Card,Pending
T94374,,C3765,Coffee Machine,278.0,,credit card,
T94375,,C3556,Headphones,417.0,,PayPal ,Completed
T94376,,C3930,Headphones,5.0,-346.20894363476646,Credit Card,
T94377,,C2640,Laptop,776.0,,Cash,Completed
T94378,,C2818,Coffee Machine,282.0,172.27979766066866,credit card,completed
T94379,,C1912,Sm,436.0,,credit card,Completed
T94381,,C1489,Tablet,,,Credit Card,Pending
T94384,,C2596,Coffee Machine,677.0,-306.30632481914574,credit card,complete
,,C2568,Tablet,403.0,359.6408652147363,Cash,Failed
T94388,,C3306,Headphones,3.0,-748.9841094928476,PayPal,
,,C3206,Laptop,-7.0,,PayPal,
T94392,,C3208,Coffee Machine,986.0,,PayPal ,Failed
T94393,,C2355,Coffee Machine,-2.0,,Credit Card,Completed
T94394,,C757,Tablet,8.0,,PayPal ,Completed
T94395,,C3973,Tablet,-2.0,397.5164007145337,pay pal,completed
T94396,,C390,Smartphone,4.0,,credit card,Failed
T94397,,C4782,Tablet,126.0,-703.2197784301925,Cash,complete
T94398,,,Laptop,-2.0,,PayPal ,complete
T94399,,C4541,Headphones,377.0,,creditcard,Pending
T94400,,C446,Smartphone,,-863.7877399602205,PayPal ,completed
T94403,,C1456,Smartphone,-3.0,263.9256507792437,Cash,Failed
T94404,,C1473,Smartphone,671.0,-993.0139463020307,PayPal,Completed
T94406,,C2463,Headphones,745.0,317.95377821793545,Cash,Completed
T94407,,C3723,Smartphone,1.0,,PayPal,complete
T94408,,C2173,Tablet,2.0,$376.26,credit card,
T94410,,C2854,Cof,211.0,,Cash,complete
T94411,,C2776,Tablet,3.0,933.8635143955806,credit card,completed
T94412,,C1002,Coffee Machine,477.0,688.3286512171659,credit card,Failed
T94413,,C2267,Coffee Machine,-6.0,-482.42948430681304,credit card,Completed
T94414,,C2988,Tablet,194.0,$764.68,PayPal,completed
T94415,,C4938,Smartphone,402.0,$-214.19,creditcard,Completed
T94417,,C759,Laptop,2.0,-536.4609955413039,creditcard,complete
T94419,,C4203,Laptop,504.0,250.06345496605496,credit card,
T94420,,C4638,Laptop,-2.0,-841.7943862848633,creditcard,Failed
T94421,,C4690,Tablet,-8.0,577.0065027636291,Credit Card,
T94423,,C4936,Laptop,3.0,-845.2356036994369,Cash,complete
T94424,,C2570,Coffee Machine,3.0,218.77396151433194,Credit Card,Failed
T94425,,C4300,Laptop,118.0,570.696817995681,PayPal ,Pending
T94426,,C2511,Headphones,-10.0,110.80065454676446,Cash,complete
T94427,,C4377,Headphones,278.0,-895.6308567257777,PayPal,
T94429,,C1254,Laptop,1.0,978.3751606354997,credit card,Pending
T94430,,C4246,Coff,140.0,620.3519783323525,PayPal,Failed
T94431,,C2005,Laptop,7.0,,pay pal,completed
T94432,,C1214,Headphones,764.0,101.04494688629374,PayPal ,completed
T94433,,C2526,Coffee ,366.0,657.3832879728224,Cash,complete
T94434,,C007,Laptop,,-498.3924178028664,Cash,Completed
T94436,,C3943,Coffee Machine,344.0,426.4945559077577,creditcard,complete
T94438,,C2604,Table,394.0,-82.98106476130147,Cash,
T94439,,C1527,Laptop,8.0,-195.2465244714707,credit card,Failed
T94440,,C3649,Laptop,488.0,325.03017507614663,credit card,completed
T94442,,C1316,Tablet,-4.0,$-369.82,pay pal,Pending
,,C145,Laptop,10.0,,creditcard,Completed
T94444,,C2098,Laptop,-4.0,-414.7733536218333,Cash,Completed
T94446,,C3703,Laptop,-4.0,287.76017316131833,PayPal,
T94447,,C2537,Coffee Machine,-9.0,,pay pal,completed
T94448,,C1360,Coffee Machine,682.0,-905.298817534179,PayPal,complete
T94449,,C213,Coffee ,627.0,500.1895538869517,Cash,Completed
T94450,,C669,Headphones,6.0,,credit card,Failed
T94452,,C803,Headphones,606.0,,pay pal,completed
T94455,,C2842,Laptop,710.0,,PayPal ,Failed
T94456,,C155,Headphones,6.0,882.6753422128457,credit card,complete
T94458,,C941,Laptop,670.0,-229.32700013809165,pay pal,Completed
T94459,,C3083,Headphones,-10.0,-715.5448892289761,Credit Card,complete
T94461,,C2898,Lap,5.0,-948.5433525506384,Credit Card,completed
T94463,,C1809,Tablet,4.0,,creditcard,completed
T94464,,C329,Coffee Machine,2.0,,Credit Card,Failed
T94465,,C2977,La,706.0,-853.4516799517351,PayPal ,Pending
T94466,,C1333,Laptop,9.0,945.2098043629974,Cash,Completed
T94467,,C1889,Smartphone,7.0,-232.03195209735122,PayPal ,completed
T94468,,C3972,Laptop,639.0,247.1701415106186,Cash,completed
T94469,,C1218,Laptop,-6.0,,Cash,Failed
T94470,,C2992,Smartphone,449.0,,Cash,Completed
T94471,,C3988,Smartphone,809.0,854.2526716501218,pay pal,complete
T94472,,C2659,Headphones,230.0,,Credit Card,complete
T94473,,C3141,Tablet,1.0,-254.31717326839475,Credit Card,Failed
T94474,,C3158,Smartphone,-7.0,-881.1733301529696,creditcard,Completed
T94475,,C4888,Coffee,2.0,$506.93,Cash,Completed
T94476,,C3056,Tablet,,,credit card,complete
T94477,,C2560,Tablet,10.0,672.8346272722596,creditcard,Failed
T94478,,C4623,Smartphone,-6.0,-927.6129071014003,PayPal ,Pending
T94480,,,Lapt,9.0,373.6767720092799,pay pal,complete
T94482,,C2230,Coffee Machine,-6.0,,PayPal,completed
T94483,,C1781,Tablet,628.0,$-617.47,pay pal,Pending
T94484,,C1049,Tablet,-2.0,697.584165894706,creditcard,Failed
T94485,,C4020,Laptop,106.0,73.35586385037817,pay pal,completed
T94486,,C924,Laptop,-8.0,$-104.02,Credit Card,Failed
T94487,,C4561,Smartphone,804.0,,pay pal,complete
T94488,,C4683,Coffee Machine,128.0,,creditcard,Pending
T28704,,C4324,Laptop,-2.0,-470.2711329742217,PayPal ,
T94490,,C4526,Headphones,-2.0,-960.2762234874613,PayPal,complete
T94491,,C2669,Coffee Machine,10.0,,creditcard,Pending
T94497,,C4415,Smartphone,-3.0,-191.21524880482036,credit card,
T94498,,C2063,Coffee Machine,-1.0,877.7408014594522,Credit Card,completed
T94499,,C1176,Headphones,899.0,,pay pal,Failed
T94500,,C1621,Smartphone,-3.0,,pay pal,complete
T94502,,C2590,Tablet,1.0,-797.5365563531439,Cash,completed
T94503,,C3202,Tablet,705.0,-251.9979787456973,creditcard,
T94505,,C1268,Headphones,8.0,491.0889442636993,pay pal,completed
T94506,,C3390,Laptop,7.0,-140.3589846103372,creditcard,Pending
T94507,,C560,Coffee Machine,591.0,,PayPal ,
T94508,,C3041,Headphones,9.0,58.947852381027374,pay pal,Failed
T94510,,C1924,Tablet,6.0,802.8212747316175,Cash,
T94514,,C3403,Laptop,10.0,564.7269880696042,Credit Card,completed
T94515,,C3792,Laptop,1.0,256.983063225894,PayPal,Failed
T94517,,C3249,Tablet,-1.0,173.85716514073312,Cash,Completed
T94518,,C3018,Smartphone,,224.73887058810746,PayPal,complete
T94519,,C4952,Coffee Machine,169.0,153.954964847489,credit card,Failed
T94520,,C2728,Tab,-2.0,,creditcard,Failed
T94521,,C4287,Tablet,7.0,837.1130877915788,creditcard,Failed
T94523,,C2575,Smartphone,484.0,,creditcard,Pending
T94524,,C3376,Smartphone,-10.0,916.2500494061148,PayPal,Completed
T94526,,C3279,Tablet,2.0,964.4488870951872,credit card,complete
T94527,,C1519,Laptop,841.0,331.7844720802623,PayPal ,
T94528,,C1633,Headphones,10.0,,PayPal,complete
T94529,,C3320,Tablet,6.0,-58.70426796348272,Cash,
T94532,,C1988,Tablet,-7.0,-271.22069619233844,Credit Card,Failed
T94533,,C3530,La,10.0,330.6842607993507,Credit Card,
T94534,,C324,Coffee Machin,2.0,825.2276788307597,pay pal,completed
T94535,,C4024,Coffee Machine,-3.0,-543.9080145228645,creditcard,complete
T94537,,C024,Laptop,845.0,,PayPal,Completed
T94538,,C2072,Headphones,8.0,-828.6608828010117,PayPal,Pending
T94539,,C3941,Headphones,5.0,,PayPal,complete
T94540,,C3284,Tablet,435.0,471.14270564512645,Cash,
T94542,,C4675,Smartphone,-7.0,,Cash,completed
T94543,,C2849,Tablet,-10.0,,pay pal,Pending
T94545,,C345,Tablet,-6.0,-382.1708391430294,credit card,Pending
T94546,,C2798,Laptop,717.0,-468.5608040980501,creditcard,Failed
T94547,,C2542,Tablet,450.0,-961.9271678226974,Cash,completed
T94550,,C4326,Headphones,-4.0,706.5729641331616,PayPal,completed
T94551,,C1881,Laptop,9.0,,credit card,completed
T94552,,C2525,Headphon,4.0,,pay pal,complete
T94554,,C2893,Smartphone,4.0,,PayPal ,Failed
T94556,,C1650,Headphones,1.0,,PayPal ,Failed
T94558,,C2450,La,1.0,-745.0593361026363,Credit Card,Failed
T94559,,C753,Tablet,1.0,-832.6213291006923,credit card,Pending
T94560,,C427,Smartphone,958.0,-520.520286690549,PayPal,Pending
T94561,,C2092,Smartphone,1.0,$566.97,pay pal,Pending
T94563,,C2632,Smartphone,9.0,,PayPal,Pending
T94564,,C1339,Coffee Machine,436.0,$-799.06,credit card,
T94566,,C4306,Smartphone,-4.0,470.35480697386566,PayPal ,Completed
T94567,,C810,Laptop,-6.0,-857.896147211301,PayPal,completed
T63823,,C4552,Coff,9.0,512.02248533391,credit card,Completed
T94571,,C2119,Lap,-4.0,-846.7254642526907,credit card,
T94572,,C2392,Smartphone,6.0,592.6390782838492,pay pal,Completed
T94575,,C1846,Headphones,-10.0,217.47152544075385,credit card,completed
,,C3655,Tablet,659.0,,PayPal ,completed
T94577,,C4803,Tablet,10.0,156.09519211916046,PayPal,Pending
T94578,,C1525,Tablet,860.0,,Credit Card,completed
T94579,,C2436,Tablet,-2.0,,Credit Card,Pending
T94580,,C3347,Laptop,9.0,,PayPal,completed
T94581,,C3854,Tablet,2.0,271.3791083428381,pay pal,completed
T94582,,C4247,Smartphone,-4.0,-345.48158230755655,creditcard,completed
,,C784,Coffee Machine,-8.0,-673.9689686971885,Cash,completed
T94585,,C3229,Headphone,521.0,,Credit Card,completed
T94586,,C2216,Tablet,-1.0,-971.4302889113727,creditcard,completed
T94587,,C4070,Headphones,8.0,934.403893450629,Credit Card,Failed
T94591,,C2047,Headphones,1.0,-447.4939871394604,Cash,Pending
T94592,,C3924,Coffee Machine,264.0,,creditcard,complete
T94594,,C219,Smartphone,-8.0,$428.75,creditcard,Completed
T94596,,C3772,Laptop,6.0,-565.6780569361649,Credit Card,
T94597,,C2384,Headphones,-9.0,,PayPal,Pending
T94598,,C2355,Headphones,,692.7929351002595,Cash,Failed
T94599,,C3154,Headphones,678.0,563.6479797896556,PayPal,
T94600,,C3203,Laptop,6.0,-850.581299146684,pay pal,Failed
T94602,,C071,Tablet,651.0,,credit card,completed
T94603,,C4673,Headphones,-3.0,,PayPal,Completed
T94604,,C2809,Tablet,-7.0,$266.46,PayPal ,
T94605,,C4347,Smartphone,260.0,,credit card,complete
T94607,,C554,Smartphone,113.0,383.47967424494,Credit Card,Failed
T94608,,C3343,Tablet,486.0,-354.4578698104725,pay pal,complete
,,C1069,Laptop,-4.0,,PayPal,Completed
T94611,,C3492,Laptop,-10.0,,PayPal ,
T94612,,C2740,Headphones,-10.0,-839.8600111176227,credit card,Pending
T94613,,C1513,Tablet,10.0,-704.0877181728911,credit card,
T94614,,C1183,Headphones,-3.0,,credit card,complete
T94615,,C1273,Coffee Machine,9.0,-606.5291419367654,PayPal,Failed
T94616,,C2067,Smartphone,-5.0,,creditcard,Completed
T94617,,C496,Headphones,3.0,,Credit Card,completed
T94618,,C3244,Coffee,-1.0,$473.83,Cash,Pending
T94619,,C739,Headphones,-4.0,-679.4873991429254,Cash,completed
T94620,,C3740,Smartphone,5.0,,PayPal,complete
T94622,,C3198,Laptop,-5.0,-87.25694281122367,Credit Card,Failed
T94623,,C873,Smartphone,8.0,241.40724232294784,Credit Card,Completed
T94628,,C3567,Sm,-6.0,375.9222037506721,Credit Card,Pending
T94630,,C2867,Laptop,-5.0,-996.123150582929,Credit Card,
T94631,,C4476,Tablet,-9.0,,PayPal,
T94632,,C762,Tablet,279.0,-804.5311973922983,pay pal,Failed
,,C3536,Smartphone,-7.0,310.98142206111845,PayPal,Pending
T94634,,C459,Coffee Machine,-2.0,,Cash,complete
T94636,,C2865,Laptop,3.0,,Cash,Failed
T94638,,C4388,Tablet,707.0,-130.25117574177068,PayPal ,completed
T94639,,C4895,Coffee Ma,-6.0,814.5184174544087,Credit Card,Pending
T94641,,C2941,Smartph,527.0,,Cash,complete
T94644,,C1292,Coffee Machine,-10.0,-337.5219362941259,Credit Card,completed
T94646,,C1382,Laptop,263.0,-918.0283045657822,creditcard,complete
T94648,,C4034,Smartphone,5.0,,PayPal,Pending
T94649,,C3424,Coffee Machine,331.0,-562.1846190166086,credit card,complete
T94650,,C4737,Tablet,2.0,124.31874342042813,PayPal,Completed
T94651,,C598,Headphones,-3.0,,Credit Card,complete
T94652,,C809,Headphones,2.0,-994.3073791677965,Cash,Pending
T94653,,C004,Tablet,-2.0,-239.2212885032268,credit card,
T94654,,C156,Tabl,-10.0,,Cash,complete
T94656,,C216,Coffee Machine,6.0,-424.07145679847713,credit card,completed
,,C4142,Smartphone,8.0,-345.4330478082444,Credit Card,Failed
T94658,,C1812,Headphones,377.0,,creditcard,Completed
T94659,,C1643,Laptop,8.0,488.4512601162197,pay pal,
T94660,,C2654,Laptop,-9.0,852.1907084483081,PayPal,complete
T94661,,C725,Headphones,6.0,,PayPal,completed
,,C4961,Tablet,341.0,,PayPal,Completed
T94663,,C2542,Tablet,2.0,,pay pal,complete
T94664,,C1589,Tablet,10.0,526.7821024577527,Cash,Failed
T94665,,C3412,Headphones,1.0,-755.5040427446786,credit card,
T94666,,C889,Laptop,-5.0,,Credit Card,completed
T94667,,C2969,Laptop,8.0,798.3778111709191,PayPal ,Completed
T94668,,C1214,Coffee,6.0,,credit card,Failed
T94669,,C1916,Tablet,3.0,,pay pal,Failed
T94670,,C4308,Smartphone,573.0,,credit card,Completed
T94671,,C553,Tablet,7.0,-276.31469681830663,Cash,completed
T94673,,C1315,Headphones,5.0,-516.8042071953386,credit card,complete
T94674,,C2844,Coffee Machine,9.0,-286.56639969473133,credit card,Completed
T94676,,C021,Laptop,6.0,,credit card,Completed
T94677,,C4513,Tablet,9.0,106.21689900846644,creditcard,Pending
T94678,,C1455,Coffee Machine,422.0,,creditcard,complete
T94679,,C372,Smartphone,306.0,-375.7171192923221,creditcard,Failed
T94681,,C4462,Tablet,,438.62447550545744,PayPal,Failed
T94684,,C3260,Coffee Machine,-5.0,-867.4999334252686,creditcard,Pending
T94686,,C4688,Tablet,4.0,-213.61998458156916,PayPal ,Completed
T94687,,C2570,Laptop,731.0,-749.1158275217907,PayPal,complete
T94689,,C5000,Headphones,2.0,-485.32254626340466,Cash,Pending
T94690,,C4085,Laptop,286.0,683.0953463144111,credit card,Pending
T94691,,C1721,Laptop,4.0,$-321.64,Credit Card,Completed
T94692,,C1151,Tablet,5.0,-286.93822254495194,PayPal,
T94695,,C4865,Smartphone,671.0,-792.4331352493666,pay pal,
T94696,,C2296,Tablet,1.0,,Cash,Completed
T94697,,C4853,Smartphone,311.0,684.0556043523214,PayPal,Pending
T94698,,C1454,Smartphone,,-875.9860447632407,pay pal,
T94699,,C4625,Headphones,6.0,-303.4331050139658,creditcard,Completed
T94700,,C4822,Laptop,-1.0,-677.7963807176714,pay pal,completed
T94701,,C1949,Smartphone,-1.0,,creditcard,completed
T94702,,C3487,Smartphone,763.0,-668.2462643360764,credit card,Pending
T94704,,C2339,Tablet,10.0,,Credit Card,Completed
T94705,,C2269,Tablet,665.0,,PayPal,
T94706,,C2587,Tablet,115.0,582.944664434631,Cash,Pending
T94707,,C1552,Laptop,883.0,-319.87978812878157,credit card,completed
T94709,,C670,Laptop,5.0,151.5251402137037,PayPal ,
,,C3757,Coffee Machine,163.0,576.4295173586296,PayPal,complete
T94711,,C2800,Coffee Machine,-4.0,,PayPal ,Pending
T94712,,C646,Laptop,465.0,,pay pal,Failed
T94713,,C2843,Smartphone,4.0,832.7983207340104,creditcard,complete
T94714,,C374,Coffee Machine,-6.0,-398.33050697368014,pay pal,
T94715,,C2608,Coffee Machine,8.0,-76.21004859527852,creditcard,
T94716,,C2797,Headphones,883.0,986.5875921855193,PayPal,Failed
T94717,,C2840,Laptop,8.0,933.8480390069658,pay pal,Pending
T94718,,C076,Coffee Machine,574.0,415.29038461983214,credit card,complete
T94721,,,Laptop,300.0,51.92376299106455,PayPal,Completed
T94722,,C2097,Laptop,854.0,965.6410622127814,Credit Card,completed
T94724,,C1361,Smartphone,611.0,,Cash,Pending
T94725,,C2445,Coffee Machine,2.0,-411.74127650081664,PayPal ,
T94726,,C715,Laptop,688.0,,PayPal,
T94727,,C4736,Tablet,293.0,364.06864711806753,PayPal ,Pending
T94729,,C4422,Tablet,384.0,$-228.92,pay pal,Pending
T94730,,C3541,Smartphone,1.0,,PayPal ,
,,C1285,Laptop,283.0,,pay pal,
T94733,,C181,Smartphone,-9.0,,Credit Card,Pending
T94734,,C3759,Tablet,996.0,,PayPal,completed
T94735,,C4060,Headphones,840.0,-155.68614119595316,pay pal,Failed
T94736,,C1633,Headphones,-5.0,999.3785181753956,credit card,Failed
T94737,,C1316,Tablet,8.0,,PayPal ,complete
T94739,,,Laptop,742.0,,PayPal ,completed
,,C793,Headphones,,,PayPal,Pending
T94742,,C650,Coffee Machine,-10.0,,Credit Card,Failed
T94746,,C1087,Tablet,-4.0,,PayPal,completed
T94747,,C2182,Smartphone,9.0,-771.6182086104258,PayPal,
T94748,,C627,Smartphone,-9.0,429.6374037940771,creditcard,Failed
T94750,,C3998,Smartphone,749.0,914.4719105772455,creditcard,
T94751,,C454,Tablet,961.0,,creditcard,Pending
T94752,,C633,Smartphone,-4.0,,pay pal,Failed
T94753,,C1010,Headphones,5.0,,Credit Card,complete
T94755,,C032,Coffee Ma,-8.0,,Cash,
T94756,,C1250,Laptop,-3.0,,creditcard,Failed
T94759,,C4905,Smartphone,-4.0,521.9425706700588,Credit Card,
T94760,,C4240,Laptop,914.0,-197.51261971467193,PayPal,Failed
T94761,,C1121,Headphones,-6.0,,credit card,Pending
T94762,,C1084,Smartphone,-8.0,,creditcard,Completed
T94763,,C1987,Coffee Machine,217.0,-828.0785744345246,PayPal,
T94766,,C1397,H,601.0,-50.71841187633311,creditcard,Failed
T94768,,C1962,Tablet,-3.0,539.3539068415703,credit card,
T94769,,C3017,Coffee Machine,4.0,442.9831332479888,PayPal,
T94771,,C763,Smartphone,7.0,,credit card,complete
T94772,,C492,Headphones,980.0,,PayPal ,Completed
T94774,,C2963,Tablet,-6.0,,PayPal ,Completed
T94775,,C1716,Smartphone,9.0,,credit card,Completed
T94776,,C2117,Headphones,-6.0,,Cash,Pending
T94777,,C4444,Laptop,585.0,-536.286913214604,Cash,Failed
T94779,,C1046,Headphones,-5.0,$-791.67,creditcard,Completed
T94782,,C2764,Laptop,-4.0,,PayPal,
T94783,,C761,Headphones,-2.0,864.4720078156447,pay pal,
T94785,,C4819,Coffee Machine,,$246.65,creditcard,
T94786,,C1321,Headphones,-3.0,,pay pal,Pending
T94787,,C4226,Smartphone,-4.0,-664.0694407795452,PayPal,Completed
T94788,,C2828,Headphones,419.0,,Credit Card,Pending
T94789,,C2931,Lapt,100.0,-833.4080183870018,Credit Card,complete
T94790,,,Tablet,2.0,-761.240203983271,credit card,
T94792,,C4287,Tablet,-7.0,161.2992602107725,PayPal ,Completed
T94793,,C1411,Headphones,8.0,-143.1278321752677,Credit Card,
T94794,,C2165,Headphones,568.0,816.7859071978686,credit card,
T94795,,C4970,Headphones,390.0,-373.6528562843482,PayPal ,complete
T94796,,C2429,Tablet,7.0,-229.56419531703546,PayPal ,Completed
T94797,,C2630,Tablet,3.0,-568.9843785490506,creditcard,Completed
T94798,,C381,Laptop,6.0,$-899.87,creditcard,Pending
T94799,,C668,Headphones,-6.0,226.78625889271666,pay pal,Pending
,,C3728,Coffee Machine,255.0,,PayPal,
T94802,,,Smartphone,-10.0,$830.26,Credit Card,complete
,,C3294,Laptop,-2.0,,Credit Card,Pending
,,C3839,Headphones,810.0,,pay pal,
T94805,,C4789,Headphones,3.0,239.31503792197373,credit card,complete
T94806,,C3334,Coffee Machine,205.0,320.34574797670274,creditcard,
T94807,,C4243,Smartphone,-2.0,293.19113054812954,creditcard,completed
T94808,,C1712,Laptop,-4.0,92.987297973155,Cash,Completed
T94813,,C3815,Headphones,2.0,,Credit Card,Completed
T94814,,C2135,Coffee Machine,310.0,-888.0144767669315,Cash,completed
T94815,,C3889,Tablet,379.0,824.7433035885838,PayPal,Failed
T94816,,C1774,Tablet,475.0,-142.61570208827789,Credit Card,Completed
T94817,,C2194,Tablet,-3.0,505.88090773694506,Cash,completed
T94818,,C204,Coffee Machine,943.0,231.10359440725827,Credit Card,complete
T94820,,C922,Headphones,424.0,,Cash,Pending
T94823,,C1137,Smartphone,,-715.6368098977555,Credit Card,completed
T94824,,C2607,Coffee Machine,8.0,609.2284653312702,PayPal,Failed
T94825,,C4781,Headphones,-6.0,$-314.16,PayPal,Completed
T94826,,,Coffee Machine,-2.0,645.3131023372673,PayPal,Pending
T94828,,C2517,Headphones,786.0,960.8007356992305,Credit Card,Pending
,,C2629,C,10.0,379.44598089644563,credit card,Completed
T94830,,C2180,Laptop,434.0,-670.5989420041644,creditcard,Completed
T94831,,C3892,Headphones,8.0,-831.7413561638258,credit card,completed
T94832,,C2611,Smartphone,763.0,-582.9122279943263,PayPal ,completed
T94833,,C2859,Coffee Machine,806.0,,Cash,completed
T94835,,C224,Laptop,3.0,392.0918964351938,credit card,complete
T94836,,C2785,Laptop,1.0,356.68231729900947,creditcard,
T94837,,C4735,Smartphone,-2.0,,PayPal ,completed
T94839,,C277,Coffee Machine,575.0,$-440.42,PayPal ,Failed
T94840,,C224,Coffee Machine,869.0,-603.5697149260138,creditcard,Completed
T94841,,C4091,Tablet,768.0,588.294136747924,credit card,Completed
T94842,,C2863,Smartphone,3.0,,Credit Card,Failed
T94843,,C1730,Coffee Machine,1.0,383.7712031568906,credit card,Failed
T94844,,C4026,Laptop,-7.0,-304.2037364802461,PayPal ,
T94846,,C2467,Headphones,747.0,92.29745457669233,credit card,Failed
T94848,,C4718,Coffee Machine,-5.0,427.4415877738114,pay pal,Failed
T94849,,C2358,Headphones,-1.0,,pay pal,Completed
T94853,,C1344,Tablet,10.0,-600.3632769392051,creditcard,Pending
T94854,,C4948,Laptop,,,PayPal ,Pending
T94855,,C076,Headphones,10.0,976.483022056719,PayPal ,
T94856,,C747,Laptop,5.0,,Credit Card,Failed
T94858,,C2355,Tablet,4.0,$-212.47,Credit Card,complete
T94859,,C4368,Coffee Machine,-9.0,,credit card,
T94861,,C2528,Coffee Machine,-2.0,,creditcard,Pending
,,C2561,Coffee Machine,-10.0,-948.2870341692407,Cash,completed
T94864,,C3335,Tablet,7.0,-237.82642943349072,PayPal ,completed
T94865,,,Tablet,348.0,,Cash,Completed
T94866,,C975,Headphones,-4.0,214.15413436968421,pay pal,Pending
T94869,,C3170,Smartphone,323.0,238.1038455493341,PayPal,
T94870,,C3041,Headphones,-10.0,,pay pal,Failed
T94871,,,Coffee Machine,7.0,244.34403317267484,Cash,Failed
T94872,,C552,Smartphone,5.0,150.43834108800192,creditcard,
T94873,,C941,Headp,-8.0,,Cash,Failed
T94874,,C1425,Coffee Machine,,,pay pal,
T94875,,C4067,Headphones,136.0,284.7653085455224,pay pal,
T94877,,C1873,Coffee Ma,541.0,-546.3537249723008,PayPal,Pending
,,C4430,Headphones,225.0,637.2112415763713,creditcard,Completed
T94880,,C411,Tablet,4.0,,Cash,
T94881,,C4931,Tablet,779.0,-865.7683293189649,PayPal,Pending
T94882,,C4303,Smartphone,,706.7950304003894,Cash,completed
T94883,,C3781,Coffee Machine,508.0,848.351059037702,PayPal,Pending
T94884,,C4260,Headphones,-4.0,,Cash,
T94885,,,Tablet,322.0,-894.5998625425634,credit card,Pending
T94889,,C4270,Tablet,-5.0,,PayPal ,Completed
T94891,,C2480,Smartphone,3.0,-860.2406908842415,creditcard,Pending
T94893,,C1328,Headphones,141.0,,PayPal ,
T94895,,C3411,Tablet,4.0,681.8455438645341,credit card,
T94897,,C479,Tablet,10.0,,credit card,Pending
T94898,,C657,Tablet,2.0,,Credit Card,completed
T94899,,C4636,Coffee Mach,710.0,,Credit Card,completed
T94900,,C1802,Coffee Machine,-4.0,-413.47806818562515,PayPal ,Failed
T94901,,C258,Tablet,472.0,-714.9554228965966,creditcard,Pending
T94904,,C2263,Smartphone,726.0,-946.5477921868068,credit card,Failed
T94905,,,Sm,801.0,653.9153724600379,creditcard,complete
T94906,,C1986,Coffee Machine,-2.0,,pay pal,
T94907,,C1950,Coffee Machine,8.0,,credit card,completed
T94909,,C172,Tablet,4.0,472.7666085438319,Credit Card,Failed
T94910,,C4643,Headphones,615.0,-446.83559203811797,PayPal ,complete
T94911,,C4084,Headphones,595.0,457.0867907180231,Credit Card,Completed
T94912,,C2668,Headphones,3.0,866.2528932005664,PayPal,Failed
T94913,,C2283,Smartphone,355.0,,Credit Card,Pending
T94918,,C298,Laptop,10.0,$-241.06,creditcard,complete
T94919,,C1972,Smartphone,189.0,-318.4317564810723,credit card,complete
T94921,,C3416,Tablet,189.0,-848.8714405808314,creditcard,complete
T94922,,,Laptop,-2.0,,PayPal ,Failed
T94923,,C1188,Tablet,6.0,,pay pal,completed
T94924,,C373,Coffee Machine,7.0,-906.313075504998,credit card,completed
T94925,,C2079,Coffee Machine,447.0,,credit card,completed
,,C2315,Tablet,-8.0,-587.2262401599875,PayPal ,Pending
T94927,,C4837,Headphones,3.0,,PayPal,Completed
T94928,,C495,Smartphone,-8.0,218.9047844115812,PayPal ,Completed
T94929,,,Laptop,9.0,832.7644939646938,Credit Card,complete
T94930,,C1861,Laptop,825.0,294.5872084919065,pay pal,
T94931,,,Laptop,-3.0,,credit card,Failed
T94932,,C635,Headphones,6.0,-992.3385954493409,Cash,
T94933,,,Coffee Machine,936.0,,creditcard,Completed
T94934,,C2593,Coffee Machine,524.0,-253.8508195233784,credit card,completed
T94938,,C4905,Laptop,-7.0,,Cash,Pending
T94939,,C3576,Headphones,7.0,-618.5003858900162,pay pal,Failed
T94940,,C2578,Coffee Mach,887.0,-966.4119355051718,credit card,complete
T94941,,C1423,Coffee Machine,866.0,148.59204363752073,PayPal ,
,,C3350,Smartphone,-2.0,-708.1474503628956,credit card,Pending
T94943,,C2742,Smartphone,7.0,,creditcard,Pending
T94944,,C2407,Smartphone,9.0,-893.6088099962035,PayPal ,
T94945,,C452,Smartphone,,414.3309094513862,pay pal,completed
T94946,,C1467,Smartphone,7.0,,credit card,Pending
T94948,,C2982,Tablet,-1.0,-461.0532302328861,Cash,Pending
T94949,,C1379,Headphones,896.0,,Credit Card,complete
T94951,,C1566,Laptop,2.0,,credit card,completed
T94952,,C3475,Laptop,7.0,-624.2596894608221,Cash,Completed
T94953,,C4855,Smartphone,-9.0,,Credit Card,Failed
T94954,,C4386,Smartphone,963.0,-676.1895955270819,PayPal,
T94957,,C2015,Headphones,466.0,,pay pal,Pending
T94958,,C3279,Headphones,2.0,,Cash,
T94960,,C1380,Tablet,-2.0,,PayPal ,complete
T94961,,C4622,Coffee Machine,-8.0,728.7474434443051,credit card,Completed
T94962,,C965,Laptop,8.0,297.2636552863578,Credit Card,complete
T94963,,C2370,Coffee Machine,5.0,-373.17715888695193,PayPal,
T94965,,C4650,Laptop,809.0,546.5852782877627,creditcard,completed
T94966,,C1340,Headphones,-3.0,,Credit Card,completed
T94967,,C2965,Coffee Machine,-1.0,,PayPal ,complete
T94968,,C1881,Tablet,269.0,-830.8158130246226,credit card,Failed
T94969,,C2949,Headphones,538.0,,creditcard,Pending
,,C2878,Tablet,1.0,,credit card,Completed
T94971,,C4699,Coffee Machine,213.0,,Credit Card,Failed
T94972,,C4342,Laptop,-1.0,920.3355848815038,PayPal ,complete
T94973,,C2940,Coffee Machine,777.0,-898.2652140155456,credit card,Completed
T94974,,C3539,Smartphone,400.0,,Credit Card,Pending
T94975,,C2361,Laptop,237.0,721.4888919434832,PayPal,Pending
T94976,,C1470,Tablet,-7.0,,PayPal ,complete
T94977,,C4812,Headphones,5.0,595.8811237509706,PayPal,Pending
T94978,,C4027,Laptop,-2.0,869.753983408285,credit card,completed
T94979,,C3982,Tablet,-6.0,,PayPal ,completed
T94980,,C184,Laptop,-7.0,,credit card,complete
T94981,,C3664,Coffee Machine,397.0,,credit card,
T94983,,C4125,Headphones,199.0,$-455.34,Cash,Pending
T94984,,C3887,Coffee Machine,684.0,,pay pal,completed
T94985,,C4762,Headphones,8.0,,creditcard,completed
T94986,,C3826,Laptop,876.0,,credit card,
T94988,,C2792,Coffee Machine,963.0,-790.3830276821466,PayPal ,complete
T94989,,C1488,Laptop,-2.0,-696.5646522200832,pay pal,Pending
T94990,,C4958,Tablet,7.0,$-567.68,pay pal,complete
,,C985,Laptop,-3.0,,creditcard,completed
T94995,,C4766,Coffee Machine,798.0,$-870.28,PayPal,completed
T94996,,C3733,Smartp,4.0,584.9958997268917,creditcard,completed
T94998,,C3539,Smartphone,-2.0,-628.025372335936,creditcard,Failed
T94999,,C3408,Headphones,3.0,-134.05283896847948,creditcard,completed
T95001,,C3716,Coffee Machine,-9.0,$743.06,pay pal,
T95002,,C1311,Coffee Machine,749.0,,Cash,Completed
T95003,,C2741,Coffee Machine,5.0,234.97807527286213,PayPal ,complete
,,C4218,Laptop,10.0,572.325456934885,PayPal,complete
T95006,,C4275,Coffee Machine,1.0,-697.4288435532118,PayPal,Completed
T95007,,C4011,Smartphone,330.0,358.05460002099466,credit card,complete
T95008,,C2432,Tablet,7.0,994.6693963146126,Credit Card,Failed
,,C2948,Headphones,257.0,-888.7753651086553,Credit Card,complete
T95010,,C536,Coffee Machine,-8.0,-137.6947062219607,Cash,Failed
T95011,,C1808,Coffee Machine,640.0,,PayPal,complete
T95012,,C2783,Headphones,7.0,340.16770737682026,Credit Card,Failed
T95013,,C660,Headphones,472.0,-410.73934590067915,creditcard,completed
T95014,,C4731,Headphones,336.0,629.5364680173484,pay pal,Pending
T95015,,C3552,Smartphon,7.0,966.4276375447715,PayPal,completed
T95016,,C1239,Coffee Machine,-6.0,,PayPal,complete
T95018,,C2194,Coffee Machine,153.0,539.3240124911457,PayPal ,Completed
T95019,,C4052,Laptop,183.0,256.58824212418295,credit card,Failed
T95020,,C3788,Smartphone,1.0,,Credit Card,complete
T95021,,C1130,Laptop,601.0,958.7896307640015,Credit Card,complete
T95022,,C636,Smartphone,1.0,610.3470317565583,credit card,Failed
T95026,,C3065,Smartphone,1.0,,Cash,Failed
T95028,,C4996,Smartphone,7.0,920.5744194994954,PayPal ,completed
T95029,,C2616,Tablet,-4.0,,credit card,complete
T95030,,C2268,Smartphone,-9.0,196.49960249055877,PayPal ,
T95031,,C3164,Headphones,9.0,-476.21292128129187,creditcard,
T95032,,,Coffee Machine,-9.0,$451.95,Credit Card,
T95033,,C286,Coffee Machine,-1.0,,PayPal ,Completed
T95034,,C3442,Coffee Machine,-7.0,-260.1993490861378,PayPal ,Pending
T95035,,C4287,Smartphone,645.0,259.1907345158706,pay pal,completed
T95036,,C3512,Coffee Machine,9.0,,PayPal,completed
T95037,,C3565,Smartphone,-1.0,,credit card,Failed
T95038,,C4784,Laptop,-9.0,336.90454015882716,creditcard,Failed
T95039,,C980,Laptop,777.0,-408.36453781986313,Credit Card,completed
T95042,,C3871,Smartphone,2.0,610.6498871808458,pay pal,
T95044,,C908,Tablet,-3.0,-768.090153935909,PayPal,
T95045,,,Headphones,268.0,-445.4130877772633,PayPal ,Failed
T95046,,C1441,Coffee Machine,7.0,$528.77,PayPal ,Pending
T95047,,,Smartphone,149.0,,PayPal ,completed
,,C2145,Tablet,-2.0,,PayPal,complete
T95049,,C2629,Coffee Machine,3.0,,PayPal ,completed
T95050,,C2954,Smartphone,6.0,491.1703644433064,credit card,Completed
T95051,,C4888,Tablet,2.0,-643.1621843124453,pay pal,
T95053,,,Tablet,4.0,-487.06871239182476,Cash,Pending
T95055,,C3088,Tablet,-10.0,824.0874246159676,creditcard,Completed
T95058,,C2693,Headph,3.0,506.7747719196438,PayPal ,complete
T95061,,C1861,Headphones,8.0,$-79.71,Cash,Pending
T95063,,C569,Laptop,3.0,,creditcard,
T95066,,C1988,Coffee Machine,-3.0,,credit card,Completed
T95067,,C2077,Headphones,-8.0,945.7470428400594,creditcard,completed
T95068,,C2306,Tablet,-9.0,267.1228781055273,PayPal,Failed
T95069,,C209,Headphones,7.0,,PayPal ,Failed
T95070,,C1707,Laptop,6.0,,pay pal,Completed
T95071,,C2234,Headphones,6.0,983.5436495096443,PayPal,Failed
T95072,,C3542,Headphones,-5.0,51.17211786125873,pay pal,Pending
T95073,,C2150,Smartphone,576.0,540.4361365231168,pay pal,
T95074,,C2414,Tablet,8.0,-730.1222213805464,pay pal,completed
T95075,,C3084,Smartphone,1.0,,PayPal ,Pending
T95077,,C2211,Tablet,9.0,814.6527143619752,pay pal,completed
T95078,,C2690,Tablet,170.0,,PayPal,Pending
T95079,,C330,Smartphone,6.0,$294.92,PayPal ,Failed
T95080,,C2172,Smartphone,-9.0,421.4435876036576,Cash,Pending
T95082,,C4793,Headphones,3.0,784.2113592604333,Cash,Pending
T95083,,C043,Smartphone,6.0,203.69209662991622,credit card,Completed
T95084,,C3670,Headphones,,75.46239937628329,creditcard,Failed
T95086,,C981,Smartphone,293.0,-223.85976918542826,Cash,completed
T95087,,C1149,Coffee Mac,-9.0,181.51287355118245,PayPal,Failed
T95088,,,Tablet,842.0,$-126.55,pay pal,Failed
T95089,,C1425,Tablet,8.0,,Cash,Completed
T15018,,C1045,Headphones,10.0,509.93639338078685,Cash,Pending
T95091,,C1113,Tablet,-1.0,-960.1399142988336,credit card,Completed
T95093,,C4724,L,390.0,653.8633574171072,credit card,
T95094,,C503,Headp,-1.0,,PayPal ,
T95095,,C2670,Smartphone,463.0,413.4707511842584,PayPal,Completed
T95096,,C093,Smartphone,-4.0,,Credit Card,completed
T95097,,C4121,Laptop,456.0,,PayPal ,Completed
,,C4387,Laptop,4.0,,creditcard,Pending
T95102,,C4442,Coffee Machine,439.0,-207.15250057079948,PayPal,completed
T95104,,C606,Laptop,340.0,,PayPal ,Completed
T95106,,C3109,Coffee Machine,3.0,420.9809094655317,creditcard,completed
T95107,,C3168,Headphones,6.0,,PayPal,Pending
T95108,,C674,Coffee Machine,-3.0,,PayPal ,Pending
T95109,,C4819,Laptop,3.0,217.44564566244563,Credit Card,complete
T95110,,C4269,Smartphone,535.0,,PayPal,completed
T95111,,C463,Laptop,-5.0,-583.9851756212904,PayPal,Completed
T95112,,C795,Coffee Machine,-10.0,$-189.05,Credit Card,completed
,,C1494,Coffee Machine,822.0,602.2017278630722,credit card,Completed
T95114,,C4341,Coffee Machine,-1.0,-457.69162478626095,PayPal ,
T95122,,C4165,Laptop,8.0,-639.7949331643013,Credit Card,Failed
T95123,,C4436,Headphones,805.0,,pay pal,complete
T95124,,C667,Smartphon,-9.0,$-287.16,PayPal ,Pending
T95126,,C2134,Laptop,-7.0,-278.2023888163619,Credit Card,Failed
T95127,,C4216,Coffee Machine,2.0,-550.0082855053249,Credit Card,Failed
T95128,,C2543,Headphones,-9.0,-329.168920211776,Credit Card,Pending
T95132,,C4928,Laptop,-5.0,,PayPal ,
T95134,,C1434,Smartphone,-1.0,644.315704501725,credit card,completed
T95137,,C470,Coffee Machine,941.0,$242.90,PayPal ,complete
T95138,,C3125,Smar,-5.0,540.9016797964603,PayPal,Failed
T95139,,C262,Smartphone,216.0,597.4049371179104,PayPal,complete
T95140,,,Tablet,810.0,,PayPal ,completed
T95142,,C3385,Tablet,-5.0,402.7698794695451,PayPal,complete
T95143,,C4921,Headphones,,-483.0763877240312,pay pal,Completed
T95144,,C4237,Coffee Machine,1.0,$-333.61,pay pal,Completed
T95145,,C087,Tablet,7.0,901.1348214103012,PayPal,
T95146,,C3762,Laptop,615.0,,Credit Card,complete
T95148,,C1895,Laptop,7.0,,credit card,Failed
T95149,,C477,Laptop,161.0,$953.81,PayPal ,complete
T95151,,C1818,T,649.0,,creditcard,Pending
T95152,,C1284,Coffee Machine,827.0,-480.48123998826577,Cash,Failed
T95153,,C118,Tablet,,,PayPal ,Completed
T95154,,C3022,Smartphone,8.0,,credit card,
T95155,,C1111,Coffee Machine,392.0,,Credit Card,
T95156,,C1632,Laptop,4.0,$-310.71,PayPal,
T95157,,C222,Tablet,-7.0,,PayPal ,complete
T95158,,C4624,Laptop,203.0,781.2030251258441,pay pal,complete
T95159,,C300,Tablet,-2.0,-696.5068020612644,creditcard,completed
T95160,,C3835,Coffee Mac,-8.0,$-427.92,PayPal ,Failed
T95161,,C491,Laptop,979.0,,creditcard,Failed
T95162,,C3435,Tablet,9.0,170.23472666271155,credit card,completed
T95164,,C3163,Tablet,-8.0,745.9359022811407,pay pal,Failed
T95166,,C2350,Headphones,-5.0,,PayPal,complete
,,C2454,Tablet,,-393.6233391802127,creditcard,complete
T95171,,C258,Coffee Machine,-5.0,-692.8822386237662,pay pal,Failed
T95173,,C3699,Smartphone,-1.0,-297.679224171217,creditcard,Pending
T70182,,C2134,Headphones,772.0,798.6234879990067,PayPal ,
T95175,,C4251,Headphones,-10.0,-861.8860431728133,PayPal ,Pending
T95176,,C2045,Tablet,-6.0,-499.69625615809156,credit card,
T95177,,C3300,Headphones,603.0,,Credit Card,Failed
T95178,,C1995,Headphones,4.0,,pay pal,Failed
T95179,,C4452,Smart,9.0,992.7119653783249,PayPal ,
T95180,,C304,Headphones,8.0,$923.30,PayPal,
T95181,,C4300,Tablet,109.0,-535.6295556745308,credit card,
T95182,,C4776,Laptop,10.0,-122.9560441120966,creditcard,complete
T95184,,C4051,Laptop,438.0,582.4017745731513,Cash,completed
T95185,,C797,Tablet,891.0,-56.53463916132148,creditcard,
T95186,,C202,Tablet,-2.0,-182.5206278393532,credit card,
T95191,,C215,Laptop,451.0,-433.29909848284615,PayPal,completed
T95192,,C2747,Tablet,9.0,-999.8390971650296,credit card,Failed
T95194,,C3063,Headphones,-8.0,879.5854953358767,PayPal ,completed
T95196,,C2607,Laptop,5.0,543.0031963028807,pay pal,completed
T95197,,C4781,Laptop,479.0,,Cash,
T95198,,C671,Smartphone,-6.0,,creditcard,
T95201,,C1033,Coffee Machine,-9.0,,PayPal ,
T95202,,,Laptop,468.0,220.3332464720847,Credit Card,Completed
T95203,,C1266,Coffee Machine,3.0,-292.9578553932188,credit card,
T95205,,C3040,Laptop,3.0,713.9447040839165,PayPal,Pending
T95206,,C4452,Coffee Machine,-5.0,-632.7262408888421,Credit Card,Failed
T95208,,C4205,Coffee Machine,9.0,-681.7761929282761,credit card,completed
T95209,,C393,Coffee Machine,-8.0,,Cash,Completed
T95212,,C443,Smartphone,-7.0,391.4922073533534,Cash,Failed
T95213,,,Smartphone,854.0,-180.1537609446193,pay pal,completed
T95215,,C254,Tablet,8.0,,creditcard,
,,C2816,Head,2.0,,Cash,
T95217,,C1385,Headphones,138.0,559.9376633834897,Credit Card,Failed
T95218,,C2445,Smartphone,-8.0,987.6230657166739,Cash,Failed
,,C729,Smartphone,-1.0,950.5643514091702,Cash,Failed
T95220,,C078,Smartphone,,-494.9711300839779,pay pal,Failed
T95221,,C1584,Smartphone,873.0,-68.91410455099674,Cash,completed
T95223,,C721,Coffee Machine,5.0,,PayPal ,Failed
T95224,,C3024,Smartphone,10.0,,PayPal,
T95225,,C4784,Laptop,-1.0,792.0043816222917,credit card,complete
T95226,,,Coffee Ma,388.0,-809.2102128464524,PayPal ,
T95228,,C3608,Laptop,2.0,-612.3005221187611,Credit Card,
T95231,,C2198,Laptop,672.0,511.29960386351485,PayPal ,Failed
T95232,,C2316,Laptop,6.0,,Credit Card,Completed
T95233,,C4154,Coffee Machine,-3.0,,PayPal,complete
T95234,,C4663,Tablet,-1.0,-71.5680012327914,pay pal,
T95237,,C4693,Coffee Machine,705.0,,Cash,complete
T95238,,C4489,Coffee Machine,5.0,435.8992512280887,creditcard,complete
T95240,,C1604,Laptop,-9.0,855.769287484502,Credit Card,complete
T95241,,C1641,Coffee Machine,2.0,,credit card,complete
T95242,,C918,Coffee Machine,-5.0,,creditcard,
T95243,,C4176,Smartphone,109.0,-422.1540664110395,Credit Card,completed
T95244,,C2202,Coffee Machine,-1.0,,creditcard,
T95245,,C4838,Headphones,-8.0,551.8198606754843,Cash,Failed
T95246,,C4732,Tablet,-8.0,,pay pal,Failed
T95247,,C746,Laptop,-10.0,397.2322867515523,PayPal ,complete
T95248,,C4122,Coffee Machine,458.0,,pay pal,complete
T95249,,C1229,Lapto,404.0,,credit card,
T95250,,C4263,Tablet,9.0,-313.8649409088978,PayPal,complete
T95252,,C4762,Headphones,4.0,$-394.97,credit card,
T95253,,C1917,Coffee Machine,-6.0,,creditcard,Pending
T95254,,C2404,Coffee Machine,5.0,,credit card,
T95255,,C4865,Coffee Machine,-4.0,,pay pal,Completed
T95256,,C057,Headphones,10.0,831.7787502605563,Cash,Failed
T95258,,C1401,Smartphone,-1.0,,pay pal,Pending
T95260,,C3532,Laptop,2.0,878.121793505031,credit card,Pending
T95261,,C2299,Lapt,-2.0,,creditcard,Pending
T95263,,,Laptop,949.0,819.135610353515,PayPal ,Completed
T95264,,C3495,Headphones,10.0,749.8928554641298,pay pal,Completed
,,C528,Lapt,-8.0,,PayPal,Pending
T95268,,C4764,Coffee Machine,-1.0,-986.6074022300528,PayPal,complete
T95269,,C1958,Laptop,2.0,,credit card,Pending
T95271,,C4511,Laptop,280.0,-98.26088868756881,credit card,
T95272,,C1951,Laptop,,-790.1202194645725,pay pal,Failed
T95273,,C2148,Tablet,-2.0,,PayPal,completed
T95274,,C512,Coffee Machine,-2.0,406.417484924705,Cash,
T95276,,C102,Headphones,6.0,$386.98,PayPal ,Completed
T95277,,C433,Headphones,1.0,920.4252537104743,PayPal,completed
T95278,,C3274,Tablet,940.0,-519.1298419448292,PayPal,completed
T95279,,C4955,Coffee Machine,-6.0,782.7294111852043,pay pal,Completed
T95280,,C075,Smartphone,9.0,-515.4119279093397,credit card,Failed
T95281,,C784,Smartphone,-10.0,-817.829171416887,PayPal ,complete
T95283,,C4079,Coffee Machine,4.0,,Cash,Failed
T95284,,C4886,Sma,-3.0,647.882423717542,pay pal,
T95286,,C1333,Coffee Machin,959.0,,credit card,complete
T95288,,C2091,Lapto,918.0,859.0216983623832,creditcard,Completed
T95289,,C663,Smartphone,430.0,-315.3648154331688,pay pal,complete
T95290,,C4655,Coffee Machine,860.0,,credit card,complete
T95292,,C317,Tablet,-6.0,425.2231505524403,Cash,complete
T95293,,C2414,Laptop,-8.0,-296.606232699051,credit card,Failed
T95294,,C2524,Smartphone,226.0,,Cash,Pending
T95295,,C4217,Headphones,150.0,734.7065371146133,Credit Card,
T95296,,C1072,Laptop,-10.0,440.67951127802206,pay pal,completed
T95297,,C4552,Tablet,-7.0,-895.9882305294786,credit card,Failed
,,C3506,Coffee Machine,918.0,-285.4449089763243,creditcard,
T95299,,C2483,Smartphone,604.0,$224.77,pay pal,complete
T95301,,C1868,Tablet,-4.0,889.2309753783657,credit card,Failed
T95302,,C1738,Smartphone,-10.0,-601.0768724970371,Credit Card,Pending
,,C1344,Smartphone,3.0,-726.2796670217848,PayPal ,completed
T95304,,C2730,Laptop,884.0,273.8131614839304,credit card,Failed
T95306,,C3387,Coffee Machine,10.0,216.52735731266966,Cash,Completed
T95309,,C213,Coffee Machine,-9.0,,Cash,complete
T95310,,C1871,Laptop,7.0,$985.31,PayPal,Pending
,,C3102,Laptop,2.0,,PayPal ,Completed
T95312,,C4020,Tablet,1.0,-663.3237115093494,PayPal ,complete
T95313,,C2219,Coffee Machine,746.0,,Cash,
,,C2977,Smartphone,5.0,-928.815862877892,credit card,complete
T95315,,C450,Headphones,5.0,787.233124316864,credit card,completed
T95316,,C4179,Coffee Machine,-10.0,-485.54059503896326,PayPal ,completed
T95318,,C4020,Tablet,110.0,205.47372726194996,pay pal,
T95324,,C2441,Laptop,-10.0,-748.2030432342121,PayPal ,Completed
T95325,,C3431,Tablet,-10.0,,Cash,Completed
T95327,,C1980,Coffee Machine,697.0,,PayPal,completed
T95328,,C2669,Coffee Machine,-5.0,$-984.31,PayPal ,Completed
T95330,,C096,Coffee Machine,-1.0,-386.6626768307392,credit card,Failed
T95331,,C1648,Headphones,311.0,838.6382042784056,PayPal,Failed
T95332,,C2322,Smartphone,-8.0,,Credit Card,complete
T95333,,C4137,Coffee Machine,3.0,737.8093330102461,Cash,Failed
T95334,,C218,Headphones,622.0,-727.6251788621983,PayPal,
T95335,,C3002,Smartphone,782.0,-56.57967878540251,Credit Card,Completed
T95336,,C760,Laptop,421.0,667.8032881410826,PayPal ,
T95337,,C4857,Tablet,10.0,756.8050257268943,creditcard,completed
T95338,,C3481,Headphones,984.0,-142.72191392704178,PayPal ,Completed
T95339,,C3531,Tablet,-1.0,903.0117409328699,Credit Card,complete
T95341,,C273,Tablet,-10.0,-357.89361328405823,PayPal ,Pending
T95342,,C2329,Laptop,-1.0,$773.65,PayPal ,complete
T95343,,C3850,Laptop,909.0,108.76200573291763,Credit Card,complete
T95344,,C2725,Headphones,1.0,-130.11297451329438,pay pal,
T95345,,C3914,Smartph,,,PayPal ,Pending
T95347,,C2098,Coffee Machine,665.0,,creditcard,Failed
T95348,,C1839,Headphones,5.0,,pay pal,complete
T95350,,C1117,Coffee Machine,5.0,252.78168172810652,PayPal ,complete
T52296,,C3319,Tablet,730.0,633.5516707127287,pay pal,Completed
T95354,,C4531,Laptop,-2.0,-686.6008352508393,credit card,Pending
T95355,,C433,Coffee Machine,-10.0,,Cash,
,,C1174,Smart,-9.0,,Cash,complete
T95357,,C827,Headphones,-9.0,,PayPal,Failed
T95359,,C3612,Laptop,119.0,770.4294845389063,pay pal,Pending
T95361,,C2810,Tablet,6.0,,PayPal,complete
T95362,,C3474,Smartphone,499.0,-794.2034600997592,PayPal,completed
T95363,,C1756,Smartphone,558.0,$323.69,Credit Card,completed
T95364,,C2034,Headphones,-3.0,-107.05722801127297,Credit Card,
T95365,,C2175,Coffee Machine,5.0,669.3982851287753,PayPal,Completed
T95366,,C3763,Headphones,420.0,-344.9104381387381,PayPal ,Pending
T95367,,C297,Headphon,811.0,,credit card,Failed
T95368,,C096,Coffee Machine,2.0,,PayPal,Completed
T95370,,C4642,Smartphone,-6.0,,Cash,Failed
T95371,,C1211,Smartphone,-10.0,-579.0428064998662,Cash,Completed
T95372,,C4406,Sm,196.0,,credit card,completed
T95373,,C3215,Smartphone,259.0,-599.0981766164532,credit card,completed
T95374,,C4470,Laptop,-4.0,-77.45796940599405,credit card,Completed
T95376,,C3073,Coffee Machine,980.0,,Credit Card,Failed
T95378,,C3516,Headphones,494.0,527.4990144978624,Cash,Completed
T95379,,C1669,Smartphone,120.0,-325.4892604724537,credit card,Pending
T95381,,C4979,Smartph,-4.0,380.5967570271358,pay pal,
T95382,,C557,Smartphone,-6.0,$783.07,creditcard,
T95383,,C3981,La,687.0,,credit card,Pending
T95384,,C695,Coffee Machine,973.0,-621.7421678551596,PayPal,
T95388,,C3239,Smartphone,585.0,679.1325263492304,PayPal,complete
,,C4369,Headphones,542.0,-650.255981456846,creditcard,completed
,,C1812,Coffee Machine,-4.0,,PayPal,Completed
T95392,,C3717,Tablet,112.0,487.32771759519346,Credit Card,Failed
T95395,,C1549,Coffee Machine,992.0,381.1869193387903,PayPal,
T95397,,C936,Tablet,,,Credit Card,Failed
T95398,,C635,Cof,161.0,-405.29744438707223,PayPal,completed
T95399,,C1202,Headphones,8.0,,pay pal,completed
T95400,,C2824,Smartphone,9.0,-107.25303494053094,Cash,
T95401,,C3596,Laptop,-2.0,-760.67512384342,pay pal,Completed
T95403,,C3398,Tablet,530.0,-468.0381279324356,creditcard,
T95404,,C2441,Laptop,108.0,,Credit Card,completed
T95405,,C803,Tablet,710.0,,creditcard,Completed
,,C3411,Coffee Machine,2.0,,PayPal ,completed
T95408,,C2133,Tablet,139.0,-794.6654143279472,Credit Card,Completed
T95409,,C3359,Tablet,5.0,$356.12,PayPal,complete
T95410,,C972,Tablet,,$927.31,creditcard,Pending
T95411,,C1418,Tablet,-8.0,,credit card,complete
T95412,,C234,Tablet,8.0,58.991878652661164,PayPal ,Completed
T95413,,C4834,Coffee Machin,8.0,-591.5295299733627,pay pal,
T95415,,C465,Headphones,9.0,-471.08837092787303,creditcard,Completed
T95419,,C3133,Coffee Machine,,291.314610223117,PayPal,Pending
T95420,,C3578,Smartphone,,,Credit Card,Pending
T95421,,C2886,Laptop,537.0,529.761457664425,Credit Card,
T95422,,C2415,Headphones,-6.0,,Cash,Failed
,,C1174,Smartphone,-8.0,102.58164635487174,credit card,Completed
T95425,,C3901,Coffee Machine,-8.0,,PayPal,Completed
T95426,,,Smartphone,486.0,,pay pal,Completed
T95427,,C3340,Smartphone,534.0,-822.8176933658976,credit card,completed
T95428,,C1440,Smartphone,-3.0,-59.54373895856838,PayPal ,complete
T95430,,C2557,Sma,976.0,548.3686464520197,credit card,Completed
T95431,,C4028,Smartphone,6.0,,creditcard,
T95432,,C3779,Headphones,-3.0,-694.3340084334241,credit card,complete
T95434,,C3716,Headphones,4.0,863.790633079089,credit card,Failed
T95435,,C4211,Smartphone,168.0,-404.7636761045908,creditcard,Pending
T95436,,C2023,Laptop,10.0,-533.1220783953098,pay pal,completed
T95437,,C3159,Coffee Machine,977.0,923.3787784878607,pay pal,complete
T95438,,C4647,Laptop,-2.0,$-213.20,PayPal ,completed
T95439,,C1533,Laptop,519.0,448.41096357395645,Credit Card,Pending
T95440,,C2781,Tablet,-7.0,,pay pal,Failed
T95441,,C2925,Smartphone,2.0,,creditcard,complete
T95442,,,La,717.0,,Cash,Pending
T95443,,C1984,Smartphone,10.0,585.66458449751,Cash,
T95444,,C1018,Headphones,924.0,,pay pal,completed
T95447,,C3179,Laptop,508.0,,PayPal,Failed
T95448,,C4516,Headphones,,,Credit Card,completed
T95451,,,Smartphone,810.0,,PayPal,complete
T95452,,C4315,Coffee Machine,2.0,-454.65266950396006,PayPal,Pending
T95453,,C1988,Smartphone,5.0,58.717373079502394,PayPal,Failed
T95454,,C4015,Tablet,-8.0,,PayPal ,Failed
T95455,,C3828,Tablet,373.0,585.4751983376985,credit card,Completed
T95457,,C2149,Laptop,-10.0,952.7448030350463,PayPal,complete
T95458,,C3608,Headphones,487.0,933.0494268177735,PayPal,Completed
T95460,,,Headphones,969.0,205.62278281947837,creditcard,Failed
T95462,,C4598,Laptop,1.0,,Credit Card,complete
T95464,,C1505,Headphones,735.0,818.2654092688396,creditcard,complete
T95467,,C2015,Coffee Machine,-1.0,,Cash,completed
T95468,,C4675,Smartphone,-7.0,-508.82489227505806,PayPal ,
T95469,,C2799,Smartphone,4.0,$419.89,Credit Card,Pending
T95470,,C2456,Smartphon,748.0,250.4130927847753,PayPal,Pending
T95471,,C4042,Coffee Machine,323.0,,pay pal,Failed
T95473,,,Headphones,8.0,-869.7287475254271,PayPal,Pending
T95474,,C1534,Laptop,393.0,-715.8829217985758,Credit Card,Failed
T95476,,C1982,Coffee Machine,547.0,-608.1470857383732,Cash,Completed
T95478,,C835,Coffee Machine,-4.0,$898.80,Cash,Pending
T95480,,C1179,Laptop,,349.33091850932163,Credit Card,completed
T95481,,C969,Tablet,1.0,904.9977441146831,PayPal,completed
T95483,,C293,Smartphone,4.0,158.06438276566445,creditcard,Pending
T95484,,C3771,Smartphone,479.0,991.3255909108873,pay pal,complete
T95487,,C1665,Laptop,184.0,169.1518011485432,credit card,completed
T95489,,C223,Coffee Machine,,,Cash,Completed
T95491,,C587,Coffee Machine,180.0,,PayPal ,complete
T95492,,C2922,Laptop,8.0,581.3341656462432,PayPal ,Completed
T95494,,C815,Tablet,253.0,-534.6357235299048,PayPal,complete
T95495,,C2994,Laptop,-6.0,,Cash,complete
T95497,,C4481,Coffee Machine,977.0,789.2506320250675,creditcard,Completed
T95498,,C2735,Laptop,-8.0,,pay pal,
T95499,,C1766,Coffee Machine,1.0,,PayPal ,Failed
T95500,,C4682,Laptop,-9.0,,Cash,
T95501,,,Tablet,4.0,368.5499061594287,Credit Card,Failed
T95506,,,Tablet,-1.0,-98.80556780612812,PayPal ,completed
T95508,,C3232,Smartphone,5.0,-614.542044730321,credit card,complete
T95509,,,Tablet,1.0,-659.8946701605805,credit card,Pending
T95511,,C4264,Smartphone,-10.0,,pay pal,Pending
,,C3198,Laptop,412.0,751.4066231268578,pay pal,
T95514,,C4849,Coffee Machine,860.0,-702.2130767163934,pay pal,Failed
T95516,,C1056,Coffee Machine,4.0,,Credit Card,Pending
T95518,,C4974,Coffee Machine,-4.0,,Credit Card,
T95519,,C2521,Tablet,8.0,,PayPal ,Failed
T95520,,C3215,Tablet,-10.0,,creditcard,Completed
T95521,,C876,Coffee Machine,375.0,,Cash,complete
T95522,,C3609,L,-4.0,,PayPal,complete
T95523,,C2133,Headphones,1.0,517.3959991346403,PayPal,Completed
T95524,,C4725,Tablet,10.0,,pay pal,
T95525,,C4012,Tablet,572.0,557.730122995232,Credit Card,Completed
T95526,,C4814,Sma,543.0,-361.9369683684629,creditcard,Failed
T95527,,C2583,Coffee Machine,-2.0,,credit card,completed
T95528,,,Laptop,9.0,175.9242389654985,PayPal ,Pending
T95529,,,Laptop,,,creditcard,Completed
T95530,,C4948,Headphones,945.0,-205.1173449548778,credit card,
T95532,,C3864,Headphones,728.0,-136.03406739153763,PayPal,Completed
T95533,,C2705,Tablet,9.0,,creditcard,complete
T95535,,C1693,Headphones,658.0,,Credit Card,Pending
T95536,,C2111,Tablet,910.0,-369.1922012416577,Cash,complete
T95537,,C3480,Coffee Machine,,$-592.06,PayPal,
T95540,,C4469,Coffee Machine,10.0,677.0565720669579,pay pal,
T95542,,C3785,Tablet,9.0,916.6326988390091,credit card,completed
T95543,,C1245,Smartphone,892.0,292.85888781686685,pay pal,completed
T95544,,C4146,Coffee Machine,4.0,696.8407179867878,PayPal ,Completed
T95546,,C3612,Headphon,414.0,$725.34,Credit Card,Completed
T95548,,C2621,Tablet,2.0,$-505.34,Cash,
T95549,,C3662,Smartphone,1.0,$-546.72,Cash,Pending
T95550,,C2984,Headphones,-8.0,-127.14143699289423,credit card,Completed
T95551,,C1338,Coffee Machine,-3.0,,PayPal ,complete
T95553,,C4030,Smartphone,-7.0,521.7831376738629,pay pal,Failed
T95555,,C2294,Coff,505.0,128.02887733429287,PayPal,completed
T95557,,C3247,Tablet,647.0,,credit card,Pending
T95558,,C4258,Tablet,868.0,590.3570838483198,PayPal ,completed
T95559,,C3276,Laptop,-1.0,993.4429505928648,pay pal,Failed
T95562,,C2845,Smartphone,4.0,635.214692536564,credit card,Failed
T95565,,C4864,Headphones,7.0,135.1378930827324,pay pal,completed
T95566,,C1985,Laptop,218.0,,credit card,
T95568,,C3139,Headphones,8.0,,Cash,completed
T95569,,,Tab,257.0,130.49971276828495,PayPal ,Failed
T95570,,C579,Smartphone,,-252.97720976603887,credit card,Completed
T95571,,C2978,Tablet,-6.0,,PayPal,complete
T95573,,C010,Headphones,-2.0,$966.03,pay pal,Completed
T95574,,C3631,Lapt,4.0,,pay pal,completed
T95575,,C3725,Laptop,414.0,,PayPal,Completed
T95578,,C3067,Tablet,756.0,,PayPal,completed
T95579,,C1958,Headphones,367.0,$460.02,Cash,Completed
T95582,,C1981,Laptop,478.0,,credit card,
T95583,,C2737,Headphones,942.0,914.9311800678651,Cash,Pending
T95584,,C2049,Headphones,6.0,-932.3368481187148,PayPal,completed
T95585,,C4257,Headphones,6.0,,credit card,Pending
T95586,,,Smartphone,-5.0,680.2182911210903,Cash,complete
T95587,,C4347,Coffee Machine,-4.0,-738.7641592882494,Cash,Failed
T95589,,C1051,Headphones,-7.0,-829.1345684346089,PayPal,completed
T95592,,C3835,Lapto,2.0,,PayPal ,
T95593,,C4582,Coffee Machine,565.0,-101.60002476358659,creditcard,completed
T95594,,C155,Smartpho,4.0,-661.7783239643855,credit card,Completed
T95595,,C561,Headphones,,-261.69211834477517,Cash,completed
T95596,,C235,Head,4.0,-594.8740703960524,creditcard,complete
T95597,,C3572,Smartphone,6.0,-136.52542253884826,credit card,Failed
T95598,,C2756,Smartphone,7.0,,creditcard,Failed
T95599,,C4728,Coffee Machine,-6.0,839.3081789039212,Credit Card,complete
T95601,,C2143,Coffee Machine,4.0,82.51322738097468,PayPal ,
T95603,,C2823,Coffee Machine,9.0,955.0294622595543,Cash,completed
T95605,,C3559,Headphones,468.0,740.9335781259485,PayPal,complete
T95606,,C572,Headphones,3.0,$-394.03,PayPal,
T95608,,C384,Smartphone,-1.0,-75.3712441809397,PayPal,completed
T95609,,C2518,Ta,450.0,-359.14019305658655,Credit Card,
,,C1225,L,252.0,,PayPal ,completed
T95611,,C2766,Coffee Machine,957.0,,Credit Card,
T95612,,,H,8.0,-591.01368458911,Credit Card,
T95613,,C1850,Laptop,-2.0,-997.4380938756601,Credit Card,Pending
T95616,,C943,Tablet,3.0,-475.2722790357917,PayPal,complete
T95617,,C2724,Tablet,4.0,-932.4554075685285,credit card,complete
T95624,,C502,Headphones,1.0,-644.3630193438926,credit card,
T95625,,C2584,Smartphone,-1.0,118.64942647196426,credit card,Failed
T95626,,C3792,Smartphone,547.0,,pay pal,Failed
T95627,,C3074,Lapt,577.0,$-831.51,Cash,Completed
T95628,,C1397,Coffee Machine,112.0,165.08290225736306,PayPal ,Pending
T95630,,C1325,Laptop,-6.0,,Credit Card,
T95631,,C471,Tablet,10.0,,Credit Card,complete
T95632,,C2371,Smartphone,5.0,$741.21,pay pal,
T95634,,C2177,Tablet,1.0,-556.1581366791773,Credit Card,complete
T95637,,C2978,Tablet,6.0,,PayPal ,complete
T95638,,C2511,Coffee Machine,,,Credit Card,
T95639,,C4380,Coffee Machine,144.0,-623.6744157713313,PayPal ,completed
T95641,,C2966,Laptop,10.0,-763.0070760915144,PayPal,
T95642,,C1049,Tablet,-9.0,483.8990696599623,Cash,completed
T95643,,C1924,Coffee Machine,,141.61824470045002,PayPal ,Failed
T95644,,C2836,Coffee Machine,8.0,-962.1756960080068,credit card,Pending
T95645,,C1608,Smartph,7.0,,PayPal,Failed
T95646,,C2802,Tablet,1.0,,pay pal,Pending
T95647,,C827,Tablet,564.0,-975.7738868647798,pay pal,Failed
T95648,,C3934,La,-10.0,983.1230301223205,PayPal,complete
T95649,,C1951,Laptop,9.0,945.9117859861502,Cash,Failed
T95650,,C1516,Smartphone,7.0,,PayPal ,Failed
T95651,,C1424,Smartphone,509.0,-321.5627232270242,pay pal,Pending
T95653,,C1351,Headphones,3.0,,PayPal ,Completed
T95654,,C3685,Smartphone,-6.0,,PayPal ,completed
T95657,,C3528,Smartphone,-2.0,909.5836720065935,Cash,completed
,,C2201,Laptop,10.0,582.8722807959313,PayPal,Completed
T95661,,C1971,Tablet,5.0,681.1545536682564,Cash,Failed
T95663,,C4407,Tab,-1.0,,Credit Card,
T95664,,C1405,Laptop,-2.0,,creditcard,Completed
T95665,,C2932,Laptop,684.0,,PayPal,Failed
T95667,,C481,Smartphone,118.0,,Cash,
T95668,,C2999,Smartphone,-4.0,,PayPal,Completed
T95669,,C176,Headphon,-9.0,-342.45115797794676,Cash,Pending
T95673,,C4885,Tablet,369.0,,Credit Card,
T95674,,C4967,Laptop,965.0,,Credit Card,completed
T95675,,C3658,Table,488.0,281.55507010761494,PayPal,Completed
T95676,,C2103,Headphones,2.0,-93.27117871475889,Cash,Failed
T95678,,C4090,Laptop,9.0,-347.5523268809591,Credit Card,Pending
T95679,,C4205,Tablet,308.0,61.16585156241836,creditcard,Pending
,,C3938,Tablet,-2.0,-85.59905334133657,pay pal,complete
T95681,,,Coffee Machine,10.0,-912.1079441161571,PayPal ,Completed
T95683,,C226,Smartphone,6.0,326.40414664098137,pay pal,Failed
T95685,,C3101,Headphones,621.0,,credit card,Failed
T95686,,C833,Smartphon,6.0,,Credit Card,Completed
T95687,,,Coffee Machin,906.0,-976.7486601260729,creditcard,
T95688,,C2996,Headphones,,754.0664765559125,PayPal,Failed
T95690,,C4802,Headphones,286.0,590.4730225571793,credit card,
T95691,,C924,Smartphone,-10.0,,creditcard,
T95693,,C4697,Coffee Machine,9.0,$-648.21,pay pal,completed
T95694,,C4879,Headphones,-6.0,,PayPal ,Completed
T95696,,C3958,Tablet,600.0,,PayPal,Completed
T95697,,C850,Headphones,6.0,$969.18,pay pal,completed
T95699,,C1601,Headphones,-10.0,,PayPal ,Failed
T95700,,C2298,Laptop,-8.0,-717.3531953312558,Credit Card,Completed
T95701,,C839,Headphones,-2.0,-87.15422751084918,pay pal,
T95702,,C1513,Coffee Machine,5.0,,pay pal,completed
T95703,,C3636,Coffee Machine,219.0,-335.41291207963684,Credit Card,completed
T95704,,C2307,Smartphone,-10.0,$-238.51,pay pal,
T95705,,C3247,Laptop,-1.0,762.176418200999,PayPal,Pending
T95707,,C1689,Tablet,4.0,,Cash,
T95709,,C881,Laptop,-1.0,,credit card,
T95710,,C1705,Headphones,5.0,-996.2321705440712,creditcard,Failed
T95711,,C2362,Coffee Machine,10.0,-370.0514246462791,creditcard,completed
T95713,,C1409,Coffee Machine,5.0,570.4642265493269,PayPal ,Completed
T95714,,C2804,Tablet,-5.0,-100.5744191559586,PayPal ,Completed
T95716,,C3402,Smartphone,-1.0,135.27776617399735,Credit Card,Completed
T95717,,C3629,Laptop,985.0,-371.66772686388174,PayPal,
T95718,,C1385,Laptop,-7.0,288.6117798585152,credit card,Pending
T95721,,C066,Tablet,136.0,589.850932396431,credit card,
T95722,,C3161,Smartphone,-1.0,-433.15999682540166,PayPal,Completed
T95723,,C3423,Headphones,-3.0,,Credit Card,
T95724,,C598,Headphones,-10.0,-328.82856712669854,pay pal,complete
T95726,,C535,Laptop,111.0,980.5996501933345,Credit Card,Completed
T95728,,C2431,Laptop,-10.0,,pay pal,
T95730,,C4984,Laptop,-7.0,$-429.57,pay pal,Pending
T95731,,C4854,Laptop,-5.0,-244.19046588188314,creditcard,completed
T95732,,C3071,Laptop,-8.0,91.66964072935438,PayPal ,Completed
T95733,,,Coffee Machine,6.0,-713.2758692571449,Cash,completed
T95736,,C4969,Smartphone,10.0,,pay pal,completed
T95737,,C4142,La,-10.0,109.57787222405415,PayPal ,
T95740,,C4356,Headphones,190.0,819.0393146252529,Cash,Failed
T95741,,C369,Tablet,393.0,,PayPal ,
T95742,,C3031,Laptop,671.0,,pay pal,completed
T95743,,C3826,Lapto,551.0,849.4535237674637,Credit Card,Failed
T95745,,C3700,Tablet,-10.0,97.69754789537097,pay pal,Pending
T95746,,C4963,Tablet,2.0,343.65742985744373,PayPal,Failed
T95748,,C530,Headphones,-2.0,,Credit Card,
,,C3795,Coffee Machine,-4.0,346.3594466471754,Credit Card,Completed
T95750,,C1205,Coffee Machine,661.0,409.02293259929144,Credit Card,complete
T95752,,C3744,Coffee Machine,-1.0,,PayPal,Completed
T95753,,C380,Coffee Machine,-7.0,,PayPal ,Completed
T95754,,C3146,Headphones,407.0,706.4321432806821,Credit Card,Completed
T95755,,C842,Tablet,3.0,,credit card,Failed
T95756,,C2537,Headphones,-5.0,,creditcard,Failed
T95757,,C3462,Laptop,8.0,,PayPal,Failed
,,,Coffee Machine,-2.0,706.2707754081058,credit card,complete
T95760,,C4841,Tablet,9.0,-687.2852303170833,credit card,completed
T95761,,C3486,Tablet,907.0,561.1929711680866,Credit Card,Pending
T95762,,C1003,Smartphone,-5.0,-150.8086203883014,pay pal,
T95763,,C1520,Headphones,-7.0,-588.9914291279085,credit card,complete
T95764,,C4104,Tablet,5.0,,PayPal ,completed
T95767,,C3713,Coffee Machine,8.0,,PayPal,Failed
T95768,,C3099,Coffee Machine,2.0,,Credit Card,
T95770,,C4955,Smartphone,,166.69309827118718,Cash,complete
T95771,,C1795,Coffee Machine,-8.0,937.7867403517504,creditcard,completed
T95772,,C1088,Coffee Machine,-10.0,$624.41,pay pal,Pending
T95773,,C2601,Laptop,2.0,557.4811027905137,Credit Card,Pending
T95776,,C3657,Coffee Machine,1.0,-985.817125651957,PayPal,Completed
T95777,,C1716,Coffee Machine,1.0,102.7566250905895,PayPal ,completed
T95779,,C2200,Tablet,568.0,$-450.43,creditcard,Failed
T95780,,C4094,Smartphone,,,credit card,Failed
T95781,,C213,Tablet,397.0,-998.2154874141694,PayPal,complete
T95783,,C1011,Laptop,-7.0,,Credit Card,
T95784,,C976,Headphones,550.0,,pay pal,complete
T95786,,C3137,Smartphone,-3.0,-433.22222780621644,PayPal,Completed
T95790,,C3145,Laptop,8.0,770.515620574549,PayPal,completed
T95791,,C160,Laptop,-9.0,$-870.11,Credit Card,completed
T95793,,C1686,Coffee Machine,6.0,897.2143837046076,PayPal ,Pending
T95794,,C4986,Coffee Machine,425.0,419.60640532914033,pay pal,Failed
T95796,,C1846,Coffee Machine,3.0,-78.76773421224152,credit card,completed
T95797,,C3620,Headphones,843.0,-971.1480229872499,creditcard,completed
T95798,,C1574,Laptop,,962.0682835186237,PayPal ,completed
T95800,,C708,Coffee Machine,5.0,,Credit Card,Completed
T95802,,C1409,Coffee Machine,-7.0,,credit card,Completed
,,C1345,Coffee Machine,,424.12417142036657,Credit Card,complete
T16486,,C4818,Smartphone,276.0,$551.41,pay pal,complete
T95806,,C2696,Laptop,-6.0,-732.9038695838533,PayPal ,Failed
T95807,,C4522,Smartphone,5.0,989.0439085601085,creditcard,Completed
T95809,,C1223,Headphones,151.0,643.4403815679323,pay pal,Pending
T95811,,C4589,Smartphone,7.0,,credit card,
T95812,,C4930,Tablet,-3.0,518.2170749514476,Credit Card,complete
T95813,,C3893,Headphones,835.0,357.93397161966413,Credit Card,Pending
T95814,,,Lapto,-3.0,757.5718563098168,creditcard,complete
T95815,,C3191,Tabl,877.0,402.90405351722285,pay pal,completed
T95816,,C3146,Laptop,360.0,$-757.97,Cash,complete
,,C2380,Smartphone,778.0,266.45184773325786,pay pal,completed
T95820,,C3414,Tablet,5.0,,PayPal ,completed
T95821,,C1396,Laptop,1.0,,credit card,complete
T95822,,C3293,Laptop,395.0,-481.9258378273104,PayPal ,Pending
T95824,,C4604,Coffee Machine,-3.0,519.356633658115,creditcard,complete
T95825,,C1612,Tablet,,-766.0978770723882,PayPal ,
T95827,,C368,Tab,-6.0,,Cash,Completed
T95828,,C3758,Smartphone,765.0,-778.068408826379,Cash,complete
T95829,,C815,Coff,-6.0,,Credit Card,Completed
T95830,,C4036,Laptop,1.0,,Credit Card,complete
T95832,,C3676,Tablet,-3.0,185.36222844955688,credit card,complete
T95833,,C1792,Coffee Machine,1.0,-205.95771772229511,pay pal,Pending
T95834,,C3045,Headphones,1.0,,pay pal,Completed
T95835,,C2001,Smartphone,-5.0,,pay pal,completed
T95837,,C4322,Laptop,10.0,-722.9713673353592,creditcard,Completed
T95838,,C4182,Coffee Machine,319.0,130.0101809878712,Credit Card,Failed
T95839,,C4257,Tablet,2.0,-131.82328546785754,PayPal,Completed
T95840,,C2617,Tablet,866.0,-169.28928216232293,Cash,complete
T95842,,C4871,Coffee Machine,-2.0,-243.9119451319824,PayPal ,completed
T95843,,C700,Tablet,962.0,-815.0274845822245,pay pal,Completed
T95844,,C2259,Headphones,2.0,-241.6971435167145,pay pal,
T95845,,C4163,Headphones,2.0,77.27137251015519,Credit Card,complete
T95846,,C4112,Tablet,-2.0,-365.9742257278367,PayPal ,Failed
T95848,,C219,Lapt,6.0,$888.01,creditcard,Pending
T95850,,C3014,Laptop,3.0,$-771.45,Credit Card,Completed
T95851,,C060,Headphones,9.0,-201.31942387036383,Cash,
,,C2427,Tablet,-4.0,-144.5273615756056,pay pal,Completed
T95853,,,Smartphone,4.0,-854.8115044821398,credit card,completed
T54121,,C1066,Smartphone,-8.0,-598.4907243291152,Cash,Pending
T95861,,C3845,Laptop,-7.0,-190.8385392607928,PayPal ,
T95864,,C3262,Coffee Machine,8.0,-405.9178441107981,pay pal,Completed
T95865,,C2101,Laptop,-6.0,-825.8430180098319,Cash,
T95866,,C736,Laptop,1000.0,-907.3003416469153,Credit Card,
T95868,,C2374,Laptop,2.0,,Credit Card,completed
T95869,,C006,Laptop,5.0,,creditcard,completed
T95870,,C3119,Coffee Machine,828.0,713.0600699101844,PayPal,
T95872,,C1935,Headphones,-5.0,-316.18853194529845,pay pal,complete
T95874,,C2334,Laptop,-4.0,825.0164727029558,PayPal,
T95875,,C1032,Tablet,2.0,323.81048900282264,PayPal ,Failed
T95876,,C2956,Smartphone,-9.0,,Cash,completed
T95877,,C2143,Laptop,-9.0,982.9368354797293,credit card,Completed
T95878,,C2870,Smartphone,724.0,888.9458659694355,PayPal,Completed
T95880,,C2148,Laptop,-6.0,-132.62956593145623,Cash,Failed
T95882,,C1238,Coffee Machine,915.0,-343.0159357535989,Credit Card,Failed
T95886,,C458,Tablet,-5.0,$-411.82,credit card,Failed
T95888,,C3782,Tablet,6.0,,Cash,completed
T95889,,C4599,Smartphone,533.0,229.11598145616904,Credit Card,completed
T95891,,C2469,Tablet,677.0,,credit card,Completed
,,C198,Tablet,10.0,-546.3013705303812,credit card,completed
T95894,,C4018,Smartphone,3.0,87.68732351023422,PayPal ,Failed
T95895,,C1950,Headpho,776.0,-427.72508398954744,creditcard,completed
T95896,,C1584,Smartphone,8.0,-197.97443196116967,credit card,complete
T95899,,,Smartphone,581.0,283.0907484631779,PayPal,Failed
T95900,,C184,Headphones,8.0,893.5145649304707,pay pal,Failed
T95902,,C4395,Laptop,-3.0,279.6003330794182,PayPal ,
T95904,,,Smartphone,619.0,-425.24290111514733,PayPal ,completed
T95906,,C897,Laptop,10.0,,creditcard,completed
T95908,,C110,Coffee Machine,-10.0,,Credit Card,Completed
T95911,,C3260,Tablet,1.0,,creditcard,
T95913,,C3326,Smartphone,-10.0,975.4353164581398,creditcard,complete
T95914,,C4448,Tablet,285.0,,Cash,completed
T95915,,C1520,Coffee Machine,431.0,,Cash,
T95916,,C706,Sm,305.0,-530.0118173424788,credit card,
T95917,,C1416,Smartphone,416.0,,PayPal ,complete
T95918,,C2157,Laptop,510.0,-554.0175889244942,pay pal,completed
T95919,,C3304,Laptop,-6.0,,creditcard,completed
T95921,,C1585,Laptop,294.0,,creditcard,Completed
T95922,,C3171,Smartphone,-1.0,,Cash,
T95923,,C3039,Sm,-10.0,$-778.58,PayPal,Completed
T95924,,C3167,Lapto,10.0,-581.3715327463635,Cash,Pending
T95925,,C1030,Headphones,1.0,,creditcard,Pending
T95927,,C2760,L,-7.0,-497.63736465383727,creditcard,complete
T95928,,C1270,Tablet,-7.0,204.75054080200616,PayPal,Completed
T95929,,C2208,Headphon,635.0,-553.0341574884953,pay pal,Completed
T95930,,C522,Tablet,414.0,$-924.02,credit card,
T95931,,C4302,Laptop,7.0,,pay pal,completed
T95934,,C4060,Coffee Machine,360.0,-514.5115019188718,creditcard,Pending
T95936,,C3191,Coffee,-8.0,,creditcard,
T95938,,C2267,Tablet,-5.0,,credit card,
T95939,,C3277,Coffee Machine,473.0,,Credit Card,Pending
T95944,,C4447,Laptop,579.0,742.6501928012553,Cash,Failed
T95945,,C4340,Smartphone,6.0,,credit card,complete
T95946,,C966,Coffee Machine,10.0,-102.26604061358239,PayPal,complete
T95947,,C4087,Headphones,777.0,-347.4790821095904,PayPal ,complete
,,C2959,Smartphone,866.0,-587.0298612974134,Credit Card,completed
T95950,,C4145,Laptop,10.0,,credit card,Failed
T95951,,C4290,Lapt,9.0,611.063454189921,credit card,Completed
T95952,,C972,Smartphone,-7.0,-323.56464023068486,pay pal,completed
T95954,,C4704,Coffee Machine,638.0,-761.7800302325595,pay pal,complete
T95955,,C1589,Laptop,-1.0,-504.8242458913409,PayPal ,Pending
T95956,,C037,Smartphone,-10.0,,Cash,Pending
T95957,,C4787,Laptop,425.0,,Cash,
T95958,,C3519,Laptop,7.0,,Credit Card,Pending
T95959,,C3326,Headphones,-3.0,684.5109961599076,credit card,Completed
,,C4275,Smartphone,517.0,-415.9705129940628,creditcard,Failed
T95963,,C4743,Laptop,1.0,-655.3018463206956,creditcard,completed
T95966,,,Smartphone,869.0,,Credit Card,
T95967,,C942,Smartphone,179.0,$355.63,PayPal,Completed
T95968,,C1786,Headphones,9.0,231.18221868468356,pay pal,Completed
T95969,,C072,Smartphone,10.0,473.0730354015144,pay pal,Completed
T95970,,C960,Headphones,-4.0,-707.5160755866954,PayPal ,Pending
T95974,,C3121,Smartphone,607.0,,Cash,completed
T95975,,C2869,Headphones,8.0,909.343953498085,pay pal,completed
T95976,,C1186,Headphones,-7.0,979.9877756055461,creditcard,Completed
T95978,,C4849,Headphones,830.0,,credit card,Completed
T95979,,C3771,Tablet,8.0,886.3626936088441,PayPal,Failed
T95980,,C4729,Coffee Machine,-4.0,$445.70,Credit Card,Pending
T95981,,C4901,Tablet,436.0,,creditcard,Pending
T95982,,C1278,Laptop,1.0,,Cash,Completed
T95984,,C3844,Headphones,6.0,,credit card,completed
T95985,,C4809,Headpho,-9.0,$579.29,credit card,Completed
T95986,,C1567,Laptop,,,creditcard,
T95987,,C3567,Coffee Machine,6.0,389.61804940785896,pay pal,Completed
T95988,,C4146,Headphones,-8.0,,credit card,Completed
T95989,,C616,Smartphone,-7.0,,credit card,
T95990,,,Tablet,739.0,879.6410712285534,creditcard,Failed
T95991,,C4248,Smartphone,10.0,,Credit Card,complete
T95993,,,Headphones,3.0,-88.33003969119272,Credit Card,completed
T95994,,C4324,Smartphone,-8.0,-563.3941623669125,Cash,Pending
T95996,,C2103,Smartphone,-2.0,,credit card,Failed
T95998,,C3742,Laptop,,-790.0424267427614,Cash,
T95999,,C1419,Headphones,238.0,171.029193714319,Cash,Failed
,,C1501,Coffee Machine,1.0,-327.0218069858994,Cash,
T96001,,C4019,Laptop,-5.0,-501.5588097915588,pay pal,Completed
T96002,,C754,Coffee Machine,4.0,,PayPal ,complete
T96003,,C1849,Laptop,947.0,-736.9047016760753,pay pal,Pending
T96006,,C962,Smartphone,8.0,,Credit Card,Failed
T96007,,C4642,Smartphone,6.0,,pay pal,Completed
T96009,,C680,Smartphone,-10.0,187.2572545239119,Cash,Completed
T96010,,C4534,Coffee Machine,363.0,-601.4031699850921,Cash,Completed
T96011,,C1391,Laptop,-8.0,,pay pal,Failed
T96012,,C664,Coffee Machine,1.0,169.45876771220634,credit card,completed
T96014,,,Laptop,-1.0,,pay pal,Completed
T96017,,C2828,Coffee Machine,10.0,-542.3669399366615,credit card,complete
T96018,,C2304,Laptop,844.0,,creditcard,Pending
T96021,,C4917,Headphones,-4.0,,PayPal,Completed
T96022,,C2299,Headp,-8.0,$-727.05,credit card,completed
T96023,,C3215,Laptop,,,Credit Card,Completed
T96024,,,Smartphone,-7.0,184.43953577319263,PayPal ,Completed
T96025,,C1897,Tablet,584.0,397.53504538652766,Cash,Pending
T96027,,C146,L,327.0,-959.7340584036012,PayPal ,complete
,,C2812,Laptop,2.0,-303.0822611285013,Cash,
T96030,,C1364,Smartphone,-8.0,,Credit Card,
T96031,,C789,Smartphone,-8.0,193.9977483054651,PayPal ,Completed
T96032,,C2936,Headphones,430.0,$-231.65,Cash,complete
T96033,,C3781,Lapt,7.0,,Cash,Completed
T96035,,C2094,Coffee Machine,340.0,931.8968552492785,credit card,completed
T96036,,C2909,Tablet,5.0,672.912454933923,PayPal,Failed
T96038,,C2687,Tablet,,,pay pal,Completed
T96042,,C347,Laptop,2.0,420.0744157814557,Credit Card,
T96043,,C1539,Laptop,617.0,596.0587583197841,credit card,Pending
T96044,,C194,Cof,8.0,-315.08471555145684,pay pal,completed
T96047,,C3671,Smartphone,10.0,-187.645561837645,creditcard,complete
T96049,,C302,Coffee Machine,-4.0,,Cash,complete
T96050,,C2136,Smartphone,-4.0,,PayPal,completed
T96051,,C3450,Coffee Machine,4.0,342.8711094975106,Cash,completed
T96052,,C2786,Coffee Machine,181.0,638.0250216448046,Credit Card,
T96053,,C2875,Laptop,-8.0,,pay pal,complete
T96055,,C1984,Headp,,-892.3720276867689,creditcard,completed
T96056,,C4118,Laptop,7.0,-421.8925535183645,creditcard,completed
T96058,,C763,Smartphone,700.0,-151.06656439780056,credit card,Failed
T96060,,C622,Laptop,-1.0,588.8917103287819,creditcard,
T96061,,C4619,Smartphone,7.0,-437.8158141719472,PayPal ,completed
T96062,,C3789,Tablet,6.0,629.6345707315395,creditcard,complete
T35001,,C616,Laptop,,,Cash,
T96064,,,Coffee Machine,4.0,,Credit Card,Failed
T96065,,C2579,Headphones,700.0,-306.8666389454444,PayPal,Pending
T96066,,C4782,Smartphone,548.0,-74.05150174435255,creditcard,completed
T96068,,C591,Smartphone,798.0,,creditcard,Pending
T96074,,C1726,Headphones,1.0,429.3287528039146,pay pal,completed
T96075,,,Coffee Machine,623.0,834.1344468489826,pay pal,Failed
,,C1069,H,-8.0,-308.3791281722009,pay pal,Pending
T96077,,C473,Headphones,-1.0,696.9072194455033,Credit Card,Completed
T96078,,C2993,Smartphone,240.0,-650.3120405871982,creditcard,completed
T96079,,C4726,Laptop,-8.0,-422.3864252235453,PayPal,Completed
T96080,,C4076,Smartphone,-2.0,314.1593899775582,PayPal,completed
T96081,,,Head,318.0,886.7172475674928,credit card,completed
T96082,,C3666,Smartphone,3.0,,creditcard,complete
T96083,,C1614,Tablet,-4.0,,PayPal ,
T96085,,C4908,Headphones,1.0,-659.0980680295711,PayPal ,Completed
T96087,,C324,Coffee Machine,-2.0,,pay pal,Failed
T96094,,C4395,Headphones,-5.0,-92.72248882758993,Credit Card,completed
T96098,,C1517,Tablet,849.0,,credit card,Failed
T96099,,,Laptop,-2.0,-416.31035405997613,Credit Card,Failed
T96101,,C3535,Coffee Machine,3.0,-372.70413242986194,PayPal,completed
T96102,,C1821,Laptop,332.0,-272.33404974155496,credit card,Failed
T96104,,C4943,Tablet,8.0,227.95602973840735,Credit Card,
T96105,,C3965,Tablet,5.0,299.49551866162506,Cash,complete
T96106,,C3320,Smartphone,-10.0,-304.9296694271235,creditcard,completed
T96108,,C2799,Coffee Machine,-9.0,,Credit Card,Pending
T96109,,C295,Coffee Machine,-8.0,,creditcard,Failed
T96110,,C4900,Smartphone,-1.0,,creditcard,complete
T96111,,C558,Tablet,638.0,$-176.12,PayPal ,Completed
T96112,,C1055,S,-1.0,-182.94610026740736,creditcard,complete
T96115,,C2124,Headphones,-7.0,,credit card,Failed
T96117,,C4355,Smartphone,-2.0,-897.2232475074377,PayPal,
T96118,,C4203,Tablet,7.0,766.2017880275398,PayPal ,complete
T96119,,C4032,Coffee Machine,103.0,658.3611939052062,Cash,Pending
T96120,,C1182,Smartphone,2.0,,PayPal ,Failed
T96121,,C743,Laptop,-6.0,653.1387531088894,pay pal,
T96122,,C3861,Tabl,955.0,976.3072957527746,pay pal,Pending
T96123,,C2616,Tablet,326.0,399.59734931345025,pay pal,Completed
T96124,,C2348,Coffee Machine,1.0,-690.2045939074617,Cash,
T96126,,C871,Laptop,6.0,-491.83996221595316,Cash,complete
,,,Tablet,-9.0,,Cash,complete
T96129,,C4399,Smartphone,-6.0,-462.5532080465151,pay pal,
T96130,,C3578,Headphones,10.0,,pay pal,completed
T96132,,C667,Smartphone,1.0,-301.59041693446113,pay pal,
T96136,,C4542,Smartphone,2.0,196.157984673424,pay pal,
T96139,,C3974,Headphones,317.0,,Cash,completed
T96140,,C119,Headphones,-5.0,659.8904037468535,credit card,complete
T96142,,C2511,Headphones,919.0,-727.4313730489818,Credit Card,Completed
T96144,,C1841,Coffee Machine,-10.0,,PayPal ,completed
T96145,,C699,Laptop,10.0,,credit card,complete
T96147,,C4126,Tablet,597.0,365.21099660417394,creditcard,completed
,,C1619,Headphones,-1.0,-643.4903618092844,credit card,Failed
T96151,,C873,Tablet,5.0,,Cash,Pending
T96154,,C2535,Coffee Machine,,-580.5625142856267,PayPal,Pending
T96156,,C2829,Tablet,-9.0,$-291.68,creditcard,Completed
T96157,,C379,Smartphone,-3.0,178.29625540984878,pay pal,
T96160,,C1979,Laptop,-4.0,789.5565395885104,Credit Card,complete
T96161,,C865,Tablet,993.0,-998.0430814736137,credit card,
T96162,,C951,Coffee Machine,105.0,-599.2670952148053,credit card,
T96163,,C2258,Headphones,9.0,-662.8826557304182,Cash,completed
T96164,,C4321,Coffee Machine,6.0,-556.5346370207188,credit card,Pending
T96165,,C1005,Laptop,6.0,-298.23366531998954,Credit Card,Failed
T96166,,C1642,Tablet,982.0,,creditcard,
T96167,,C342,Smar,10.0,,credit card,Failed
T96168,,C710,Smartphone,5.0,-791.9447411558313,pay pal,complete
,,C4666,Coffee Machine,-5.0,-580.8520697530032,Cash,Completed
T96170,,C1443,Headphones,-3.0,,pay pal,
T96173,,C3190,Coffee Machine,298.0,,Credit Card,completed
T96174,,C1954,Coffee Machine,936.0,96.69773321976433,credit card,Completed
T96175,,C2350,Laptop,4.0,-944.6800342855772,credit card,Failed
T96176,,C2941,Coffee Machine,914.0,51.14839597538077,credit card,complete
T96178,,C3005,Tablet,952.0,-790.4084048086795,credit card,Failed
T96179,,C1054,Lapto,748.0,,credit card,Completed
T96181,,C067,Smartphone,7.0,,credit card,complete
T96185,,C2845,Headphones,1.0,-405.40771756396884,PayPal,Completed
T96186,,C3192,Lapt,8.0,$-743.30,credit card,Failed
T96187,,C3621,Coffee Machine,7.0,-987.8715485862725,Credit Card,complete
T96188,,C929,Tablet,967.0,334.136474438441,creditcard,
T96189,,C2289,Coffee Machine,372.0,,pay pal,Completed
T96190,,C2801,Coffee Machine,,,Credit Card,
T96193,,C1329,Smartphone,653.0,492.968278252121,pay pal,Completed
T96194,,C1489,Headphones,164.0,-144.2856167557701,creditcard,completed
T96195,,,Coffee Machine,-6.0,304.9118420003589,pay pal,Pending
T96196,,C424,Coffe,-1.0,,PayPal ,Pending
T96197,,C3136,Tablet,8.0,,Credit Card,Completed
T96198,,C3023,Coffee ,-7.0,-111.17085942496522,pay pal,Completed
T96201,,C1464,Laptop,-7.0,,Cash,complete
T96202,,C3540,Tablet,9.0,,PayPal ,completed
T96203,,C4064,Headphones,-8.0,236.18105629692695,creditcard,
T96204,,C2081,Coffee Machine,,240.79614560260129,Cash,
T96205,,C4574,Tablet,7.0,237.90841389975745,PayPal ,
T96206,,,Coffee Machine,10.0,,creditcard,Completed
T96208,,C1286,Coffee Machine,10.0,,Credit Card,completed
T96210,,C1016,Smartphone,705.0,-278.5660988993658,credit card,
T96211,,C1839,Tablet,-9.0,,Cash,completed
T96212,,C4639,Smartphone,777.0,,PayPal,Failed
,,,Tablet,322.0,,PayPal ,complete
T96214,,C2160,Coffee Machine,568.0,$-283.49,creditcard,complete
T96215,,C2127,Headphones,572.0,-443.30064855482215,pay pal,Pending
T96217,,C2676,Smartphone,3.0,540.2931031495659,creditcard,completed
T96218,,C3793,Smartphone,3.0,-172.879375282335,creditcard,completed
T96219,,C1236,Smartphone,542.0,-234.66777742995214,credit card,
T96222,,C716,Coffee Machine,-4.0,-901.1945500213806,PayPal,complete
T96223,,C2487,Smartphone,590.0,$606.19,Credit Card,Failed
T96225,,C2067,Coffee Machine,7.0,$630.57,Credit Card,Failed
T96226,,C3349,Smartphone,-7.0,,credit card,complete
T96227,,C4817,Tablet,3.0,,PayPal ,Failed
T96229,,C3777,Laptop,-7.0,$996.64,pay pal,
T96231,,C2330,Coffee Machine,691.0,,creditcard,complete
T96232,,C1530,Smartphone,-7.0,-478.47956305353193,PayPal ,completed
T96233,,C4135,Laptop,-6.0,,Credit Card,completed
T96234,,C4636,Smartpho,-5.0,,pay pal,
T96235,,,Laptop,-9.0,$-986.13,creditcard,complete
T96237,,C3525,Coffee Machine,9.0,-461.58912244056444,Credit Card,completed
T96239,,C2029,Laptop,8.0,168.63256592388885,creditcard,
T96240,,C3120,Headphones,532.0,,PayPal ,
T96241,,C2808,Coffee Machine,1.0,,creditcard,complete
T96242,,C4797,Coffee Machine,-1.0,-248.6206266848742,Cash,Completed
T96245,,C109,Laptop,1.0,,PayPal ,complete
T96247,,C3173,Smartphone,-9.0,-566.3830910590215,Credit Card,Pending
T96249,,C3661,Tablet,-10.0,303.05066161199056,PayPal ,Failed
T96250,,C3234,Tablet,562.0,-973.106225044687,Credit Card,Completed
T96253,,C3468,Headphones,-5.0,-804.8058799263023,creditcard,completed
T96256,,C1276,Coffee Machine,763.0,424.688294970138,credit card,Pending
T96257,,C4110,Head,808.0,$452.09,Credit Card,Failed
T96258,,C1949,Coffee Machine,902.0,,PayPal,complete
T96259,,C2365,Laptop,-2.0,391.0400244096719,Cash,Completed
T96260,,C2380,Tablet,-9.0,,creditcard,Failed
T96261,,C1178,Headphones,-7.0,174.5714082122095,Credit Card,completed
T96264,,C3800,Laptop,6.0,,pay pal,Pending
T96265,,C2676,Laptop,552.0,-835.6889800891759,PayPal ,Failed
T96267,,C4128,Smartphone,-1.0,75.31626794500559,Cash,completed
T96271,,C4982,Headphones,541.0,875.5703460754339,PayPal ,Failed
T96272,,C2951,Smartphone,-3.0,-953.0771920570061,PayPal,Completed
T96273,,C4319,Headphones,719.0,,Credit Card,Pending
T96274,,C1423,Coffee Machine,413.0,,credit card,completed
T96275,,C3564,Coffee Machine,303.0,103.9991845923033,pay pal,complete
T96276,,,Smartp,728.0,,pay pal,Completed
T96277,,,Laptop,3.0,-980.0969560047891,Cash,Completed
T96278,,C2567,Coffee Machine,241.0,,PayPal,completed
T96279,,C1216,Smartphone,552.0,732.0627664358673,Cash,Failed
T96281,,C473,Smar,729.0,$220.16,credit card,Pending
T96282,,C1870,Smartphone,-5.0,-974.3785337461281,creditcard,Pending
T96283,,C1173,Coffee Machine,,723.4988897335077,Credit Card,Failed
T96284,,C4786,Laptop,809.0,-67.08697364074442,Credit Card,complete
T96285,,C3677,Smartphone,9.0,,creditcard,complete
T96288,,C1654,Coffee Machine,,-81.80983321154963,PayPal ,Pending
T96289,,C3775,Headphones,-7.0,,Cash,complete
T96290,,C4148,Tablet,2.0,,credit card,Failed
T96292,,C3367,Smartphone,2.0,-235.70310965856277,pay pal,Pending
T96293,,C4956,Laptop,-7.0,,PayPal,Failed
T96294,,C3436,Smartp,-4.0,$-316.42,Credit Card,
,,C1949,Headphones,-10.0,-267.2323575882165,credit card,complete
,,C3510,Smartphone,-8.0,-93.85235549638787,PayPal ,Failed
T96297,,C2091,Laptop,148.0,-944.447207291961,creditcard,Completed
,,C1753,Tablet,943.0,395.6961607558317,Credit Card,Completed
T96301,,C524,Smartphone,317.0,255.17669990908945,pay pal,Pending
T96303,,C2824,Smartphone,6.0,904.1426966699277,PayPal ,Failed
T96304,,C2353,Coffee Machine,711.0,$916.12,PayPal,Completed
T96305,,C2153,Tablet,3.0,,Cash,Failed
T96307,,C4003,Tablet,349.0,,PayPal ,Failed
T96308,,C4437,Headphones,157.0,-66.74205750591807,credit card,Completed
,,C1529,Smartphone,,,PayPal ,complete
T96310,,C114,Headphones,5.0,,credit card,complete
T96311,,C3204,Tablet,,,PayPal ,completed
T96312,,C4865,Smartphone,-7.0,917.1559932279912,Credit Card,complete
T96314,,C2607,Tablet,-6.0,-682.7029196758251,pay pal,
T96315,,C2139,Laptop,3.0,,PayPal ,
T96316,,C1030,Smartphone,2.0,-186.91797169987183,Credit Card,Pending
T96317,,C3411,Tablet,921.0,441.8926290154784,Credit Card,Failed
T96320,,C2297,Smartphone,949.0,,Credit Card,completed
T96321,,C4168,Tab,,626.8635562414545,credit card,complete
T96324,,C880,Laptop,-3.0,,credit card,Completed
T96325,,C3385,Smartphone,-9.0,912.8483005250276,pay pal,
T96326,,C3943,Laptop,,-680.1108752299915,PayPal ,complete
T96327,,C4686,Laptop,3.0,868.5708148110483,PayPal,
T96328,,C3809,Laptop,805.0,-717.1861740372016,Credit Card,Pending
T96329,,C4924,Tablet,7.0,-501.5819081373097,PayPal,complete
T96330,,C1109,Coffee Machine,,,PayPal ,Completed
T96336,,C4045,Tablet,668.0,,Cash,completed
T96337,,C1597,Lapto,191.0,700.7934256228114,Cash,
T96339,,C2966,Coffee Ma,3.0,,creditcard,complete
T96340,,C1849,Tablet,-4.0,-969.2712280274883,pay pal,complete
T96341,,C1399,Laptop,,-715.6828165091281,Cash,Failed
T96343,,C2571,Tablet,988.0,,Cash,Completed
T96346,,C947,Laptop,-10.0,,pay pal,Failed
T96347,,C4001,Coffee Machine,,-959.1639646062913,credit card,complete
T96348,,C1712,Smartphone,-5.0,-59.503470443110814,pay pal,Completed
T96349,,,Smartphone,755.0,674.9452916774699,Credit Card,
T96350,,C3478,Coffee Machine,944.0,,PayPal,Failed
,,C1011,Tablet,-3.0,$-655.67,PayPal ,Pending
T96352,,C4666,Laptop,3.0,,PayPal ,completed
T96353,,C855,Lapto,-9.0,,Credit Card,Pending
T96355,,C3313,Coffee Machine,145.0,404.84918641780337,pay pal,Failed
T96356,,C1806,Laptop,333.0,,Credit Card,Pending
,,C4796,Smartphone,7.0,816.8746363120684,Credit Card,complete
T96358,,C2040,Headphones,-2.0,,pay pal,completed
T96359,,C1239,Tablet,-5.0,-691.6534065803645,credit card,Completed
,,C2497,Laptop,2.0,-851.2294073689465,Credit Card,Completed
T96361,,C4915,Tablet,-4.0,-767.9416890257684,PayPal,Completed
T96362,,C1262,Laptop,222.0,525.9834221016007,PayPal,complete
T96364,,C667,Smartphone,-9.0,,PayPal,Pending
T96366,,C1505,Lapt,-4.0,,creditcard,Pending
T96367,,C323,Tablet,-6.0,-402.66686497320075,creditcard,Failed
T96368,,C4946,Tablet,166.0,209.5223423450576,credit card,Completed
T96369,,C2253,Headphones,2.0,711.1055927812544,pay pal,Pending
T96370,,C3985,Laptop,,,Credit Card,Completed
T96372,,C2433,Headphones,649.0,247.33773537353343,creditcard,completed
T96373,,C1346,Smartphone,7.0,965.1570231905234,PayPal,Completed
T96374,,C603,Smartphone,485.0,$612.88,creditcard,Completed
T96375,,C372,Coffee Machine,-4.0,243.3619840795107,PayPal ,complete
T96376,,C4806,Headphones,209.0,,pay pal,Completed
T96378,,C3880,Smartphone,769.0,221.72605417994043,credit card,
T96379,,C3661,Coffee Machine,-9.0,,PayPal,
T96380,,C4395,Coffee Machine,,-598.6046670657088,Credit Card,Pending
T96381,,C2252,Coffee Machine,9.0,,creditcard,Failed
T96382,,C2524,Headphones,940.0,750.0164697144976,credit card,completed
T96383,,C1578,Laptop,2.0,535.8317732276109,PayPal,Pending
T96384,,C725,La,874.0,860.0711035958309,PayPal ,Completed
T96385,,C2260,Coffee Machine,,-582.0035851706102,credit card,Pending
T96389,,C4640,Coffee Machine,650.0,,PayPal,Failed
T96390,,C1532,Smartphone,-8.0,,Cash,completed
T96391,,C286,Laptop,-8.0,468.66479099751643,PayPal ,Pending
,,C4662,Tablet,4.0,,pay pal,Completed
T96393,,C4044,Headphones,204.0,967.9145148072536,Credit Card,Pending
T96395,,C2881,La,934.0,-202.47819895894827,pay pal,Failed
,,C3379,Headphones,6.0,-75.4726849573924,pay pal,Completed
T96398,,C1567,Coffee Machine,279.0,,credit card,
T96400,,C1860,Smartphone,-4.0,132.06306976043612,Cash,complete
T96402,,C1210,Laptop,2.0,,PayPal ,completed
T96403,,C2968,Laptop,294.0,,Cash,
T96404,,C4186,Headphones,652.0,380.3476744225295,credit card,
T96405,,C1874,Tablet,362.0,-997.1278609201452,PayPal,completed
T96406,,C1045,Coffee Machine,5.0,-154.0040751522729,PayPal,completed
T96409,,C4162,Laptop,2.0,,Cash,Failed
T96410,,C2930,Headphones,2.0,-76.06318493173171,pay pal,completed
T96411,,C2118,Cof,2.0,,PayPal ,Completed
T96413,,C4777,Coffee Machine,-3.0,639.5012538715898,Credit Card,completed
T96415,,C4448,Coffee Machine,-10.0,127.68108825269651,credit card,completed
,,C424,Coffee Machine,132.0,860.8892140968866,Cash,completed
T96419,,C4261,Coffee Mac,209.0,,creditcard,Failed
T96421,,C1599,Cof,-4.0,,creditcard,
T96423,,C693,Tablet,-7.0,-450.17757575331234,Credit Card,Pending
T96424,,C2969,Headphones,4.0,937.1775173247271,PayPal ,complete
T96426,,C3969,Sma,-9.0,-917.2200369834407,credit card,Completed
T96428,,C430,Coffee Machine,2.0,927.1189257447506,credit card,Pending
T96431,,C076,Coffee Machine,-2.0,828.2365406647875,pay pal,Failed
T96434,,C3266,Tabl,-2.0,,credit card,Pending
T96437,,C1409,Tablet,-9.0,267.6796443246009,creditcard,Pending
T96439,,C4368,Laptop,540.0,,credit card,complete
T96442,,C657,Tablet,303.0,,credit card,Pending
T96444,,C3697,S,326.0,,creditcard,
T96445,,C2548,Smartphone,-10.0,,credit card,complete
T96446,,C4593,Headphones,167.0,,credit card,
T96447,,C1114,Coffee Machine,7.0,-661.3205982179225,credit card,
T96448,,C4071,Tablet,,,creditcard,complete
,,C4050,Laptop,-6.0,-555.447375282861,pay pal,
T96451,,C1607,Laptop,3.0,924.7276678560623,creditcard,completed
T96452,,C3926,Laptop,,-135.9715213165391,PayPal,Failed
T96453,,C1126,Tablet,10.0,763.2324931405917,pay pal,Failed
T96454,,C2230,Smartphon,284.0,-289.770336104983,PayPal,Failed
T96455,,C4466,Laptop,826.0,-801.3201320495782,Cash,completed
T96456,,C2821,Headphones,933.0,-244.9113527272973,PayPal,Failed
T96457,,C3151,Smartphone,368.0,-719.9654164192535,PayPal ,Pending
T96458,,C2526,Coffee Machine,-3.0,713.748678748013,Credit Card,complete
T96460,,C3722,Laptop,429.0,,creditcard,complete
T96462,,C037,Headphones,5.0,-500.6381289260419,Cash,completed
T96465,,C2729,Laptop,3.0,,credit card,completed
T96466,,C3833,Laptop,223.0,,creditcard,complete
T96469,,C4902,Headphones,-2.0,421.1924025594406,PayPal,Failed
T96470,,C2453,Coffee Machine,1.0,-117.02466348226392,PayPal ,complete
T96471,,,Smartphone,,,PayPal,Completed
T96472,,C586,Coffee Machine,7.0,,creditcard,Pending
T96473,,C179,Coffee Machine,8.0,726.9878045178314,creditcard,completed
T96476,,C1559,Coffe,-5.0,473.43280890583594,pay pal,Pending
T96477,,C934,Laptop,8.0,,PayPal,Pending
T96478,,C101,Laptop,,839.2471425925544,PayPal,
T96479,,C1351,Coffee Machine,8.0,,credit card,
T96483,,C3533,Coffee Machine,2.0,-391.53348734985684,PayPal,complete
T96484,,C2620,Laptop,7.0,581.6082212392762,pay pal,Pending
T96486,,C2776,Laptop,1.0,,Cash,completed
T96487,,C3325,Headphones,9.0,577.292373622825,Credit Card,Completed
T96488,,C1927,Laptop,3.0,,Credit Card,completed
T96489,,C4624,Coffee Machine,,-361.74974201389807,PayPal,Pending
T96490,,C1936,La,236.0,,credit card,Failed
T96492,,C4992,Headphones,501.0,-142.13221912289305,creditcard,Failed
T96493,,C1378,Tablet,8.0,-179.51586992675038,creditcard,
T96494,,C2804,Coffee Machine,6.0,-668.7572589032866,Cash,
T96496,,C1162,Tablet,921.0,-55.01894947808273,Credit Card,
T96497,,C3893,Headphones,680.0,,Credit Card,completed
T96498,,C539,Headphones,-9.0,,credit card,completed
T96499,,C1792,Coffee Machine,-6.0,493.6485832991686,Credit Card,
T96500,,C2970,Headphones,7.0,477.51840349061615,Credit Card,complete
T96502,,C4209,S,8.0,188.45165500135994,PayPal,completed
T96504,,C2489,La,-5.0,-53.086751565765894,PayPal,completed
T96505,,C1648,Tablet,-6.0,-709.5556201017557,pay pal,Pending
T96506,,C4654,Sma,397.0,678.3353651029868,creditcard,complete
T96507,,C2707,Tablet,505.0,-107.4553886852766,credit card,Failed
T96508,,C3911,Coffee Machine,10.0,-523.3820598411733,PayPal ,completed
T96509,,C1402,Headphones,-4.0,,Cash,
T96510,,C3201,Tablet,246.0,$517.11,PayPal,Pending
T96511,,C531,Tab,4.0,,pay pal,Failed
T96512,,C4210,Tablet,,74.37970248050871,credit card,Completed
T96515,,C2716,Lapto,293.0,-768.8722649157232,creditcard,Failed
T96516,,C602,Smar,-2.0,-238.08016113039923,Credit Card,complete
T96517,,C1299,Smartphone,3.0,902.6033498214116,creditcard,Completed
T96519,,C2585,Smartphone,1.0,996.592869803918,pay pal,complete
T96520,,,Smartphone,216.0,$53.50,pay pal,Pending
T96521,,C3634,Tabl,743.0,528.339877281532,pay pal,Pending
T96524,,C1796,Headphones,946.0,477.01498510939376,creditcard,Failed
T96525,,C3274,Smartphone,240.0,,creditcard,Pending
T96526,,C4878,Smartp,-10.0,,Credit Card,Pending
T96530,,C4440,Headphones,729.0,,pay pal,complete
T63033,,C2720,Tablet,8.0,633.1523950476882,PayPal ,completed
T96532,,C3200,Laptop,-1.0,763.8090816257103,PayPal ,Completed
T96534,,C4560,Lap,8.0,702.5432257370921,PayPal ,Pending
T96536,,C1654,Headphones,9.0,-215.22662344072694,credit card,complete
T96537,,C948,Headphones,573.0,66.277544737884,creditcard,complete
T96538,,C3469,Coffee Machine,1.0,313.81319904664525,Cash,Pending
T96539,,C4061,Headphones,-3.0,-299.88319730828334,pay pal,Completed
T96540,,C853,Coffee Machine,2.0,301.1516621402716,PayPal,complete
T96541,,C823,Laptop,854.0,621.7171979930213,Cash,Completed
T96543,,C714,Headphones,4.0,$517.01,credit card,Completed
T96544,,C3697,Smartphone,-2.0,-250.33351762432915,Cash,complete
T96545,,C4497,Tablet,5.0,423.398229457095,credit card,Pending
T96546,,C4621,Tablet,-8.0,-471.18947169626404,PayPal,completed
T96547,,C2201,Tablet,3.0,584.0003098416256,credit card,completed
T96549,,C2868,Laptop,-4.0,339.6389100094851,Cash,
T96550,,C3050,Laptop,271.0,$65.94,credit card,
T96552,,C930,Coffee Machine,821.0,725.2639444155246,Cash,
T96554,,C564,Headphones,8.0,,pay pal,completed
T96555,,C3566,Coffee Machine,595.0,,credit card,Failed
T96556,,C4735,Tabl,108.0,-203.39064773440396,credit card,Pending
T96559,,C4067,Tablet,947.0,,Credit Card,Pending
T96560,,,Laptop,10.0,$972.79,PayPal ,
T96561,,C871,Headphones,,176.06704200843146,Credit Card,Completed
T96563,,C3567,Tablet,-5.0,,PayPal ,Failed
T96567,,C3997,Coffee Machine,-2.0,835.0856744814658,pay pal,completed
T96568,,C3068,Hea,1.0,-53.93614680804171,credit card,
T96571,,C1296,Tablet,-7.0,783.25196143114,Cash,complete
T96572,,C2728,Laptop,2.0,$-306.61,PayPal ,complete
T96573,,C4618,Coffee Machine,4.0,-683.467404749427,creditcard,complete
T55666,,C1810,Smartphone,-4.0,523.3667444188466,credit card,Pending
T96579,,C2275,Smartphone,8.0,,Credit Card,completed
T96581,,C2383,Coffee Machine,-9.0,,PayPal,
T96582,,C3042,Coffee Machine,3.0,,creditcard,
T96584,,C543,Headphones,-1.0,,creditcard,Completed
T96585,,C1438,S,2.0,$65.28,credit card,Failed
T96587,,C1084,Laptop,5.0,-384.3374541101556,PayPal ,Failed
T96588,,C268,Coffee Machine,-10.0,-934.5869633578618,credit card,completed
T96589,,C3543,Smartphone,-5.0,787.1807707526373,pay pal,Pending
T96590,,C1358,Laptop,6.0,335.19274536494066,pay pal,Completed
T96591,,,Tablet,-1.0,,PayPal,Completed
T96593,,C4958,Tablet,-9.0,$712.91,PayPal ,Completed
T96594,,C2044,Headphones,225.0,,Credit Card,
T96595,,C1953,Headphones,-4.0,,credit card,Pending
T96596,,C362,Coffee Machine,956.0,63.92393073577749,pay pal,
T96597,,C1867,Lapt,3.0,57.10835890255185,pay pal,Failed
T96598,,C3125,Headphones,-5.0,321.3095563596125,creditcard,Failed
T96599,,C2516,Tablet,-10.0,-919.2542124395359,PayPal,complete
T96602,,C3512,Laptop,-7.0,90.18661405475214,creditcard,complete
T96603,,C4880,C,2.0,558.8958645348544,PayPal ,
T96604,,C3847,Tablet,,438.8225934869438,credit card,Pending
T96606,,,Laptop,-2.0,,creditcard,Failed
T96607,,C4640,Headphones,-6.0,-565.9672449533643,creditcard,complete
T96608,,C1863,Smartphone,-8.0,-98.36318736380224,pay pal,
T96609,,C3897,Smartphone,999.0,-642.2455628584237,PayPal,Pending
T96611,,C034,Headphones,9.0,-438.0818953387168,Credit Card,complete
T96612,,C4092,Smartphone,-2.0,-742.9904585486461,PayPal,Completed
T96613,,C1961,Coffee Machine,635.0,,PayPal,Completed
T96614,,C3872,Tablet,7.0,580.2605296917251,PayPal,Failed
T96615,,C2498,Tablet,-1.0,,PayPal ,Pending
T96616,,C468,Headphones,471.0,,pay pal,Pending
T96617,,C3680,Coffee Machine,-6.0,535.209218202495,PayPal ,complete
T96618,,C788,Smartphone,850.0,,PayPal,
T96619,,C2899,Headphones,210.0,,Credit Card,Completed
T96621,,C4946,Laptop,1.0,-856.7263888439907,pay pal,complete
T96622,,C4007,Tablet,8.0,-653.2973429759709,PayPal,
T96623,,C4257,Smartphone,-1.0,-997.7294386144383,pay pal,completed
T96624,,C4621,Tablet,-8.0,$980.85,pay pal,complete
T96625,,C1990,Smartphone,893.0,831.2027185402368,creditcard,completed
T96626,,C2844,Smartphone,141.0,,Cash,Completed
T96627,,C2147,Tablet,-8.0,591.8174055025488,pay pal,complete
T96628,,C2313,Smartphone,2.0,-123.96594933332631,pay pal,Failed
T96632,,C1444,Tablet,9.0,,credit card,Failed
T96633,,C3436,Headphones,838.0,,PayPal ,Pending
T96635,,C454,Tablet,-2.0,$131.45,PayPal ,completed
T96637,,C222,Laptop,-2.0,-628.5039927940156,pay pal,Completed
T96638,,C4024,Laptop,6.0,826.8765155338394,creditcard,Pending
T96641,,C2974,Smartph,,$286.50,Credit Card,Failed
T96642,,C1352,Smartphone,974.0,-956.4591866928805,creditcard,
T96643,,C2859,Headph,130.0,,PayPal,Pending
T96644,,C4694,Hea,217.0,945.3656984122943,creditcard,Failed
T96647,,C1676,Smartphone,4.0,,Credit Card,completed
T96649,,,Smartphone,922.0,403.95415817357656,PayPal,Completed
T96650,,C4354,Tablet,,-209.84709089099442,credit card,completed
T96653,,C4862,Smartphone,-9.0,,Cash,Completed
T96654,,C3536,Headphones,459.0,,PayPal,complete
T96655,,C729,Headphones,286.0,115.3006485331876,pay pal,complete
T96656,,C1654,Headphones,898.0,-223.39406665840545,PayPal ,completed
T96657,,C556,Smartphone,10.0,-206.8252111107455,PayPal ,completed
T96658,,C3560,Smartphone,5.0,,Credit Card,completed
T96660,,C2420,Headphones,562.0,166.76655428507644,credit card,Failed
T96662,,C4060,Tablet,-4.0,232.6814759004735,creditcard,Failed
T96663,,C3094,Smartphone,,456.7315621620671,creditcard,Pending
T96665,,C3951,Tablet,6.0,,credit card,complete
T96666,,C080,Headp,8.0,-80.22396967488169,pay pal,Failed
T96667,,C2523,Laptop,-2.0,,PayPal,Failed
T96668,,C4298,Headphones,1.0,64.70628515604938,credit card,completed
T96669,,C481,Tablet,473.0,-260.4551711459609,creditcard,Completed
T96670,,C3909,Coffee Machine,177.0,-639.4238461917903,pay pal,
T96671,,C2468,Smartphone,897.0,,credit card,Pending
T96673,,C1360,Smartphone,7.0,705.643127658808,PayPal ,complete
T96674,,C3440,Smartph,364.0,-957.8184350000827,Credit Card,Pending
T96675,,C2502,Headphones,-3.0,$-794.88,creditcard,Failed
T96676,,C424,Smartphone,5.0,,pay pal,Pending
,,C2846,Smartphone,-5.0,,credit card,
T96678,,C4595,Tablet,,257.4073911088045,creditcard,Pending
T96679,,C181,Tablet,5.0,-689.8412030371628,Credit Card,completed
T96680,,C2655,Headphones,-1.0,482.9148476719199,PayPal,
T96681,,C1698,Headphones,1.0,365.04281672403675,PayPal ,Failed
T96682,,C2232,Coffee Machine,458.0,,creditcard,completed
,,C4920,Laptop,-3.0,,PayPal,
T96686,,C3406,Tablet,9.0,,Credit Card,
T96687,,C091,Coffee Machine,-9.0,493.2938774714035,Credit Card,completed
T96689,,C1940,Coffee Machine,-9.0,,PayPal ,
T96690,,C455,Headphones,490.0,-802.8346450602552,PayPal ,complete
T96692,,C1562,Headphones,-2.0,527.1039739073076,Credit Card,Pending
T96693,,C3824,Tablet,1.0,,Cash,completed
T96694,,C3294,Laptop,5.0,831.4413877092968,Credit Card,Failed
T96695,,,Smartphone,452.0,,pay pal,complete
,,C631,Smartphone,9.0,-335.66346374960324,credit card,Completed
T96699,,C3272,Smartphone,400.0,,Cash,Pending
T96700,,C4790,Headphones,419.0,,pay pal,Failed
T96701,,C2091,Laptop,,-519.9236866773365,PayPal ,Pending
T96703,,C2598,Coffee Machine,761.0,-305.3106669481184,creditcard,complete
T96704,,C161,Headphones,-5.0,-126.3764771338333,PayPal,completed
,,C4463,Tablet,2.0,192.52746112083844,pay pal,Failed
T96707,,C050,Tablet,7.0,901.1680787899403,credit card,Completed
T96708,,C2512,Tablet,-10.0,-460.41774871705945,PayPal ,complete
T96709,,C450,Smartphone,700.0,336.9330889608888,credit card,Failed
T96710,,C202,Laptop,-5.0,,Credit Card,Failed
T96713,,C552,Coffee Machine,-5.0,,pay pal,completed
T96714,,C4585,Smartphone,467.0,-378.4732757265565,pay pal,Failed
T96715,,C4791,Smartphone,8.0,-191.29150068407125,Cash,Pending
T96716,,C1792,Smartphone,5.0,,PayPal ,complete
T96717,,C2961,Tablet,2.0,,creditcard,completed
T96718,,C2925,Headphones,425.0,$586.16,PayPal,completed
T96719,,C755,Table,892.0,,Credit Card,complete
T96720,,C2356,Coffee Machine,5.0,-894.2059289862468,Credit Card,Failed
T96721,,C2506,Laptop,-9.0,635.6006726523996,Cash,Pending
T96722,,C1094,Laptop,,,Credit Card,Pending
T96723,,C3053,Headphon,588.0,-616.4025749712108,Credit Card,Completed
T96724,,C4210,Smartphone,-6.0,230.75231321314112,credit card,completed
T96726,,,Tablet,-2.0,871.7123768149288,Credit Card,
,,C1775,Tablet,10.0,,credit card,completed
T96728,,C1681,Tablet,9.0,903.5484087267497,Credit Card,completed
T96729,,C496,Coffee Machine,977.0,481.8405740642268,credit card,Failed
T96731,,C598,Smartphone,-3.0,824.9209688682035,Credit Card,
T96732,,C3681,Coffee Machine,6.0,,PayPal ,Pending
T96736,,C874,Laptop,9.0,311.8992894967216,PayPal,completed
T96737,,C909,Headphones,-6.0,,creditcard,Failed
T96738,,C4810,Headphones,5.0,,Cash,Completed
T96739,,C1901,Coffee Machine,421.0,614.8435796327527,Credit Card,complete
T96741,,C1749,Tablet,10.0,$489.89,credit card,Completed
T96742,,C4529,Tablet,,,credit card,Completed
T96743,,C1593,Tablet,2.0,-297.6439987849468,Credit Card,complete
T96745,,C663,Tablet,-9.0,567.6940160909138,credit card,completed
T96746,,C2739,Smartphone,4.0,,pay pal,complete
T96747,,C4999,Laptop,10.0,,Credit Card,completed
T96748,,C3554,Coffee Machine,,,PayPal ,Failed
T96749,,C2373,Laptop,,,Cash,completed
T96750,,C815,Coffee Machine,727.0,-581.9376495984467,PayPal ,completed
T96753,,C4680,Coffee Machine,-4.0,634.1461389218359,creditcard,Failed
T96754,,C520,Laptop,-2.0,855.9462039360234,PayPal,Failed
,,C2401,Headphones,358.0,,PayPal ,
T96756,,C4476,Coffee Machine,939.0,-837.8359026630452,Credit Card,completed
T96757,,C3320,La,769.0,447.0223678304884,PayPal,completed
T96759,,C3865,Smartphone,3.0,702.9074942734364,Cash,Pending
T96763,,C4620,Headphones,465.0,496.9305658926933,PayPal,complete
T0580,,C747,Smartphone,-3.0,-583.8431583904212,PayPal,completed
T96772,,C1914,Smartphone,6.0,494.2381446094695,PayPal,Pending
T96775,,C4704,Coffee Machine,4.0,,PayPal,complete
T96776,,C423,Tablet,-9.0,-925.7770139025882,creditcard,complete
T96777,,C2380,Headphones,6.0,559.5982526833568,pay pal,
T96778,,C537,Smartphone,5.0,$-282.99,creditcard,completed
T96779,,C739,Laptop,503.0,$169.11,credit card,completed
T96780,,C1815,Laptop,,,Credit Card,Failed
T96781,,C3776,Smartphone,1.0,,PayPal,completed
T96785,,C2870,Coffee Machine,-9.0,,pay pal,Completed
T96787,,C2673,Coffee Machine,-10.0,-432.5767369639078,credit card,complete
T96788,,C1796,Tablet,-3.0,790.0358428204352,PayPal,complete
T96790,,C1087,Smartphone,5.0,,pay pal,Pending
T96791,,C1799,Laptop,-9.0,,Cash,
,,C2374,Laptop,,,credit card,Failed
T96793,,C3683,Smartphone,6.0,859.5806136763503,Credit Card,complete
T96794,,C4074,Laptop,2.0,-128.17834437338308,PayPal,
T96796,,C1000,Smartphone,480.0,,creditcard,
T96798,,C4158,Laptop,-9.0,-815.8343108398053,PayPal ,completed
T96800,,C294,Coffee Machine,4.0,-64.62777145176767,creditcard,
T96801,,C4019,Coffee Machine,-8.0,-88.57455348334065,Cash,Completed
T96802,,C084,Smartphone,238.0,-673.5893784066001,Cash,Completed
T96803,,C3939,Laptop,4.0,-361.40767424404544,PayPal ,Failed
T96804,,C3638,Laptop,164.0,783.7434113174771,PayPal ,complete
T96805,,C2069,Smartphone,516.0,,credit card,Pending
T96807,,C1358,Coffee Machine,361.0,350.0345330751932,Cash,complete
T96809,,C813,Laptop,232.0,,Credit Card,completed
T96810,,C2165,Laptop,535.0,894.0490444400109,pay pal,complete
T96812,,C4141,Coffee Machine,2.0,,PayPal ,Pending
T96813,,C1659,Headphones,647.0,-556.4893398264594,Credit Card,Failed
T96815,,C201,Coffee Machine,-8.0,-843.808538652398,Cash,completed
T96818,,C343,Laptop,900.0,,PayPal ,Failed
T96819,,C1564,Headphones,-10.0,,credit card,Pending
T96821,,C2727,Coffee Machine,-2.0,$791.88,credit card,
T96822,,C1608,Laptop,4.0,-218.96665217702252,pay pal,Completed
T96823,,,Hea,-8.0,,credit card,complete
T96824,,C2034,Laptop,4.0,,creditcard,Completed
T96826,,C3850,Smar,287.0,,pay pal,Completed
T96829,,C4203,Laptop,-8.0,,PayPal,
T96832,,C529,Tablet,727.0,,credit card,Completed
T96836,,C305,Coffe,-7.0,$128.22,Cash,complete
T96840,,C4020,Coffee Machine,-10.0,440.43502569093647,creditcard,complete
T96841,,C3369,Coffee Machine,10.0,-919.9598926910315,PayPal ,Failed
T96842,,C2303,Laptop,-5.0,,credit card,complete
T96844,,C2182,Tablet,-1.0,,credit card,completed
T96846,,C2803,Tablet,,,creditcard,Completed
T96847,,C1039,Headphones,3.0,,credit card,
T96848,,C2157,Headphones,9.0,,pay pal,Failed
T96849,,C4089,Laptop,4.0,$585.95,PayPal,completed
T96850,,C1383,Laptop,-8.0,96.56649045051225,Cash,
T96852,,C970,Tablet,7.0,,Credit Card,Completed
T96854,,C4145,Laptop,503.0,,Cash,completed
T96855,,C1439,Laptop,2.0,,PayPal ,Completed
T96856,,C2181,Headphones,1.0,-952.9619423974315,pay pal,complete
T96857,,C1112,Table,-5.0,,PayPal ,Completed
T96859,,C3214,Headphones,,471.27463067499144,PayPal,
T96860,,C2845,Tablet,-6.0,,Credit Card,Failed
,,C4305,Headpho,-3.0,,Cash,complete
T96862,,C3818,Tablet,3.0,-843.0615277159332,pay pal,completed
T96864,,C1878,Laptop,-1.0,,PayPal ,Completed
T96865,,C786,Headphones,4.0,163.3592313831657,Credit Card,complete
T96867,,C4997,Smartphone,222.0,$749.80,Cash,complete
T96868,,C1856,Tablet,10.0,-918.7651248012611,PayPal,complete
T96870,,C2038,Headphones,364.0,,credit card,
T96871,,C1439,Coffee Machine,,436.23081291044207,PayPal,Pending
T96872,,C1964,Smartphone,330.0,-868.0138559286695,creditcard,
T96873,,C2744,Smartphone,1.0,-212.480647813779,credit card,completed
T96875,,C4603,Headphones,2.0,,PayPal,completed
T96876,,C2521,Tablet,259.0,-774.176071410441,PayPal,
T96877,,C3097,Laptop,597.0,-583.0692613238439,PayPal,complete
T96880,,C1128,Laptop,-4.0,-470.67789220842826,pay pal,
T96881,,,Tablet,-6.0,-964.5501399534415,creditcard,Failed
T96883,,C897,Hea,-8.0,,Cash,Pending
T96885,,C4733,Laptop,-5.0,,Credit Card,Pending
T96886,,C4922,Smartphone,-3.0,,Credit Card,
T96887,,C3697,Headphones,302.0,-318.86593898522676,credit card,completed
T96888,,,Headphones,-1.0,666.1345613159795,pay pal,
T96889,,C3152,Coffee Machine,-5.0,-345.9150857699748,PayPal,completed
T96890,,C4341,Headphones,8.0,$769.25,PayPal ,complete
T96891,,C4880,Tablet,-4.0,756.8234282659487,credit card,Pending
,,C2583,Coffee Machine,2.0,-760.0447729057811,Cash,completed
T96893,,C3232,Tablet,,,Credit Card,completed
T96895,,C4672,Headphones,7.0,,pay pal,complete
T96897,,C4342,Coffee Machine,975.0,,PayPal,
T96898,,C392,Laptop,4.0,,pay pal,Pending
T96899,,C856,Laptop,-8.0,-407.8497262354948,pay pal,
T96900,,C886,Laptop,363.0,-835.641209116801,Cash,
T96901,,C2449,Tablet,569.0,-554.6424725254647,creditcard,
T13088,,,Headphones,-5.0,543.9410002149016,Cash,
T96904,,C1830,Laptop,-2.0,-59.95117532315919,PayPal ,completed
,,C240,Lap,9.0,529.723768820344,Credit Card,
T96907,,C4821,Headphones,626.0,126.77079568336816,PayPal ,complete
T96908,,C3413,Headphones,148.0,,Credit Card,completed
T96909,,C4075,Laptop,168.0,,credit card,Completed
T96910,,C547,Headphones,3.0,-416.3420838748681,PayPal,Completed
T96911,,C4216,Smartphone,-7.0,$-951.61,Cash,Failed
T96912,,C4403,Laptop,995.0,-757.2584558500445,credit card,complete
T96913,,C1346,Headphones,-7.0,,creditcard,Failed
T96914,,C1970,Headphones,6.0,,PayPal,completed
T96915,,C3266,Coffee Machine,9.0,,Cash,Pending
T96917,,C2101,Smartphone,,911.8360216813237,pay pal,complete
T96918,,C4126,Laptop,801.0,319.73818729146507,credit card,
T96921,,C4174,Tablet,-5.0,$-639.80,Cash,Pending
T96924,,C2946,Headphones,-4.0,768.5905049380361,pay pal,
T96925,,C4710,Tablet,,$969.01,PayPal,Failed
T96928,,C112,Headphones,,,PayPal,complete
T96930,,C4740,Laptop,-3.0,415.6999331096912,credit card,Pending
T96931,,C2707,Tablet,-5.0,-900.4251669855512,pay pal,complete
T96932,,C3008,Coffee Machine,3.0,-454.8060376648449,Cash,Pending
T96933,,C4170,Headphones,3.0,-958.9906986732426,Cash,completed
T96935,,C732,Coffee Machine,289.0,,Cash,completed
T96936,,C4772,Laptop,3.0,-874.732266003412,creditcard,Completed
T96938,,C4948,Smartph,766.0,-937.429049784419,credit card,Failed
T96939,,C2056,Smartph,7.0,-52.646844157055966,Credit Card,completed
T96941,,C970,Laptop,290.0,688.7462705016371,credit card,complete
T96942,,C4555,Coffee Machine,4.0,-748.8434068191698,pay pal,completed
T96943,,C4848,Smartphone,502.0,,PayPal,
T96944,,C4898,Smartphone,880.0,,creditcard,Completed
T96945,,C1090,Coffee Machine,1.0,,credit card,Failed
T96946,,C454,Tablet,-4.0,882.8112744012284,creditcard,completed
T96947,,C1924,Coffee Machine,706.0,-352.5802350859749,Cash,
T96948,,C2619,Laptop,7.0,,PayPal ,completed
T96949,,C821,Coffee Machine,-9.0,-726.5384741055852,Credit Card,complete
T38533,,C3142,Smartphone,529.0,315.8201145273615,PayPal ,Failed
T96953,,C077,Coffee Machine,920.0,,creditcard,Failed
T96954,,C1702,Headphones,1.0,,credit card,completed
T96956,,C4129,Laptop,9.0,353.0128648571246,pay pal,complete
T96957,,C2503,Coffee Machine,668.0,833.9197426653604,creditcard,completed
T96958,,C235,Smartphone,-8.0,-154.2365389235373,PayPal,complete
T96960,,C3047,Smartphone,-4.0,-579.8188389502118,creditcard,Failed
T96961,,C2124,Laptop,-4.0,,Cash,Failed
T96963,,C314,Tablet,-8.0,843.3590406678882,PayPal,completed
T96964,,C195,Laptop,5.0,-489.4802635071136,credit card,Pending
T96965,,C680,Lapto,5.0,773.6598645442116,PayPal ,Completed
T96967,,C754,Tablet,9.0,278.0371598711336,PayPal ,complete
T96968,,C2023,Tablet,-10.0,,PayPal,
T96969,,C4642,T,710.0,,Credit Card,
T19576,,C2104,Coffee Machine,980.0,,Credit Card,
T96972,,C1945,Coffee Machine,-10.0,,Credit Card,complete
T96973,,C1630,Tablet,-4.0,826.8235227572302,pay pal,Failed
T96975,,,Smartphone,5.0,,credit card,Failed
T96976,,C3308,Tablet,447.0,443.27205066809773,PayPal ,completed
T96979,,C4076,Laptop,-9.0,118.40312537105837,PayPal,Failed
T96980,,C544,Smartphone,5.0,-388.94283312042205,pay pal,complete
T96981,,C544,Headphones,2.0,$531.00,Cash,Pending
T96983,,C4418,Headphones,528.0,,PayPal,Pending
T96984,,C215,Coffee Machine,905.0,921.9252031356134,Cash,Failed
T96986,,C1419,He,594.0,-792.2294857222234,pay pal,complete
T96987,,,Head,9.0,114.51206116539359,PayPal ,completed
,,,Headpho,574.0,400.6507378712601,Cash,Failed
T96990,,C4015,Coffee Machine,-6.0,,PayPal,completed
T96991,,C2470,Coffee Machine,719.0,,creditcard,complete
T96992,,C3523,Tablet,-3.0,-510.8939963008299,pay pal,completed
T96994,,C2847,Laptop,-8.0,,creditcard,Pending
T96995,,C3828,Headphones,-2.0,-812.9922427970364,pay pal,Pending
T96996,,C2301,Smartphone,6.0,954.9742621510114,Cash,Pending
T96997,,C884,Headphones,113.0,,Cash,Completed
T96999,,,Headphones,-9.0,,creditcard,Pending
T97000,,C2781,Coffee Machine,-4.0,-796.4557983240304,Cash,Pending
T97001,,C2508,Coffee Machine,6.0,,PayPal ,Completed
T97004,,C2405,Headphones,845.0,,credit card,Completed
T97005,,C4074,Coffee Machine,8.0,-206.9812921009509,pay pal,Completed
T97006,,C1000,Smart,6.0,,PayPal ,completed
T97007,,C591,Smartphone,-7.0,,PayPal,complete
T97008,,C1144,Headphones,514.0,462.5731978071775,Credit Card,
T97009,,C3901,Smartphone,10.0,-643.3177804859075,creditcard,complete
T97010,,C1905,Tablet,3.0,976.3141634523406,creditcard,completed
T97012,,C4672,Smartphone,,$498.69,PayPal ,completed
T97013,,C1297,Tablet,,-130.18341859922316,Cash,completed
,,C2731,Smartphone,182.0,-894.4768402663632,Credit Card,
T97015,,,Headpho,-3.0,$243.03,PayPal,completed
T97019,,C3132,Coffee Machine,800.0,-464.6027492124289,Credit Card,complete
T97020,,C2917,Laptop,1.0,160.06255191873169,Cash,Pending
T97021,,C4100,Smartphone,,95.2130413082496,pay pal,
T97024,,C3470,Headphones,-7.0,-676.3573904333133,creditcard,Completed
T97026,,C3604,Headphones,358.0,,Credit Card,
T97027,,C4004,Headphones,3.0,$571.20,PayPal ,complete
,,C373,Sma,1.0,,credit card,Completed
T97029,,C3507,Smartphone,-6.0,593.5023970063116,pay pal,Failed
T97032,,C2263,Tablet,3.0,,Cash,complete
T97033,,C4310,Laptop,8.0,-735.9574950428066,pay pal,Failed
T97034,,C3372,Coffee Machine,-6.0,-318.24886622828797,Credit Card,complete
,,,Tablet,-2.0,,Cash,Failed
T97037,,C4309,Tablet,903.0,659.78831227979,pay pal,Pending
T97038,,C3210,Tablet,740.0,-514.4957926209343,credit card,Failed
T97039,,C1034,Smartphone,-7.0,,PayPal,Completed
T97040,,C3647,Tablet,-6.0,$773.66,pay pal,Failed
T97041,,C2423,Laptop,-7.0,-654.7219841635039,pay pal,
T97042,,,Laptop,5.0,,creditcard,
T97043,,C362,Tablet,10.0,,PayPal,Completed
T97044,,C2067,Laptop,334.0,$665.60,pay pal,
T97045,,,Coffee M,-8.0,929.6179922307713,pay pal,completed
T97047,,C2605,Tablet,7.0,,Cash,Pending
T97048,,C1899,Tablet,668.0,555.6138797175538,pay pal,
T97049,,C4699,Headphones,10.0,-475.21047729301597,pay pal,Pending
T97050,,C3365,Tablet,10.0,915.3901180831737,PayPal ,
T97051,,C4992,Smartphone,826.0,-586.6978861048433,PayPal ,Failed
T97052,,C4367,Coffee Machine,-9.0,-702.3762162494936,pay pal,completed
,,C715,Tablet,10.0,-251.98749734879448,pay pal,complete
,,C1064,Headphones,10.0,62.89918911924378,PayPal,Failed
T97056,,C2893,Laptop,663.0,402.79250897686944,PayPal,
T97057,,C3004,Coffee Machine,-8.0,400.4511932279082,Cash,completed
T97058,,C2088,Laptop,1.0,703.5101603021661,credit card,
T97059,,C876,Tablet,,,PayPal ,completed
T97061,,C3097,Coffee Machine,291.0,-906.5305522864767,pay pal,Pending
T97063,,C163,Coffee Machine,448.0,-721.3151412047924,creditcard,completed
T97064,,C2187,Laptop,-6.0,494.80112548553507,PayPal,completed
T97066,,C1114,Tablet,2.0,570.6505280956607,Credit Card,Pending
T97068,,C3610,Headphones,-8.0,,PayPal ,Pending
T97071,,C4583,Headphones,521.0,-895.5212636693219,PayPal,
T97072,,C4139,Coffee Machine,174.0,-839.3350345965912,PayPal ,Failed
T97073,,C1801,Laptop,1.0,,creditcard,
T97074,,C1781,La,8.0,,Cash,complete
T97075,,C1852,Laptop,-8.0,-141.88303031994178,pay pal,Pending
T97077,,C483,Smartp,5.0,,Credit Card,complete
T97078,,C4858,Coffee Machine,-6.0,,Cash,
T97079,,C1758,Tablet,-5.0,-143.23724984714488,credit card,Failed
T97080,,C1607,Coffee Machine,-6.0,116.04795170427276,Cash,completed
T97081,,C781,Coffee Machine,-5.0,,PayPal,completed
T97082,,C2168,Tablet,653.0,405.7330730908574,pay pal,Completed
,,C1561,Coffee Machine,6.0,$-901.73,creditcard,complete
T97084,,C2604,Headphones,5.0,,pay pal,
T97085,,C4620,Laptop,932.0,-640.926257045144,creditcard,completed
T97089,,C4346,Laptop,374.0,94.10955553562033,credit card,completed
T97090,,C2299,Coffee Machine,10.0,-256.9763011082016,PayPal,Completed
T97092,,C2862,Laptop,-5.0,-271.05778297081406,PayPal,Completed
T97093,,C3266,Tablet,-8.0,,creditcard,Failed
T97094,,C035,Laptop,-3.0,-532.6765721037395,Cash,Pending
T97096,,C4322,Coffee M,157.0,$823.07,pay pal,complete
T97097,,C4636,Laptop,8.0,-599.314282032081,PayPal,completed
T97098,,C1252,Laptop,285.0,258.9894114947157,Cash,Failed
T97099,,C3545,Tablet,493.0,541.1791903345855,PayPal,completed
T97100,,C4979,Smartpho,-1.0,-239.40284220742183,pay pal,Completed
T97101,,C4776,Headphones,920.0,-556.9725889902409,pay pal,
T97103,,C4869,Tablet,9.0,722.928797681192,creditcard,completed
T97104,,C3552,Laptop,-1.0,,PayPal ,complete
T97105,,C2853,Laptop,-10.0,-972.2236092762628,credit card,complete
T97107,,C1831,Coffee Machine,3.0,,Cash,completed
T97108,,C2978,Laptop,-10.0,-957.8672525417753,credit card,completed
,,C566,Tablet,10.0,,Cash,Failed
T97113,,C4671,Coffee Machine,7.0,810.2503128263858,PayPal,
T97114,,C4990,Headphones,656.0,784.0874894466475,creditcard,Completed
T97117,,C4648,Tablet,-9.0,222.0625463120043,PayPal,Completed
T97118,,C1992,Headphones,9.0,$564.95,PayPal,Completed
T97120,,C905,Headphones,-6.0,,pay pal,complete
T97121,,C1946,Headphones,617.0,-867.0037609602891,credit card,Completed
T97122,,C4859,Tablet,9.0,-234.9865527678404,Credit Card,completed
,,C186,Coffee Machine,10.0,$-347.80,creditcard,Pending
T97127,,C3167,Headphones,4.0,74.90483582528097,credit card,
T97128,,C118,Headphones,317.0,,PayPal,completed
,,C250,Tablet,273.0,-324.275570400889,credit card,Failed
T97131,,C4789,Smartphone,-4.0,,creditcard,
T97132,,C906,Smartphone,10.0,125.3337690416182,PayPal ,Completed
T97134,,C2887,Tablet,-10.0,415.94211020445863,PayPal,complete
T97136,,C4184,Headphones,9.0,$-60.94,PayPal,complete
,,C947,Coffee Machine,185.0,,PayPal ,Failed
T97138,,C4104,Tablet,-4.0,,credit card,completed
T97139,,C2927,Laptop,-1.0,,PayPal,complete
T97141,,C3190,Laptop,214.0,$-262.35,PayPal ,complete
T97142,,C1751,Tablet,3.0,665.0217213952102,credit card,
T97143,,,Laptop,,,Cash,Pending
T97144,,C4607,Smartphone,8.0,,PayPal,complete
T97145,,C2874,Smartphone,7.0,,Cash,Pending
T97146,,C663,Tablet,8.0,825.1700288224914,credit card,Completed
T97147,,C197,Tablet,485.0,384.1711643732841,PayPal,Completed
T97149,,C2528,Laptop,-2.0,,pay pal,Failed
T97150,,C1953,Smartp,-2.0,,creditcard,Pending
T97153,,C858,Laptop,8.0,-756.9798024082435,PayPal,Failed
T97154,,C1045,Coffee Machine,7.0,,pay pal,Failed
T97156,,C2229,Laptop,-6.0,82.74565716199939,creditcard,completed
T97157,,,Tablet,7.0,232.33053813381642,PayPal,Completed
T97158,,C4384,Smartphone,940.0,,pay pal,Completed
T97159,,C990,Laptop,380.0,,PayPal,
T97161,,C2909,Smartphone,,,credit card,Failed
T97162,,C3446,Tablet,10.0,,PayPal,
T97163,,C4314,Smartphone,,,Credit Card,complete
T97168,,C2252,Tablet,213.0,-809.2553460126644,creditcard,Pending
T97169,,,Laptop,-7.0,754.3250565262604,Cash,Pending
T97170,,C4216,La,-10.0,,pay pal,complete
T97171,,C4815,Smartphone,10.0,-473.4146893662361,creditcard,completed
T97172,,C3672,Tablet,231.0,-568.7868250322363,creditcard,Completed
T97173,,C1403,Laptop,-5.0,,PayPal,completed
T97174,,C3318,Coffee Machine,4.0,,PayPal,Completed
T97175,,C2935,Headphones,6.0,196.13393881519278,PayPal,completed
T97176,,C733,Coffee Machine,2.0,-60.450758756985465,Cash,complete
T97177,,C4467,Headphones,6.0,,Credit Card,Failed
T97178,,C4845,Headphones,8.0,973.5721746241633,PayPal,
T97181,,C879,Laptop,3.0,$169.84,pay pal,Completed
T97182,,C3476,Laptop,146.0,-555.2483810488603,creditcard,Pending
T97185,,C3726,Tab,-2.0,376.94498557222767,creditcard,complete
T97186,,C2297,Headphones,998.0,,creditcard,Pending
T97187,,C1140,Headphones,218.0,-632.0221529964579,PayPal ,Pending
T97188,,C3959,Smartphone,7.0,-642.4776261318524,PayPal ,Failed
,,,Coffee Machine,6.0,,credit card,Pending
T97190,,C4304,Headphones,292.0,-101.01468035973983,Cash,
T97191,,C397,Headphones,-9.0,327.4944158434892,Credit Card,Failed
T97192,,C941,Coffee Machine,546.0,,Credit Card,Failed
,,C3221,Lapt,-4.0,,Cash,Pending
T97196,,C1045,Lapt,762.0,330.9940098058148,Cash,completed
T97197,,,Smartphon,687.0,-807.5661733496586,credit card,complete
T97199,,C4730,Coffee Machine,-10.0,,PayPal,Pending
T97200,,C4260,Laptop,-3.0,,PayPal ,Completed
T97201,,C295,Coffee Machine,2.0,-228.10472484250454,PayPal,Failed
T97202,,C1235,Tablet,749.0,$-633.13,creditcard,
T91957,,,Tablet,524.0,200.03274825359935,PayPal,completed
T97205,,C3948,Headph,5.0,,Credit Card,complete
T97206,,C810,Sma,735.0,,credit card,Failed
T97207,,C2758,Laptop,7.0,-301.4235337343482,creditcard,Pending
T97208,,C4769,Tablet,,258.8874335772037,PayPal ,Completed
T97210,,C3014,Headphones,-8.0,-351.6405924853466,pay pal,Pending
T97211,,C116,Coffee Machine,-1.0,929.625480122178,PayPal,Failed
T97212,,C2539,Headphones,-2.0,-647.2968384718992,PayPal,Failed
T97213,,,Smartphone,1.0,-831.8855101717232,PayPal,
T97216,,C1522,Laptop,907.0,-503.31854358003085,pay pal,Pending
T97217,,,Smartphone,9.0,-830.4815522239402,Credit Card,Completed
T97218,,C2329,Lap,10.0,-783.6642578308597,PayPal ,Failed
T97219,,C978,Smartphone,-8.0,920.2519045270442,PayPal,Completed
T97220,,C2726,Coffee Machine,7.0,497.0514970737142,creditcard,Failed
T97223,,C4459,Tablet,930.0,268.6724500869975,Credit Card,completed
T97224,,C1405,Headphones,10.0,452.8649231796051,credit card,complete
T97225,,C797,Laptop,,914.444833231684,Cash,completed
T97226,,C3372,Coffee Machine,10.0,226.72986766160872,PayPal,Pending
T97227,,C627,Headphones,-10.0,-624.7080928175044,Credit Card,complete
,,C1470,Laptop,6.0,569.9615950471546,Credit Card,Pending
T97230,,C430,Headphones,536.0,-650.3979293777068,pay pal,Completed
T97231,,C066,Tablet,398.0,-469.7315878275125,pay pal,complete
T97233,,C1866,Coffee Machine,1.0,925.680509819287,pay pal,
T97234,,C550,Smartphone,-3.0,-448.56123918157516,creditcard,completed
T97235,,C1576,Headphones,9.0,-443.6323671024335,PayPal ,Pending
T97237,,C4820,Coffee Machine,295.0,,pay pal,complete
T97239,,C097,Coffee Machine,6.0,,Cash,Failed
T97241,,C1575,Laptop,953.0,$158.23,Credit Card,Pending
T97242,,C2846,Headphones,967.0,,PayPal ,Pending
T97243,,C1522,Tablet,574.0,-766.6295123393529,PayPal,Completed
T97244,,C4957,Coffee Machine,-8.0,,PayPal ,Failed
T71042,,C4081,Laptop,4.0,,Credit Card,completed
T97246,,C3486,Tablet,916.0,-694.1006985613747,credit card,Failed
T97248,,C1271,Tablet,212.0,800.0854757908128,Cash,Pending
T97250,,C1483,Coffee Machine,905.0,-160.38001661146063,creditcard,completed
T97252,,C2593,Headphones,10.0,$-112.10,pay pal,complete
T97253,,C637,Laptop,-4.0,-564.4457271928105,pay pal,Completed
T97254,,C2609,Smartphone,-3.0,-936.7534017608123,pay pal,Pending
T97255,,C641,Headphones,451.0,-760.7761391542065,Cash,Failed
T97256,,C2388,Headphones,,,Credit Card,
T97258,,C3108,Laptop,568.0,836.32615346982,pay pal,complete
,,C2724,Headphones,7.0,-510.65355591098285,Cash,Failed
T97260,,C2464,Coffee Machine,-5.0,,pay pal,Pending
T97261,,C3260,Headphones,228.0,-712.4771692138166,credit card,
,,C450,Tablet,-6.0,-918.9896765774424,PayPal,Pending
T97263,,C455,Headphones,5.0,-811.1491762487789,PayPal ,
T97264,,C3106,Coffee Machine,-2.0,$198.00,PayPal,Completed
T97265,,C4253,Smartphone,10.0,264.65667370148,PayPal ,Pending
T97266,,C2280,Laptop,824.0,464.7627233532705,Cash,
T97267,,C1211,Tablet,8.0,-827.2804447243793,credit card,complete
T97268,,C3425,Tablet,,-390.1634161432771,Credit Card,Completed
T97269,,C3906,Laptop,-4.0,-551.701991094629,PayPal,Failed
T97272,,C214,Headphones,-6.0,-58.678166472231965,Cash,complete
T97273,,C4320,Laptop,750.0,,PayPal ,
T97275,,C4989,Coffee Machine,3.0,,pay pal,complete
T97276,,C3329,Headphones,112.0,892.28126787679,PayPal ,
T97279,,C2622,Coffee Machine,8.0,-813.3884301195691,Cash,Failed
T38753,,C727,Smartphone,675.0,,PayPal,Pending
T97281,,C3764,Tablet,-1.0,360.3917557233009,PayPal,complete
T97285,,C3041,Smartphone,10.0,654.6941947702112,credit card,
,,C1420,Laptop,-6.0,-279.08351263880024,Cash,Pending
T97288,,C556,Coffee Machine,-1.0,-843.9165756380776,Cash,
T97290,,C4135,S,-1.0,,credit card,completed
T97291,,C2082,Smartphone,678.0,$880.08,credit card,Failed
T97292,,C1284,Headphones,223.0,,creditcard,Failed
T97294,,C4523,Coffee Machine,-7.0,$-125.54,Cash,Completed
T97295,,C2671,Headphones,237.0,,PayPal,
T97297,,C4075,Laptop,314.0,-713.6019017935578,Credit Card,Pending
T97298,,C4475,Tablet,-9.0,-140.90671512024812,creditcard,Pending
T97300,,C1279,Tablet,1.0,,credit card,Completed
T97301,,C3059,Laptop,-4.0,,Credit Card,Failed
T97303,,C4852,Coffee Machine,205.0,263.12251872243553,Credit Card,Pending
T97305,,C1954,Smartphone,-10.0,-845.8544352790401,pay pal,Completed
T97307,,C131,Tablet,9.0,$502.90,pay pal,Pending
T97308,,C205,Tablet,-6.0,-490.3535922304566,Cash,
T97310,,C4050,Coffee Ma,998.0,722.4008469916996,PayPal,Completed
T97312,,C2353,Laptop,523.0,732.7743023721589,Cash,
T97314,,C352,Coffee Machine,-6.0,521.1990658964769,PayPal,Completed
T97315,,C4671,Smartphone,-3.0,,PayPal ,Pending
T97316,,C3444,Tablet,-3.0,-810.7087292676345,creditcard,Pending
T97317,,C3776,Headphones,-9.0,982.9781961305223,creditcard,
T97318,,C1411,Laptop,187.0,,Cash,Failed
T97319,,C1598,Tablet,-9.0,641.538412753851,creditcard,Pending
T97321,,C2935,Laptop,647.0,,credit card,
T97322,,C3295,Smartphone,841.0,-327.7654223082998,pay pal,Completed
,,,Headphones,4.0,$496.20,pay pal,Pending
T97324,,C1383,Smart,-3.0,605.7049713530071,Cash,Pending
T97325,,C1112,Coffee Machine,9.0,,PayPal,
T97326,,C1565,Smartphone,702.0,$-745.71,Credit Card,complete
T97328,,C3246,Headphones,3.0,-664.2527936923093,Cash,completed
T97330,,C1281,Laptop,2.0,420.3550336952866,creditcard,Failed
T97332,,C4657,Coffee Machine,342.0,-733.7279817342762,PayPal ,complete
T97335,,C3455,Laptop,517.0,,credit card,Pending
T97336,,C1009,Headphones,543.0,$-565.59,Cash,completed
T97337,,C4853,Smartphone,1.0,382.7654247468299,Cash,Pending
T97340,,C690,Coffee Machine,918.0,,creditcard,Pending
T97342,,C397,Laptop,2.0,,Credit Card,completed
T97343,,C3228,Laptop,624.0,-314.4838450299037,pay pal,completed
T97344,,C499,Tablet,1.0,186.8741420405604,Cash,Completed
T97345,,C023,Smartphon,,,Cash,Completed
T97346,,C4078,Laptop,351.0,957.1860355555593,PayPal ,completed
T97347,,C4956,Coffee Machine,114.0,-722.6424149695657,PayPal,
T97349,,C531,Tablet,295.0,$-330.32,creditcard,
T97350,,,H,,,pay pal,complete
T97351,,C1396,Laptop,974.0,-691.0598842999757,credit card,
T97352,,C4347,Headphones,789.0,-657.0273750042332,PayPal ,Failed
T97353,,C904,Smartphone,731.0,,PayPal ,completed
T97354,,C4133,Headphones,328.0,,creditcard,
T97356,,C497,Coffee Machine,351.0,820.2729365893628,pay pal,
T97358,,C1035,Tablet,2.0,-751.4031077718034,PayPal ,Failed
T97359,,C2589,Headphones,8.0,-621.0822381278276,Credit Card,Pending
T97360,,C1310,Tablet,-8.0,686.7840247624753,PayPal,completed
T97361,,C491,Coffee Machine,969.0,-592.3817272266483,Credit Card,complete
T97362,,C2182,Coffee Machine,1.0,399.78639517830766,creditcard,complete
T97363,,C3441,Coffee Machine,4.0,158.87588472108393,creditcard,Completed
T97364,,C2273,Tablet,-3.0,,credit card,
,,C2850,Coffee Machine,-1.0,713.5408156348703,pay pal,Pending
T97366,,C2781,Laptop,,,pay pal,completed
,,C1374,Tablet,8.0,541.418429749456,creditcard,completed
T97368,,C2682,Smartphone,-8.0,,PayPal ,completed
T97369,,C022,Laptop,10.0,-763.6924354549632,Credit Card,Failed
T97370,,C2762,Hea,-10.0,,credit card,
T97371,,C2462,Headphones,-10.0,940.7891456347038,PayPal ,Failed
T97373,,C3998,Headphones,-1.0,289.32063117690495,credit card,complete
T97374,,C3903,Smartphone,2.0,-107.3972061370788,Credit Card,Pending
T97378,,C2714,Tablet,585.0,,Cash,Pending
T97380,,C3993,Coffee Machine,10.0,-758.0198069037992,Credit Card,completed
T97381,,C1916,Laptop,465.0,-956.5997305914289,pay pal,Pending
T97383,,C4914,Coffee Machine,8.0,296.90152656496525,pay pal,complete
T97385,,C1685,Laptop,789.0,-340.42437391460453,pay pal,Completed
T97386,,C821,Smartphone,965.0,-840.0845609966115,creditcard,completed
T97387,,C2525,Smartphone,-5.0,875.0630367697668,PayPal,Pending
T97389,,,Tablet,378.0,,Credit Card,
T97390,,C3031,Headphones,-2.0,$65.65,credit card,completed
T97394,,,Laptop,3.0,,PayPal ,Failed
T97397,,C291,Tablet,9.0,-621.9179156545852,pay pal,Completed
T97398,,C598,Headphones,9.0,240.5258382731042,PayPal ,completed
T97399,,C3814,Laptop,984.0,856.707828238995,Credit Card,Failed
T97400,,C3292,Coffee Machine,3.0,-239.95459168435036,PayPal,completed
T97402,,C238,Headphones,-2.0,84.21540759105896,PayPal,Pending
T97403,,C3590,Headphones,151.0,,PayPal,Failed
T97404,,C4548,Laptop,2.0,569.7657277730167,Cash,
T97405,,C396,Tablet,10.0,-439.62909138651855,PayPal,Pending
T97407,,C2765,Tablet,887.0,-481.9093497266249,credit card,Pending
,,C871,Smartphone,-4.0,343.0358923971599,Cash,completed
T97409,,,Smartpho,291.0,817.6250083568624,credit card,Pending
T97410,,C158,Headphones,-7.0,-824.8950618237554,PayPal ,Completed
T97412,,C2972,Smartphone,563.0,901.1521944527861,Credit Card,Pending
T97413,,C1222,Laptop,685.0,-615.7224196631385,Cash,complete
T97414,,C2403,Laptop,-6.0,543.9228467775956,PayPal ,completed
T97416,,C490,Coffee Mach,-5.0,$639.02,pay pal,completed
T97417,,C1073,Tablet,9.0,$-479.40,Cash,Failed
,,C062,Tablet,,$-637.45,credit card,Pending
T97420,,C4527,Headphones,,-583.4767641794158,Credit Card,Completed
T97422,,,Smartphone,257.0,,PayPal ,complete
T97423,,C4512,Smartphone,727.0,-971.2501178255112,Cash,Pending
T97424,,C924,Laptop,208.0,-851.7255543772845,creditcard,Completed
T97425,,C863,Coffee Machine,354.0,-838.6779300848125,PayPal ,Completed
T97426,,C2179,Coffee Machine,-10.0,470.3214583148375,creditcard,completed
T97427,,C704,Tablet,980.0,,creditcard,completed
T97428,,C1381,Tablet,-8.0,$-164.18,Cash,Pending
T97429,,C4181,Headphones,984.0,,creditcard,Completed
T97432,,C4081,Tablet,8.0,-754.7649770344283,Cash,completed
T97434,,C4178,Laptop,-1.0,,PayPal ,Failed
T97435,,C1506,Laptop,-2.0,-712.8600544350554,pay pal,Completed
T97436,,C674,Headphones,770.0,-549.6949547548943,credit card,complete
T97437,,C2747,Smartphone,969.0,659.6177359011217,creditcard,Failed
T97438,,C046,Headphones,931.0,925.7621630197137,pay pal,Pending
T97439,,,Smartphone,3.0,-283.5493447395247,PayPal ,
T97440,,,Tablet,1.0,-955.3001683828545,PayPal ,
T97442,,C2285,Smartphone,528.0,-592.3736766412175,PayPal,complete
T97444,,C3656,Coffee Machine,-2.0,,Cash,Pending
T97446,,,Laptop,-3.0,$113.95,creditcard,Failed
T97447,,C2362,Tablet,4.0,-664.5417565213584,PayPal ,Pending
T97449,,C4502,Laptop,200.0,,pay pal,Pending
T97450,,C4221,Headphones,-4.0,829.8035041398358,Cash,Pending
T97452,,C1180,Laptop,,-375.2360584117404,pay pal,complete
T97453,,C1698,Laptop,-6.0,-879.2369787513765,creditcard,
T97454,,C2242,Laptop,-1.0,,PayPal,Failed
,,,Tablet,-7.0,-440.86464753333837,pay pal,Pending
T97457,,C4623,Laptop,2.0,,Credit Card,Pending
T97458,,C4178,Ta,-4.0,,Cash,
T97462,,C2277,Headphones,8.0,430.4471452083513,PayPal,completed
T97463,,C3850,Lap,-4.0,,pay pal,Completed
T97464,,C3514,Smartphone,850.0,-334.3734545962334,PayPal ,
T97465,,C3599,Tablet,250.0,-366.62321680879097,Credit Card,completed
T97466,,C1686,Headphones,-6.0,,PayPal,complete
T97467,,C1071,Coffee Machine,3.0,286.7349030911846,credit card,completed
T97468,,C4378,Smartphone,10.0,452.68983382157364,pay pal,Completed
T97469,,C2102,Laptop,1.0,,creditcard,Failed
T97470,,C485,Smartphone,743.0,228.62431963955592,PayPal,Completed
T97472,,C2134,Smartphone,-3.0,856.0569239125259,PayPal ,Pending
T97473,,C1363,Coffee Machine,747.0,,Credit Card,Completed
T97474,,C977,Coffee Machine,805.0,477.8511604564826,creditcard,
T97475,,C3010,Headphon,516.0,552.2314659976547,PayPal,Pending
T97477,,C3545,Laptop,-1.0,$172.54,Credit Card,Pending
T97478,,C3413,Tablet,-8.0,-970.8555144015762,PayPal ,complete
T97481,,C4553,Headphones,-10.0,-849.9634911525861,pay pal,
T97482,,C3698,Tablet,,-306.23997423381775,PayPal,Pending
T97484,,C397,Laptop,-9.0,257.73399663988494,pay pal,complete
T97485,,C1976,Smartphone,877.0,-866.456591338591,creditcard,
T97486,,C617,Smartphone,218.0,-575.1959150835837,Cash,
T97489,,C2028,Smartphone,5.0,,credit card,completed
T97490,,,Lapto,741.0,$-853.93,Cash,Pending
T97491,,C501,Smartphone,812.0,-154.8846917464881,Cash,Completed
T97492,,,Tablet,402.0,-443.7556186245373,PayPal ,complete
T97495,,C603,Smartphone,7.0,,credit card,Failed
T97496,,C3204,Tablet,10.0,434.72303244008435,pay pal,Failed
T97497,,C2545,Tablet,290.0,-389.71953421377225,pay pal,completed
T97498,,C927,Laptop,4.0,697.5124035592129,creditcard,Failed
T97499,,C1935,Lap,-8.0,725.714211346661,pay pal,Pending
T97500,,,Laptop,9.0,-968.107287768034,Cash,Completed
T97502,,C3853,Coffee Machine,353.0,825.7801651376222,Credit Card,Failed
T97503,,C3882,Laptop,503.0,-842.6015764878306,PayPal ,Pending
T97504,,C2341,Headphones,5.0,682.712610725789,PayPal ,completed
T97505,,C4892,Coffee Machine,3.0,$188.18,PayPal,Failed
T97506,,C4137,Coffee Machine,-9.0,,PayPal ,
T97510,,C189,Tablet,800.0,-956.8537598150132,pay pal,Failed
T97512,,C4437,Headphones,8.0,168.71996719690117,credit card,complete
T97513,,C2549,Laptop,10.0,-295.2071625795147,creditcard,completed
T97514,,C1455,Laptop,2.0,603.7775842299465,PayPal,complete
T97515,,C3670,Coffee Machine,-10.0,-705.066358549853,PayPal,complete
T97518,,C521,Coffee Machine,969.0,191.9666445969269,Cash,completed
T97521,,C877,Tablet,9.0,415.3947095438395,Credit Card,Pending
T97522,,,Headphones,204.0,-766.1803421611569,credit card,Failed
T97524,,C3466,Coffee Machine,9.0,984.7713895324061,PayPal ,completed
T97525,,C192,Coffee Machine,9.0,-943.2308427385451,pay pal,
,,C4629,Smartphone,9.0,247.5674698861493,Credit Card,completed
T97527,,C3320,Tablet,9.0,,PayPal,Completed
T97528,,C4128,Laptop,102.0,,PayPal,
T97530,,C2954,Smartphone,216.0,,pay pal,Pending
T97531,,C2503,Laptop,588.0,,pay pal,complete
T97535,,C2215,Tablet,5.0,-629.1927882527721,PayPal,Failed
,,C4533,Tablet,1.0,,credit card,
T97537,,C1461,Smartphone,8.0,-563.2088535991422,Credit Card,Completed
T97540,,C648,Cof,263.0,,PayPal ,Failed
T97541,,C1591,Laptop,3.0,-440.2960937391525,PayPal,Failed
T97543,,C699,Smartphone,9.0,362.5287520718605,Credit Card,Completed
T97545,,C3716,Headphones,10.0,-882.8775267319833,PayPal ,completed
T97546,,C1985,Coffee Machine,,-611.4379089196404,PayPal,completed
T97548,,C3345,Tablet,7.0,,creditcard,complete
T97549,,C4082,Tablet,-9.0,,PayPal,Completed
T97550,,C1126,Coffee Machine,9.0,-419.1243495993133,PayPal ,
T97551,,C4206,Coffee Machine,206.0,-452.513639324152,PayPal,Failed
T97552,,C2380,Smartphone,-2.0,181.28764372948302,PayPal ,Completed
T97553,,C3398,Headphones,6.0,-234.86250001512656,credit card,completed
T97554,,,Smartphone,-5.0,,pay pal,Completed
T97555,,C3796,Smartphone,521.0,,Credit Card,Failed
T40754,,C1895,Laptop,,,creditcard,Failed
T97560,,C1310,Smartphone,5.0,,credit card,
T97561,,C4889,Coffee Machine,-2.0,,credit card,completed
T97563,,C1133,Coffee Machine,7.0,-567.8290762618309,pay pal,Pending
T97566,,C4869,Tablet,4.0,,pay pal,Completed
T97567,,C3315,Coffee Machine,5.0,-442.7742590722761,pay pal,Pending
T97571,,C3705,Laptop,-4.0,74.55383552909556,credit card,completed
,,C318,Headphones,9.0,,Cash,Completed
T97573,,C2184,Smartphone,2.0,-783.9030033781642,PayPal,Pending
T97574,,C4628,Tablet,8.0,,Cash,completed
T97575,,C4220,Laptop,-5.0,,credit card,completed
T97576,,C4376,Coffee ,3.0,,PayPal ,Pending
T97579,,C1206,Coffee Machine,5.0,-616.1522517770582,PayPal ,Failed
T97580,,C1893,Coffee Machine,9.0,-570.6241193515659,Credit Card,complete
T97582,,C180,Laptop,754.0,-628.6427494253406,pay pal,Pending
T97583,,C087,Smartphone,9.0,659.7981514590277,creditcard,Completed
T97585,,C4319,Sm,8.0,,Cash,Failed
T97587,,C450,Tablet,809.0,-930.8941513553648,creditcard,completed
T97588,,C1860,Laptop,995.0,,creditcard,Failed
T97590,,C2650,Headphones,8.0,163.36657715368716,pay pal,Pending
T97591,,C3881,Smartphone,-3.0,,credit card,complete
T97592,,C2541,Smartphone,-9.0,,PayPal,Failed
T97593,,C1448,Headphone,579.0,,Credit Card,complete
T97594,,C4498,Headphones,798.0,,PayPal,complete
T97596,,C4986,Coffee Machine,-6.0,-437.87081391828394,PayPal,Pending
T97598,,C1490,Smartphone,-5.0,-670.1137864403447,PayPal,completed
T97600,,C1570,Headphones,-1.0,350.479809981856,pay pal,Failed
T97601,,C2043,Laptop,3.0,-705.7209677077725,credit card,
T97603,,C3769,S,1.0,347.5297769142407,Cash,complete
T97604,,C4418,Laptop,-5.0,189.63498454982482,Cash,Completed
T97610,,C1975,Laptop,958.0,-324.27762666085437,creditcard,complete
T97611,,C3195,Tablet,4.0,-705.979438017313,creditcard,completed
T97612,,C4338,Tablet,-9.0,,Cash,
T97613,,,Coffee Machine,7.0,,Cash,complete
T97614,,C2929,Headphones,-2.0,-125.30775686271045,pay pal,complete
T97616,,C2027,Tablet,967.0,390.4996283073422,credit card,completed
T97618,,C3474,Coffee Machine,-2.0,$637.14,Cash,Pending
T97619,,C2501,Smartphone,,472.13963073382547,PayPal,Pending
T97620,,,Laptop,439.0,$-912.75,credit card,complete
T97621,,,Coffee Machine,1.0,$-349.20,PayPal,completed
T97623,,C4439,Smartphone,881.0,,pay pal,Failed
T97624,,C089,L,1.0,-838.0224917732254,Cash,Completed
T97625,,C3148,Tablet,158.0,366.4814447320005,Cash,
T97627,,C2007,Coffee Machine,-10.0,-403.9333086437582,Credit Card,
T97629,,C1776,Coffee Machine,673.0,-765.7755470099244,creditcard,Pending
T97630,,C1894,Coff,512.0,-171.11393111915515,PayPal,Completed
T97631,,C224,Coffee Machine,2.0,455.6818841503969,PayPal ,Failed
T97632,,C2324,Laptop,4.0,-956.2192915641505,creditcard,
T97635,,C4126,Smartphone,-1.0,-310.84747037332795,Cash,Pending
T97636,,C4576,Coffee Machine,-9.0,,PayPal ,Completed
T97637,,C2101,Smartphone,420.0,-350.13085186855164,pay pal,Completed
T97638,,C1613,Smartphone,,-828.9037405789455,PayPal,completed
T97639,,C1105,Coffee Machine,583.0,-566.0314382867097,pay pal,
T97641,,C1926,Tablet,347.0,-790.4002298407014,PayPal,
T97643,,C1700,Coffee Machine,954.0,-435.74155462119563,PayPal ,Completed
T97644,,C1473,Tabl,922.0,,PayPal,Failed
T97646,,C3284,Smartphone,-4.0,,pay pal,Failed
T97648,,C1627,Headphones,,,pay pal,complete
T97649,,C2014,Headphones,-3.0,,Credit Card,Failed
T97652,,C1743,Smartphone,-5.0,-542.8408113867955,pay pal,complete
T97654,,C3032,Smartphone,-9.0,,pay pal,complete
T97655,,C1142,Laptop,4.0,,creditcard,completed
T97656,,C458,Headph,5.0,$240.86,credit card,Failed
T97657,,C104,Tablet,,-281.49966463945634,PayPal ,Pending
T97658,,C285,Laptop,8.0,,Credit Card,Pending
T97659,,C429,Tabl,,-970.8219306133828,pay pal,
T97664,,C2177,Headphones,5.0,,creditcard,complete
T97665,,C1765,Smartphone,-2.0,,Credit Card,completed
,,C1768,Smartphone,8.0,816.4163154904245,credit card,completed
T97668,,C122,Tablet,-3.0,-445.4552776933414,Cash,
T97670,,C3408,Coffee Machine,991.0,,Cash,complete
T97674,,C331,Coffee Machine,3.0,375.8763464654018,PayPal,complete
,,C3756,Laptop,822.0,,PayPal ,completed
T97677,,C1782,Headphones,157.0,-373.43673338715485,PayPal,
T97679,,C2683,Smartphone,-2.0,748.705512905655,PayPal ,Failed
T97681,,C1537,Tab,-2.0,-783.7884504470574,creditcard,complete
T97684,,C4466,Laptop,845.0,,Credit Card,Pending
T97686,,C735,Laptop,-3.0,,credit card,completed
T97687,,C1306,Headphones,4.0,-243.40458006260587,PayPal,Pending
T97688,,C541,Smartphone,2.0,,creditcard,Pending
T97690,,C2714,Coffee Machine,10.0,714.8030417562985,PayPal,completed
T97691,,C3467,Headphones,-4.0,-696.6566513127389,PayPal ,Completed
T97693,,C4933,Tablet,4.0,192.83984393706402,pay pal,Pending
T97694,,C4591,Smartphone,,-773.8374655717332,pay pal,Completed
T97696,,C4852,Tablet,-4.0,,PayPal,Failed
T97698,,C338,Laptop,940.0,-970.7637933207426,Cash,Completed
T97699,,C577,Tablet,566.0,,pay pal,Completed
T97701,,C1209,Tablet,,62.97762632807206,Credit Card,Failed
T97702,,C3386,Smartphone,-5.0,-367.3734150239102,PayPal ,
T97705,,C4166,Smartphone,,386.10272944185016,creditcard,Completed
T97706,,C1287,Coffee Machine,4.0,384.859408103826,pay pal,complete
T97708,,C3112,Tablet,3.0,657.7848664289203,creditcard,Pending
T97709,,C4715,Coffee Machine,-2.0,,PayPal,Failed
T97711,,C4199,Coff,5.0,301.5988439016878,Cash,complete
T97713,,C4008,Coffee Machine,-8.0,631.1267977118139,credit card,complete
,,C305,Coffe,-7.0,187.28609190583097,Cash,
T97715,,C4334,Headphones,879.0,64.64254017920823,pay pal,complete
T97716,,C3044,Headphones,6.0,$555.35,PayPal ,Completed
T97718,,C4881,Smartphone,5.0,210.75061036509285,Cash,
T97720,,C2085,Coffee Machine,8.0,,Cash,complete
T97722,,C2055,Tablet,765.0,,creditcard,complete
T97723,,C4445,Tablet,-4.0,,credit card,
T97725,,C799,Smartph,-8.0,216.03377360911804,creditcard,Pending
T97726,,C998,Headphones,823.0,,PayPal,complete
T97728,,C384,Smartphone,4.0,-819.371960016855,PayPal,Completed
,,C2453,Tablet,868.0,-272.9767967374273,credit card,Completed
T97730,,C3134,Coffee Machine,3.0,,credit card,completed
T97732,,C895,Coffee Machine,-4.0,-77.30126458689892,pay pal,Completed
T97733,,C710,Coffee ,-3.0,233.62479224088943,PayPal,Failed
T97736,,C949,Tablet,997.0,,PayPal,Completed
T97737,,C529,Laptop,9.0,$-303.18,Cash,Pending
T97738,,C2050,Headphones,957.0,,creditcard,Completed
T97739,,C1404,Tablet,812.0,106.98974325203517,pay pal,Failed
T97741,,C1003,Laptop,641.0,-384.5450690613252,PayPal ,completed
T97742,,C1345,Laptop,2.0,891.6105393276332,PayPal,Pending
T97744,,C3235,Laptop,-8.0,-97.73758042707925,PayPal ,Pending
T97745,,C114,Headphones,,-584.7102360903464,pay pal,Failed
T97749,,C314,Tablet,7.0,,creditcard,Completed
T97750,,C345,Smartphone,4.0,349.4337579991249,Credit Card,Failed
T97751,,C839,Smartphone,-9.0,427.6476572865644,Credit Card,completed
T97753,,C2343,Coffee Machine,-6.0,,creditcard,complete
T97754,,C1626,Headphones,-10.0,-807.7390783518803,creditcard,Pending
T97756,,C1539,Coffee Machine,-7.0,-812.0557780582903,PayPal,Failed
,,C4138,Laptop,6.0,,PayPal,Pending
T97758,,C2834,Smartphone,826.0,239.93150636057035,pay pal,complete
T97761,,C2249,Laptop,-10.0,$-433.72,PayPal ,completed
T97763,,C2117,Lapto,463.0,,pay pal,Failed
T97764,,C2318,Coffee Machine,235.0,-117.68705187681508,PayPal,complete
T97765,,C500,Smartphone,-5.0,244.89117079130634,Credit Card,Completed
T97767,,C4568,Headphones,7.0,-400.0488989181712,credit card,completed
T97768,,C3915,Coffee Machine,654.0,,PayPal,complete
T97769,,C2428,Headphones,5.0,-991.8351891351672,Cash,Failed
T97770,,,Smartphone,400.0,$-513.42,Credit Card,Failed
T97771,,C4048,Smartphone,614.0,-313.0502710368968,creditcard,Failed
T97774,,C008,Tablet,10.0,$-702.93,creditcard,completed
T97777,,C963,Tablet,681.0,-958.2337685539708,Credit Card,Failed
T97778,,C2430,Tablet,456.0,-699.7647046495717,credit card,
T97779,,C3291,Laptop,-5.0,,PayPal,completed
T97780,,C3959,Coffee Machine,309.0,71.63571673135264,PayPal ,Completed
T97781,,C2305,Headphones,-6.0,863.9897707199596,PayPal ,Failed
T97783,,C3633,Smartphone,2.0,,Credit Card,complete
T97784,,,Headphones,8.0,,Credit Card,Completed
,,C4130,Headphones,1.0,-945.3504414802718,creditcard,Pending
T97786,,C1684,Headphones,3.0,,creditcard,Completed
T97787,,C669,Smartphone,253.0,-93.1515513920458,pay pal,Pending
T97788,,C569,Headphones,4.0,-276.0145821056483,credit card,
T97789,,C4411,Coffee Machine,4.0,,Cash,completed
T97792,,C3502,Headphones,10.0,167.572733965966,PayPal,
T97794,,C1719,Laptop,1.0,,Cash,Completed
T97795,,C4399,Laptop,4.0,-121.96147597718686,Cash,Completed
T97798,,C333,Coffee Machine,-2.0,-988.6924982082159,credit card,Completed
T97801,,C1606,Sma,313.0,,pay pal,
T62935,,C1301,Laptop,7.0,$-509.24,PayPal ,Completed
T97804,,C4321,Tablet,-1.0,-917.6896568455782,pay pal,completed
T97809,,C4079,Laptop,661.0,$-807.06,creditcard,complete
T97810,,C3048,Headphones,8.0,286.50304343552455,creditcard,complete
T97813,,C2326,Laptop,675.0,,Credit Card,completed
T97814,,C3811,Coffee Machine,-7.0,-620.8723306327822,PayPal,Failed
T97815,,C4536,Laptop,-1.0,928.2897424496023,PayPal ,complete
T97817,,C2473,Coffee Machine,10.0,-497.00850638621677,Cash,Completed
T97818,,C2071,Coffee Machine,483.0,161.68202075629512,Credit Card,completed
T97821,,C3969,Sma,466.0,,pay pal,
T97823,,C3424,Headphones,-7.0,-318.76486824879646,pay pal,Pending
T97824,,C4899,Laptop,6.0,,credit card,Completed
T97825,,C2161,Laptop,989.0,-700.6872687282155,creditcard,complete
T97826,,C3632,Coffee Machine,-8.0,881.5741736524395,credit card,
T97827,,C344,Coffee Machine,391.0,-139.84878160351616,pay pal,Pending
T97828,,C1788,Headphones,5.0,123.47738162079263,Cash,
T97829,,C2462,Tablet,-3.0,-697.3855667432808,creditcard,Pending
T97830,,C2223,Tablet,765.0,$714.71,pay pal,Completed
T97833,,C3593,Tablet,-6.0,,Credit Card,
T97834,,C3612,Coffee Machine,268.0,,Cash,complete
T97835,,C1395,Smartphone,-4.0,756.9609023920711,PayPal ,completed
T97837,,C2160,Smartphone,8.0,-977.0101419266522,pay pal,completed
T97838,,C3859,Tablet,159.0,$75.09,PayPal,Completed
T97839,,C3601,Smartphone,3.0,-94.03656937457504,pay pal,Completed
T97841,,,Hea,5.0,$141.54,Cash,Completed
T97842,,C2157,Tablet,4.0,$-911.16,PayPal,Completed
T97846,,C2558,Coffee Machine,-2.0,-109.83729246168343,credit card,
T97847,,C3618,Smartphone,307.0,,pay pal,Pending
T97849,,C4191,Tablet,-9.0,926.2738986530459,Cash,
T97850,,C830,Laptop,4.0,,PayPal ,completed
T97851,,C4570,Laptop,592.0,$780.51,Cash,
T97852,,C1142,Headphones,105.0,-534.8001153459936,creditcard,completed
T97853,,C1364,Coffee Machine,-10.0,,PayPal ,Completed
T97854,,C1742,Tablet,-1.0,-556.3236501346838,creditcard,Pending
T97855,,C564,Tablet,350.0,-549.2844826189748,creditcard,complete
T97857,,C2895,Tablet,,280.528507109091,Credit Card,complete
T97858,,C2687,Laptop,1.0,-499.0066455899711,PayPal,Pending
T97859,,C2506,Tablet,6.0,,pay pal,Pending
,,C2205,Headphones,961.0,,Credit Card,Pending
T97861,,C030,Coffee Machine,8.0,$-110.77,PayPal,complete
T97863,,,Laptop,7.0,,creditcard,Pending
T97866,,,Laptop,431.0,759.793819041715,credit card,complete
,,C1783,Tablet,-2.0,,Credit Card,Failed
T97871,,C2194,Coffee ,,-824.7773534933875,PayPal,Completed
T97872,,C860,Tablet,1.0,462.52775166031245,pay pal,Completed
T97873,,C4184,Head,,131.57713762380968,Cash,Failed
T97874,,C2499,Headphones,282.0,,credit card,Failed
T97875,,C2141,Laptop,-1.0,977.9090311325928,PayPal,Completed
T97876,,C4432,Smartphone,-2.0,881.1521058136823,Credit Card,
T97877,,C3950,Coffee Machine,8.0,,PayPal,Completed
T97878,,C1681,Laptop,720.0,,PayPal,
T97880,,C3189,Coffee Machine,-7.0,,credit card,completed
T97881,,C1190,Smartphone,9.0,337.1568219946702,PayPal ,Pending
T97884,,C4508,Headphones,763.0,618.5990685321963,Credit Card,
T97885,,C3708,Tablet,131.0,,PayPal ,Pending
T97887,,C2630,Coffee Machine,462.0,197.5155345187018,credit card,Pending
T97890,,C4900,Coffee Machine,-10.0,-432.13132675480483,creditcard,Completed
,,C2058,Laptop,2.0,,credit card,Failed
T97893,,C1879,Laptop,198.0,68.78521246640028,PayPal,Pending
T97897,,C1470,Coffee Ma,-2.0,-763.5816510292681,credit card,Completed
T97899,,C466,Coffee Machine,3.0,-772.8421647805483,Credit Card,Failed
T97902,,C1428,Headphones,1.0,,Credit Card,Completed
T97903,,C3918,Smartphone,3.0,628.2092114515426,creditcard,Pending
T97904,,C4632,Headphones,4.0,,creditcard,
T97905,,C2470,Smartphone,1.0,,creditcard,Pending
T97907,,C289,Tablet,132.0,683.1919946482528,PayPal ,completed
T97908,,C1878,Smartphone,251.0,,Credit Card,Pending
T97909,,C2994,Laptop,3.0,,PayPal,completed
T97913,,C3299,Laptop,-10.0,-729.5948917942032,Cash,Pending
T97916,,C055,Ta,-1.0,-383.57487397868124,Credit Card,completed
,,C1678,Laptop,1.0,,Cash,complete
T97919,,C877,Coffee Machine,,-481.304540764326,Cash,complete
T97920,,C921,Smartphone,-4.0,-809.1053040982183,creditcard,completed
T97921,,C705,Smartp,-5.0,-441.30807315115976,Cash,completed
T97922,,C1740,Headphones,10.0,,Credit Card,Pending
T97923,,C910,Laptop,109.0,559.4132653495658,Cash,Completed
T97924,,C428,Headphones,-9.0,,PayPal,completed
T97926,,C3668,Smartphone,131.0,-837.0673128556581,creditcard,complete
T97927,,C4502,Smartphone,-2.0,611.6551250190951,Credit Card,completed
T97928,,C449,L,352.0,835.8354347407954,Credit Card,complete
T97929,,C1102,Coffee Machine,469.0,922.0616602308701,Credit Card,complete
T97931,,C4655,Coffee Machine,-6.0,470.349926424367,Cash,Completed
T97932,,C701,Smar,-9.0,745.2417076127142,PayPal ,Failed
T97933,,C2254,S,-7.0,,PayPal ,complete
,,C3242,Smartphone,884.0,359.60157035999293,creditcard,Completed
T97936,,C4797,Laptop,8.0,,Credit Card,Completed
T97937,,C3438,Tablet,-2.0,$587.71,pay pal,Pending
T97938,,C2881,Coffee Machine,1.0,640.7890718840384,creditcard,complete
T97942,,C4788,Tablet,4.0,-117.81490331994337,creditcard,Pending
T97943,,C781,Tablet,-5.0,-346.5885512912855,PayPal,Pending
,,C2669,H,8.0,,pay pal,Completed
T97945,,C2939,Laptop,6.0,444.0893139434287,PayPal,complete
T97946,,C4945,Coffee Machine,-3.0,,Cash,Pending
T97948,,C2753,Smartphone,-8.0,,PayPal,Pending
T97949,,C2365,Smartphone,1.0,762.7770649359006,PayPal,Failed
T97950,,C2507,L,1.0,-753.2344156093324,PayPal ,Failed
T97951,,C3379,Smartphone,308.0,-323.028197344232,pay pal,
T97953,,C2081,Smartphone,2.0,-431.84941311533794,Credit Card,
T97954,,C4837,Laptop,791.0,90.57913984889845,PayPal ,Failed
T97956,,C2303,Laptop,409.0,163.72291659035994,Cash,
T78402,,C1524,Smartphone,651.0,-599.6228010205148,pay pal,Failed
T97963,,C4971,Headphones,-1.0,,Cash,Pending
T97964,,C015,Laptop,1.0,-104.09144323334579,pay pal,Completed
,,C3147,Coffee Machine,661.0,,PayPal ,complete
T97966,,C3836,Smartphone,,,creditcard,Completed
T97968,,C107,Headphones,10.0,998.4794685734142,PayPal ,complete
T97973,,C2413,Tablet,3.0,-453.8723276672532,creditcard,complete
T97974,,C383,Smartphone,7.0,-768.3619932786786,Credit Card,Completed
T97976,,C1274,Headphones,-2.0,404.8157925260234,credit card,
T97977,,C3282,Smartphone,482.0,$164.62,Credit Card,Completed
T97978,,C2713,Smartphone,8.0,-884.984027643469,creditcard,completed
T97980,,C460,Laptop,8.0,-602.6581909289841,Cash,complete
T97981,,C3573,Headphones,-8.0,190.93673466364652,Credit Card,completed
T97982,,C4677,Smartphone,-6.0,,credit card,
,,C891,Laptop,10.0,,PayPal ,complete
T97986,,C4783,Tablet,10.0,,PayPal,Failed
T97987,,C598,Tablet,4.0,$-604.44,creditcard,Failed
T97988,,C3012,Smartphone,508.0,-790.1587801597369,PayPal,Failed
T97990,,C1237,Tablet,3.0,649.4998328380353,Credit Card,complete
T97992,,C2770,Tablet,4.0,$-712.80,Credit Card,Failed
T97994,,C4340,Tablet,2.0,-848.6621134565979,PayPal ,Failed
T97995,,C1053,Headphones,-10.0,,Credit Card,Failed
T97997,,C3082,Tablet,10.0,-415.202725940458,pay pal,complete
T97998,,C1738,Smartphone,8.0,312.3329766806998,Cash,completed
T98000,,C1600,Coffee Machine,7.0,,PayPal,complete
T98003,,C1506,Headphones,-6.0,-751.3336151694151,Credit Card,Pending
T98006,,C1685,Smartphone,-6.0,854.0070297302927,creditcard,complete
T98007,,C1807,Tablet,443.0,-978.1386452533116,pay pal,completed
T98009,,C4713,Smartphone,10.0,,Credit Card,Pending
T98011,,C2529,Laptop,2.0,-316.5939555298098,PayPal,Pending
T98012,,C4296,Tablet,867.0,877.9833431997309,PayPal ,Failed
T98013,,C3935,Tablet,-7.0,,Credit Card,
T98014,,C708,Headphones,178.0,556.0066737798224,credit card,Completed
T98015,,C1940,Coffee Machine,611.0,-878.2092750819709,credit card,complete
,,C3624,Smartphone,607.0,,PayPal,Completed
,,C2420,Headphones,238.0,949.9463541114013,Cash,Pending
T98019,,C936,Headphones,199.0,491.284471616939,creditcard,Completed
T98020,,C331,Headphones,-6.0,-843.9621007744613,Credit Card,Pending
T98021,,C2791,Headphones,959.0,,pay pal,Failed
T98022,,C2143,Laptop,7.0,,credit card,Pending
T98023,,C622,Laptop,608.0,967.0134358797189,Cash,Pending
T98024,,C4684,Tablet,653.0,-298.51250100685445,credit card,Pending
T98026,,C1787,Smartphone,5.0,438.64678380003477,creditcard,Failed
T98027,,C4218,Headphones,9.0,355.3210338509917,pay pal,complete
T98033,,,Headphones,-9.0,,Cash,completed
T98035,,C3462,Laptop,553.0,230.44519163494815,creditcard,Pending
T98037,,C1590,Smartphone,7.0,-600.0542621782872,PayPal,
T98038,,C4356,C,395.0,61.1232673901561,pay pal,Completed
,,C4284,Tablet,622.0,,creditcard,
T98040,,C4446,Tablet,968.0,,credit card,Failed
T98043,,C1569,Coffe,775.0,,Cash,
T98045,,C272,Laptop,4.0,-960.2987376849796,PayPal,Failed
T98047,,C3228,Tablet,232.0,623.8216022575953,creditcard,Failed
T98048,,C2264,Laptop,759.0,325.11938561237304,credit card,complete
T98050,,C4573,Laptop,4.0,,PayPal,Failed
T98052,,,Laptop,3.0,,PayPal,completed
T98053,,C192,Laptop,7.0,446.2992474837094,credit card,Pending
T98055,,C325,Tab,7.0,-926.7596982838654,Credit Card,
T98056,,C1116,Headphones,846.0,,PayPal ,
T74213,,C1057,Laptop,215.0,,creditcard,Completed
T98059,,C2905,Smartphone,634.0,-222.1575237547098,credit card,Pending
T98060,,C3146,Coffee Machine,-3.0,,pay pal,completed
T98062,,C277,Tablet,-4.0,974.1531306154588,Credit Card,complete
T98063,,C4184,Laptop,213.0,,Credit Card,Pending
T98064,,C2160,Coffee Machine,618.0,905.6002637303442,credit card,Completed
T98066,,C846,Headphones,8.0,-623.4332908628845,credit card,
T98068,,C2742,Coffee Machine,471.0,-245.99995321721667,creditcard,Completed
T98069,,C326,Tablet,415.0,-84.50831578321151,creditcard,Failed
T98070,,C1185,Laptop,-7.0,826.8982045895319,PayPal,completed
T98071,,C656,Laptop,-10.0,,credit card,Completed
T98072,,C2071,Tablet,-10.0,$628.74,creditcard,
T98073,,C2377,Table,746.0,-797.0411559584905,credit card,Pending
T98075,,C3362,Smartph,8.0,,credit card,complete
T98076,,C2524,Laptop,5.0,-834.575498335918,PayPal ,Completed
T98077,,C3600,Smartphone,2.0,,credit card,Failed
T98080,,C1940,Tablet,932.0,-920.5138740428907,Cash,Completed
T98081,,C3364,Headphones,7.0,267.35145781885205,Cash,completed
T98082,,C1041,Tablet,-7.0,166.80975703365175,pay pal,
T98085,,,Coffee Machine,757.0,265.7213891884086,creditcard,Failed
T98086,,,Tablet,-6.0,-654.8167521796158,pay pal,
T98087,,C1390,Coffee Machine,484.0,$599.62,Credit Card,Failed
T98088,,C4494,Tablet,,,PayPal,complete
T98089,,C086,Tablet,365.0,,Cash,
T98092,,C1622,Tablet,1.0,139.1184704125571,Credit Card,Failed
T98094,,C2633,Headphones,-10.0,,creditcard,Completed
T98095,,C3294,Tabl,196.0,-427.76634974284093,PayPal,Failed
T98096,,C787,Laptop,-2.0,,PayPal,Failed
T98097,,C4472,Smartp,-3.0,81.07953444484144,creditcard,complete
T98098,,C1823,Laptop,3.0,-767.2481359041292,PayPal,
T98099,,C333,Headphones,-3.0,477.4666122327028,Credit Card,Completed
T98100,,C1345,Coffee Machine,9.0,$673.91,Cash,Failed
T98101,,C2107,Headphones,-4.0,$941.33,creditcard,Pending
T98102,,C1079,Headphones,581.0,552.9542584031382,Credit Card,Completed
T98103,,C1293,Laptop,986.0,,PayPal,completed
T98107,,C436,Smartphone,6.0,-789.9345855043605,pay pal,Failed
T98109,,C567,Headphones,532.0,-602.2907152023716,Cash,Failed
T98110,,C1438,Headphones,645.0,212.4517637983613,pay pal,complete
T98111,,C3241,Laptop,-8.0,929.1202304057166,pay pal,Completed
T98112,,C3420,Smartphone,460.0,92.70203607558895,PayPal ,complete
T98113,,C1834,Coffee Machin,530.0,953.9899713123118,Cash,complete
T98115,,C4467,Laptop,-4.0,,creditcard,Completed
T98116,,C1471,Headphones,7.0,,Credit Card,Pending
T98117,,C3043,Coffee Machine,459.0,,creditcard,Completed
T98118,,C2785,Laptop,2.0,431.80024412901196,PayPal,Pending
,,C3175,Smartphone,659.0,$-895.01,PayPal,Pending
T98123,,C2166,Headphones,386.0,,pay pal,Pending
T98124,,C2299,Laptop,,,PayPal ,completed
T98125,,C2466,Laptop,454.0,959.7502820911105,PayPal,Failed
T98127,,C150,Smartphone,949.0,-779.5508164034735,PayPal ,complete
T98128,,C4917,Tablet,907.0,-285.21577216220066,PayPal ,Completed
T98130,,C3892,Laptop,913.0,,PayPal ,
T98131,,C2121,Headphones,,370.38422399547306,Cash,Completed
T98132,,C2145,Tablet,,-340.3287651485276,Cash,
T98134,,C263,Laptop,1.0,247.76851452138453,PayPal,Completed
T98135,,C4992,Tablet,3.0,,credit card,completed
T98137,,C4602,Headphones,1.0,549.5791645614338,PayPal ,completed
T98138,,C155,Tablet,276.0,915.9355053707355,creditcard,Completed
T98139,,C3998,Headphones,7.0,,Credit Card,completed
T98141,,C563,Headphones,,-91.62314645930985,pay pal,complete
T98142,,C233,Headphones,-4.0,-317.47204162676985,Credit Card,complete
T98143,,C1964,Smartphone,10.0,263.1061220063697,credit card,complete
T98144,,C4434,Smartphone,145.0,392.1464778988867,PayPal ,Pending
T98146,,C3996,Laptop,4.0,223.44269630928017,creditcard,completed
T98147,,C4257,Head,727.0,,creditcard,
T98148,,C4709,Smartphone,749.0,,Credit Card,complete
T98149,,C3603,Smartphone,3.0,-384.17325496334513,credit card,Failed
T98151,,C3931,Smartphone,-4.0,,PayPal,Pending
T98153,,C4919,Headphones,905.0,920.9327353665872,PayPal,
T98154,,C2538,Laptop,129.0,-510.77458711967506,PayPal ,Completed
T98155,,C2752,Coffee Machine,-5.0,679.4983769516045,pay pal,Pending
T98156,,C301,Tablet,111.0,184.7971429393426,Cash,complete
T98157,,C3218,Smartphone,892.0,541.4222657700977,pay pal,completed
T98158,,C4572,Coffee Machine,-1.0,,credit card,Completed
T98160,,C1709,Table,,,credit card,
T98161,,C3891,Tablet,625.0,,pay pal,Completed
T98162,,C2999,Headphones,428.0,862.5159357815088,PayPal,Pending
T98163,,C4289,Laptop,,-169.7717670379982,Cash,complete
T98164,,C4200,Tablet,5.0,-533.8237590311348,Credit Card,completed
T98165,,C2191,Laptop,-2.0,-662.0071139078473,Credit Card,completed
T98166,,C2333,Coffee Machine,4.0,$-535.60,PayPal,complete
T98167,,C1643,Coffee Machine,3.0,,PayPal ,
T98168,,C010,Tablet,4.0,629.5728874579129,pay pal,Pending
T98169,,C2265,Headphones,337.0,,credit card,Pending
T98170,,C2264,Smartphone,8.0,898.4428748011215,creditcard,Completed
T98174,,C4512,Tablet,178.0,,PayPal,Failed
T98175,,C467,Tablet,2.0,,Cash,completed
T98177,,C1341,Laptop,4.0,,Cash,
T98178,,C1311,Smartphone,344.0,,Credit Card,complete
T98179,,C2079,Laptop,3.0,,pay pal,completed
T98182,,C3591,Tablet,-2.0,,creditcard,complete
T98183,,C4526,Tablet,-10.0,-807.6329434379969,credit card,
,,C492,Tablet,,293.0924791058656,Credit Card,complete
T98188,,C3344,Tablet,160.0,-968.0445323901573,credit card,
T98190,,C4213,Smartphone,4.0,,PayPal,
T98191,,C2264,Tabl,3.0,-113.57631114955791,PayPal,Failed
T98192,,C3219,Smartphone,594.0,,pay pal,Completed
T98193,,C2735,Coffee Machine,959.0,,Cash,completed
T98194,,C2967,Tablet,601.0,961.5861801700812,creditcard,Failed
T98195,,C843,Smartphone,-10.0,,credit card,Completed
T98197,,C2337,Coffee Mach,706.0,880.2503874284489,pay pal,complete
T98198,,C4586,Tablet,802.0,-547.7740450643291,creditcard,Failed
T98199,,,Headphones,2.0,-623.5908566944806,Credit Card,Pending
T98201,,C4864,Headphones,486.0,287.6884382775155,Credit Card,Failed
T98202,,C2547,Laptop,-9.0,-565.5335935309771,PayPal ,Completed
T98204,,C1608,Headphones,-10.0,-405.45604108208124,PayPal ,complete
T98208,,C2003,Laptop,7.0,-820.6057661748298,creditcard,Completed
T98209,,C1216,Smartphone,,,PayPal ,completed
T98210,,C4054,Tablet,454.0,201.00355478853064,pay pal,
T98213,,C3101,Tablet,4.0,522.993482606568,credit card,complete
T98214,,C4070,Laptop,570.0,91.74447499133913,PayPal,Completed
T98215,,C1232,Headphones,9.0,,PayPal,Completed
T98216,,C2885,Tablet,-8.0,,PayPal ,completed
T98218,,C967,Headphones,-9.0,239.02004827816498,Cash,
T98219,,C3828,Coffee Machine,485.0,61.28520008989001,creditcard,complete
T98221,,C3069,Coffee Machine,994.0,698.0312710555705,PayPal ,complete
T98222,,C225,Tablet,204.0,-329.9690145241674,pay pal,Failed
T98223,,C4610,Coffee Machine,784.0,-481.12196475659596,PayPal,Failed
T98224,,C4287,Tablet,308.0,-401.70079901274073,PayPal,completed
T98225,,C4800,L,990.0,,PayPal,Failed
T98227,,,Headphones,-9.0,412.7837948553602,Credit Card,Failed
T98228,,C515,Laptop,2.0,70.86335795085503,PayPal,Completed
T98229,,,Coffee Machine,,-50.681011372875105,Credit Card,
T98230,,C3858,Coffee Machine,10.0,,creditcard,
T98231,,C4473,Headphones,8.0,218.00755970276808,credit card,complete
T98232,,C3614,Tablet,,$673.57,pay pal,
T98233,,C1616,Tablet,-1.0,,PayPal ,completed
T98234,,C1867,Tablet,7.0,$861.86,pay pal,Failed
T98235,,C4426,Tablet,4.0,,pay pal,complete
T98236,,C4036,Coffee Machine,643.0,578.4147072239011,Credit Card,Pending
T98238,,C4099,Laptop,-10.0,,Cash,complete
T98239,,C3662,Headphones,356.0,-245.55946288461075,credit card,Failed
T98240,,C1419,Smartphone,3.0,,PayPal ,
T98241,,C2963,Headphones,317.0,,creditcard,completed
T98244,,C4203,Tablet,382.0,243.85652785713543,pay pal,Completed
T98245,,C381,Coffee Machine,-5.0,,PayPal,Failed
T98246,,C2494,Tablet,3.0,-774.5394692871453,credit card,Completed
T98247,,C3869,Laptop,-4.0,,pay pal,Completed
T98248,,C200,Headphones,-3.0,964.3766521893209,creditcard,
T98250,,C347,Coffee Machine,-8.0,,PayPal,Failed
T98252,,C4954,Headp,3.0,907.2613179909955,Credit Card,Pending
T98253,,C2050,Laptop,847.0,-703.8989096445071,pay pal,Failed
T98254,,C3253,Headphones,8.0,-157.95844609644598,Cash,completed
T98256,,C2061,Headphones,492.0,-798.1054326296722,creditcard,Pending
T98258,,C2841,Smartphone,7.0,684.3454447721317,PayPal ,complete
T98259,,C264,Tablet,-7.0,251.89476184061982,creditcard,
T98261,,C1129,Headphones,-9.0,,Cash,complete
T98262,,C1643,Headphones,8.0,-249.74059182388157,pay pal,
T98263,,C4904,Laptop,-9.0,-319.8228789243618,PayPal ,Pending
,,C2173,Tablet,2.0,299.89578002250266,creditcard,complete
T98267,,C3576,Tablet,395.0,-662.6171597280809,Cash,complete
T98268,,C1304,Smartphone,-6.0,96.43553465415798,Cash,complete
T98269,,C3223,Headphones,986.0,,PayPal,Failed
T98271,,C214,Tablet,701.0,848.5508409997943,Cash,completed
T98273,,C2600,Tablet,,,Cash,completed
T98274,,C1002,Smartphone,665.0,,credit card,
T98275,,C384,Laptop,-5.0,,PayPal ,Completed
T98276,,C2935,Coffee Machine,-9.0,-830.1434574028883,creditcard,Completed
T98277,,C3777,Smartphone,946.0,,pay pal,completed
T98278,,C4797,Coffee Mac,,-574.3832741993349,creditcard,complete
T98279,,C2328,Lapto,3.0,447.5361202071321,credit card,Failed
,,C1995,Tablet,10.0,,credit card,Pending
T98281,,C764,Tablet,,,PayPal ,Pending
T98283,,C3317,Headphones,-3.0,-960.2163095676448,Credit Card,Completed
T98284,,C4458,Coffee Machine,294.0,-957.6024043922033,Credit Card,completed
T98285,,C3513,Tabl,743.0,380.2781379004035,Credit Card,
T98286,,C1298,Smartphone,6.0,204.659525828729,PayPal ,Failed
T63619,,C738,La,,,PayPal,completed
T98290,,C4055,Headphones,-10.0,$-719.53,Credit Card,complete
T98292,,C4906,Smartphone,-8.0,,credit card,Pending
T98294,,C4771,Smartphone,-6.0,952.7974691459941,pay pal,Pending
T98297,,C3839,Smartphone,,-303.36094876134996,creditcard,
T98298,,C3036,Laptop,766.0,947.7350908437724,Cash,Completed
T98299,,C3570,Headphones,-6.0,-448.29417575787295,Credit Card,complete
T98300,,C4629,Tablet,353.0,,Cash,Pending
T98304,,C3502,Sma,807.0,650.9382392815457,pay pal,Pending
T98305,,C3767,Coffee Machine,-6.0,465.07413454965325,credit card,complete
T98308,,C4677,Coffee Machine,463.0,,PayPal,completed
T98309,,C1500,Headphones,6.0,792.9193209630309,PayPal ,Failed
T98310,,C427,Laptop,9.0,-417.66186930788547,Cash,completed
,,C2845,Tablet,-4.0,,Credit Card,completed
T98312,,C3242,Headphones,4.0,-829.1693171441195,PayPal,Pending
T98313,,,Headpho,10.0,,pay pal,Completed
T98314,,C2560,Headphones,693.0,,credit card,complete
T98315,,C1594,Coffee Machine,850.0,904.5550538338568,PayPal,Completed
T98316,,C2383,Headphones,287.0,699.2413158502256,Cash,Pending
T98317,,C2381,Tablet,10.0,-405.98768730738175,Credit Card,Pending
T98318,,C4014,Laptop,-7.0,-901.4945713847168,PayPal,Pending
T98319,,C3718,Laptop,550.0,$-503.68,Cash,
,,C3982,Headphones,-8.0,-971.9423683099866,Credit Card,complete
T98321,,C1033,Laptop,-2.0,-54.14315208531184,credit card,complete
T98322,,C4193,Tablet,936.0,-720.6147547798971,PayPal ,Completed
T98323,,C2269,Coffee Machine,-8.0,937.2112872373502,Credit Card,Completed
T98324,,,Laptop,5.0,,PayPal ,
T98325,,C4487,Headphones,228.0,-413.32670116290467,credit card,
T98328,,C2166,Tablet,840.0,,creditcard,Pending
T98331,,C2338,Smartphon,154.0,934.5784737044944,credit card,complete
T98332,,C4654,Smartphone,-3.0,898.2824013368845,creditcard,Pending
,,C3713,Tablet,6.0,,PayPal ,completed
T98334,,C1017,Headphones,111.0,246.74021311368392,creditcard,completed
T98335,,C4547,Smartphone,4.0,,Cash,Pending
T98336,,C1160,Smartphone,387.0,,PayPal ,complete
T98340,,C3364,Laptop,-10.0,,PayPal,Pending
T98341,,C3530,Smartphone,-2.0,,Cash,completed
T98342,,C3709,Tablet,236.0,-337.30753789062453,Credit Card,completed
T98344,,C4350,Coffee Machine,8.0,616.4158649379599,Credit Card,completed
T98346,,C1104,Headphones,6.0,,creditcard,
T98347,,C904,Laptop,,541.7255338745802,PayPal ,Completed
T98348,,,Smartphone,475.0,-873.3586043479603,PayPal,Pending
T98349,,C3709,Tablet,,-991.6878336793984,credit card,Failed
T98350,,C4237,Coffee Machine,,-262.74454620353765,creditcard,Completed
T98354,,C1837,Coffee Machine,247.0,-384.07078257034857,credit card,Pending
T98355,,C2754,Headphones,-8.0,$607.13,Cash,Pending
T98357,,C4501,Smartphone,6.0,-627.7117394161405,credit card,complete
T98360,,C2739,Smartphone,-5.0,$-357.74,Credit Card,complete
T98364,,C4723,Coffee Machine,8.0,-237.65850171233558,credit card,Pending
T35957,,C4894,Smartphone,168.0,,pay pal,Failed
T98368,,C4791,Sma,-5.0,933.1539598565364,Cash,completed
T98369,,C2891,Coffee Machine,219.0,298.6034525359498,PayPal,
T98370,,,Headphones,,465.4177358097961,Credit Card,Failed
T98371,,C3636,Coffee Machine,1.0,-744.9159330756542,pay pal,Completed
T98372,,C1061,Coffee Machine,923.0,-252.6983956191026,credit card,complete
T98373,,C1445,Smartphone,8.0,460.5868678995566,credit card,
T98374,,C1028,Tablet,862.0,,Credit Card,Failed
T98376,,C532,Laptop,709.0,,Cash,Pending
T98379,,C079,Tablet,-3.0,-600.7453997447399,PayPal,Pending
T98380,,C2019,Headphones,6.0,,PayPal,
T98381,,C1194,Laptop,-3.0,,creditcard,complete
T98382,,C2502,Laptop,9.0,,pay pal,
T98383,,C891,Headphones,1.0,,Credit Card,complete
T98384,,C4901,Headphones,-9.0,,PayPal,
T98385,,C2751,Smartphone,948.0,-722.7478280336445,pay pal,Failed
T98388,,C2778,Smartphone,887.0,-94.70124529587122,credit card,Completed
T98389,,C4606,Smartphone,704.0,,PayPal,
T98390,,,Tablet,-6.0,,PayPal,completed
T98394,,C606,Laptop,-7.0,,credit card,Failed
T98396,,C2953,Smartphone,1.0,722.898304347915,credit card,Failed
T98397,,C3071,Laptop,-4.0,846.46505064102,pay pal,complete
T98399,,C3772,Coffee Machine,-7.0,,Cash,Failed
T79116,,C665,Smartphone,824.0,,creditcard,Pending
,,C3279,Coffee Machine,-3.0,,creditcard,complete
T98402,,C2100,Headphones,-2.0,-616.3076122863981,pay pal,
T98403,,C4932,Smartphone,5.0,,PayPal ,Completed
T98406,,C2598,Smartphone,4.0,898.438280685702,PayPal,Pending
T98407,,C4517,Smartphone,,,PayPal ,Completed
T98408,,C3668,Smartphone,-7.0,$-536.09,pay pal,Pending
T98410,,C917,S,-7.0,,pay pal,complete
T98411,,C260,Coffee Machine,357.0,,Cash,completed
T98414,,C1015,Laptop,753.0,,PayPal,
T98415,,C1062,Tablet,2.0,244.29230449827813,credit card,completed
T4602,,C3707,Headphones,162.0,-206.17769028496673,PayPal ,
,,C4690,Headphones,-6.0,917.9315831534199,Cash,completed
T98423,,C4932,Laptop,-7.0,345.8194403899881,PayPal ,complete
T98425,,C2909,Coffee Machine,5.0,549.0092046691701,pay pal,Failed
T98426,,C2144,Coffee Machine,211.0,$956.51,PayPal,Pending
T98427,,C1950,Tablet,2.0,-677.1676715298779,creditcard,completed
T98429,,C4538,Tablet,2.0,-839.3844838647522,creditcard,complete
T98430,,C2824,Laptop,456.0,379.9357176720453,creditcard,
,,C386,Headphones,8.0,,PayPal,
T98433,,C332,Headphones,-10.0,-931.0718877866756,PayPal ,Failed
T98435,,C3647,Laptop,513.0,,credit card,complete
T98436,,C1017,Headphones,5.0,$843.99,PayPal,complete
T98437,,C838,Tab,676.0,-519.5075788762431,Credit Card,completed
T98438,,C848,Smartphone,899.0,150.7615733726684,pay pal,Completed
T98439,,C356,Tablet,264.0,,credit card,complete
T98440,,C1567,Coffee Machine,795.0,846.5505432184816,PayPal ,complete
T98443,,C1960,Coffee Machine,894.0,$-407.23,pay pal,completed
T98444,,C3764,Smartphone,281.0,,pay pal,Failed
T98446,,C4578,Tablet,145.0,-462.2528331266651,PayPal,
T98447,,C4277,Smartphone,-7.0,-848.5075759652639,credit card,complete
T98448,,C4842,Headphones,419.0,,Cash,Failed
,,C1557,Tablet,-2.0,881.0214494895603,PayPal ,completed
T98451,,C4042,Smartphone,,,creditcard,completed
T98452,,C3647,Coffee ,681.0,,PayPal,
T98453,,C696,Laptop,-2.0,$-260.52,PayPal,Pending
T98456,,C478,Headphone,-6.0,-427.48001862512626,PayPal,
T98460,,,Headphones,,-513.6435011021756,credit card,Completed
T98461,,C2701,Tab,701.0,425.62257417200595,PayPal ,Completed
T98462,,C2560,Smartphone,-7.0,998.161132980521,pay pal,Completed
T98464,,C1595,Tablet,5.0,-271.1062609329383,Credit Card,
T98469,,C3266,Tablet,842.0,,Cash,complete
T98470,,C3158,Headphones,-9.0,$656.55,PayPal,Completed
T98471,,C3611,Lapto,-6.0,-186.87900871119655,creditcard,Pending
T98472,,C4922,Laptop,1.0,119.2991688411944,Cash,Completed
T98475,,C4208,Headphones,3.0,,creditcard,completed
T55215,,C1852,Laptop,9.0,,creditcard,complete
T98478,,C4126,Smartphone,10.0,-475.3220349186,Credit Card,Pending
T98480,,C3198,Tablet,8.0,508.29792528645277,credit card,Completed
T98482,,C4378,Coffee Machine,578.0,-619.2630434558486,Cash,completed
T98485,,C4389,Headphones,4.0,,pay pal,Pending
T98487,,C2537,Headphones,6.0,909.5354126176645,PayPal ,Completed
,,C4389,Coffee Machine,6.0,481.06359628832854,PayPal ,Pending
T98490,,C4401,Coffee Machine,,-883.2068859908794,credit card,Pending
T98491,,C4190,Headphones,4.0,521.1939552495638,creditcard,Completed
T98492,,C4331,Laptop,-8.0,$-181.53,credit card,complete
T98495,,,Tablet,820.0,-337.88327084747107,PayPal ,complete
T98496,,C009,Coffee Machine,-5.0,,Credit Card,
T98498,,C2467,Tablet,6.0,,creditcard,Completed
T98500,,C4438,Coffee Machine,224.0,,creditcard,Pending
T98501,,C4715,Smartphone,3.0,,Cash,Failed
T98502,,C1075,Smartphone,310.0,,Credit Card,Failed
T98503,,C2522,Laptop,5.0,$203.17,Credit Card,completed
T98504,,C577,Smartphone,8.0,-766.6802056385078,creditcard,Failed
T98505,,C4010,Smartphone,-5.0,399.87565970537406,PayPal,completed
T98506,,C3254,Table,7.0,608.9344075875379,Credit Card,Completed
T98508,,C2186,Coffee Machine,519.0,550.0796883533324,Cash,Failed
T98509,,C1973,Laptop,712.0,,PayPal ,Failed
T98510,,C4273,Tablet,-7.0,-333.1991218947146,PayPal,
T98512,,C2521,Headphones,,741.9894231096139,PayPal,Failed
T98513,,C4654,Tablet,929.0,698.4976853630607,credit card,
T98515,,C3789,Coffee Machin,4.0,-675.0637199760267,PayPal,Pending
T98516,,C1923,Headphones,8.0,,Cash,
T98517,,C792,Laptop,591.0,,credit card,Failed
T98518,,C4074,Smartphone,,-418.14226779841624,Cash,completed
T98519,,C1238,Tablet,1.0,-384.8407089827324,PayPal,Failed
T98520,,,Headphones,-3.0,715.1905933859384,creditcard,Completed
T98521,,C3904,Tablet,5.0,602.7679199353295,pay pal,Failed
,,C2515,Headphones,711.0,,PayPal ,Pending
T98523,,C2141,Tablet,100.0,-277.828290540103,pay pal,
T98524,,C1673,Tablet,926.0,-105.27521870713576,creditcard,complete
T5765,,C2134,Headphones,2.0,$52.88,Credit Card,Pending
T98526,,C3941,Coffee Machine,197.0,$-580.45,Cash,Pending
T98528,,C1007,Smartphone,-4.0,570.7475864774831,credit card,Completed
T98529,,C1350,Headphones,-2.0,-830.5926843853163,credit card,Failed
T98531,,C2513,Headphones,-3.0,313.1158545273037,credit card,completed
T98532,,C1163,Lapto,645.0,449.96503218760006,Credit Card,
T98533,,C4445,Tablet,2.0,,credit card,completed
T98536,,C4216,Headphones,-1.0,357.63568323684876,PayPal,complete
T98537,,,Headphones,300.0,673.236888255639,Cash,Failed
T98539,,C4458,Headphones,,,Credit Card,
T98540,,C1147,Laptop,8.0,-660.7463884708599,credit card,Completed
T98542,,C2372,Laptop,1.0,,PayPal,completed
T98543,,C1395,Smartphone,-10.0,419.373982793509,PayPal,Completed
T98545,,C1248,Smartphone,441.0,757.2381695378957,Credit Card,Pending
T98546,,C2116,Smartphone,100.0,414.00563060735647,pay pal,completed
T98549,,C1741,Laptop,589.0,-133.065387107496,PayPal ,complete
T98550,,C1437,Headp,-8.0,-392.3056256113665,PayPal,complete
T98551,,C2406,Coffe,314.0,326.4008552779073,Cash,completed
T98553,,C2819,Smartphone,10.0,590.4300694453791,creditcard,Completed
T98554,,C2214,Coffee M,930.0,471.57509230703545,pay pal,completed
T98556,,C3768,Headphones,-4.0,-734.0188516446364,Credit Card,complete
T98557,,C1712,Headphones,440.0,710.8357023116433,pay pal,Completed
T98559,,C3400,Laptop,,$123.96,Cash,Pending
T98561,,C1091,Smartphone,9.0,217.40588052189858,creditcard,Failed
T98565,,C3321,Smartphone,-9.0,-262.0324447075892,credit card,Pending
T98566,,C3447,Headphones,-1.0,55.68910459185186,PayPal,Completed
T98567,,,Headphones,-9.0,,Cash,Failed
T98569,,C714,Tablet,3.0,,Credit Card,Failed
T98571,,C3676,Headphones,-1.0,$373.03,Credit Card,
T98573,,C2330,Tablet,6.0,-743.8140534316422,Credit Card,
T98576,,C2143,Laptop,6.0,-116.25294694853437,PayPal ,
,,C1791,Coffee Machine,-1.0,-914.8782573962784,Credit Card,completed
T98578,,C531,Laptop,9.0,,pay pal,
T98579,,C2707,T,-10.0,,Credit Card,complete
T98581,,C3450,Headphones,,549.0687537419035,PayPal ,complete
T98582,,C3763,Headphones,-4.0,-732.2223657481749,Credit Card,Pending
T98583,,C1226,Tablet,428.0,863.0718206372618,creditcard,completed
T98584,,C2986,L,-4.0,-981.0994412475186,pay pal,Completed
T98587,,C1396,Smartphone,-5.0,-633.406075115369,pay pal,Pending
T98589,,C2297,Smartphone,2.0,-269.17313992460606,pay pal,completed
T98590,,C2411,Headphones,3.0,,PayPal ,
T98591,,C1090,Tablet,8.0,,PayPal ,completed
T98592,,C1494,Tablet,-3.0,$888.76,credit card,completed
T98595,,C4624,Laptop,-2.0,79.92059242383425,Credit Card,
T98597,,C2747,Headphones,4.0,,PayPal ,completed
T98598,,C2752,Coffee Machine,,,Credit Card,complete
T98600,,C202,Coffee Machine,-4.0,971.4160397109841,PayPal,
T98603,,C1129,Laptop,130.0,-719.3091059822483,Cash,Completed
T98604,,C3798,Laptop,786.0,-128.6087933823179,credit card,complete
T98606,,C3720,Headphones,-2.0,-323.37335125627067,pay pal,
T98607,,C2432,Cof,3.0,-69.65388056030781,PayPal,Pending
T98608,,C891,Smartphone,-10.0,830.8714646068843,pay pal,complete
T98612,,C3305,Laptop,-3.0,,credit card,Failed
T98613,,C1751,Smartphon,375.0,,credit card,Completed
T98614,,C4315,Laptop,-5.0,,Cash,
T98615,,C1885,Smartpho,374.0,144.45294637511515,PayPal,Failed
T98616,,C4315,Coffee Machine,,-718.6644820872511,PayPal,Completed
T98617,,C2194,Headphones,987.0,684.7646670652571,pay pal,completed
T98618,,C4390,Coffee Machine,989.0,-385.38521857226374,pay pal,completed
T98619,,C1329,Laptop,-6.0,-490.55069961050043,pay pal,complete
T98620,,C3289,Smartphone,-7.0,,credit card,completed
T98621,,C144,Tablet,-2.0,179.9163477127421,pay pal,
T98623,,C2860,Laptop,314.0,752.0992165281818,creditcard,
T98625,,C3419,Coffee Machine,9.0,$521.41,credit card,complete
T98627,,C2588,Headphones,288.0,798.7679219949833,Cash,
T98629,,C336,Smartphone,-1.0,,Cash,completed
T98630,,C405,Lapt,8.0,-665.9739265432067,pay pal,completed
,,C3317,Coffee Machine,10.0,-950.026718706347,PayPal ,Pending
T98633,,C2711,Headphones,215.0,,pay pal,Failed
T98635,,C1679,Headphones,8.0,,credit card,
T98637,,C1306,Coffee Machine,3.0,759.6375981752599,Credit Card,Completed
T98638,,C4082,Headphones,944.0,852.5828585015255,creditcard,Completed
T98640,,C3804,Laptop,223.0,983.6804638881263,Credit Card,complete
T98642,,C2921,Coffee Machine,328.0,554.4123644871099,Credit Card,completed
T98643,,C1409,Smartphone,-6.0,,creditcard,Pending
T98644,,C911,Coffee Machi,1.0,-470.23498954639285,pay pal,Failed
T27973,,C1367,Tablet,7.0,,pay pal,Completed
T98647,,C4013,Headphones,-4.0,525.8728078503867,Credit Card,complete
T98648,,C268,Smartphone,942.0,-256.0295075003902,Cash,Completed
T98649,,C3165,Tablet,-3.0,-80.40269466919779,pay pal,complete
T98650,,C3433,Laptop,10.0,,PayPal ,completed
T98652,,C3671,Coffee Machine,-8.0,93.3886321221488,Credit Card,Pending
T98654,,C1166,Headphones,9.0,695.378541524585,Cash,complete
T98655,,C4275,Laptop,2.0,,creditcard,complete
T98656,,C3632,Headphones,-5.0,-409.78445960552165,credit card,Pending
T98658,,C3674,Laptop,647.0,696.019629534642,credit card,completed
T98659,,C1594,Headphones,1000.0,-425.9393563583502,Credit Card,
T98661,,C3806,Smartphone,9.0,,Cash,complete
T98662,,C2145,Coffee Machine,3.0,-658.3643096357396,credit card,Failed
T98663,,C579,Smartphone,2.0,,credit card,complete
T98664,,C4387,Headphones,663.0,482.6820688271627,credit card,complete
T98665,,C1655,Smartphone,-7.0,878.1229033149134,Cash,completed
T98668,,C2304,Headphones,5.0,$510.84,Credit Card,Completed
T98669,,,Laptop,579.0,,PayPal ,complete
T98670,,C1555,Tablet,-8.0,861.686228136576,PayPal ,complete
T98671,,C2337,Headphones,783.0,-710.5766837163842,creditcard,Failed
T98672,,C2631,Tablet,309.0,-600.1186498342538,Credit Card,complete
T98673,,C2679,Coffee Machine,-4.0,,PayPal,completed
T98674,,C2517,Smartphone,2.0,-121.55193504702004,PayPal ,Failed
T98675,,C3849,Headphones,431.0,,creditcard,Completed
T98676,,C085,Smartphone,1.0,$-910.07,credit card,complete
T98677,,C4165,C,558.0,,credit card,completed
T98678,,C3452,Coffee Machine,-9.0,588.8078434532799,Cash,Failed
T98679,,C3265,Tablet,6.0,,PayPal ,Failed
T98680,,C1258,Tablet,4.0,992.038273129577,PayPal ,Pending
T98681,,C2232,Headphones,6.0,,pay pal,Pending
T98682,,C2329,Headphones,-10.0,-658.769710800556,creditcard,completed
T98683,,C4119,Coffee Machine,-4.0,$-593.50,PayPal ,Failed
,,C1300,Smartphone,4.0,,PayPal ,
,,C2258,Smartphone,-3.0,72.90683555562768,PayPal ,complete
T98689,,C161,Coffee Machine,10.0,61.546120453103185,credit card,
,,C3264,Tablet,1.0,223.0830361766601,Cash,completed
T98694,,C3574,Headphones,1.0,-958.0409956466959,Cash,Failed
,,C1816,Laptop,,$707.21,pay pal,completed
T98697,,C2047,Laptop,5.0,,credit card,Failed
T98699,,C751,Lapto,1.0,91.48730256298056,pay pal,completed
T98700,,C1090,Laptop,954.0,,Credit Card,Failed
T98703,,C4249,Smartphone,-3.0,396.9414345532041,Cash,Pending
,,C2132,Smartphone,,709.0481393231206,pay pal,completed
T98705,,C4071,Headphones,3.0,,credit card,complete
T98706,,C4418,Laptop,1.0,-124.29141087303935,credit card,
T98707,,C1576,Laptop,-9.0,,Cash,
T98708,,C1369,Smartphone,876.0,892.25912885866,pay pal,completed
T98709,,C4592,Tablet,-6.0,-331.7090015899189,Credit Card,
T98710,,,Coffee Machine,3.0,311.27867977416093,pay pal,Completed
T98711,,C528,Laptop,10.0,-460.552051081533,pay pal,completed
T98713,,C3208,Headphones,-9.0,$-326.94,Cash,Failed
T98714,,C3839,Headphones,1.0,-238.50036584949407,creditcard,completed
T98716,,C1936,Laptop,7.0,,PayPal ,
T98717,,C1759,Smartphone,-5.0,289.5735684053418,credit card,completed
T98718,,C605,Laptop,-3.0,,credit card,Pending
,,C2601,Smar,-3.0,722.2720432637884,PayPal ,complete
T98724,,C4591,Coffee Machine,-2.0,,PayPal ,complete
,,C3188,Headphones,1.0,,PayPal ,completed
T98726,,C3508,Headphones,203.0,-373.35892320461016,PayPal ,complete
T98728,,C3184,Coffee Machine,179.0,610.1774395887726,PayPal,Pending
T98731,,C4182,Smartphone,299.0,950.4865398588854,Cash,
T98732,,C3620,Laptop,-9.0,159.42196672138368,PayPal,Failed
T98733,,C4133,Smartph,10.0,,PayPal ,completed
T98734,,C4440,Laptop,-5.0,311.005426038785,Credit Card,complete
T98736,,C2629,Headphones,218.0,994.5118884172507,Credit Card,
T98737,,C556,Tablet,691.0,761.0660114987127,credit card,Pending
T98738,,C4857,Tablet,-2.0,707.2649382025016,Cash,complete
T98739,,C284,Smartphone,-2.0,,credit card,complete
T98740,,C380,Tablet,1.0,745.024749984329,pay pal,Failed
T98741,,C365,Head,631.0,-944.6789575197962,Cash,Pending
T98742,,,Smart,897.0,,credit card,
T98743,,C3840,Coffee Machine,6.0,-832.5038743745457,Cash,completed
T98745,,C3553,Headphones,520.0,-191.77838967746982,PayPal ,completed
T98748,,C2745,Laptop,4.0,65.65898834848912,PayPal ,complete
T98751,,C3105,Tablet,1.0,,pay pal,complete
T98752,,C1125,Headphones,4.0,,credit card,Failed
T98753,,C833,Laptop,519.0,-364.7557708153373,credit card,Completed
T98755,,C2104,Laptop,136.0,-583.9084531798162,PayPal ,completed
T98756,,C451,Smartpho,483.0,,PayPal ,complete
T98757,,C2927,Headphones,764.0,-300.11703627668794,PayPal ,
T98758,,,Laptop,677.0,,creditcard,Pending
T98759,,C379,Coffee Machine,3.0,,PayPal ,Completed
T98760,,,C,-3.0,-935.7081965183518,PayPal ,Pending
T98761,,C2273,Smartphone,3.0,774.770925485111,Cash,
T98764,,,Coffee Machine,-7.0,-363.32341805479723,creditcard,Completed
T98765,,C4994,Smartphone,-2.0,$813.37,Cash,Completed
T98766,,C2876,Laptop,770.0,397.0662261900716,Credit Card,completed
T98767,,C1025,Laptop,-5.0,-610.35647182398,pay pal,complete
T98768,,C2525,Coffee Machine,650.0,113.23105015315559,Cash,
T98769,,C3245,Headphones,-7.0,-225.82465941132045,Credit Card,Failed
T98770,,C659,Headphones,-5.0,-793.5979992710145,Cash,Failed
T98772,,C2762,Smartphone,989.0,230.3244992195552,creditcard,
T98773,,C1114,Laptop,713.0,-56.3661714431538,credit card,
T98774,,C3104,Headphones,-8.0,-191.5226936400635,pay pal,Pending
T98775,,C2397,Lapto,-3.0,-229.47401170556725,Cash,Completed
T98776,,C1512,Laptop,4.0,277.52741675297773,Cash,Failed
T98778,,C4140,Laptop,-8.0,,Credit Card,completed
T98779,,C2571,Laptop,887.0,387.28051321914853,Cash,Failed
T98780,,C4726,Coffee Machine,,306.2030992821873,credit card,complete
T98781,,C4090,Smartphone,,-497.8889196152492,PayPal ,
,,C1606,Smartphone,-6.0,,creditcard,complete
T98783,,C3369,Tablet,10.0,-898.9081337499987,PayPal,
T98784,,C4030,Tablet,-1.0,,Credit Card,complete
T98786,,C836,Coffee Machine,545.0,249.48700367814828,Credit Card,
T98787,,C3979,Coffee Machine,-3.0,-781.6235995591186,Credit Card,Pending
T98788,,,Tablet,780.0,-813.3714473674088,PayPal,Pending
T98790,,C4845,Tablet,,,creditcard,Pending
T98791,,C3152,Laptop,4.0,479.85064599479114,PayPal,Completed
T98792,,C3405,Smartphone,,-479.3839939393662,pay pal,Failed
T98793,,C708,Laptop,,,Credit Card,Failed
T98799,,C3968,Laptop,873.0,617.6370385689938,PayPal ,completed
T98800,,C2539,Smartphone,8.0,-228.70715486684958,Cash,Completed
T98801,,C986,Tablet,991.0,373.93813808999374,pay pal,Pending
T98803,,C1002,Laptop,-6.0,,Credit Card,completed
T98804,,C3321,Coffee Machine,551.0,245.05106582165615,pay pal,complete
,,C1313,Tablet,9.0,,pay pal,completed
T98807,,C167,Headphones,-9.0,791.6558457598214,Cash,Pending
T98808,,C4584,L,781.0,-76.36729107371605,PayPal,completed
T98809,,C462,Headph,7.0,979.1611851982293,pay pal,complete
T98810,,C3644,Tablet,694.0,424.74458940831107,Credit Card,completed
,,C1978,He,208.0,469.512113717667,Credit Card,completed
T98813,,C4498,Laptop,5.0,520.1433156117336,Cash,Failed
,,C2550,Smartphone,487.0,-84.86114229731459,Credit Card,Pending
T98815,,,Smartphone,6.0,-265.6263502640081,credit card,complete
T98817,,C1693,Smartphone,549.0,-227.30984797295923,Cash,complete
T98818,,C1927,Laptop,9.0,,Cash,
T98819,,C4743,Laptop,7.0,-986.4162842586733,credit card,Completed
T98822,,C1802,Smartphone,-5.0,,Credit Card,
T98824,,C2307,Headphones,9.0,,Credit Card,
T98825,,C3870,Smartphone,-4.0,-849.7459266665935,Cash,Completed
T98826,,C795,Smartphone,1.0,,PayPal ,Failed
T98827,,C4878,Tablet,-10.0,-675.5744239990302,credit card,Completed
T98829,,C2853,Laptop,-3.0,-937.3247496862109,creditcard,completed
T98830,,C3917,Laptop,811.0,326.6182997527844,Credit Card,completed
,,C1564,Laptop,388.0,235.71799702679297,credit card,Failed
T98832,,C2537,Coffee Machine,434.0,-940.100797599864,credit card,complete
T98833,,C4166,Smartphone,-10.0,-658.989631398154,PayPal ,completed
T98834,,C460,Tablet,775.0,-510.71533918338787,Credit Card,Pending
T98835,,C4638,Coffee Machine,-7.0,542.5842439657046,pay pal,complete
T98837,,C2202,Coffee Machine,9.0,$-713.78,creditcard,Pending
T98838,,C084,Smartphone,-10.0,642.5829762118173,PayPal ,Pending
T98840,,C4219,Laptop,-4.0,-858.8053656498782,credit card,Pending
T98842,,C3495,Coffee Machine,10.0,,PayPal,Pending
T98843,,C1259,Smartphone,9.0,446.4343618031875,PayPal ,Pending
T98844,,,Smartphone,5.0,-155.2948327166422,credit card,complete
T98846,,C1313,Coffee Machine,5.0,-956.6214974675603,PayPal ,
T98848,,C4478,Smartphone,579.0,338.32232209949444,PayPal,Completed
,,C4796,Laptop,893.0,,Cash,Completed
T98850,,,Laptop,9.0,-375.99354253310264,PayPal ,Completed
T98851,,C515,Coffee Machine,-9.0,$928.52,Cash,Pending
T98852,,C010,Smartphone,-2.0,742.7578945793467,Cash,Completed
T98854,,C4327,Tablet,-5.0,561.534945089053,creditcard,Pending
T98855,,C1692,Headphones,9.0,498.96725445866093,creditcard,Completed
T98856,,C4395,Smartphone,1.0,575.9126204028187,PayPal,Pending
,,C2309,Coffee Machine,,,PayPal,Failed
T98860,,C278,Coffee Machine,8.0,-880.4796890841802,Credit Card,completed
T98863,,C4668,Smartphone,-2.0,277.8321915549105,pay pal,completed
T98864,,C4978,Headphones,603.0,-227.92947782120893,PayPal ,Pending
T98867,,,Headphones,-4.0,540.5675816643402,PayPal,completed
T98868,,C2508,Headphones,-2.0,,creditcard,completed
T98869,,C1775,Coffee Machine,9.0,-523.2298697753386,creditcard,completed
T98870,,C3827,Headphones,-10.0,-462.92837451518653,PayPal,Completed
T98871,,C2293,Headphones,-7.0,$-740.54,creditcard,
T98873,,C1511,Tablet,740.0,,PayPal ,complete
T98876,,C2230,Smartphone,1.0,-149.10297452975726,PayPal,complete
T98877,,C1655,Tablet,162.0,-81.44134232622082,PayPal ,Completed
T98878,,C4643,Tablet,8.0,516.1616556823303,pay pal,Completed
T98880,,C4075,Laptop,-6.0,590.3116500277627,pay pal,Completed
T98882,,C4122,Smartphone,-4.0,528.4260156927783,creditcard,
T98883,,C3116,Smartphone,-10.0,,Credit Card,Failed
T98884,,C194,Smartphone,1.0,,PayPal ,complete
T98886,,C2371,Smartphone,330.0,$-154.04,PayPal,Failed
T98889,,C2128,Coffee Machine,-9.0,-885.3043793731442,Credit Card,Completed
T98891,,C1247,Coffee Machine,231.0,,Credit Card,completed
T98894,,C4418,Headphones,8.0,,PayPal ,
T98895,,,Headphones,2.0,-795.3072619431194,Credit Card,Completed
T98896,,C3380,Laptop,-5.0,,PayPal ,completed
T98900,,C4456,Headphones,8.0,-579.5358059558896,credit card,
T98901,,C1613,Smartphone,-4.0,,PayPal,Pending
T98903,,C1833,Headphones,1.0,-397.11583282487857,credit card,completed
T98904,,C2965,Headphones,-10.0,982.6386682436357,PayPal,completed
T98907,,C547,Laptop,-8.0,,Cash,Pending
T98908,,C2629,Headphones,,172.32580329128893,PayPal,Pending
T98909,,C4330,Laptop,2.0,-946.7363796461837,pay pal,complete
T98910,,C4448,Smartphone,4.0,-392.04991827997685,Cash,Completed
T98911,,C2953,Coffee Machine,5.0,,creditcard,Pending
T98912,,C4337,Coffee Machine,9.0,,credit card,completed
T98913,,C3447,Headphones,498.0,524.8512829988786,creditcard,completed
T98914,,C566,Coffee Machine,500.0,,pay pal,
T98919,,C2503,Smartphone,,-936.2379942150558,pay pal,completed
T98921,,C3731,Smartphone,963.0,682.5899239277661,credit card,Failed
T98922,,C2016,Tablet,241.0,100.72093981379739,Cash,Completed
T98923,,C1144,Tablet,-1.0,,Credit Card,completed
T98924,,,Sma,,,credit card,
T98925,,C1044,Headphones,10.0,528.7714123728713,Cash,complete
T98926,,C4838,Tablet,-6.0,-167.0100063304991,pay pal,Completed
T98928,,C1357,Headphones,703.0,478.12144376384066,Credit Card,Completed
T98930,,C4660,Coffee Machine,227.0,-605.076868497508,credit card,Pending
T98931,,C2823,Smartphone,-6.0,,Credit Card,Failed
T98932,,C2752,Tablet,477.0,-514.9473399033195,PayPal,complete
T98933,,C3309,Coffee Machine,-2.0,,creditcard,complete
T98934,,C700,Tablet,875.0,,Cash,
T98936,,C2741,Tablet,9.0,409.75567410404784,Credit Card,complete
T98937,,C1046,Coffee Machine,9.0,176.87917820817006,Credit Card,completed
T98938,,C646,Coffee Machine,-8.0,-860.5130479090491,Cash,
T98939,,C3070,Tablet,3.0,,credit card,complete
T98940,,C4654,Sma,1.0,-957.5520431677717,PayPal ,complete
T98941,,C4481,Laptop,-1.0,70.63922980738458,Cash,Completed
T98942,,C3942,Smartphone,-9.0,,Credit Card,Completed
T98943,,C4209,Tablet,741.0,591.2677485567149,pay pal,Pending
T98944,,C4019,Laptop,9.0,$274.53,creditcard,Failed
T98945,,C3381,Laptop,-8.0,52.23302065681101,PayPal,completed
T98947,,C262,Coffee Machine,-7.0,836.1022260000349,creditcard,complete
T98948,,C3385,Tablet,299.0,636.6852436791967,credit card,Completed
T98949,,C3590,Smartphone,-2.0,848.0095964209468,pay pal,
T98950,,C1023,Smartphone,9.0,419.24378996271093,credit card,Failed
T98952,,,Laptop,4.0,,pay pal,completed
T98956,,C4432,Tablet,423.0,381.4960136312276,PayPal ,
T98957,,C2033,Headphones,684.0,,creditcard,Completed
T98958,,,Tablet,-7.0,121.74353454122912,PayPal ,Pending
T98959,,C3561,Laptop,3.0,,credit card,Completed
T98961,,C1250,Smartphone,-6.0,$456.49,Credit Card,
T98962,,C499,Headphones,807.0,-711.447189322125,Credit Card,
T98963,,C2488,Coffee Machine,5.0,,Cash,completed
T98965,,C960,Coffee Machine,3.0,,Credit Card,Failed
,,,Headphones,9.0,,PayPal ,Completed
T98968,,C540,Coffee Machine,7.0,-184.21435241738493,PayPal,complete
T98969,,C2311,Coffee Machine,-6.0,-211.13715198873092,Credit Card,Completed
T98970,,C984,Smartphone,-6.0,-119.93014453867602,credit card,Completed
T98971,,C2364,Headphones,935.0,,creditcard,Completed
T98972,,C2504,Laptop,-5.0,$-247.69,credit card,Pending
T98973,,C4640,Smartphone,405.0,,Credit Card,completed
T98976,,C1874,Headphones,891.0,846.0268014886666,PayPal,
T98977,,C2419,Coffee Machine,7.0,,Cash,Failed
T98979,,C3156,Laptop,-10.0,432.6835702780733,Credit Card,Pending
,,C4830,Tablet,-9.0,889.5812710956455,creditcard,complete
T98981,,C1333,Laptop,281.0,$-444.93,Credit Card,Pending
T98982,,C2638,Headphones,,,pay pal,Pending
,,C4173,Headphones,5.0,840.8428498742477,creditcard,Pending
T98984,,C1518,Headphones,565.0,,pay pal,Completed
T98985,,C811,Coffee Machine,9.0,465.85154507151077,creditcard,completed
T98986,,C4087,Headphones,4.0,831.3736725962792,Cash,complete
T98987,,C4592,Smartphone,291.0,-751.9898019689759,PayPal,Pending
T98988,,C3954,Headphones,-1.0,377.1666855264753,credit card,completed
T98990,,C2911,Tablet,-6.0,769.8482650369594,Credit Card,
T98991,,C544,Tablet,3.0,,creditcard,Pending
T98992,,C4834,Smartphone,7.0,,credit card,completed
,,C3016,Coffee Machine,1.0,,creditcard,Completed
T98996,,C1280,Tablet,-10.0,,PayPal ,
T98997,,C1192,Laptop,-9.0,679.0037593307832,Credit Card,Completed
T98998,,C4296,Coffee M,3.0,581.5831099316363,PayPal ,Failed
T99000,,C4153,Coffee Machine,315.0,,PayPal ,complete
T99001,,C329,Headphones,-10.0,$-746.77,Credit Card,Failed
,,C1588,Coffee Machine,-6.0,-950.8197121608629,creditcard,Failed
T99004,,C2001,Coffee Machine,5.0,-874.4111008132589,pay pal,Completed
T99005,,C3207,Laptop,374.0,,pay pal,complete
T99007,,C2536,Smartphone,-7.0,-743.7184976709561,PayPal ,
T99008,,,Laptop,114.0,329.01791473125013,pay pal,Failed
T99009,,C2278,Smartphone,-7.0,673.549900507502,pay pal,completed
T99010,,,Laptop,-10.0,-797.3272593679792,Credit Card,Failed
T99013,,C3689,Headphones,910.0,909.0176074465027,PayPal ,Failed
T99014,,C3146,Tablet,693.0,,credit card,completed
T99016,,C2211,Laptop,-6.0,224.2507878493736,pay pal,Completed
T99017,,C1815,Hea,797.0,633.8679962589381,PayPal ,complete
T99019,,C1622,Coffee Machine,-6.0,506.2816763532652,pay pal,
T99021,,C4079,Coffee Machine,517.0,,Cash,Pending
T99022,,C2990,Headphones,3.0,,Credit Card,completed
T99023,,C4503,Lap,,,Credit Card,
T99026,,C4493,Smartphone,795.0,-687.9334358286762,credit card,
T99027,,C4805,Coffee M,892.0,877.6703888804179,Cash,
T99028,,C2490,Tablet,-9.0,,pay pal,completed
T99029,,C4220,Tablet,7.0,,Cash,complete
T99032,,C1327,Coffee Machine,,-465.3790778299626,creditcard,Failed
T99033,,C1260,Coffee Machine,5.0,,PayPal ,Completed
T99035,,C1266,Tablet,-10.0,,creditcard,
T99036,,C196,Headphones,,-352.1880916795616,PayPal ,Completed
T99037,,C1540,Headphones,4.0,619.1781581632229,creditcard,Completed
T99038,,C2991,Smartphone,442.0,$-58.94,Cash,complete
T99041,,C2481,Headphones,8.0,,PayPal,Completed
T99043,,C3921,Laptop,-7.0,175.99199606806678,creditcard,
T99044,,C3304,Headphones,-4.0,782.9451219930174,PayPal ,completed
T99047,,C1875,Coffee Machine,-8.0,363.7657989283969,pay pal,Pending
T99048,,C3822,Tablet,-6.0,659.8062455185881,Cash,Completed
T99050,,C4641,Headphones,713.0,227.9807114832132,creditcard,Completed
T99052,,C451,Tablet,-2.0,,creditcard,
T99053,,C259,Laptop,-7.0,-183.88938241972687,credit card,
T99055,,,Headphones,-3.0,-208.95743622164002,Cash,
T99056,,C3815,Headphones,2.0,,PayPal ,Failed
T99057,,C2891,Smartphone,2.0,293.89902432607425,PayPal,
T99058,,C3786,Headphones,6.0,,creditcard,Failed
T99059,,C2912,Headphones,5.0,$704.32,credit card,Pending
T99065,,C1659,Coffee Machine,758.0,273.5111976867854,PayPal ,completed
T99066,,C1292,Laptop,883.0,-962.6417040373414,creditcard,completed
T99067,,C1744,Smartphone,7.0,,Credit Card,
T99068,,C2378,Tab,393.0,,PayPal ,complete
T99069,,C534,Tablet,862.0,,credit card,Pending
T99070,,C3728,Smartphone,8.0,832.8167617422131,Credit Card,
T99071,,C1472,Headphones,10.0,395.3470589689571,credit card,complete
T99073,,C821,Coffee Machine,884.0,,pay pal,Failed
T99074,,C2552,Coffee Machine,4.0,,PayPal ,Completed
T99076,,C1576,Headphones,558.0,107.51549795187546,pay pal,Completed
T99077,,C2929,Headphones,10.0,453.8228705382972,credit card,complete
T99078,,C4411,Tablet,6.0,-353.2127858641087,pay pal,Completed
T99079,,C4575,Headphones,422.0,52.27213477669076,PayPal,completed
,,C3512,Headphones,144.0,204.05800223063147,pay pal,Completed
T99083,,C2479,Smartphone,10.0,403.9536122789196,Credit Card,Completed
T99084,,C3123,Tablet,-10.0,,PayPal,completed
T99085,,C1258,Laptop,346.0,,pay pal,Pending
T99086,,C3548,Smartphone,489.0,,Cash,
,,C4989,Coffee Machi,568.0,616.4215902406477,creditcard,Pending
T99092,,C972,Smartphone,1.0,,PayPal ,completed
T99093,,C4213,Smartphone,4.0,,PayPal ,Failed
T99094,,C3872,Tablet,7.0,829.2856045456815,pay pal,complete
T99095,,,Smartphone,732.0,697.9730477457347,pay pal,Pending
T99097,,C3047,Smartphone,-4.0,-315.06292105542866,credit card,Failed
T99098,,C2091,Smartphone,-1.0,459.99581594161987,Cash,Completed
T99099,,C3456,Tablet,394.0,,PayPal,Pending
T99100,,C953,Tablet,708.0,-366.54042690962035,PayPal ,
T99102,,C2295,Tablet,4.0,932.6388097324768,creditcard,Pending
T99103,,C2583,Coffee Machine,777.0,354.06889980494657,creditcard,complete
T99104,,C4669,Headphones,792.0,-476.69842662607937,credit card,Failed
T99106,,C2268,Tablet,-2.0,-837.4959134017444,pay pal,Pending
T99108,,C2488,Tablet,7.0,,pay pal,Completed
T99109,,C3580,Laptop,-1.0,-495.86919789955533,Cash,Pending
T99112,,C1216,Coffee Machine,-8.0,-283.32039012544055,Cash,Completed
T99113,,C677,Tablet,,-191.60409390809616,Cash,completed
T99114,,C3347,Headphones,-8.0,484.36129355607756,pay pal,Completed
T99115,,C3948,Tablet,915.0,259.98331341786866,Cash,Completed
T99116,,C235,Smartphone,3.0,,pay pal,Failed
T99117,,C1144,Coffee M,6.0,,PayPal,complete
T99119,,C2552,Smartphone,8.0,682.4141872417636,Cash,Failed
T99120,,C773,Smartphone,-8.0,,pay pal,Completed
T99121,,C4049,C,2.0,393.4217731047194,Credit Card,
T99122,,C2433,Smartphone,8.0,-983.8221128831239,credit card,completed
T99123,,C1173,Laptop,-9.0,209.600445280093,creditcard,Pending
T99124,,C403,Coffee Ma,878.0,921.0330185842996,PayPal ,complete
,,C321,Headphones,10.0,607.0657318388302,pay pal,
T99126,,C1843,Smartphone,8.0,,PayPal ,
T99127,,C871,Tablet,-2.0,-984.5540120923279,Cash,complete
T99128,,C2732,Coffee Machine,-9.0,-555.4482254274474,pay pal,
T99129,,C452,Coffee Machine,-4.0,-824.3116532135771,Credit Card,completed
,,,Tablet,185.0,,credit card,Failed
T99131,,C3107,Headphones,9.0,556.5487764610641,PayPal,Pending
T99132,,C955,Headp,4.0,,pay pal,
T99133,,C443,Laptop,894.0,721.1907889641097,Credit Card,Failed
T99134,,C318,Headphones,10.0,-628.5632624080072,Credit Card,completed
T99135,,C1839,Laptop,-5.0,$-503.11,credit card,Completed
T99137,,C3325,Tablet,1.0,,PayPal ,completed
T99139,,C4943,Laptop,841.0,-780.1194068348226,Cash,Completed
T99140,,C1708,Lapto,-1.0,-535.8981585108802,creditcard,Pending
T99141,,C4382,Smartphone,-1.0,,credit card,complete
T99143,,C885,Laptop,-1.0,-958.0389306615969,Credit Card,
T99145,,,Coffee Machine,522.0,-240.07500353894818,Credit Card,Failed
T99147,,C2210,Tablet,973.0,-192.01391168333487,credit card,completed
T99148,,C1400,Headphones,6.0,,Credit Card,completed
T99150,,C617,Laptop,889.0,,credit card,Completed
T99152,,C2023,Headphones,-5.0,678.7796875102828,pay pal,complete
T99153,,C3081,Laptop,-10.0,,PayPal,complete
T99156,,C613,Coffee Machine,2.0,,Cash,Pending
T99158,,C3030,Tablet,426.0,,PayPal,Failed
T99161,,C552,Smartphone,540.0,$-747.39,creditcard,completed
T99163,,C3911,Smartphone,-6.0,,PayPal ,completed
,,C108,Headphones,-1.0,-293.0207220054069,Credit Card,Pending
T99165,,C282,Tablet,9.0,-706.880422544534,credit card,Pending
T99166,,C4009,Coffee Machine,,,Credit Card,complete
T99168,,C1507,Coffee Machine,217.0,,pay pal,
,,C1751,Laptop,-8.0,,credit card,Completed
T99173,,C463,Tablet,-9.0,,Credit Card,Failed
T99175,,C3453,Coffee Machine,863.0,-896.6078825884924,Cash,Completed
,,C3921,Laptop,-2.0,,creditcard,completed
T99178,,C601,Coffee Machine,772.0,288.80623656827834,creditcard,Completed
T99181,,,Headphones,522.0,,credit card,complete
T99182,,C4323,Headphones,3.0,-571.9778239289279,Cash,Failed
T90580,,C4077,Smartphone,750.0,,Cash,completed
T99185,,C2539,Laptop,-10.0,,pay pal,Pending
T99187,,C4600,Coffee Machine,410.0,735.9638962233925,PayPal,complete
T99189,,C4514,Smartp,667.0,958.8119038575832,Cash,Pending
T99192,,C1935,Smartphone,-10.0,,Credit Card,complete
T99193,,C3386,Coffee Machine,,,PayPal,Pending
T99195,,C1461,Coffee Machine,769.0,-186.65432582118478,pay pal,Failed
T99197,,C3414,Laptop,759.0,,PayPal,
T99198,,C4991,Tablet,7.0,-305.8299871694495,PayPal ,Pending
T99199,,C4902,Coffee Machine,-1.0,$-965.40,PayPal ,
T99202,,C1240,Tablet,3.0,,Cash,Pending
T99204,,C2007,Tablet,-9.0,,Credit Card,Pending
T99205,,C1949,Tablet,445.0,,creditcard,Failed
T99206,,C2499,Smartphone,-1.0,270.7408582739797,pay pal,
T99207,,C2214,Headpho,-3.0,-771.6844424339538,Cash,
T99210,,C4411,L,8.0,391.2316957717977,Credit Card,Pending
T99212,,C4554,Headp,1000.0,,Cash,Pending
T99213,,C4163,Tablet,7.0,-252.78589629835506,Credit Card,Pending
,,C1422,Coffee Machine,-1.0,$-804.06,PayPal ,complete
T99215,,C4629,Laptop,6.0,-351.9203963170338,pay pal,complete
T99216,,C2514,Smartphone,8.0,,PayPal ,Completed
T99218,,C2185,Coffee Machine,553.0,,pay pal,Failed
T99219,,C4974,Laptop,1.0,-70.36851154829526,Cash,Failed
T99221,,C1788,Tablet,824.0,-862.0885588925992,credit card,
T99222,,C4129,Smartphone,1.0,,Credit Card,Failed
T99223,,C4922,Coffee Machine,-7.0,,PayPal,complete
T99224,,C4543,Laptop,,665.1948195125176,creditcard,complete
T99225,,C3908,Smartphone,2.0,-113.88064253830646,credit card,
T99226,,C3928,Tablet,-4.0,543.7264059778036,pay pal,complete
T99228,,C4727,Tablet,-10.0,-679.0268669791544,PayPal,Pending
T99229,,C892,Coffee Machine,-10.0,-794.4345650548378,creditcard,Pending
T99231,,C4547,Headphones,390.0,,Credit Card,complete
T99232,,C1132,Tablet,-10.0,,credit card,completed
T99233,,C3395,Coffee Machine,-4.0,172.87018980096377,PayPal ,complete
T99235,,C4591,Coffee Machine,-2.0,443.7862152401091,Credit Card,
T99236,,C3319,Tablet,-6.0,909.0459339264321,PayPal ,
T99237,,C2884,Tablet,-8.0,-702.5625226240613,PayPal ,Pending
T99239,,C1557,Smartphone,327.0,419.38752396765597,PayPal,Pending
T99241,,,Coffee Machine,6.0,,Cash,Failed
T99242,,C4165,Coffee Machine,385.0,,PayPal,Pending
T99243,,C2702,Tablet,-1.0,-177.2006835525517,PayPal,
T99246,,C304,Coffee Machine,483.0,-869.651476110096,credit card,Failed
T99248,,C3744,Tablet,466.0,497.2499958931719,PayPal ,Failed
,,,Smartphone,,,PayPal ,completed
,,C3138,Headphones,322.0,-343.6382404882304,PayPal,Completed
T99253,,C1615,Tablet,-1.0,,Cash,
T99254,,C4671,Laptop,-5.0,-439.9813216130924,credit card,Pending
T99255,,C3846,Smartphone,5.0,-188.99823991437506,creditcard,Pending
T99256,,C4193,Headphones,1.0,-382.21287248578324,PayPal,Completed
T99257,,C4634,Tablet,752.0,,PayPal ,
T99258,,C4500,Coffee Machine,-2.0,-684.8317299039495,creditcard,Pending
T99261,,C1487,Coffee Machine,-2.0,,Cash,Completed
T99262,,C2639,Headphones,-10.0,,Cash,Completed
T99263,,C4504,Coffee Machine,7.0,386.8115372399114,credit card,Pending
T99264,,C1647,Tablet,5.0,384.4347960025296,PayPal,Failed
T99265,,C3996,Laptop,,-577.3269377459085,creditcard,
T99267,,C732,Headphones,137.0,-833.1854852445069,pay pal,complete
T99269,,C230,Headphones,-5.0,,PayPal ,completed
T99270,,C2897,Tablet,,$819.09,Cash,
,,C1572,Coffee Machine,-9.0,,PayPal,
T99273,,C4477,Laptop,-4.0,,credit card,Failed
T99274,,C4511,Laptop,-7.0,,PayPal ,Pending
T99276,,C2162,Tablet,-9.0,-367.19188814483994,Credit Card,Completed
T99278,,C362,Smartphone,-7.0,-501.21836793224674,creditcard,Completed
T99279,,C2763,Headphones,-2.0,$-976.78,Cash,Completed
T99281,,C1144,Coffee Machine,4.0,,pay pal,complete
T99285,,C1166,Headphones,1.0,-829.0033858882289,Credit Card,complete
T99286,,C3709,Headphones,,,Credit Card,Pending
,,C3263,Headphones,8.0,163.02389713425652,PayPal ,complete
T99288,,C3594,Headph,-6.0,,Cash,Pending
T99289,,C1095,Headphones,2.0,,Credit Card,Failed
T99291,,,Smartphone,9.0,,creditcard,complete
T99292,,,Smartphone,6.0,,creditcard,complete
T99293,,,Headphones,-8.0,734.9977398149882,Cash,Pending
T99294,,C4411,Laptop,-4.0,,Cash,Completed
T99295,,C1589,Smartphone,399.0,-439.61938144485543,PayPal,
T99296,,C3312,Headphones,-10.0,,PayPal ,
T99297,,C4009,Smartphone,3.0,,credit card,complete
T99298,,C3927,Smartphone,-10.0,,creditcard,Pending
T99300,,C3678,Smartphone,-10.0,595.8778485979406,PayPal,complete
T99301,,C3522,Laptop,-9.0,-813.0599190239466,Credit Card,completed
T99302,,C4475,Laptop,-4.0,-717.8101993240105,PayPal ,complete
T99304,,C395,Headphones,3.0,$-517.94,PayPal,
T99306,,C2136,Headphones,9.0,161.79147701765947,creditcard,Completed
,,C2792,Smartphone,7.0,751.9388537899928,PayPal,Failed
T99309,,C167,Smartphone,8.0,-310.72047588913836,creditcard,Pending
T99310,,C3119,Headphones,817.0,55.62187141604885,Credit Card,Pending
T99311,,C2228,Smartphone,,,creditcard,
T99313,,C2658,Headphones,,688.0533071212119,PayPal,Completed
T99314,,,Coffee Machine,,$-937.57,Cash,Failed
T99315,,C4027,Laptop,2.0,-936.5304894125993,PayPal ,complete
T99317,,C2082,Tablet,965.0,,Cash,completed
T99318,,C4151,Tablet,217.0,,pay pal,Completed
T99319,,C1390,Headphones,154.0,-838.3450119772324,Credit Card,
T99324,,C1763,Headphones,10.0,-138.18304946689636,Cash,
T99325,,C2047,Headphones,8.0,-712.3798566272858,Credit Card,Pending
T99327,,C815,Smartphone,3.0,136.98670440209372,Cash,Completed
T99328,,C1222,Tablet,-8.0,,PayPal,completed
T99329,,C3980,Coffee M,227.0,245.33161046262327,pay pal,Pending
T99331,,C3821,Lapto,-7.0,-393.88397503439694,Credit Card,Pending
T99332,,C1545,Tab,664.0,-120.98512183499258,creditcard,Pending
,,C2800,Coffee Machine,938.0,$-728.60,creditcard,Failed
T99334,,C2617,Laptop,-5.0,,PayPal,Pending
T99336,,C4126,Smartphone,4.0,-683.9671913898698,pay pal,
T99337,,C4102,Headphones,231.0,,Credit Card,Failed
T49988,,C3811,Coffee Machine,434.0,705.3447735226796,pay pal,Failed
T99342,,C1059,Tablet,211.0,,creditcard,completed
T99345,,C2333,Coffee Machine,-10.0,-192.93501355686942,pay pal,completed
T99346,,C4119,Laptop,-5.0,$52.58,PayPal ,Pending
T99350,,C370,Tablet,-1.0,-146.18148168879316,creditcard,Completed
T99352,,,Headphones,377.0,$-358.67,PayPal,Pending
T99353,,C3761,Smartphone,-8.0,-90.26020079724128,pay pal,Pending
T99354,,C3078,Laptop,970.0,896.875188190008,Cash,
T99358,,,Tablet,956.0,-796.5113090107151,PayPal,Pending
T99361,,C3013,Headphones,816.0,$-651.74,pay pal,Pending
T99363,,C183,Laptop,2.0,121.26506524450205,credit card,completed
T99364,,C4786,Smartphone,-8.0,,PayPal,Completed
T99365,,C3091,Laptop,9.0,527.936598888225,PayPal,completed
T99366,,C3872,Tablet,-1.0,-158.30229817243867,Credit Card,complete
T99367,,C3981,Headphones,-9.0,-626.7759508874781,PayPal,
T99368,,C753,Tab,-8.0,-187.52417663279118,PayPal ,complete
T99369,,C328,Headphones,-7.0,,pay pal,Failed
T99371,,C3252,Coffee Machine,-2.0,-909.1704102425197,Credit Card,complete
T99372,,C4555,Coffee Machine,10.0,625.3165973116052,Credit Card,completed
T99375,,C4752,Headphones,4.0,,PayPal ,Completed
T27255,,C4755,Coffee Machine,-6.0,675.1140254617484,PayPal,completed
T99378,,C1936,Headphones,6.0,,Credit Card,Completed
T99380,,C2353,Laptop,-1.0,939.7453996575832,credit card,
T99381,,C2503,Laptop,214.0,64.25921208885244,pay pal,Failed
T99382,,C062,Coffee Machine,-3.0,491.8787909642274,creditcard,
T85040,,C4961,Headphones,3.0,-193.81776271387662,Cash,Failed
T99385,,C289,Headphones,1.0,,PayPal ,Failed
T99386,,C1879,Laptop,-5.0,$-612.25,PayPal ,
T99387,,C1759,Coffee Machine,460.0,,PayPal,complete
T99388,,C1904,Smartphone,3.0,-316.87380888877533,PayPal ,
T99390,,C4223,Coffee Machine,-10.0,,PayPal ,complete
T99392,,,Headphones,959.0,904.3717880578844,PayPal ,Failed
T99394,,C023,Headphones,210.0,750.2882086637007,Credit Card,
T99395,,C3423,Headphones,-10.0,181.37743732451344,creditcard,Pending
T99396,,C3944,Tablet,491.0,,Credit Card,complete
T99397,,C2530,Tab,-5.0,-154.72669099765153,PayPal ,completed
T99399,,C4373,Laptop,-7.0,,Cash,
T99400,,C4916,Tablet,852.0,,Cash,Completed
T99401,,C2878,Headphones,-9.0,-783.1000042764495,Credit Card,
T99402,,C219,Laptop,2.0,$678.00,PayPal ,Pending
T99403,,C4581,Headphones,2.0,,PayPal,Failed
T99406,,C1589,Tablet,-7.0,942.460013014612,credit card,Completed
T99407,,C817,Coffee Ma,144.0,731.6163432526205,Cash,Failed
T99409,,C1742,Headphones,-6.0,,pay pal,Pending
T99410,,C991,Lap,706.0,$906.16,credit card,
T99411,,C882,Laptop,,529.8947820271719,creditcard,Pending
T99414,,C698,Headphones,9.0,,PayPal,Pending
T99415,,C811,Smartphon,2.0,,PayPal,complete
T99416,,C2293,Tab,-7.0,464.8601440415718,Cash,Completed
T99417,,C3462,Coffee Machine,929.0,-333.72431989972256,PayPal,
T99418,,C1426,Smartphone,720.0,-425.1685753222247,Credit Card,completed
T99420,,C3286,Smartphone,-2.0,865.5923147099817,credit card,complete
T99421,,C573,Headphones,7.0,,creditcard,completed
T99422,,C4385,Tablet,-8.0,,creditcard,
T99424,,C3756,Tablet,407.0,,Credit Card,Failed
,,C2882,Smartphone,,$-561.86,Cash,completed
T99428,,,Headphones,133.0,-257.73905214343097,PayPal,Pending
T99429,,C1138,Coffee Machine,-1.0,-392.6413742173054,pay pal,
T99430,,C1534,Coffee Machine,299.0,$-902.62,credit card,Completed
T99431,,C3683,Smartphone,340.0,-614.5271111435554,PayPal,Pending
T99433,,C674,H,997.0,-514.723778159368,Credit Card,Completed
T99437,,C4548,Laptop,5.0,,PayPal,Failed
T99438,,C1187,Headphones,-3.0,$-302.53,Credit Card,
T99439,,C205,Coffee Machine,4.0,459.30649258241726,Credit Card,
T99442,,C4008,Tablet,-8.0,164.21217749044868,Cash,completed
T99445,,C2243,Coffee Machine,-4.0,62.67848748227515,credit card,complete
T99446,,C4837,Headphones,9.0,,PayPal,Completed
T99448,,C4595,Headphones,551.0,-846.31750828243,PayPal ,Completed
T99451,,C492,Tablet,8.0,152.35359004102662,PayPal ,Completed
T99453,,C4371,Laptop,6.0,,PayPal,completed
T99454,,C2541,Tablet,572.0,536.9270973340128,Cash,
T99455,,C055,Headphones,9.0,300.0768363616958,pay pal,completed
T99456,,C281,Headphones,-6.0,-368.59363451866943,Cash,Completed
T99458,,C1748,Smartphone,-4.0,-72.39209020626663,pay pal,
T99461,,C872,Tablet,386.0,,Credit Card,Completed
T99462,,C1186,Coffee Machine,,-456.62405667219616,creditcard,Completed
T99463,,C1691,Tablet,10.0,-693.4951898320777,Cash,Failed
T99464,,C2964,Coffee Machine,-8.0,,Cash,completed
T99465,,C4736,Laptop,,-772.686704851239,credit card,
T99467,,C4719,Smartphone,8.0,113.53958449800396,Credit Card,Completed
T99468,,C998,Tablet,618.0,$-519.75,PayPal ,
T99469,,C3452,Tablet,,-726.925254971934,Cash,complete
T99470,,C083,Coffee Machine,756.0,,Cash,complete
T99471,,C014,Smartphone,-4.0,-695.3227186547867,Credit Card,completed
T99472,,C4372,Lap,312.0,465.8664482477849,PayPal,complete
T99473,,C1243,Coff,882.0,-921.0585522933777,Cash,Pending
T99474,,C3086,Smartphone,1.0,-150.43700009103225,Cash,Failed
T99475,,C1841,Coffee Machine,2.0,,pay pal,Failed
T99477,,C4400,Tablet,651.0,,PayPal,completed
T99478,,C2963,Coffee Machine,-9.0,,PayPal ,completed
T99479,,C4836,Tablet,3.0,402.38652952628127,creditcard,completed
T99480,,C017,Laptop,-4.0,-258.9957731387947,credit card,complete
T99481,,C4138,Laptop,681.0,659.7280252281553,Credit Card,Completed
T99483,,C3068,Smartphone,754.0,$-93.09,creditcard,Pending
T99484,,C1953,Smartphone,3.0,,pay pal,Completed
T99486,,C4994,Coffee Machine,-9.0,-981.248994621575,Credit Card,complete
T99488,,C2918,Headphones,8.0,-911.779249320499,PayPal ,completed
T99489,,C3436,Laptop,-5.0,625.7525393375201,credit card,
T99490,,C847,Headphones,10.0,884.500161368862,PayPal ,Failed
T99491,,,Coffee Machine,-3.0,499.80683227265774,Credit Card,completed
T99494,,C3610,Smartphone,4.0,,Cash,Pending
T99495,,,Tablet,-5.0,$578.64,Credit Card,completed
,,C841,Smartphone,522.0,662.9547657353925,Credit Card,
T99499,,C3091,Coffee Machine,2.0,,credit card,Pending
T99500,,C1929,Laptop,317.0,157.64209961753008,PayPal ,Completed
T99501,,C3901,Headphones,698.0,-946.2509988377856,Cash,Failed
T99503,,C3511,Smartphone,709.0,,PayPal ,
T99504,,C3684,Coffee Machine,-3.0,298.0498234447059,creditcard,
T99506,,C499,Coffee Machine,3.0,-827.1375410475221,PayPal ,
T99507,,C2305,Laptop,-10.0,819.7629713068833,PayPal,complete
T99509,,C2075,Lapto,499.0,284.74482891827057,Cash,Pending
T99511,,C1857,Tablet,-1.0,,credit card,
T99512,,C4281,Tablet,4.0,-943.2090947887124,creditcard,Completed
T99513,,C029,Tablet,10.0,,credit card,Pending
T99514,,C1988,Smartphone,-8.0,-187.22199265834297,Cash,completed
T99515,,C4460,Coffee Machine,7.0,-334.81910618038796,credit card,completed
T99517,,C1957,Headphones,,-295.4327866329186,creditcard,complete
T99518,,C4290,Smartphone,490.0,,PayPal,
T99519,,C3133,Headphones,7.0,184.98429865066865,Credit Card,
T99521,,C3483,Headphones,825.0,225.59143368287556,Credit Card,complete
T99522,,,Tablet,-2.0,,PayPal,
T99523,,C3385,Laptop,-5.0,,credit card,complete
T99524,,C4465,Headphones,-1.0,-968.8892756100108,creditcard,complete
T99526,,C2714,Smartphone,691.0,,Cash,
,,C1309,Tablet,,-650.1096866297785,PayPal ,
T99528,,C770,Smartphone,827.0,-589.518506053968,creditcard,Failed
T99529,,C3411,Headphones,10.0,,credit card,completed
T99532,,C1630,Smartp,131.0,809.5165244824609,credit card,complete
T99535,,C4197,Laptop,886.0,-822.1819316598833,Cash,Failed
T99537,,C3615,Laptop,919.0,,Cash,Pending
T99538,,C4481,Laptop,154.0,328.88299886491,Cash,complete
T99540,,C4391,Laptop,411.0,-485.3544820824661,Cash,Completed
T99541,,C1726,Coffee Machine,960.0,-406.3097308953344,credit card,Completed
T99542,,C4739,He,777.0,784.185163002586,Cash,completed
T99543,,C1842,Headphones,348.0,807.1156132142899,pay pal,Completed
,,C4273,Headphones,531.0,$-260.90,pay pal,completed
,,C3315,Headphones,884.0,513.5891274759695,credit card,Failed
T99546,,C3634,Coffee Machine,3.0,255.78603703477847,PayPal ,complete
T99548,,C2471,Smartphone,434.0,209.60297171586365,PayPal ,Pending
T99550,,C3846,Laptop,4.0,,Cash,complete
T99551,,C2434,Tablet,176.0,,Credit Card,complete
T99552,,C1573,Laptop,4.0,737.4828437069832,Credit Card,completed
T99553,,C943,Headphones,440.0,$946.50,PayPal,Pending
T99556,,C107,Headphones,10.0,314.5442699253984,PayPal ,Completed
T99557,,C4217,Coffee Machine,6.0,,pay pal,complete
T99558,,C539,Smartphone,9.0,90.58153683342867,Cash,Completed
T99559,,C3934,Tablet,494.0,371.48297557696793,creditcard,
T99562,,C148,Laptop,1.0,,creditcard,
T99563,,C3696,Headphones,305.0,,PayPal,Failed
T99564,,C403,Coffe,-4.0,,PayPal,Pending
T99567,,C2302,Coffee Machine,780.0,,PayPal ,Failed
T99568,,C898,Laptop,-7.0,-989.043663602643,PayPal,
T99573,,C1794,Coffee Machine,175.0,,Credit Card,completed
T99574,,,Coffee Machine,222.0,-518.4016802094318,pay pal,Failed
T99576,,C148,Laptop,,-177.9415088222513,Cash,completed
T99577,,C3984,Tablet,9.0,,Credit Card,
T99578,,C1245,Headphones,-9.0,658.0061378680132,pay pal,Pending
T99580,,C1647,Coffee Machine,-10.0,,Credit Card,Completed
T99581,,C113,Coffee Machine,406.0,945.7827964576367,Cash,
T99583,,C1181,Headphones,396.0,-913.41413507942,Credit Card,Completed
,,C4488,Coffee Machine,-9.0,687.2861286786695,PayPal ,Failed
T99585,,C054,Laptop,770.0,,PayPal,completed
T99586,,C1400,Tablet,269.0,420.3812756183619,PayPal ,Completed
T99587,,C709,Laptop,-5.0,365.1059534718747,pay pal,completed
T99589,,C4586,Tablet,-8.0,591.6892030522163,PayPal ,Failed
T99590,,C686,Coffee Machine,3.0,$653.24,creditcard,
T99591,,C3733,Headphones,-1.0,,PayPal ,completed
T99592,,C3093,Smartphone,464.0,439.8129374763527,Cash,complete
T99597,,C1266,Headphones,-2.0,808.1352725078743,creditcard,Pending
T99599,,C4480,Laptop,460.0,-113.40450289234593,pay pal,Pending
T99600,,C3640,Headphones,-4.0,316.79508583804886,Cash,
T99601,,C2488,Coffee Machi,1.0,-235.15510918976543,creditcard,Failed
T99603,,C913,Headphon,10.0,$729.95,credit card,complete
T99606,,C2946,Tablet,353.0,-356.31272736638937,PayPal ,Pending
T99608,,C1599,Coffee Machine,169.0,-108.02659019853672,PayPal,Failed
T99609,,C2273,Coffee Machine,,,pay pal,Pending
T99610,,C911,Tablet,700.0,,creditcard,Failed
T99612,,C1636,Coffee Machine,,,PayPal,completed
T99613,,C2263,Smartphone,5.0,,Cash,completed
T99614,,C029,Coffee ,-1.0,657.714272208515,PayPal,
T99615,,C1936,Headphones,2.0,-975.8429248969811,Credit Card,complete
T99618,,C2350,Smartphone,344.0,,Credit Card,complete
T99619,,C2544,Tablet,515.0,-95.74481728287753,Credit Card,complete
T99624,,C1531,Headphones,2.0,-988.6307732031914,Cash,Failed
T99626,,C485,Tablet,-8.0,-823.6460394402402,PayPal,completed
T99627,,C4523,Coffee Machine,6.0,$876.10,credit card,complete
T99628,,C972,Coffee Machine,293.0,,PayPal ,Failed
T99629,,C4524,Headphones,3.0,-751.353528945474,creditcard,Pending
T99630,,C2974,Tablet,3.0,576.6481150236565,Credit Card,complete
T99631,,C242,Smartphone,10.0,-716.0580486035014,creditcard,
T99632,,C3377,Smartphone,962.0,$138.28,Cash,
T99633,,C1995,Coffee Machine,382.0,$-156.75,PayPal,Failed
T99634,,C1838,Coffee Machine,807.0,,Credit Card,completed
T99637,,C3023,Tablet,4.0,-873.8577257923665,credit card,complete
T99638,,C1869,T,-2.0,-638.6030531884317,PayPal,completed
T99640,,C3915,Smartphone,5.0,429.78966548313963,credit card,completed
,,C191,Coffee,9.0,,PayPal,completed
T99642,,C3438,Coffee Machine,-10.0,-419.03920484558887,pay pal,complete
T99643,,C1056,Ta,-8.0,425.57771037932315,Cash,completed
T99644,,C1781,Headphones,-1.0,754.3501804800937,Cash,completed
T99645,,C066,Headphones,121.0,,PayPal,complete
T99646,,C3203,Tablet,7.0,842.2428742048837,Credit Card,Failed
T99647,,C1817,Headphones,-3.0,297.35627740944255,creditcard,Completed
,,C2961,Smartphone,-7.0,,creditcard,Pending
T99649,,C419,Laptop,-10.0,$-438.66,PayPal,complete
T99650,,C2952,Coffee Machine,127.0,,pay pal,
T99651,,C3183,Laptop,536.0,,Cash,
T99653,,C3209,Lapt,324.0,,Cash,
T99654,,,C,150.0,$96.36,creditcard,complete
T99657,,C4613,Smartphone,-4.0,375.73977749758274,Credit Card,complete
T99658,,C1102,Coffee Machine,10.0,-447.0365621340824,credit card,complete
,,C2267,Tablet,-3.0,,creditcard,completed
T99661,,C2026,Headphon,-3.0,,Credit Card,complete
,,,Headphones,2.0,,pay pal,Completed
T99663,,C1759,Headphones,6.0,$460.31,PayPal ,Completed
T99664,,C3625,Coffee Machine,-7.0,-304.19590299147933,credit card,Failed
T99665,,C017,Smartphone,-7.0,-286.9317929156467,PayPal,Failed
T99666,,C1808,Coffee Mach,7.0,354.5085702731575,PayPal ,complete
T99667,,C1070,Laptop,519.0,,PayPal,complete
T99668,,C4063,Laptop,-3.0,,Credit Card,
T99669,,,Laptop,4.0,821.7992955107574,pay pal,Failed
T99670,,C281,Coffee Machine,4.0,,pay pal,Pending
T99671,,C3246,Smartphone,-4.0,-691.5783531761665,credit card,
T99672,,,Headphones,,-781.8449587121918,PayPal ,complete
T99673,,C3498,Coffee Machine,2.0,109.53868880394464,Cash,Pending
T99674,,C2105,He,212.0,-804.4727986534213,Cash,completed
T47093,,C4823,Tablet,-6.0,-522.4003199263182,creditcard,Completed
T99677,,C2570,Laptop,-5.0,915.665895885957,credit card,
T99681,,,Laptop,-5.0,$744.71,creditcard,Pending
T99682,,C954,Laptop,-4.0,-867.4513850736193,credit card,Failed
T99683,,C526,Laptop,808.0,-404.97850541341904,pay pal,completed
T99684,,C1133,Tablet,-2.0,258.76793650677917,PayPal ,
T99686,,C3108,Headphones,-2.0,-114.94578906125696,pay pal,Failed
T99689,,C097,Headphones,-9.0,,PayPal,
T99690,,C3569,Tablet,-9.0,-464.4362674259721,PayPal,Completed
T99693,,C2925,Smartphone,493.0,,PayPal,complete
T99694,,C4444,Tablet,367.0,-786.0672934725385,pay pal,Failed
T99695,,C3980,Smartphone,104.0,819.7296546663487,PayPal ,Completed
,,C469,Smartphone,-2.0,$-699.09,Cash,Completed
T99697,,,Smar,2.0,-282.0594895168757,creditcard,Completed
,,C2496,Coffee Machine,994.0,-661.0947656427602,pay pal,complete
T99699,,C582,Tablet,-8.0,$830.89,credit card,complete
T99700,,C3243,Coffee Machine,492.0,-635.8091001129694,credit card,Pending
T99701,,C4254,Coffee Machine,202.0,,pay pal,
T99704,,C4314,Tab,2.0,,pay pal,Completed
T99705,,C309,Laptop,-6.0,100.48382727706658,creditcard,complete
T99706,,C1755,Headphones,297.0,,Cash,Failed
T99708,,C4079,Headphones,,,PayPal,
,,C4160,Tablet,4.0,-496.8223431807351,creditcard,Completed
T99710,,C4035,Coffee Machine,-7.0,378.7594834860436,Cash,Failed
T99711,,C3566,Head,5.0,,credit card,completed
T99712,,C1883,Headphones,-8.0,,pay pal,Completed
T99713,,C3366,Tablet,10.0,299.0981878731717,PayPal,
T99714,,,Headphones,197.0,,credit card,completed
T99715,,C2523,Headphones,243.0,$-272.53,Credit Card,Failed
T99716,,C3916,Headphones,663.0,,creditcard,
T99717,,C1146,Smartphone,541.0,,Cash,complete
T99718,,C2655,Smartphone,258.0,,credit card,complete
T99721,,C3500,Coffee Machine,774.0,,Credit Card,Failed
T99722,,C227,Coffee Machine,863.0,,pay pal,
T99723,,C4621,Headphones,4.0,$-857.95,Credit Card,
T99724,,C649,Laptop,230.0,,Cash,Failed
T99725,,C4135,Laptop,-7.0,-726.0675431694366,Cash,Failed
T99727,,C129,Tablet,821.0,917.1958472085779,credit card,completed
T99729,,C3774,Laptop,241.0,,PayPal,complete
T99731,,C2630,Coffee Machine,335.0,,credit card,complete
T99732,,C3296,Headphones,10.0,,Credit Card,complete
T99733,,C3682,Coffee Machine,4.0,,PayPal,
T99734,,C2518,Smartphone,,931.3467532200541,credit card,Completed
T99735,,C4141,Coffee Machine,4.0,784.197527751287,creditcard,Failed
T99736,,C3271,Laptop,9.0,681.5459675792873,creditcard,
T99737,,C4906,Smartphone,,701.0563246999299,Cash,
T99738,,C2122,Lap,9.0,,PayPal ,Completed
T99740,,C2580,Smartphone,-1.0,,Credit Card,Failed
T99742,,C004,Tablet,-6.0,,Cash,Failed
T99743,,C2545,Headphones,5.0,320.70377660498934,Cash,complete
T99744,,C2193,Coffee Machine,-6.0,,pay pal,Pending
T99746,,C1697,Tablet,-5.0,-555.4538468900885,pay pal,Failed
T99747,,C3247,Headphones,,-201.3213660778655,credit card,Failed
T99749,,C940,Headphones,2.0,,creditcard,complete
T99750,,C248,Coffee Machine,-8.0,-491.06447282290736,pay pal,completed
T99753,,C4508,Tab,-3.0,287.8168947189673,credit card,complete
T99754,,C3240,Laptop,,,pay pal,
T99755,,C1361,Headphones,139.0,-894.7679539719263,PayPal ,Pending
T99756,,C3951,Smartphone,-7.0,,Cash,completed
T99758,,C3339,Laptop,9.0,,PayPal ,complete
T99759,,C1946,Tablet,1.0,-405.8034511320585,pay pal,Failed
T99761,,C3943,Tablet,2.0,$842.25,creditcard,complete
T99762,,C808,Headphones,,,PayPal,completed
T99763,,C3337,Coffee Machine,3.0,,PayPal ,Failed
T99765,,C4234,Smartphone,-5.0,548.9633446826198,pay pal,Completed
T99768,,C4422,Smartphone,-8.0,$146.86,creditcard,complete
T99769,,C1740,Coffee Machine,620.0,986.0480041975939,creditcard,Completed
T99773,,C2483,Smartphone,,315.36366633490746,PayPal ,Failed
T99774,,,Smartphone,-2.0,786.9455637588828,PayPal,complete
T99775,,C2475,Lapto,6.0,,Cash,complete
T99776,,C1554,Coffee Machine,3.0,,PayPal ,Completed
T99777,,C1739,Smartphone,-5.0,-769.1837552437789,Cash,Pending
T99778,,C1694,Smartphone,248.0,936.7217912575807,pay pal,complete
T99779,,C4137,Tablet,528.0,,creditcard,complete
,,,Headphones,-5.0,$-829.25,credit card,Failed
T99781,,C2269,Smartphone,4.0,-284.2471456625801,creditcard,
T99782,,C2695,Headphones,7.0,-387.0272486273028,PayPal,completed
T99783,,C3894,Coffee Machine,1.0,521.6463193024479,credit card,complete
T99785,,C2137,Headphones,-6.0,$-538.95,pay pal,Completed
T15545,,C2823,Laptop,3.0,,pay pal,completed
T99793,,C2245,Tablet,8.0,,creditcard,
T99794,,C1422,Headphones,5.0,651.432287616316,pay pal,Completed
T99795,,C2328,Headphones,3.0,$941.70,PayPal,Pending
T99798,,C2914,Coffee Machine,-9.0,$-174.27,Credit Card,complete
T99800,,,Coffee Machine,557.0,588.5354675889296,PayPal ,Pending
T99802,,C268,Laptop,3.0,-267.44577612444425,Cash,Pending
T99803,,C4188,Coffee Machine,8.0,,PayPal ,complete
T99804,,C3853,Coffee Machine,-5.0,-67.44147566998788,credit card,Completed
T99805,,C1951,Tabl,-9.0,,Cash,complete
T99806,,C416,Headphones,5.0,,Credit Card,completed
T99807,,C626,Tab,-3.0,-240.42286920835897,creditcard,complete
T99808,,C369,Coffee Machine,9.0,161.46469461582026,Credit Card,Completed
T99809,,C2355,Smartphone,,611.7802509588574,credit card,completed
T99811,,C4164,Tabl,587.0,-123.9510323128003,PayPal,Failed
T99812,,C1426,Coffee Machine,-4.0,-647.588781459114,PayPal ,Pending
T99814,,C2240,Coffee Machine,556.0,,creditcard,Pending
T99817,,C4717,Smartphone,-9.0,,Cash,completed
T99818,,C2450,Smartphone,5.0,$537.82,PayPal,completed
T99820,,C4122,Tablet,-2.0,,credit card,complete
T99821,,C3057,Smartphone,877.0,946.4926905914306,Credit Card,Failed
T99823,,C1441,Smartphone,10.0,-237.00416800087544,Credit Card,completed
T99824,,C3296,Coffee Machine,-5.0,510.80127063504,Cash,complete
T99825,,C875,Smartphone,6.0,932.2493089730415,PayPal,completed
T99827,,C1994,Coffee Machine,-10.0,-442.06413011766097,credit card,Pending
T99829,,C4504,Laptop,830.0,,Cash,complete
T99832,,C1254,Laptop,6.0,,PayPal,Pending
T99833,,C1056,Laptop,-4.0,,Credit Card,Pending
T99834,,C2051,Headphones,-4.0,593.7726624083629,PayPal,
T99835,,C4179,Smartphon,1.0,,creditcard,Completed
T99836,,C008,Headphones,-1.0,-877.8314744782184,PayPal ,Failed
T99837,,C2889,Headphones,9.0,,Credit Card,Failed
T99839,,C3579,Headphones,625.0,,PayPal ,Completed
T99840,,C2822,Coffee Machine,5.0,91.67556266315029,pay pal,
T99841,,C4824,Headphones,4.0,-586.2047332987861,Credit Card,
T99842,,C559,Headphones,568.0,,Cash,complete
T99843,,C3092,Smartphone,-1.0,878.235200218816,Cash,complete
T99844,,C2176,Smartphone,1.0,,Credit Card,Failed
T99847,,C4107,Headp,-3.0,-321.55437033023,Credit Card,completed
T99848,,C2852,Tablet,-8.0,863.520436808288,PayPal,
T99849,,C4841,Coffee Machine,538.0,$-469.06,Credit Card,completed
T99851,,C2881,Coffee Machine,957.0,-988.8838520102116,Cash,
T99852,,C1234,Tablet,9.0,,Cash,Pending
T99854,,,Smartphone,311.0,,PayPal ,Failed
T99856,,C1394,Smartphone,2.0,,creditcard,Pending
T99857,,C2213,Smartphone,-3.0,629.430956017971,creditcard,Failed
T99858,,C4483,Tablet,-4.0,,PayPal ,
T99860,,C4630,Coffee Machine,-8.0,,Cash,Pending
T99861,,,Tablet,3.0,,Credit Card,Completed
T99862,,,Smartphone,-8.0,160.65144834291772,Cash,
T99863,,C2605,Lap,7.0,870.6994521540245,Cash,completed
T99864,,C2913,Laptop,2.0,-259.8143743599611,Credit Card,Pending
T99865,,C4463,Laptop,5.0,$596.20,PayPal ,Completed
T99866,,C940,Tablet,115.0,,pay pal,completed
T6571,,C4483,Smartphone,2.0,421.99494928905284,PayPal,completed
T99868,,C1909,Coffee Machine,-5.0,101.5434950191511,Cash,Failed
T99869,,C393,Tablet,879.0,442.1401864090096,pay pal,Failed
T99870,,C1542,Headphones,9.0,315.8257033037186,Credit Card,completed
T99871,,C1096,Smartphone,286.0,-418.1068004193271,credit card,completed
T99872,,C3111,Laptop,7.0,923.2695611086094,creditcard,Completed
T99875,,C2413,Laptop,209.0,627.6603547426269,pay pal,
T99878,,C794,Smartphone,432.0,-544.6492987052766,credit card,complete
T99879,,C1934,Smartphone,10.0,326.5360887472947,Credit Card,
T99881,,C1122,Coffee Machine,10.0,-490.69415417503967,PayPal,completed
T99882,,C2001,Laptop,8.0,416.7296629472474,creditcard,Failed
T99883,,C1518,Smart,-8.0,630.5397369876409,PayPal ,
,,C2831,Tablet,-3.0,,Cash,completed
T99885,,C1756,Tablet,4.0,,Credit Card,
T99886,,C2508,Smartphone,-7.0,-513.0009990777805,Credit Card,
T99887,,C1331,Laptop,398.0,-789.6556146800908,pay pal,completed
T99889,,C539,Coffee Machine,-2.0,,PayPal ,Pending
T99890,,C2043,Smartphone,-1.0,430.0158532284767,PayPal ,Completed
T99891,,C1565,Tablet,109.0,-899.4346567934654,Cash,complete
T99892,,C1094,Smartphone,-8.0,530.7852762247719,Cash,completed
T99893,,C1824,Smartphone,7.0,-823.6339015191753,creditcard,Pending
T99894,,C2696,Laptop,7.0,-298.9257332378095,creditcard,completed
T99895,,C880,Coffee Machine,,-496.4728610350487,PayPal ,Failed
T99897,,C3929,Tablet,10.0,,credit card,Failed
T99900,,C384,Headphones,-6.0,-560.8354162971059,pay pal,complete
T99902,,C4697,Tablet,-6.0,678.5636088734827,credit card,completed
T99903,,C3007,Coffee Machine,10.0,,pay pal,Completed
T99905,,C667,Laptop,856.0,,PayPal,Completed
T99906,,C1031,Smartphone,7.0,$817.71,Cash,Pending
T99907,,C2546,Coffee Machine,805.0,-944.383294683308,PayPal ,Pending
T99911,,C3126,Tablet,-1.0,-405.22517958360095,Credit Card,completed
T99914,,C1002,Tablet,,$859.93,PayPal,Pending
T99916,,C4792,Smartphone,-1.0,-141.5282186377617,pay pal,Failed
T99917,,C3131,Laptop,7.0,,pay pal,Failed
T99918,,C2111,Headphones,5.0,-948.9579245061365,PayPal ,complete
T99919,,C2577,Smartphone,-1.0,,pay pal,Failed
T99920,,C2235,Tablet,251.0,,PayPal,
T99921,,C1390,Laptop,6.0,943.6404533938688,PayPal ,completed
T99922,,C4925,Laptop,231.0,,pay pal,Failed
T99923,,C2452,Lapto,189.0,-240.90735212693517,PayPal ,Completed
T99924,,C4594,Laptop,-6.0,617.8034627771767,credit card,
T99925,,C1335,Headphones,-5.0,,PayPal ,Completed
T99926,,C509,Headphones,-3.0,-440.452435066617,creditcard,complete
T99927,,C1280,Headphones,9.0,,pay pal,
T99928,,,Smartphone,-5.0,-951.5353783037484,PayPal ,complete
T99929,,C2897,Laptop,960.0,,pay pal,
T99931,,C606,Coffee Machine,-8.0,-418.9266987298529,PayPal ,completed
T99933,,C801,Smartphone,-6.0,,Credit Card,completed
T99934,,C4366,Headphones,-7.0,806.9438463543668,credit card,Failed
T99935,,C4297,Ta,-2.0,188.1163897673254,creditcard,Completed
T99936,,C1433,Headphones,8.0,379.0098516413999,Credit Card,
T99937,,,Coffee ,591.0,,creditcard,
T99938,,C3196,Tablet,-10.0,-934.2476667955993,creditcard,Pending
T99939,,C746,Laptop,453.0,,PayPal ,Failed
T99940,,C4436,Laptop,560.0,430.802486566914,creditcard,Failed
,,C3715,Smartphone,8.0,263.5671329311506,PayPal ,completed
T99943,,C221,Tablet,224.0,,creditcard,Completed
T99944,,C3433,Smartphone,2.0,461.34836845441185,pay pal,Completed
T99945,,C1452,Laptop,175.0,,pay pal,complete
T99948,,C215,Headphones,,-608.6544067512923,pay pal,Completed
T99950,,C983,Headphones,-6.0,,PayPal,completed
T99951,,C649,Laptop,112.0,-816.6985346271963,Cash,complete
T99954,,C1789,Smartphone,5.0,885.7816002077255,PayPal ,completed
T99955,,C1834,Laptop,346.0,-297.628543953026,credit card,complete
T99957,,C998,Smartphone,399.0,320.7693996295522,PayPal,Completed
T99959,,C3394,Smartphone,352.0,-755.8996506106766,pay pal,Completed
T99961,,C2423,Headphones,-1.0,,pay pal,
T99962,,C2754,Headphones,-3.0,,Cash,
T99965,,C077,Coffee Mac,-1.0,,credit card,Failed
T99966,,C3748,Headphones,-7.0,,PayPal ,Pending
T99969,,C788,Headphones,434.0,-76.55032839223156,PayPal ,Pending
T99970,,C153,La,-6.0,82.47380935452588,Credit Card,completed
T99971,,C1533,Laptop,597.0,,PayPal ,Pending
T99972,,C4059,Laptop,430.0,422.73636935901277,Credit Card,
T99973,,C2537,Tablet,811.0,443.24167433400225,credit card,completed
,,C918,Coffee Machine,702.0,,credit card,Pending
T99975,,C4069,Tablet,7.0,-597.0110711749498,PayPal,Completed
T99976,,C310,Smart,7.0,310.8389790558761,credit card,Failed
T99977,,C4803,Coffee Machine,-2.0,,PayPal,Failed
T99978,,C2582,Coffee Machine,2.0,428.0276320787293,pay pal,
T99979,,C4733,Smartphone,3.0,588.007873534123,PayPal,Pending
T99980,,C524,Tablet,5.0,,PayPal,complete
T99981,,C3336,Tablet,4.0,-952.6223673347757,pay pal,completed
T99982,,C4049,Laptop,2.0,-204.9329818590478,Cash,Failed
T99983,,C3891,Headphones,-10.0,,Credit Card,Completed
T99984,,C1089,Smartphone,-1.0,,pay pal,Failed
T99986,,C227,Smartphone,-1.0,860.3611406475852,creditcard,Pending
T99988,,C3220,Coffee Machine,-6.0,$871.22,Cash,Pending
T99989,,C011,Smartph,542.0,460.25198674107173,credit card,Failed
T99991,,C4555,Tab,2.0,131.0368687292207,pay pal,Failed
T99993,,C1285,Laptop,9.0,-765.1747864640138,credit card,Completed
T99995,,C2153,Smartphone,741.0,,PayPal,complete
T99998,,C280,Laptop,-10.0,,PayPal ,completed
T84917,,C2449,Coffee Machine,148.0,,PayPal,Failed
T93579,2022-01-10,C2693,Coffee Machine,1.0,,creditcard,complete
T31840,,C1706,Smartphone,821.0,-879.923616635864,pay pal,
,,C2976,Smartphone,-4.0,$252.24,PayPal,completed
T50994,,C4722,Coffee Machine,-3.0,,PayPal ,completed
T_NEW_9991,2026-08-26,C9999,Smartphone,1.0,500.0,Cash,completed
T_NEW_9992,2026-08-26,C8888,Laptop,2.0,1200.0,Paypal,completed
