customer_id,recency,frequency,monetary,R_score,F_score,M_score,RFM_Score,Segment
C001,173,9,874117.0812175819,2,3,3,233,At Risk
C002,322,8,737206.0535816562,2,3,3,233,At Risk
C003,69,8,534951.315676463,3,3,2,332,Champions
C004,267,4,139152.04788514608,2,1,1,211,Sleeping
C005,125,10,828129.6703388591,3,3,3,333,Champions
C006,18,11,2248448.2661644635,3,3,3,333,Champions
C007,249,4,528230.6612170149,2,1,2,212,Sleeping
C008,57,8,1373675.1808874782,3,3,3,333,Champions
C009,92,8,1407455.667433108,3,3,3,333,Champions
C010,27,10,1443805.317579669,3,3,3,333,Champions
C011,426,4,359214.45867365546,1,1,2,112,Sleeping
C012,192,6,942044.6699466717,2,2,3,223,At Risk
C014,391,3,302246.72902987624,1,1,2,112,Sleeping
C015,102,7,282131.4037678266,3,3,2,332,Champions
C016,632,3,407349.8933678733,1,1,2,112,Sleeping
C017,84,8,1357238.2699094617,3,3,3,333,Champions
C018,127,3,619435.7444000276,3,1,2,312,Newbies
C019,291,6,626806.2777315563,2,2,2,222,At Risk
C020,129,8,852555.917452824,3,3,3,333,Champions
C021,373,7,789457.7648377017,1,3,3,133,At Risk
C022,411,4,554612.1956669376,1,1,2,112,Sleeping
C023,1347,4,475300.61208683584,1,1,2,112,Sleeping
C024,162,4,6549.387124054606,2,1,1,211,Sleeping
C025,102,6,1164580.1634382268,3,2,3,323,Champions
C026,33,9,353150.034104161,3,3,2,332,Champions
C027,575,8,829183.1289869902,1,3,3,133,At Risk
C028,353,4,1304675.379928092,2,1,3,213,Sleeping
C029,393,4,631718.4025124902,1,1,2,112,Sleeping
C030,549,5,698473.7819176794,1,2,3,123,At Risk
C031,409,9,1530791.2686725548,1,3,3,133,At Risk
C032,69,5,52962.80353321485,3,2,1,321,Sleeping
C033,80,4,278213.98446037323,3,1,2,312,Newbies
C034,177,4,137344.78528840464,2,1,1,211,Sleeping
C035,272,6,410008.20876279194,2,2,2,222,At Risk
C036,340,4,704718.7010669693,2,1,3,213,Sleeping
C037,1656,2,150885.79055230803,1,1,1,111,Sleeping
C038,330,8,738259.1380895852,2,3,3,233,At Risk
C039,374,3,2293.144283342329,1,1,1,111,Sleeping
C040,359,4,470053.7211313879,2,1,2,212,Sleeping
C041,27,5,71279.53462317651,3,2,1,321,Sleeping
C042,59,6,499366.1239236467,3,2,2,322,Champions
C043,30,2,2694.6574557534595,3,1,1,311,Newbies
C044,314,6,449718.5305618724,2,2,2,222,At Risk
C045,61,9,1448437.459194639,3,3,3,333,Champions
C046,581,3,959505.3657349346,1,1,3,113,Sleeping
C047,268,5,1240696.103717769,2,2,3,223,At Risk
C048,139,6,923316.8579856118,2,2,3,223,At Risk
C049,181,3,193922.47353380936,2,1,1,211,Sleeping
C050,102,5,3003.2594901893826,3,2,1,321,Sleeping
C051,67,7,819282.4546582894,3,3,3,333,Champions
C052,236,4,395900.2172313621,2,1,2,212,Sleeping
C053,373,5,292425.6592149718,1,2,2,122,At Risk
C054,128,6,788869.9670302354,3,2,3,323,Champions
C055,255,6,526809.7016258093,2,2,2,222,At Risk
C056,477,6,13857.420891316462,1,2,1,121,At Risk
C057,35,10,1196759.3998220016,3,3,3,333,Champions
C058,163,5,559830.7025477176,2,2,2,222,At Risk
C059,125,6,20273.604865729176,3,2,1,321,Sleeping
C060,227,8,295675.5488151394,2,3,2,232,At Risk
C061,377,7,64136.70501050207,1,3,1,131,At Risk
C062,1223,3,266450.26371085766,1,1,2,112,Sleeping
C063,74,7,90868.05812335876,3,3,1,331,Sleeping
C064,66,4,651360.627802868,3,1,2,312,Newbies
C065,1037,4,826885.3559785747,1,1,3,113,Sleeping
C066,387,10,594914.4996866138,1,3,2,132,At Risk
C067,361,5,217825.05173679243,2,2,1,221,At Risk
C068,266,1,125536.4410398997,2,1,1,211,Sleeping
C069,255,2,13786.533319120714,2,1,1,211,Sleeping
C070,789,1,618.4939533495707,1,1,1,111,Sleeping
C071,463,5,264071.5979592505,1,2,2,122,At Risk
C072,134,7,658081.9737456341,2,3,2,232,At Risk
C073,1091,4,770473.3103391302,1,1,3,113,Sleeping
C074,77,6,347874.8625112158,3,2,2,322,Champions
C075,60,5,206232.47274582475,3,2,1,321,Sleeping
C076,465,6,1090087.8235123972,1,2,3,123,At Risk
C077,10,5,787179.5783040945,3,2,3,323,Champions
C078,11,4,41447.37881287145,3,1,1,311,Newbies
C079,290,6,1143258.520925032,2,2,3,223,At Risk
C080,58,4,679393.036653324,3,1,3,313,Newbies
C081,447,4,194005.92096365162,1,1,1,111,Sleeping
C082,70,9,308561.17330532003,3,3,2,332,Champions
C083,259,6,26678.8416960527,2,2,1,221,At Risk
C084,502,5,198022.50116468553,1,2,1,121,At Risk
C085,805,4,515500.1393873378,1,1,2,112,Sleeping
C086,655,6,456208.48129827774,1,2,2,122,At Risk
C087,194,3,3301.5116375644893,2,1,1,211,Sleeping
C088,458,4,74759.15130021825,1,1,1,111,Sleeping
C089,189,10,515110.46692206454,2,3,2,232,At Risk
C090,23,9,796451.2636106686,3,3,3,333,Champions
C091,248,3,152260.71743733442,2,1,1,211,Sleeping
C092,3,14,1566810.776215716,3,3,3,333,Champions
C093,58,7,877439.0898529859,3,3,3,333,Champions
C094,9,6,1691345.8830414806,3,2,3,323,Champions
C095,275,7,975050.6683919766,2,3,3,233,At Risk
C096,66,3,638661.6950300717,3,1,2,312,Newbies
C097,60,7,15181.986678871348,3,3,1,331,Sleeping
C098,338,5,810604.5828231316,2,2,3,223,At Risk
C099,494,4,6031.238275697666,1,1,1,111,Sleeping
C100,79,7,234642.067179182,3,3,1,331,Sleeping
C1000,332,5,8707.383641685987,2,2,1,221,At Risk
C1001,283,6,174870.74498319248,2,2,1,221,At Risk
C1002,78,5,216127.57548664275,3,2,1,321,Sleeping
C1003,46,3,665093.3905616119,3,1,3,313,Newbies
C1004,418,4,876525.8410232451,1,1,3,113,Sleeping
C1005,60,4,163677.67456824152,3,1,1,311,Newbies
C1006,108,4,804160.6775820262,3,1,3,313,Newbies
C1007,756,3,4479.136651830067,1,1,1,111,Sleeping
C1008,13,5,919689.1589817136,3,2,3,323,Champions
C1009,376,3,993317.2144595099,1,1,3,113,Sleeping
C101,748,7,646491.6338841101,1,3,2,132,At Risk
C1010,1235,3,614320.7002996851,1,1,2,112,Sleeping
C1011,957,1,226482.34000000003,1,1,1,111,Sleeping
C1012,342,5,999940.3455486158,2,2,3,223,At Risk
C1013,563,3,254791.0012242224,1,1,2,112,Sleeping
C1014,731,7,1307647.8852704251,1,3,3,133,At Risk
C1015,37,6,654441.8757898221,3,2,2,322,Champions
C1016,378,8,736269.4385142331,1,3,3,133,At Risk
C1017,211,5,517876.4086656659,2,2,2,222,At Risk
C1018,1837,1,3677.771850023642,1,1,1,111,Sleeping
C1019,162,6,297951.7279207311,2,2,2,222,At Risk
C102,380,6,771434.837016467,1,2,3,123,At Risk
C1020,1356,2,659700.6527594611,1,1,2,112,Sleeping
C1021,253,1,876.4814498703405,2,1,1,211,Sleeping
C1022,208,3,1346021.4845028233,2,1,3,213,Sleeping
C1023,1,8,939850.6237139296,3,3,3,333,Champions
C1024,1806,1,123.70801608727572,1,1,1,111,Sleeping
C1025,176,5,214285.61132781333,2,2,1,221,At Risk
C1026,176,5,437802.6592816362,2,2,2,222,At Risk
C1027,126,8,1250084.322369699,3,3,3,333,Champions
C1028,316,6,153506.52985308794,2,2,1,221,At Risk
C1029,236,3,8843.009269489306,2,1,1,211,Sleeping
C103,204,4,4644.503658647087,2,1,1,211,Sleeping
C1030,46,9,1162385.705197969,3,3,3,333,Champions
C1031,96,7,1343397.2365674314,3,3,3,333,Champions
C1032,1294,3,546174.3718659144,1,1,2,112,Sleeping
C1033,101,3,492503.7008478004,3,1,2,312,Newbies
C1034,811,4,92568.53182117835,1,1,1,111,Sleeping
C1035,197,4,653342.8234693401,2,1,2,212,Sleeping
C1036,597,3,729033.8457588654,1,1,3,113,Sleeping
C1037,356,3,170563.7896452862,2,1,1,211,Sleeping
C1038,348,7,520877.5784073935,2,3,2,232,At Risk
C1039,111,11,1377832.1768084385,3,3,3,333,Champions
C104,356,8,755377.6768299935,2,3,3,233,At Risk
C1040,28,5,598782.6773360879,3,2,2,322,Champions
C1041,176,7,1073014.4545420557,2,3,3,233,At Risk
C1042,416,4,687183.1528086658,1,1,3,113,Sleeping
C1043,732,7,1221504.4987782277,1,3,3,133,At Risk
C1044,24,5,379225.5049224312,3,2,2,322,Champions
C1045,76,9,828047.1837488621,3,3,3,333,Champions
C1046,176,5,393628.4895524378,2,2,2,222,At Risk
C1047,605,4,4150.419867126284,1,1,1,111,Sleeping
C1048,225,6,491937.22768924147,2,2,2,222,At Risk
C1049,562,3,5784.207598958063,1,1,1,111,Sleeping
C105,324,3,1642.421186723143,2,1,1,211,Sleeping
C1050,173,9,532771.4047779447,2,3,2,232,At Risk
C1051,140,6,983093.7135939712,2,2,3,223,At Risk
C1052,144,5,417582.34975745063,2,2,2,222,At Risk
C1053,108,3,198666.62285143766,3,1,1,311,Newbies
C1054,1322,3,584839.1846020448,1,1,2,112,Sleeping
C1055,262,7,1346303.9805407661,2,3,3,233,At Risk
C1056,1040,3,1323.2470775128259,1,1,1,111,Sleeping
C1057,1148,3,128787.77609869458,1,1,1,111,Sleeping
C1058,136,7,776421.4254870872,2,3,3,233,At Risk
C1059,334,6,426831.0094131371,2,2,2,222,At Risk
C106,252,3,408023.64355730906,2,1,2,212,Sleeping
C1060,170,8,215867.4681533261,2,3,1,231,At Risk
C1061,713,1,1575.70117736441,1,1,1,111,Sleeping
C1062,237,6,941625.412386344,2,2,3,223,At Risk
C1063,65,7,726689.2139763049,3,3,3,333,Champions
C1064,52,7,998428.8153610869,3,3,3,333,Champions
C1065,82,5,37334.41232255943,3,2,1,321,Sleeping
C1066,675,2,6420.043170947929,1,1,1,111,Sleeping
C1067,26,7,666829.786000164,3,3,3,333,Champions
C1068,89,3,221720.98149903878,3,1,1,311,Newbies
C1069,202,4,12867.911193789145,2,1,1,211,Sleeping
C107,320,5,386655.23565868544,2,2,2,222,At Risk
C1070,163,5,234510.45113882973,2,2,1,221,At Risk
C1071,72,2,1308.1213411830881,3,1,1,311,Newbies
C1072,310,6,229725.87354797882,2,2,1,221,At Risk
C1073,85,10,2159239.653434294,3,3,3,333,Champions
C1074,310,5,1259044.5443690098,2,2,3,223,At Risk
C1075,725,4,7477.309218426355,1,1,1,111,Sleeping
C1076,240,4,120825.04633565259,2,1,1,211,Sleeping
C1077,142,9,1290468.00629568,2,3,3,233,At Risk
C1078,2,7,79476.7760400272,3,3,1,331,Sleeping
C1079,250,5,136307.622290469,2,2,1,221,At Risk
C108,53,7,475370.4581961869,3,3,2,332,Champions
C1080,42,7,1770233.957763332,3,3,3,333,Champions
C1081,337,6,14347.309249305577,2,2,1,221,At Risk
C1082,95,9,1006263.7394904601,3,3,3,333,Champions
C1083,290,8,348556.96431160864,2,3,2,232,At Risk
C1084,446,7,638780.0431540188,1,3,2,132,At Risk
C1085,149,7,14636.85556900595,2,3,1,231,At Risk
C1086,721,5,506401.84322615,1,2,2,122,At Risk
C1087,58,7,835195.9986207981,3,3,3,333,Champions
C1088,1013,3,4375.569792429566,1,1,1,111,Sleeping
C1089,33,1,1166.8164804459261,3,1,1,311,Newbies
C109,354,4,326573.4899483748,2,1,2,212,Sleeping
C1090,642,8,1156031.9090956762,1,3,3,133,At Risk
C1091,667,4,483112.9720665374,1,1,2,112,Sleeping
C1092,215,6,121055.79415740052,2,2,1,221,At Risk
C1093,97,7,541763.5895794912,3,3,2,332,Champions
C1094,2,9,348422.69039318955,3,3,2,332,Champions
C1095,84,6,32810.70966902231,3,2,1,321,Sleeping
C1096,494,5,666161.031683112,1,2,3,123,At Risk
C1097,300,4,384198.4390926183,2,1,2,212,Sleeping
C1098,626,5,171367.9351466316,1,2,1,121,At Risk
C1099,169,4,729703.4550701643,2,1,3,213,Sleeping
C110,297,4,501523.664349113,2,1,2,212,Sleeping
C1100,18,7,533518.4187481974,3,3,2,332,Champions
C1101,422,7,854588.3064475869,1,3,3,133,At Risk
C1102,385,4,411800.86799900065,1,1,2,112,Sleeping
C1103,1357,2,404717.59906582045,1,1,2,112,Sleeping
C1104,154,10,61957.631157525626,2,3,1,231,At Risk
C1105,243,5,354495.28451253806,2,2,2,222,At Risk
C1106,45,10,631305.3994303084,3,3,2,332,Champions
C1107,23,6,9416.003182163413,3,2,1,321,Sleeping
C1108,51,11,1424495.5285814498,3,3,3,333,Champions
C1109,49,7,1476831.4710422354,3,3,3,333,Champions
C111,408,7,792459.9669226198,1,3,3,133,At Risk
C1110,314,3,233482.49170950465,2,1,1,211,Sleeping
C1111,192,3,441325.36878652096,2,1,2,212,Sleeping
C1112,222,6,672133.4880462941,2,2,3,223,At Risk
C1113,923,3,687218.7051172627,1,1,3,113,Sleeping
C1114,69,5,1468261.3222528896,3,2,3,323,Champions
C1115,4,3,465223.73742592876,3,1,2,312,Newbies
C1116,399,9,1760764.659454675,1,3,3,133,At Risk
C1117,315,8,1960227.9624580627,2,3,3,233,At Risk
C1118,57,2,5976.2536491166675,3,1,1,311,Newbies
C1119,50,7,2763423.4120262736,3,3,3,333,Champions
C112,583,4,7141.808223426887,1,1,1,111,Sleeping
C1120,31,7,795123.1751550047,3,3,3,333,Champions
C1121,324,7,730092.9753397914,2,3,3,233,At Risk
C1122,153,7,1811834.850962523,2,3,3,233,At Risk
C1123,870,6,314062.4572216776,1,2,2,122,At Risk
C1124,226,10,162226.6401617837,2,3,1,231,At Risk
C1125,329,2,80930.20513247729,2,1,1,211,Sleeping
C1126,345,5,136052.43898810825,2,2,1,221,At Risk
C1127,334,1,309887.89821500063,2,1,2,212,Sleeping
C1128,112,3,234257.2968482405,3,1,1,311,Newbies
C1129,1042,2,5896.235586114079,1,1,1,111,Sleeping
C113,48,9,243463.98903695706,3,3,1,331,Sleeping
C1130,390,4,45854.69904549634,1,1,1,111,Sleeping
C1131,361,6,376615.7276368661,2,2,2,222,At Risk
C1132,107,5,616552.1268276846,3,2,2,322,Champions
C1133,95,7,1179983.2203731465,3,3,3,333,Champions
C1134,610,4,434998.73138871766,1,1,2,112,Sleeping
C1135,445,4,617736.223150035,1,1,2,112,Sleeping
C1136,178,5,111329.71412243193,2,2,1,221,At Risk
C1137,168,9,1793250.2073173067,2,3,3,233,At Risk
C1138,249,3,525376.2953930666,2,1,2,212,Sleeping
C1139,30,8,679450.7768995301,3,3,3,333,Champions
C114,130,8,410778.74005217286,3,3,2,332,Champions
C1140,692,4,93890.5379841519,1,1,1,111,Sleeping
C1141,135,9,1330036.6821690823,2,3,3,233,At Risk
C1142,121,5,333772.1110967332,3,2,2,322,Champions
C1143,238,11,920055.7498057318,2,3,3,233,At Risk
C1144,351,7,757829.981958267,2,3,3,233,At Risk
C1145,247,6,912143.173342799,2,2,3,223,At Risk
C1146,146,5,339576.3131026033,2,2,2,222,At Risk
C1147,1,4,491786.70990218123,3,1,2,312,Newbies
C1148,16,10,158859.68851538395,3,3,1,331,Sleeping
C1149,237,10,1234181.543554714,2,3,3,233,At Risk
C115,66,3,269484.08636528725,3,1,2,312,Newbies
C1150,87,9,1946381.6738114757,3,3,3,333,Champions
C1151,13,8,275186.4138738563,3,3,2,332,Champions
C1152,362,4,113833.89157371089,2,1,1,211,Sleeping
C1153,559,4,260177.6903926608,1,1,2,112,Sleeping
C1154,51,9,874066.7276077153,3,3,3,333,Champions
C1155,915,5,84400.91702362084,1,2,1,121,At Risk
C1156,195,8,1056255.248178464,2,3,3,233,At Risk
C1157,968,2,703.077327774107,1,1,1,111,Sleeping
C1158,130,6,1268991.6769395005,3,2,3,323,Champions
C1159,22,5,1086734.5854605224,3,2,3,323,Champions
C116,127,4,10925.212387013216,3,1,1,311,Newbies
C1160,33,3,946828.037313693,3,1,3,313,Newbies
C1161,691,4,413314.2654916564,1,1,2,112,Sleeping
C1162,105,7,119646.62920294763,3,3,1,331,Sleeping
C1163,526,9,1779475.0806729686,1,3,3,133,At Risk
C1164,135,8,285046.3615270847,2,3,2,232,At Risk
C1165,260,5,1053777.2969184392,2,2,3,223,At Risk
C1166,85,5,1493963.9437616882,3,2,3,323,Champions
C1167,184,5,100862.8592082586,2,2,1,221,At Risk
C1168,1230,1,289493.18419471814,1,1,2,112,Sleeping
C1169,181,7,483411.9334491012,2,3,2,232,At Risk
C117,1017,4,702004.1089445093,1,1,3,113,Sleeping
C1170,77,2,230771.866874855,3,1,1,311,Newbies
C1171,99,4,408694.4719797944,3,1,2,312,Newbies
C1172,44,6,657388.8610849783,3,2,2,322,Champions
C1173,45,5,13465.603123391355,3,2,1,321,Sleeping
C1174,264,4,2361.5880084056316,2,1,1,211,Sleeping
C1175,282,7,15734.000191236624,2,3,1,231,At Risk
C1176,15,8,1260420.5636246232,3,3,3,333,Champions
C1177,83,6,965598.8937424519,3,2,3,323,Champions
C1178,11,4,339595.431556833,3,1,2,312,Newbies
C1179,319,5,349746.9481061617,2,2,2,222,At Risk
C118,551,6,221601.25545389543,1,2,1,121,At Risk
C1180,847,6,401139.78321699385,1,2,2,122,At Risk
C1181,96,9,1185156.1182413774,3,3,3,333,Champions
C1182,518,3,7608.396263860059,1,1,1,111,Sleeping
C1183,247,4,17564.158066670872,2,1,1,211,Sleeping
C1184,886,3,292264.86255526094,1,1,2,112,Sleeping
C1185,707,6,8977.68602707452,1,2,1,121,At Risk
C1186,266,5,1807621.3278338988,2,2,3,223,At Risk
C1187,603,4,322447.92158517166,1,1,2,112,Sleeping
C1188,72,5,14297.07373280203,3,2,1,321,Sleeping
C1189,157,4,1015363.49719002,2,1,3,213,Sleeping
C119,806,3,8419.819473329528,1,1,1,111,Sleeping
C1190,842,5,8617.38210827822,1,2,1,121,At Risk
C1191,55,8,621126.3075423423,3,3,2,332,Champions
C1192,104,6,1050102.4182689614,3,2,3,323,Champions
C1193,246,3,805370.0201817203,2,1,3,213,Sleeping
C1194,585,5,86016.1220920721,1,2,1,121,At Risk
C1195,225,5,1038439.3652795765,2,2,3,223,At Risk
C1196,331,8,481701.7349562983,2,3,2,232,At Risk
C1197,641,6,1307031.683022929,1,2,3,123,At Risk
C1198,1063,3,144934.1017382585,1,1,1,111,Sleeping
C1199,827,3,8560.153407992884,1,1,1,111,Sleeping
C120,416,6,695824.1830075644,1,2,3,123,At Risk
C1200,422,8,820009.4686699834,1,3,3,133,At Risk
C1201,102,5,57351.85603212201,3,2,1,321,Sleeping
C1202,25,2,7069.931782268029,3,1,1,311,Newbies
C1203,506,5,1036726.5411188772,1,2,3,123,At Risk
C1204,116,5,217007.02418315146,3,2,1,321,Sleeping
C1205,777,3,213297.01149917248,1,1,1,111,Sleeping
C1206,102,7,508435.9182250842,3,3,2,332,Champions
C1207,370,4,940327.6422046099,1,1,3,113,Sleeping
C1208,530,8,559726.6165398171,1,3,2,132,At Risk
C1209,101,6,658259.1835275274,3,2,2,322,Champions
C121,322,4,536151.1027711051,2,1,2,212,Sleeping
C1210,565,4,915692.032979554,1,1,3,113,Sleeping
C1211,298,8,791881.638846448,2,3,3,233,At Risk
C1212,52,7,590027.1769694537,3,3,2,332,Champions
C1213,336,7,2238417.901834406,2,3,3,233,At Risk
C1214,243,4,219876.22666034926,2,1,1,211,Sleeping
C1215,16,6,625139.8121296086,3,2,2,322,Champions
C1216,14,10,626553.4487135897,3,3,2,332,Champions
C1217,88,8,1356642.6684674937,3,3,3,333,Champions
C1218,100,8,456889.65184887184,3,3,2,332,Champions
C1219,40,4,777427.8211972124,3,1,3,313,Newbies
C122,910,2,158062.7295218665,1,1,1,111,Sleeping
C1220,244,6,656973.444646217,2,2,2,222,At Risk
C1221,218,8,1619403.4854654488,2,3,3,233,At Risk
C1222,465,8,1325785.1091895015,1,3,3,133,At Risk
C1223,69,7,507583.830762556,3,3,2,332,Champions
C1224,241,5,681694.2969213298,2,2,3,223,At Risk
C1225,67,4,5721.647802588885,3,1,1,311,Newbies
C1226,31,7,571141.5695633034,3,3,2,332,Champions
C1227,136,7,256747.8292031003,2,3,2,232,At Risk
C1228,376,8,988316.524083508,1,3,3,133,At Risk
C1229,1372,2,913895.8312391723,1,1,3,113,Sleeping
C123,383,4,167736.00502690446,1,1,1,111,Sleeping
C1230,86,6,460244.16740650596,3,2,2,322,Champions
C1231,420,1,2198.2209770671443,1,1,1,111,Sleeping
C1232,843,9,1495788.5304583677,1,3,3,133,At Risk
C1233,77,3,6879.007630243115,3,1,1,311,Newbies
C1234,174,5,72795.88858452349,2,2,1,221,At Risk
C1235,370,11,258236.806552768,1,3,2,132,At Risk
C1236,1739,1,140619.31815401683,1,1,1,111,Sleeping
C1237,167,4,257559.8541210337,2,1,2,212,Sleeping
C1238,365,7,1077125.045163954,2,3,3,233,At Risk
C1239,248,8,292302.15456007374,2,3,2,232,At Risk
C124,30,4,8337.480270975844,3,1,1,311,Newbies
C1240,593,5,412242.4669635885,1,2,2,122,At Risk
C1241,181,7,1349976.3534040959,2,3,3,233,At Risk
C1242,79,7,754716.821370153,3,3,3,333,Champions
C1243,949,4,9620.368433653606,1,1,1,111,Sleeping
C1244,34,7,562532.686859689,3,3,2,332,Champions
C1245,31,4,172943.65660341785,3,1,1,311,Newbies
C1246,346,7,468018.7065475262,2,3,2,232,At Risk
C1247,2,8,505939.99114676745,3,3,2,332,Champions
C1248,359,6,1558081.850336384,2,2,3,223,At Risk
C1249,67,7,431842.79177824524,3,3,2,332,Champions
C125,592,6,311510.71845986956,1,2,2,122,At Risk
C1250,362,2,2671.4310378438295,2,1,1,211,Sleeping
C1251,126,7,997014.60670604,3,3,3,333,Champions
C1253,219,5,147787.68752635637,2,2,1,221,At Risk
C1254,153,11,843087.6622755644,2,3,3,233,At Risk
C1255,1218,1,246.45072391713063,1,1,1,111,Sleeping
C1256,517,6,487477.6773031424,1,2,2,122,At Risk
C1257,83,3,356727.3768325253,3,1,2,312,Newbies
C1258,109,8,153107.95506433723,3,3,1,331,Sleeping
C1259,704,2,1226.425181716343,1,1,1,111,Sleeping
C126,220,6,697152.2224256755,2,2,3,223,At Risk
C1260,241,3,563935.9748543964,2,1,2,212,Sleeping
C1261,925,2,1052.4410988578827,1,1,1,111,Sleeping
C1262,176,5,1143692.8546447584,2,2,3,223,At Risk
C1263,327,3,5862.11664670603,2,1,1,211,Sleeping
C1264,327,2,82037.35067001353,2,1,1,211,Sleeping
C1265,125,9,1040495.4870880167,3,3,3,333,Champions
C1266,388,7,128420.16531178547,1,3,1,131,At Risk
C1267,80,4,827164.1711108647,3,1,3,313,Newbies
C1268,375,7,775845.2583448807,1,3,3,133,At Risk
C1269,224,5,277028.7019936102,2,2,2,222,At Risk
C127,4,4,138609.48507509372,3,1,1,311,Newbies
C1270,785,2,272100.40241469484,1,1,2,112,Sleeping
C1271,644,4,156995.03297906477,1,1,1,111,Sleeping
C1272,601,5,653649.6563182675,1,2,2,122,At Risk
C1273,371,8,1392248.9152746792,1,3,3,133,At Risk
C1274,36,6,609440.4963599289,3,2,2,322,Champions
C1275,303,7,1116820.1300164268,2,3,3,233,At Risk
C1276,59,6,39271.033854932444,3,2,1,321,Sleeping
C1277,387,3,311218.743420218,1,1,2,112,Sleeping
C1278,79,11,881222.2697025297,3,3,3,333,Champions
C1279,499,6,1358389.2453396495,1,2,3,123,At Risk
C128,170,9,892884.0564715054,2,3,3,233,At Risk
C1280,80,3,498870.8372054797,3,1,2,312,Newbies
C1281,116,5,712642.0075456903,3,2,3,323,Champions
C1282,338,2,2184.641253607604,2,1,1,211,Sleeping
C1283,123,9,1300521.4513932439,3,3,3,333,Champions
C1284,556,6,341614.93187172886,1,2,2,122,At Risk
C1285,36,7,252529.73999766802,3,3,2,332,Champions
C1286,455,6,633553.8006067134,1,2,2,122,At Risk
C1287,90,5,152116.85233438326,3,2,1,321,Sleeping
C1288,131,7,953604.9867855585,3,3,3,333,Champions
C1289,688,6,1030401.6573352881,1,2,3,123,At Risk
C129,318,3,7160.989673611217,2,1,1,211,Sleeping
C1290,198,9,717869.9595726398,2,3,3,233,At Risk
C1291,72,9,82253.16913113944,3,3,1,331,Sleeping
C1292,168,7,1558901.4288271759,2,3,3,233,At Risk
C1293,192,4,78974.40772816527,2,1,1,211,Sleeping
C1294,130,5,1054574.3522883514,3,2,3,323,Champions
C1295,212,7,385825.3003736452,2,3,2,232,At Risk
C1296,207,11,926956.1521841272,2,3,3,233,At Risk
C1297,754,4,114282.76803362717,1,1,1,111,Sleeping
C1298,41,10,575921.0138579584,3,3,2,332,Champions
C1299,400,6,371448.9098990439,1,2,2,122,At Risk
C130,213,6,1335142.6028641267,2,2,3,223,At Risk
C1300,356,4,6321.355502174616,2,1,1,211,Sleeping
C1301,130,11,2219138.0883154827,3,3,3,333,Champions
C1302,247,4,1085685.8708646423,2,1,3,213,Sleeping
C1303,143,3,2262.545923165145,2,1,1,211,Sleeping
C1304,235,5,516981.05398920056,2,2,2,222,At Risk
C1305,488,4,1171248.5628054214,1,1,3,113,Sleeping
C1306,15,7,803709.3000514802,3,3,3,333,Champions
C1307,494,3,591904.089357799,1,1,2,112,Sleeping
C1308,401,4,703185.8798452568,1,1,3,113,Sleeping
C1309,228,2,7027.710679275872,2,1,1,211,Sleeping
C131,820,3,3831.087172860075,1,1,1,111,Sleeping
C1310,135,5,233189.52639503003,2,2,1,221,At Risk
C1311,223,4,4833.801095813707,2,1,1,211,Sleeping
C1312,282,4,2770.8722789292992,2,1,1,211,Sleeping
C1313,11,6,1285675.8676165454,3,2,3,323,Champions
C1314,1174,3,697268.1680839752,1,1,3,113,Sleeping
C1315,635,3,3301.966441319942,1,1,1,111,Sleeping
C1316,15,5,461316.8574965843,3,2,2,322,Champions
C1317,134,9,827583.9952585659,2,3,3,233,At Risk
C1318,628,4,85355.01620400691,1,1,1,111,Sleeping
C1319,43,6,7461.884087550908,3,2,1,321,Sleeping
C132,205,3,1283811.1605573015,2,1,3,213,Sleeping
C1320,616,4,780950.3739226055,1,1,3,113,Sleeping
C1321,130,8,1662321.364995879,3,3,3,333,Champions
C1322,42,6,426878.11255096877,3,2,2,322,Champions
C1323,30,2,43076.47470064956,3,1,1,311,Newbies
C1324,98,6,353241.67326663405,3,2,2,322,Champions
C1325,171,10,335833.3036194744,2,3,2,232,At Risk
C1326,1043,5,23383.560009352437,1,2,1,121,At Risk
C1327,215,7,791300.7302952958,2,3,3,233,At Risk
C1328,14,3,10005.159002480632,3,1,1,311,Newbies
C1329,237,5,549695.2603374394,2,2,2,222,At Risk
C133,99,7,617881.1321586702,3,3,2,332,Champions
C1330,148,6,1076837.9262541197,2,2,3,223,At Risk
C1331,613,5,788843.1850104863,1,2,3,123,At Risk
C1332,399,5,1006396.1384038822,1,2,3,123,At Risk
C1333,201,9,2540410.664586605,2,3,3,233,At Risk
C1334,635,3,8280.0534640893,1,1,1,111,Sleeping
C1335,408,2,1084.5330959848811,1,1,1,111,Sleeping
C1336,19,6,464637.8680805816,3,2,2,322,Champions
C1337,43,5,10672.930127967044,3,2,1,321,Sleeping
C1338,354,5,5725.017182056791,2,2,1,221,At Risk
C1339,3,3,677830.7432705188,3,1,3,313,Newbies
C134,217,3,95458.93923715297,2,1,1,211,Sleeping
C1340,51,6,219664.04785738245,3,2,1,321,Sleeping
C1341,326,3,371171.98544574965,2,1,2,212,Sleeping
C1342,10,3,303760.0536917384,3,1,2,312,Newbies
C1343,85,10,758385.0467771244,3,3,3,333,Champions
C1344,197,6,484625.977691048,2,2,2,222,At Risk
C1345,221,4,261042.26093355633,2,1,2,212,Sleeping
C1346,505,3,2947.363339906042,1,1,1,111,Sleeping
C1347,588,3,6645.86915909699,1,1,1,111,Sleeping
C1348,698,5,7791.794857904091,1,2,1,121,At Risk
C1349,312,4,125248.95627981069,2,1,1,211,Sleeping
C135,241,9,1873811.6403200827,2,3,3,233,At Risk
C1350,418,3,550373.6414201976,1,1,2,112,Sleeping
C1351,105,5,8947.251291804425,3,2,1,321,Sleeping
C1352,95,7,572824.6993388046,3,3,2,332,Champions
C1353,365,4,331919.155620649,2,1,2,212,Sleeping
C1354,1231,2,4728.563807173254,1,1,1,111,Sleeping
C1355,487,7,807273.1078536824,1,3,3,133,At Risk
C1356,277,7,1248302.5845018819,2,3,3,233,At Risk
C1357,134,5,290458.2911808003,2,2,2,222,At Risk
C1358,624,6,638060.147757226,1,2,2,122,At Risk
C1359,92,6,483425.8155298455,3,2,2,322,Champions
C136,814,5,874052.0336352165,1,2,3,123,At Risk
C1360,54,2,277116.7535785572,3,1,2,312,Newbies
C1361,200,9,742554.0543405728,2,3,3,233,At Risk
C1362,37,6,667797.4122267531,3,2,3,323,Champions
C1363,963,4,39140.69254309693,1,1,1,111,Sleeping
C1364,250,7,946241.7323296884,2,3,3,233,At Risk
C1365,278,5,327270.2246909408,2,2,2,222,At Risk
C1366,1,6,9267.307518643807,3,2,1,321,Sleeping
C1367,17,9,1773519.9540229517,3,3,3,333,Champions
C1368,495,4,13333.529809778056,1,1,1,111,Sleeping
C1369,372,1,129497.04948286111,1,1,1,111,Sleeping
C137,1142,2,462470.1244694876,1,1,2,112,Sleeping
C1370,173,4,387449.3400327467,2,1,2,212,Sleeping
C1371,10,3,258117.3370511749,3,1,2,312,Newbies
C1372,28,9,228157.77315197975,3,3,1,331,Sleeping
C1373,221,4,150215.26925887787,2,1,1,211,Sleeping
C1374,317,8,483284.71932537976,2,3,2,232,At Risk
C1375,247,6,567774.7056832592,2,2,2,222,At Risk
C1376,161,4,276397.31511418975,2,1,2,212,Sleeping
C1377,1089,3,550314.6828411972,1,1,2,112,Sleeping
C1378,326,4,536559.7061756621,2,1,2,212,Sleeping
C1379,150,9,1019844.4195731434,2,3,3,233,At Risk
C138,15,7,249330.31137923308,3,3,2,332,Champions
C1380,26,6,659889.8606063013,3,2,2,322,Champions
C1381,90,8,1647011.9207689262,3,3,3,333,Champions
C1382,81,9,1244896.9985989775,3,3,3,333,Champions
C1383,495,3,778231.9581877055,1,1,3,113,Sleeping
C1384,1744,1,4460.619122897064,1,1,1,111,Sleeping
C1385,712,5,564479.6326912206,1,2,2,122,At Risk
C1386,327,3,133449.0790887995,2,1,1,211,Sleeping
C1387,198,7,658520.0917526061,2,3,2,232,At Risk
C1388,937,3,977300.5178328278,1,1,3,113,Sleeping
C1389,99,4,590293.231704033,3,1,2,312,Newbies
C139,74,4,250791.8644844815,3,1,2,312,Newbies
C1390,289,1,526.0083393969253,2,1,1,211,Sleeping
C1391,104,4,596679.2274222522,3,1,2,312,Newbies
C1392,16,7,957262.8547807891,3,3,3,333,Champions
C1393,253,3,311618.8227849101,2,1,2,212,Sleeping
C1394,55,5,747130.9736302246,3,2,3,323,Champions
C1395,116,4,312697.8837130567,3,1,2,312,Newbies
C1396,273,7,121872.43056931367,2,3,1,231,At Risk
C1397,358,3,2612.1647240207176,2,1,1,211,Sleeping
C1398,47,8,1327924.7659453058,3,3,3,333,Champions
C1399,637,5,924968.0182985247,1,2,3,123,At Risk
C140,202,5,422719.0897369786,2,2,2,222,At Risk
C1400,130,5,632277.5339831889,3,2,2,322,Champions
C1401,958,5,615121.7958745294,1,2,2,122,At Risk
C1402,218,5,438681.1954775856,2,2,2,222,At Risk
C1403,536,7,175642.15562450266,1,3,1,131,At Risk
C1404,610,4,258106.1251356511,1,1,2,112,Sleeping
C1405,297,3,7228.813219917673,2,1,1,211,Sleeping
C1406,343,5,1134128.6004110212,2,2,3,223,At Risk
C1407,83,4,738499.1205915007,3,1,3,313,Newbies
C1408,884,4,9139.157346425985,1,1,1,111,Sleeping
C1409,467,5,525823.3575409519,1,2,2,122,At Risk
C141,221,7,912814.1025816886,2,3,3,233,At Risk
C1410,523,8,717888.3957145078,1,3,3,133,At Risk
C1411,439,5,1030392.9877458144,1,2,3,123,At Risk
C1412,475,7,942243.4557621741,1,3,3,133,At Risk
C1413,343,6,292441.0343221617,2,2,2,222,At Risk
C1414,64,5,521936.26720212615,3,2,2,322,Champions
C1415,751,7,656402.7807263518,1,3,2,132,At Risk
C1416,770,2,306332.03604079376,1,1,2,112,Sleeping
C1417,632,5,471415.51279144344,1,2,2,122,At Risk
C1418,88,7,394773.80990043416,3,3,2,332,Champions
C1419,1308,2,408331.3272641535,1,1,2,112,Sleeping
C142,182,7,1365023.6262023917,2,3,3,233,At Risk
C1420,267,3,6024.833284505981,2,1,1,211,Sleeping
C1421,440,5,488978.43115755584,1,2,2,122,At Risk
C1422,849,3,577463.02551099,1,1,2,112,Sleeping
C1423,414,6,835947.2599583946,1,2,3,123,At Risk
C1424,415,3,399931.3064596028,1,1,2,112,Sleeping
C1425,670,7,367621.6491199654,1,3,2,132,At Risk
C1426,697,2,6751.797310667631,1,1,1,111,Sleeping
C1427,1096,4,546150.6246555242,1,1,2,112,Sleeping
C1428,27,5,1284909.6359025592,3,2,3,323,Champions
C1429,196,5,87575.20523403453,2,2,1,221,At Risk
C143,156,8,317665.3757466285,2,3,2,232,At Risk
C1430,476,7,862923.5267588366,1,3,3,133,At Risk
C1431,201,7,477978.87826760404,2,3,2,232,At Risk
C1432,867,4,126662.31399315705,1,1,1,111,Sleeping
C1433,103,4,177999.89886025284,3,1,1,311,Newbies
C1434,132,6,387804.74118500773,3,2,2,322,Champions
C1435,122,8,1053952.6102797368,3,3,3,333,Champions
C1436,68,5,3999.1281338646786,3,2,1,321,Sleeping
C1437,53,6,1063118.728157048,3,2,3,323,Champions
C1438,587,5,486097.2535186266,1,2,2,122,At Risk
C1439,210,2,1926.3844926496397,2,1,1,211,Sleeping
C144,1,2,11110.31576002994,3,1,1,311,Newbies
C1440,240,8,604884.5099420418,2,3,2,232,At Risk
C1441,26,5,192187.07116214483,3,2,1,321,Sleeping
C1442,1065,4,434901.3705202002,1,1,2,112,Sleeping
C1443,9,2,196242.39412172267,3,1,1,311,Newbies
C1444,5,2,6432.978339396926,3,1,1,311,Newbies
C1445,10,6,345406.07435204537,3,2,2,322,Champions
C1446,487,2,1502.0142218244207,1,1,1,111,Sleeping
C1447,102,4,353369.70453321474,3,1,2,312,Newbies
C1448,58,4,307178.5745686847,3,1,2,312,Newbies
C1449,2,3,3871.430863766249,3,1,1,311,Newbies
C145,810,4,8134.123290160318,1,1,1,111,Sleeping
C1450,246,6,1250756.4554642332,2,2,3,223,At Risk
C1451,757,4,958503.0982892438,1,1,3,113,Sleeping
C1452,397,6,528581.9140724398,1,2,2,122,At Risk
C1453,243,8,630834.4265642067,2,3,2,232,At Risk
C1454,188,3,562667.8331458982,2,1,2,212,Sleeping
C1455,16,5,814019.8158706026,3,2,3,323,Champions
C1456,318,4,1385754.235920252,2,1,3,213,Sleeping
C1457,404,4,1137862.9761980723,1,1,3,113,Sleeping
C1458,177,3,707564.9849130308,2,1,3,213,Sleeping
C1459,4,6,1091813.0058187067,3,2,3,323,Champions
C146,401,6,1459754.5164215222,1,2,3,123,At Risk
C1460,27,6,445465.2844892268,3,2,2,322,Champions
C1461,361,4,692839.3030078209,2,1,3,213,Sleeping
C1462,63,6,335432.7834962853,3,2,2,322,Champions
C1463,125,5,410615.96187274647,3,2,2,322,Champions
C1464,287,2,4131.163335334024,2,1,1,211,Sleeping
C1465,109,5,53376.730002071236,3,2,1,321,Sleeping
C1466,322,4,144468.2612221418,2,1,1,211,Sleeping
C1467,106,5,425983.9496801103,3,2,2,322,Champions
C1468,43,6,262655.064406332,3,2,2,322,Champions
C1469,214,10,174401.93954903464,2,3,1,231,At Risk
C147,124,7,1474790.592936672,3,3,3,333,Champions
C1470,220,8,306354.37469026865,2,3,2,232,At Risk
C1471,3,5,783637.2590174476,3,2,3,323,Champions
C1472,1590,2,83432.71398634446,1,1,1,111,Sleeping
C1473,902,2,486152.4263459447,1,1,2,112,Sleeping
C1474,31,4,163888.97856476257,3,1,1,311,Newbies
C1475,68,6,1375458.3431595801,3,2,3,323,Champions
C1476,225,2,559.6895496850801,2,1,1,211,Sleeping
C1477,71,6,357996.93418898317,3,2,2,322,Champions
C1478,183,8,99522.18100105102,2,3,1,231,At Risk
C1479,79,3,3140.6620944852275,3,1,1,311,Newbies
C148,271,4,88966.13356444187,2,1,1,211,Sleeping
C1480,584,4,12586.104296211044,1,1,1,111,Sleeping
C1481,627,2,427357.42664966115,1,1,2,112,Sleeping
C1482,832,2,121460.14375309093,1,1,1,111,Sleeping
C1483,121,4,13876.457862219784,3,1,1,311,Newbies
C1484,315,6,1424240.1677760251,2,2,3,223,At Risk
C1485,706,5,119111.78771522424,1,2,1,121,At Risk
C1486,324,3,5209.799827967299,2,1,1,211,Sleeping
C1487,639,7,449483.07420638355,1,3,2,132,At Risk
C1488,506,5,177747.41424039888,1,2,1,121,At Risk
C1489,8,4,799415.5063835578,3,1,3,313,Newbies
C149,344,10,1398253.7799294454,2,3,3,233,At Risk
C1490,10,4,213832.3090900472,3,1,1,311,Newbies
C1491,90,7,1172114.5195546122,3,3,3,333,Champions
C1492,29,6,241986.39475832108,3,2,1,321,Sleeping
C1493,106,5,361055.54034957325,3,2,2,322,Champions
C1494,64,4,1563634.9342272556,3,1,3,313,Newbies
C1495,564,6,235607.79098545035,1,2,1,121,At Risk
C1496,469,7,1205774.2331259768,1,3,3,133,At Risk
C1497,44,3,8064.79791573792,3,1,1,311,Newbies
C1498,450,3,359930.5170881526,1,1,2,112,Sleeping
C1499,54,6,1037203.1356030712,3,2,3,323,Champions
C150,558,4,339779.4529360874,1,1,2,112,Sleeping
C1500,177,6,6098.22323422096,2,2,1,221,At Risk
C1501,681,3,195456.26110264604,1,1,1,111,Sleeping
C1502,28,5,4490.0583478066,3,2,1,321,Sleeping
C1503,270,7,653299.8371737006,2,3,2,232,At Risk
C1504,113,3,113053.30246255454,3,1,1,311,Newbies
C1505,45,10,1244257.6900716457,3,3,3,333,Champions
C1506,568,5,75447.54594497012,1,2,1,121,At Risk
C1507,242,10,931047.2701323836,2,3,3,233,At Risk
C1508,888,4,8210.640255600634,1,1,1,111,Sleeping
C1509,9,5,216347.72803206684,3,2,1,321,Sleeping
C151,683,6,484782.65289392206,1,2,2,122,At Risk
C1510,78,5,14775.727478911444,3,2,1,321,Sleeping
C1511,329,7,708742.0626469898,2,3,3,233,At Risk
C1512,118,10,1487839.5307717044,3,3,3,333,Champions
C1513,48,4,978131.8178915766,3,1,3,313,Newbies
C1514,54,10,1402464.4561882098,3,3,3,333,Champions
C1515,389,6,1063450.4580153795,1,2,3,123,At Risk
C1516,134,5,840016.6524276566,2,2,3,223,At Risk
C1517,76,8,1003193.5398982515,3,3,3,333,Champions
C1518,31,8,537485.2295363521,3,3,2,332,Champions
C1519,93,5,504032.1482958576,3,2,2,322,Champions
C152,8,10,542102.459358705,3,3,2,332,Champions
C1520,54,8,1381052.0644448416,3,3,3,333,Champions
C1521,32,4,181031.79996959222,3,1,1,311,Newbies
C1522,159,7,874224.903004401,2,3,3,233,At Risk
C1523,115,8,275835.6188004505,3,3,2,332,Champions
C1524,390,5,108067.30891724883,1,2,1,121,At Risk
C1525,64,2,556189.319083472,3,1,2,312,Newbies
C1526,9,7,528713.3062999106,3,3,2,332,Champions
C1527,401,3,77259.22566624383,1,1,1,111,Sleeping
C1528,1036,2,325004.05666675384,1,1,2,112,Sleeping
C1529,450,4,1128943.8410793901,1,1,3,113,Sleeping
C153,740,4,621550.4575628068,1,1,2,112,Sleeping
C1530,47,9,712474.1025943471,3,3,3,333,Champions
C1531,641,3,5387.446018397997,1,1,1,111,Sleeping
C1532,595,3,156638.6594925327,1,1,1,111,Sleeping
C1533,33,10,1700963.0354704238,3,3,3,333,Champions
C1534,243,5,297043.8796185392,2,2,2,222,At Risk
C1535,190,8,910191.7645043933,2,3,3,233,At Risk
C1536,212,5,8929.976570983887,2,2,1,221,At Risk
C1537,555,3,7907.953731070573,1,1,1,111,Sleeping
C1538,86,7,549254.5106366938,3,3,2,332,Champions
C1539,234,4,11692.407496294842,2,1,1,211,Sleeping
C154,10,9,655199.399110164,3,3,2,332,Champions
C1540,118,6,335482.20860022906,3,2,2,322,Champions
C1541,232,8,711768.5972093935,2,3,3,233,At Risk
C1542,35,6,898333.4748644477,3,2,3,323,Champions
C1543,202,5,933920.8566077547,2,2,3,223,At Risk
C1544,45,5,382964.47870639194,3,2,2,322,Champions
C1545,94,9,1304653.2683284231,3,3,3,333,Champions
C1546,511,8,42522.02477796162,1,3,1,131,At Risk
C1547,70,3,11256.990807933455,3,1,1,311,Newbies
C1548,87,7,1115576.892640286,3,3,3,333,Champions
C1549,37,5,410991.1069671874,3,2,2,322,Champions
C155,163,7,451421.2256632692,2,3,2,232,At Risk
C1550,105,10,471161.6650301223,3,3,2,332,Champions
C1551,169,9,1290802.2617680551,2,3,3,233,At Risk
C1552,632,10,1319605.965534401,1,3,3,133,At Risk
C1553,125,13,1220766.7681209357,3,3,3,333,Champions
C1554,85,5,1200847.13709711,3,2,3,323,Champions
C1555,61,7,547232.9817657692,3,3,2,332,Champions
C1556,53,5,5907.055258582446,3,2,1,321,Sleeping
C1557,13,6,902645.9856039023,3,2,3,323,Champions
C1558,87,3,1578.0992447100516,3,1,1,311,Newbies
C1559,28,8,444703.342679576,3,3,2,332,Champions
C156,538,6,1426295.0536266712,1,2,3,123,At Risk
C1560,973,4,1372.4451010389307,1,1,1,111,Sleeping
C1561,29,5,7174.032268337881,3,2,1,321,Sleeping
C1562,218,3,4832.528083163575,2,1,1,211,Sleeping
C1563,560,3,1276931.6490760543,1,1,3,113,Sleeping
C1564,167,10,923799.4985365303,2,3,3,233,At Risk
C1565,382,7,15513.80872802698,1,3,1,131,At Risk
C1566,371,5,748611.4831564537,1,2,3,123,At Risk
C1567,924,4,53091.76654504277,1,1,1,111,Sleeping
C1568,690,5,404406.0345620809,1,2,2,122,At Risk
C1569,469,7,1240599.2174898386,1,3,3,133,At Risk
C157,68,8,1053550.2152429,3,3,3,333,Champions
C1570,198,6,1319506.0277083735,2,2,3,223,At Risk
C1571,19,2,1017110.1826133855,3,1,3,313,Newbies
C1572,130,6,236936.2225329033,3,2,1,321,Sleeping
C1573,155,3,324475.51591803145,2,1,2,212,Sleeping
C1574,335,5,8019.051898718679,2,2,1,221,At Risk
C1575,119,6,430942.72308771557,3,2,2,322,Champions
C1576,65,2,403790.5022503918,3,1,2,312,Newbies
C1577,375,7,621598.5759999773,1,3,2,132,At Risk
C1578,180,6,759495.0870303717,2,2,3,223,At Risk
C1579,216,7,627032.3580180705,2,3,2,232,At Risk
C158,85,9,1008908.3349962184,3,3,3,333,Champions
C1580,973,2,8281.473725788137,1,1,1,111,Sleeping
C1581,530,2,1274.360878849574,1,1,1,111,Sleeping
C1582,879,6,1285991.0953983143,1,2,3,123,At Risk
C1583,32,5,140551.39390279306,3,2,1,321,Sleeping
C1584,132,5,758660.2834379263,3,2,3,323,Champions
C1585,673,4,150901.7711439504,1,1,1,111,Sleeping
C1586,4,4,409227.2315560833,3,1,2,312,Newbies
C1587,480,6,565890.8286160592,1,2,2,122,At Risk
C1588,563,6,2241825.8279390475,1,2,3,123,At Risk
C1589,106,5,263559.16536663903,3,2,2,322,Champions
C159,160,6,372661.22573041054,2,2,2,222,At Risk
C1590,284,7,1818966.217281147,2,3,3,233,At Risk
C1591,10,6,988169.9322774305,3,2,3,323,Champions
C1592,495,6,836603.2539961704,1,2,3,123,At Risk
C1593,33,5,590591.9424484234,3,2,2,322,Champions
C1594,71,9,277863.72113768983,3,3,2,332,Champions
C1595,13,9,715013.8698582212,3,3,3,333,Champions
C1596,783,5,444966.0374624442,1,2,2,122,At Risk
C1597,48,7,811214.382834828,3,3,3,333,Champions
C1598,52,4,11042.574821246777,3,1,1,311,Newbies
C1599,462,2,5787.348445405084,1,1,1,111,Sleeping
C160,639,5,252978.73142121255,1,2,2,122,At Risk
C1600,412,7,422968.5953740692,1,3,2,132,At Risk
C1602,232,4,708783.5600440009,2,1,3,213,Sleeping
C1603,561,5,486504.3372056928,1,2,2,122,At Risk
C1604,1482,2,33345.33743922801,1,1,1,111,Sleeping
C1605,249,4,39902.63367239716,2,1,1,211,Sleeping
C1606,754,6,164876.75104965182,1,2,1,121,At Risk
C1607,139,2,3153.1638255288394,2,1,1,211,Sleeping
C1608,117,5,825219.7842730932,3,2,3,323,Champions
C1609,67,5,170247.03548137855,3,2,1,321,Sleeping
C161,72,5,176987.6899729155,3,2,1,321,Sleeping
C1610,184,6,427015.23446409486,2,2,2,222,At Risk
C1611,900,4,396824.2373794757,1,1,2,112,Sleeping
C1612,237,2,618.8734316183571,2,1,1,211,Sleeping
C1613,503,6,503883.4637022,1,2,2,122,At Risk
C1614,576,6,234849.75685943346,1,2,1,121,At Risk
C1615,286,5,168073.1397772678,2,2,1,221,At Risk
C1616,1349,3,1713.4177055846421,1,1,1,111,Sleeping
C1617,1008,4,217768.2890177512,1,1,1,111,Sleeping
C1618,11,6,596425.1582676196,3,2,2,322,Champions
C1619,109,7,1240767.358200943,3,3,3,333,Champions
C162,17,8,1176147.2546186817,3,3,3,333,Champions
C1620,105,7,263899.76535704196,3,3,2,332,Champions
C1621,42,6,310798.08566685725,3,2,2,322,Champions
C1622,452,5,224504.0971642855,1,2,1,121,At Risk
C1623,394,4,1226029.9333771472,1,1,3,113,Sleeping
C1624,150,7,456974.88043408934,2,3,2,232,At Risk
C1625,297,8,1816056.9134458485,2,3,3,233,At Risk
C1626,237,3,405138.47235749295,2,1,2,212,Sleeping
C1627,197,6,976975.2804911903,2,2,3,223,At Risk
C1628,301,6,494530.16851707216,2,2,2,222,At Risk
C1629,472,2,1113.123481860135,1,1,1,111,Sleeping
C163,93,6,828680.8879801763,3,2,3,323,Champions
C1630,226,5,505315.4707784546,2,2,2,222,At Risk
C1631,212,11,250915.4202806785,2,3,2,232,At Risk
C1632,242,8,1106859.2015270628,2,3,3,233,At Risk
C1633,82,3,5732.336886208148,3,1,1,311,Newbies
C1634,215,9,324979.1295294535,2,3,2,232,At Risk
C1635,525,2,336941.08603727864,1,1,2,112,Sleeping
C1636,2,11,598458.9334645425,3,3,2,332,Champions
C1637,164,4,9610.435313283706,2,1,1,211,Sleeping
C1638,481,2,5101.776660557775,1,1,1,111,Sleeping
C1639,1236,1,5252.337257881367,1,1,1,111,Sleeping
C164,1723,1,228.5947176053346,1,1,1,111,Sleeping
C1640,84,8,870326.9622840823,3,3,3,333,Champions
C1641,63,6,1138315.929396429,3,2,3,323,Champions
C1642,289,4,563151.6515033506,2,1,2,212,Sleeping
C1643,323,7,82477.43894705341,2,3,1,231,At Risk
C1644,194,5,474645.47518473247,2,2,2,222,At Risk
C1645,501,6,246701.19475037762,1,2,1,121,At Risk
C1646,56,9,1114709.910048354,3,3,3,333,Champions
C1647,5,5,139774.54681046162,3,2,1,321,Sleeping
C1648,60,5,289468.83829171135,3,2,2,322,Champions
C1649,423,2,78331.61431802259,1,1,1,111,Sleeping
C165,654,3,1396.9714576805034,1,1,1,111,Sleeping
C1650,15,8,1453462.3369333567,3,3,3,333,Champions
C1651,1245,1,526.0083393969253,1,1,1,111,Sleeping
C1652,859,3,48763.94561240257,1,1,1,111,Sleeping
C1653,241,5,367995.9694709422,2,2,2,222,At Risk
C1654,714,4,513069.80763286114,1,1,2,112,Sleeping
C1655,207,10,1148798.383386021,2,3,3,233,At Risk
C1656,582,3,613122.008609036,1,1,2,112,Sleeping
C1657,455,3,202898.35587308308,1,1,1,111,Sleeping
C1658,990,4,708893.2258632313,1,1,3,113,Sleeping
C1659,281,9,1558744.4428583144,2,3,3,233,At Risk
C166,186,4,738882.3870835697,2,1,3,213,Sleeping
C1660,714,7,1100962.0086691442,1,3,3,133,At Risk
C1661,125,8,349689.9304183735,3,3,2,332,Champions
C1662,72,9,947334.6660583774,3,3,3,333,Champions
C1663,800,4,259627.4709639649,1,1,2,112,Sleeping
C1664,53,11,884878.1503077971,3,3,3,333,Champions
C1665,44,8,1185663.496378961,3,3,3,333,Champions
C1666,125,7,1470558.1918495654,3,3,3,333,Champions
C1667,224,4,2784.648098564076,2,1,1,211,Sleeping
C1668,231,7,1511313.1084045512,2,3,3,233,At Risk
C1669,90,4,682573.7069007207,3,1,3,313,Newbies
C167,406,6,13713.703058826219,1,2,1,121,At Risk
C1670,206,5,266385.7541241432,2,2,2,222,At Risk
C1671,1097,6,10491.44276508818,1,2,1,121,At Risk
C1672,60,5,211243.7935062748,3,2,1,321,Sleeping
C1673,449,8,1493525.2834823534,1,3,3,133,At Risk
C1674,248,7,613283.9760538475,2,3,2,232,At Risk
C1675,73,7,245112.4629730569,3,3,1,331,Sleeping
C1676,326,4,882319.2559747123,2,1,3,213,Sleeping
C1677,275,7,1177132.9704743444,2,3,3,233,At Risk
C1678,131,4,602144.3806932463,3,1,2,312,Newbies
C1679,50,9,1499680.7945845497,3,3,3,333,Champions
C168,228,7,497591.07177079696,2,3,2,232,At Risk
C1680,366,7,279303.9385261559,2,3,2,232,At Risk
C1681,809,4,605761.7970701745,1,1,2,112,Sleeping
C1682,660,4,581872.5037267399,1,1,2,112,Sleeping
C1683,765,5,537983.5601314344,1,2,2,122,At Risk
C1684,217,4,520054.1633267752,2,1,2,212,Sleeping
C1685,2,8,191483.61364089014,3,3,1,331,Sleeping
C1686,539,3,5160.48164171296,1,1,1,111,Sleeping
C1687,51,4,83182.62639985814,3,1,1,311,Newbies
C1688,48,6,704773.7023921323,3,2,3,323,Champions
C1689,216,5,402567.0813869932,2,2,2,222,At Risk
C169,53,7,370836.71020673885,3,3,2,332,Champions
C1690,212,2,345044.5686281744,2,1,2,212,Sleeping
C1691,349,5,408310.3864401799,2,2,2,222,At Risk
C1692,602,5,1163435.479295572,1,2,3,123,At Risk
C1693,75,4,605279.0742785635,3,1,2,312,Newbies
C1694,197,7,58022.41486073179,2,3,1,231,At Risk
C1695,755,5,718426.3881175715,1,2,3,123,At Risk
C1696,644,5,1143447.5861514397,1,2,3,123,At Risk
C1697,780,3,1807.2216568440329,1,1,1,111,Sleeping
C1698,560,6,810466.553544524,1,2,3,123,At Risk
C1699,200,4,98725.59174322893,2,1,1,211,Sleeping
C170,203,9,1074235.7031478696,2,3,3,233,At Risk
C1700,68,5,1183897.4543375527,3,2,3,323,Champions
C1701,55,7,2241331.432396717,3,3,3,333,Champions
C1702,484,4,1488492.1637303773,1,1,3,113,Sleeping
C1703,94,6,469684.76277463493,3,2,2,322,Champions
C1704,37,6,11361.642389010243,3,2,1,321,Sleeping
C1705,1292,1,997.5782787413178,1,1,1,111,Sleeping
C1706,33,7,1238768.24174301,3,3,3,333,Champions
C1707,1005,2,441788.6204587719,1,1,2,112,Sleeping
C1708,185,8,248786.45415518148,2,3,1,231,At Risk
C1709,82,7,824448.8642900314,3,3,3,333,Champions
C171,80,2,503729.3936920711,3,1,2,312,Newbies
C1710,1574,2,1778.8196016232857,1,1,1,111,Sleeping
C1711,10,11,2778253.344786503,3,3,3,333,Champions
C1712,258,8,977501.2078724833,2,3,3,233,At Risk
C1713,52,6,945991.2934427217,3,2,3,323,Champions
C1714,51,7,1637751.8870659797,3,3,3,333,Champions
C1715,625,6,13764.884008998339,1,2,1,121,At Risk
C1716,137,6,1245536.6836265938,2,2,3,223,At Risk
C1717,2,7,1849515.4430897748,3,3,3,333,Champions
C1718,668,2,168760.8909683132,1,1,1,111,Sleeping
C1719,98,10,1179950.5037444988,3,3,3,333,Champions
C172,275,7,503529.5983222603,2,3,2,232,At Risk
C1720,91,8,729165.1031576379,3,3,3,333,Champions
C1721,179,10,500909.79363829596,2,3,2,232,At Risk
C1722,380,6,715920.9615518672,1,2,3,123,At Risk
C1723,410,5,445600.62629697827,1,2,2,122,At Risk
C1724,15,6,1276402.9503898749,3,2,3,323,Champions
C1725,62,7,10052.215531768323,3,3,1,331,Sleeping
C1726,755,5,658810.2508838964,1,2,2,122,At Risk
C1727,89,10,790278.9249600618,3,3,3,333,Champions
C1728,12,1,501702.93,3,1,2,312,Newbies
C1729,408,4,1364143.7980663145,1,1,3,113,Sleeping
C173,206,9,730859.2091793778,2,3,3,233,At Risk
C1730,428,5,475841.873288423,1,2,2,122,At Risk
C1731,142,3,9354.372722603253,2,1,1,211,Sleeping
C1732,291,10,814109.6192255379,2,3,3,233,At Risk
C1733,1013,1,230289.13006262423,1,1,1,111,Sleeping
C1734,224,5,198889.8981281595,2,2,1,221,At Risk
C1735,366,5,461329.48364138353,2,2,2,222,At Risk
C1736,1072,5,10510.325325346454,1,2,1,121,At Risk
C1737,212,8,1448844.7407385581,2,3,3,233,At Risk
C1738,363,7,200653.96029299105,2,3,1,231,At Risk
C1739,16,7,1039216.2803301006,3,3,3,333,Champions
C174,165,6,98754.0014926329,2,2,1,221,At Risk
C1740,668,8,1097328.4087034357,1,3,3,133,At Risk
C1741,305,6,362774.3213331709,2,2,2,222,At Risk
C1742,405,3,4945.926838579726,1,1,1,111,Sleeping
C1743,1023,5,310324.19811775,1,2,2,122,At Risk
C1744,47,3,5968.040249496072,3,1,1,311,Newbies
C1745,415,5,1456815.488188649,1,2,3,123,At Risk
C1746,140,7,713301.4083585471,2,3,3,233,At Risk
C1747,131,5,331496.9352710003,3,2,2,322,Champions
C1748,90,11,2033801.3893495847,3,3,3,333,Champions
C1749,36,4,256790.1553956977,3,1,2,312,Newbies
C175,802,4,65168.992273719494,1,1,1,111,Sleeping
C1750,858,4,320281.74195900303,1,1,2,112,Sleeping
C1751,574,3,94911.27993901656,1,1,1,111,Sleeping
C1752,138,7,644708.0411967915,2,3,2,232,At Risk
C1753,648,8,582033.1647987794,1,3,2,132,At Risk
C1754,125,6,206458.4172137879,3,2,1,321,Sleeping
C1755,117,6,464264.7544581231,3,2,2,322,Champions
C1756,285,4,205392.66584949105,2,1,1,211,Sleeping
C1757,27,8,754886.962268279,3,3,3,333,Champions
C1758,12,3,171292.18150428004,3,1,1,311,Newbies
C1759,40,8,227945.39945648136,3,3,1,331,Sleeping
C176,33,5,346171.3515475203,3,2,2,322,Champions
C1760,65,4,689887.7073544583,3,1,3,313,Newbies
C1761,319,5,44261.52837125195,2,2,1,221,At Risk
C1762,826,2,338051.1555052996,1,1,2,112,Sleeping
C1763,175,5,498689.43397227686,2,2,2,222,At Risk
C1764,151,7,616215.1041056836,2,3,2,232,At Risk
C1765,100,5,8260.967614738314,3,2,1,321,Sleeping
C1766,422,5,184740.3904491024,1,2,1,121,At Risk
C1767,157,12,392942.05337046523,2,3,2,232,At Risk
C1768,824,3,98355.31802387102,1,1,1,111,Sleeping
C1769,53,4,879159.7744392081,3,1,3,313,Newbies
C177,473,6,347961.1118628597,1,2,2,122,At Risk
C1770,138,8,692395.9667728038,2,3,3,233,At Risk
C1771,481,6,797217.8559175916,1,2,3,123,At Risk
C1772,536,4,147374.78103548783,1,1,1,111,Sleeping
C1773,18,3,9434.122302081627,3,1,1,311,Newbies
C1774,81,4,498476.5510778439,3,1,2,312,Newbies
C1775,1294,2,1049.792626572277,1,1,1,111,Sleeping
C1776,356,8,1805087.9084995878,2,3,3,233,At Risk
C1777,68,2,4113.303943289828,3,1,1,311,Newbies
C1778,706,3,305636.1484497179,1,1,2,112,Sleeping
C1779,338,6,248501.18451992862,2,2,1,221,At Risk
C178,334,2,100708.61519006736,2,1,1,211,Sleeping
C1780,897,3,1426.5717260069703,1,1,1,111,Sleeping
C1781,25,5,1196456.7773791524,3,2,3,323,Champions
C1782,55,3,222332.32685945116,3,1,1,311,Newbies
C1783,25,6,204966.5263743362,3,2,1,321,Sleeping
C1784,142,11,838827.0691887352,2,3,3,233,At Risk
C1785,9,6,426792.2401834374,3,2,2,322,Champions
C1786,122,4,1071975.6169312191,3,1,3,313,Newbies
C1787,501,5,799342.9704156957,1,2,3,123,At Risk
C1788,294,4,147861.03567068416,2,1,1,211,Sleeping
C1789,783,5,30928.494655245286,1,2,1,121,At Risk
C1790,100,6,502086.9056094327,3,2,2,322,Champions
C1791,116,3,148667.3829747576,3,1,1,311,Newbies
C1792,780,1,79138.09496046162,1,1,1,111,Sleeping
C1793,39,5,292805.66284562147,3,2,2,322,Champions
C1794,711,3,694924.6249156165,1,1,3,113,Sleeping
C1795,207,4,5454.481390360407,2,1,1,211,Sleeping
C1796,447,5,563512.1324637656,1,2,2,122,At Risk
C1797,646,3,178322.17879503607,1,1,1,111,Sleeping
C1798,467,7,896456.8274774188,1,3,3,133,At Risk
C1799,57,6,402234.86591164017,3,2,2,322,Champions
C180,359,6,1190671.6156267752,2,2,3,223,At Risk
C1800,478,2,214920.51082957737,1,1,1,111,Sleeping
C1801,7,6,399404.9186124931,3,2,2,322,Champions
C1802,108,9,1215716.9021647184,3,3,3,333,Champions
C1803,90,11,24277.87111264044,3,3,1,331,Sleeping
C1804,31,7,18484.890696896156,3,3,1,331,Sleeping
C1805,108,4,482775.05071784253,3,1,2,312,Newbies
C1806,79,8,1531408.9110086958,3,3,3,333,Champions
C1807,148,5,321017.6979579914,2,2,2,222,At Risk
C1808,159,4,473645.6076978409,2,1,2,212,Sleeping
C1809,363,3,10493.409672783555,2,1,1,211,Sleeping
C181,598,4,160523.2544146599,1,1,1,111,Sleeping
C1810,6,4,356513.0962965221,3,1,2,312,Newbies
C1811,237,6,204141.3051202546,2,2,1,221,At Risk
C1812,540,4,7031.11673252584,1,1,1,111,Sleeping
C1813,177,4,766808.6839373372,2,1,3,213,Sleeping
C1814,58,7,905355.2959666229,3,3,3,333,Champions
C1815,388,10,499871.7762626233,1,3,2,132,At Risk
C1816,384,4,898932.0420553832,1,1,3,113,Sleeping
C1817,765,4,9729.419077966842,1,1,1,111,Sleeping
C1818,590,5,270357.99081107153,1,2,2,122,At Risk
C1819,35,4,597616.049661576,3,1,2,312,Newbies
C182,18,9,53630.033347280056,3,3,1,331,Sleeping
C1820,679,4,483780.8170552887,1,1,2,112,Sleeping
C1821,363,6,1230525.4656107267,2,2,3,223,At Risk
C1822,2,9,119079.16538008976,3,3,1,331,Sleeping
C1823,227,2,3925.1157584939083,2,1,1,211,Sleeping
C1824,124,6,686873.4851030572,3,2,3,323,Champions
C1825,76,8,848201.0324938042,3,3,3,333,Champions
C1826,349,3,74871.41916164098,2,1,1,211,Sleeping
C1827,345,3,1286255.214068633,2,1,3,213,Sleeping
C1828,10,8,114573.76659182314,3,3,1,331,Sleeping
C1829,335,5,534771.8149060445,2,2,2,222,At Risk
C183,317,6,354793.3341052295,2,2,2,222,At Risk
C1830,49,7,1578616.5304364327,3,3,3,333,Champions
C1831,123,1,526.4327594609574,3,1,1,311,Newbies
C1832,837,2,1028.416552250944,1,1,1,111,Sleeping
C1833,836,1,652380.0914188817,1,1,2,112,Sleeping
C1834,505,4,83775.03593844088,1,1,1,111,Sleeping
C1835,276,3,169042.2287556924,2,1,1,211,Sleeping
C1836,423,9,1339275.847014035,1,3,3,133,At Risk
C1837,274,8,1372024.4548425358,2,3,3,233,At Risk
C1838,708,4,234334.83233317206,1,1,1,111,Sleeping
C1839,94,5,11220.975838962268,3,2,1,321,Sleeping
C184,14,9,325113.5743928192,3,3,2,332,Champions
C1840,768,2,957.6402735990048,1,1,1,111,Sleeping
C1841,219,7,347548.5150223714,2,3,2,232,At Risk
C1842,946,3,236115.2351935988,1,1,1,111,Sleeping
C1843,38,8,234761.6107965363,3,3,1,331,Sleeping
C1844,76,6,1495876.1972692255,3,2,3,323,Champions
C1845,500,1,367138.37432590756,1,1,2,112,Sleeping
C1846,30,4,3022.5715519718565,3,1,1,311,Newbies
C1847,106,8,240589.6506441081,3,3,1,331,Sleeping
C1848,84,7,1167781.6594151375,3,3,3,333,Champions
C1849,359,7,614709.6225353241,2,3,2,232,At Risk
C185,38,7,433173.7833293973,3,3,2,332,Champions
C1850,15,6,341988.53133307054,3,2,2,322,Champions
C1851,42,4,2483.7187502538345,3,1,1,311,Newbies
C1852,214,6,570418.3528753936,2,2,2,222,At Risk
C1853,421,4,646306.352488996,1,1,2,112,Sleeping
C1854,454,5,149728.37371257212,1,2,1,121,At Risk
C1855,26,6,912505.9434918538,3,2,3,323,Champions
C1856,168,4,725313.7986683904,2,1,3,213,Sleeping
C1857,306,3,570439.0309570157,2,1,2,212,Sleeping
C1858,75,4,578109.3147412316,3,1,2,312,Newbies
C1859,16,2,7896.387942818543,3,1,1,311,Newbies
C186,458,4,921886.8521430349,1,1,3,113,Sleeping
C1860,560,3,1096679.6166264077,1,1,3,113,Sleeping
C1861,45,8,323318.34932469454,3,3,2,332,Champions
C1862,163,7,8892.952060992293,2,3,1,231,At Risk
C1863,624,7,993820.7043624229,1,3,3,133,At Risk
C1864,440,6,886405.3576965573,1,2,3,123,At Risk
C1865,237,3,1005460.0406295457,2,1,3,213,Sleeping
C1866,123,4,883473.5027098105,3,1,3,313,Newbies
C1867,754,6,830415.2822594788,1,2,3,123,At Risk
C1868,223,7,36785.3443780522,2,3,1,231,At Risk
C1869,589,8,300456.0782033638,1,3,2,132,At Risk
C187,128,5,482849.52063417406,3,2,2,322,Champions
C1870,848,4,438872.05376102624,1,1,2,112,Sleeping
C1871,61,7,1575232.2897009416,3,3,3,333,Champions
C1872,300,6,1220636.8102239901,2,2,3,223,At Risk
C1873,276,5,367991.34379743546,2,2,2,222,At Risk
C1874,125,4,37396.4195653745,3,1,1,311,Newbies
C1875,30,8,126381.86089996106,3,3,1,331,Sleeping
C1876,7,7,1317984.8498619213,3,3,3,333,Champions
C1877,1353,2,128956.12335891572,1,1,1,111,Sleeping
C1878,116,8,1707676.6034021508,3,3,3,333,Champions
C1879,161,4,7555.443193881891,2,1,1,211,Sleeping
C188,7,7,138275.92361705404,3,3,1,331,Sleeping
C1880,340,7,288943.1607761304,2,3,2,232,At Risk
C1881,781,2,209860.52425595763,1,1,1,111,Sleeping
C1882,535,4,353411.2698584862,1,1,2,112,Sleeping
C1883,982,4,284389.1560343179,1,1,2,112,Sleeping
C1884,101,2,380851.0074706109,3,1,2,312,Newbies
C1885,1317,1,769.6121074263793,1,1,1,111,Sleeping
C1886,340,5,1030381.2253068944,2,2,3,223,At Risk
C1887,463,4,936676.4889202743,1,1,3,113,Sleeping
C1888,243,5,7414.225744460177,2,2,1,221,At Risk
C1889,264,5,842729.6431234924,2,2,3,223,At Risk
C189,553,8,1273605.3047234165,1,3,3,133,At Risk
C1890,107,9,1010833.009698574,3,3,3,333,Champions
C1891,353,4,10536.369106855034,2,1,1,211,Sleeping
C1892,350,8,893675.0660336327,2,3,3,233,At Risk
C1893,621,3,121931.62275946095,1,1,1,111,Sleeping
C1894,196,6,580878.1523027656,2,2,2,222,At Risk
C1895,183,7,1863640.739537506,2,3,3,233,At Risk
C1896,1,3,454589.04836393043,3,1,2,312,Newbies
C1897,257,9,1185046.9073878725,2,3,3,233,At Risk
C1898,135,5,1192698.920526423,2,2,3,223,At Risk
C1899,210,4,351973.1223018416,2,1,2,212,Sleeping
C190,65,8,214500.67710002878,3,3,1,331,Sleeping
C1900,505,3,221007.17602853363,1,1,1,111,Sleeping
C1901,73,6,1536854.4714234325,3,2,3,323,Champions
C1902,50,8,1199602.259367298,3,3,3,333,Champions
C1903,638,2,7144.011693810189,1,1,1,111,Sleeping
C1904,38,5,8687.855477567136,3,2,1,321,Sleeping
C1905,88,10,111341.30685467481,3,3,1,331,Sleeping
C1906,379,1,525.2337257881367,1,1,1,111,Sleeping
C1907,67,8,1472945.65592616,3,3,3,333,Champions
C1908,357,9,540640.1406368052,2,3,2,232,At Risk
C1909,349,3,386681.3199836514,2,1,2,212,Sleeping
C191,8,6,1685371.2182179352,3,2,3,323,Champions
C1910,28,7,1246858.620690919,3,3,3,333,Champions
C1911,310,6,608703.6400635506,2,2,2,222,At Risk
C1912,266,7,20707.898499799478,2,3,1,231,At Risk
C1913,166,9,91480.60782612371,2,3,1,231,At Risk
C1914,144,9,180540.74564404873,2,3,1,231,At Risk
C1915,1174,2,115685.401671065,1,1,1,111,Sleeping
C1916,206,5,9915.446904109627,2,2,1,221,At Risk
C1917,205,11,710760.0411039365,2,3,3,233,At Risk
C1918,1065,3,84569.3065013229,1,1,1,111,Sleeping
C1919,727,2,4951.442979740336,1,1,1,111,Sleeping
C192,153,4,1033610.9349094996,2,1,3,213,Sleeping
C1920,58,6,189351.6926332913,3,2,1,321,Sleeping
C1921,540,7,516750.2533139868,1,3,2,132,At Risk
C1922,963,6,1148413.3525298652,1,2,3,123,At Risk
C1923,166,4,434030.93267540727,2,1,2,212,Sleeping
C1924,279,4,138606.65958839838,2,1,1,211,Sleeping
C1925,305,5,120920.03649143834,2,2,1,221,At Risk
C1926,375,6,106042.57039196123,1,2,1,121,At Risk
C1927,715,9,519229.9864476227,1,3,2,132,At Risk
C1928,505,8,420760.0415949884,1,3,2,132,At Risk
C1929,1079,3,4911.555416221467,1,1,1,111,Sleeping
C193,363,6,585476.1857851918,2,2,2,222,At Risk
C1930,27,9,984064.988926503,3,3,3,333,Champions
C1931,620,5,137325.51017551532,1,2,1,121,At Risk
C1932,291,4,18438.43825127592,2,1,1,211,Sleeping
C1933,32,5,597007.2320475047,3,2,2,322,Champions
C1934,160,6,791216.689568216,2,2,3,223,At Risk
C1935,536,5,416202.17282823264,1,2,2,122,At Risk
C1936,93,3,477823.5506796925,3,1,2,312,Newbies
C1937,232,5,381212.1211440296,2,2,2,222,At Risk
C1938,207,8,959830.6686666263,2,3,3,233,At Risk
C1939,81,10,13113.658903102683,3,3,1,331,Sleeping
C194,279,6,505764.6999351549,2,2,2,222,At Risk
C1940,95,5,2508.8283172514903,3,2,1,321,Sleeping
C1941,1001,3,5855.5440883080155,1,1,1,111,Sleeping
C1942,95,3,432087.1460339388,3,1,2,312,Newbies
C1943,408,4,156255.17960782003,1,1,1,111,Sleeping
C1944,41,6,392014.8414838971,3,2,2,322,Champions
C1945,899,4,439811.5616012383,1,1,2,112,Sleeping
C1946,25,8,789164.5346642429,3,3,3,333,Champions
C1948,852,8,1383315.7387598401,1,3,3,133,At Risk
C1949,123,6,1166811.7113610553,3,2,3,323,Champions
C195,707,7,253343.17803157895,1,3,2,132,At Risk
C1950,322,4,350438.2501569885,2,1,2,212,Sleeping
C1951,61,5,857327.3680857569,3,2,3,323,Champions
C1952,19,9,471854.1058272646,3,3,2,332,Champions
C1953,66,8,702545.4935877761,3,3,3,333,Champions
C1954,319,8,654098.0960031713,2,3,2,232,At Risk
C1955,92,6,16130.957049424262,3,2,1,321,Sleeping
C1956,36,8,199153.6509312788,3,3,1,331,Sleeping
C1957,222,10,756251.6212997525,2,3,3,233,At Risk
C1958,107,7,289303.44136965065,3,3,2,332,Champions
C1959,145,6,300931.3757954472,2,2,2,222,At Risk
C196,91,9,1104919.4391259723,3,3,3,333,Champions
C1960,1388,2,950.2096206708461,1,1,1,111,Sleeping
C1961,527,5,484373.27275131864,1,2,2,122,At Risk
C1962,452,4,343356.7022711157,1,1,2,112,Sleeping
C1963,155,6,602464.058348862,2,2,2,222,At Risk
C1964,264,9,22769.664750682652,2,3,1,231,At Risk
C1965,322,6,1221647.2400627015,2,2,3,223,At Risk
C1966,615,5,174750.184848734,1,2,1,121,At Risk
C1967,175,6,629444.0166115627,2,2,2,222,At Risk
C1968,56,4,194840.7935072093,3,1,1,311,Newbies
C1969,12,9,1146873.0749183632,3,3,3,333,Champions
C197,41,5,1148442.7755149086,3,2,3,323,Champions
C1970,609,3,473840.69323900354,1,1,2,112,Sleeping
C1971,71,3,337780.1533233167,3,1,2,312,Newbies
C1972,59,3,593315.9350478813,3,1,2,312,Newbies
C1973,1,2,1451.1866957267582,3,1,1,311,Newbies
C1974,730,2,646316.0018022928,1,1,2,112,Sleeping
C1975,361,4,151838.67239852564,2,1,1,211,Sleeping
C1976,112,5,1117519.433989421,3,2,3,323,Champions
C1977,655,2,10866.344614086205,1,1,1,111,Sleeping
C1978,237,6,801871.9279792075,2,2,3,223,At Risk
C1979,48,5,1030030.7858402656,3,2,3,323,Champions
C198,86,7,901840.2319207509,3,3,3,333,Champions
C1980,66,3,152731.50681862328,3,1,1,311,Newbies
C1981,382,5,416285.6886330391,1,2,2,122,At Risk
C1982,1116,3,232681.9220787496,1,1,1,111,Sleeping
C1983,953,2,274775.08630260796,1,1,2,112,Sleeping
C1984,937,4,624433.4488556578,1,1,2,112,Sleeping
C1985,546,2,506123.32105065725,1,1,2,112,Sleeping
C1986,15,9,886685.1457369489,3,3,3,333,Champions
C1987,35,7,1330614.999601248,3,3,3,333,Champions
C1988,171,8,1430272.0120642143,2,3,3,233,At Risk
C1989,175,5,595087.9837848911,2,2,2,222,At Risk
C199,387,7,960891.7222880899,1,3,3,133,At Risk
C1990,18,7,414941.69278983766,3,3,2,332,Champions
C1991,60,9,2390808.628532121,3,3,3,333,Champions
C1992,629,2,2205.477752870705,1,1,1,111,Sleeping
C1993,607,3,258811.36288286193,1,1,2,112,Sleeping
C1994,132,5,1180973.5830443378,3,2,3,323,Champions
C1995,74,8,710805.3325079231,3,3,3,333,Champions
C1996,65,6,1179980.1939627375,3,2,3,323,Champions
C1997,8,7,283253.68589852477,3,3,2,332,Champions
C1998,98,9,1286757.6390653686,3,3,3,333,Champions
C1999,28,8,113370.53742053508,3,3,1,331,Sleeping
C200,374,9,668108.7010353645,1,3,3,133,At Risk
C2000,958,3,6878.839156897917,1,1,1,111,Sleeping
C2001,679,2,242473.3129034115,1,1,1,111,Sleeping
C2002,169,4,308035.64862017136,2,1,2,212,Sleeping
C2003,434,5,257689.35281587765,1,2,2,122,At Risk
C2004,185,6,290198.5510904334,2,2,2,222,At Risk
C2005,260,7,726484.1345772638,2,3,3,233,At Risk
C2006,1174,1,988.2194542449876,1,1,1,111,Sleeping
C2007,6,7,11375.759816425847,3,3,1,331,Sleeping
C2008,711,3,10312.991951316984,1,1,1,111,Sleeping
C2009,71,5,812378.0609920743,3,2,3,323,Champions
C201,316,6,130449.26864808316,2,2,1,221,At Risk
C2010,67,3,384189.20726133615,3,1,2,312,Newbies
C2011,514,7,472274.73420875636,1,3,2,132,At Risk
C2012,440,7,157773.51385952922,1,3,1,131,At Risk
C2013,581,9,999644.6962166177,1,3,3,133,At Risk
C2014,55,7,1025000.5184453857,3,3,3,333,Champions
C2015,55,9,523131.6594577743,3,3,2,332,Champions
C2016,377,5,555568.8234028764,1,2,2,122,At Risk
C2017,148,8,1132761.666964985,2,3,3,233,At Risk
C2018,1189,4,351394.7326231391,1,1,2,112,Sleeping
C2019,119,6,383982.21463792084,3,2,2,322,Champions
C202,265,5,243972.53252669648,2,2,1,221,At Risk
C2021,46,6,8032.5840900155645,3,2,1,321,Sleeping
C2022,224,4,19812.688047549404,2,1,1,211,Sleeping
C2023,19,10,2146730.201060627,3,3,3,333,Champions
C2024,9,8,740797.817757233,3,3,3,333,Champions
C2025,1194,1,941.700907233752,1,1,1,111,Sleeping
C2026,1085,2,2101.709516761335,1,1,1,111,Sleeping
C2027,159,3,243394.0219325683,2,1,1,211,Sleeping
C2028,12,8,844609.8155665178,3,3,3,333,Champions
C2029,457,7,1155835.123017644,1,3,3,133,At Risk
C203,158,6,499387.2312311386,2,2,2,222,At Risk
C2030,642,6,459628.3599029346,1,2,2,122,At Risk
C2031,65,9,1530226.0385950508,3,3,3,333,Champions
C2032,347,7,1390523.8138547973,2,3,3,233,At Risk
C2033,592,4,301461.0094306533,1,1,2,112,Sleeping
C2034,130,6,971128.6891021262,3,2,3,323,Champions
C2035,22,5,202482.07714440752,3,2,1,321,Sleeping
C2036,159,8,252914.01592418406,2,3,2,232,At Risk
C2037,17,4,120752.84735246243,3,1,1,311,Newbies
C2038,301,5,103004.93088881801,2,2,1,221,At Risk
C2039,520,5,231610.9070477781,1,2,1,121,At Risk
C204,199,8,888532.12813463,2,3,3,233,At Risk
C2040,90,6,605148.1855949092,3,2,2,322,Champions
C2041,372,7,517986.84388957033,1,3,2,132,At Risk
C2042,162,8,505182.47811497474,2,3,2,232,At Risk
C2043,257,8,1311503.9180649784,2,3,3,233,At Risk
C2044,335,7,1670397.4163388738,2,3,3,233,At Risk
C2045,146,5,196866.40556527043,2,2,1,221,At Risk
C2046,25,6,93384.86224242422,3,2,1,321,Sleeping
C2047,138,5,785177.8580477636,2,2,3,223,At Risk
C2048,330,4,4992.5136530205655,2,1,1,211,Sleeping
C2049,1008,1,162.60871139190135,1,1,1,111,Sleeping
C205,346,3,114816.53144572357,2,1,1,211,Sleeping
C2050,278,3,12632.62621680595,2,1,1,211,Sleeping
C2051,21,4,533352.9113045883,3,1,2,312,Newbies
C2052,1125,3,123880.59452368609,1,1,1,111,Sleeping
C2053,58,5,523460.0505248118,3,2,2,322,Champions
C2054,122,7,428997.7104955615,3,3,2,332,Champions
C2055,247,3,661292.0642174395,2,1,2,212,Sleeping
C2056,148,2,2534.5306623362812,2,1,1,211,Sleeping
C2057,460,7,1601514.6307368889,1,3,3,133,At Risk
C2058,70,9,927142.8818557928,3,3,3,333,Champions
C2059,253,4,109274.94537483936,2,1,1,211,Sleeping
C206,138,2,1361.161494856499,2,1,1,211,Sleeping
C2060,204,6,1335138.9861141404,2,2,3,223,At Risk
C2061,16,10,607378.7695856375,3,3,2,332,Champions
C2062,94,3,231649.1222813639,3,1,1,311,Newbies
C2063,16,7,25764.78040670423,3,3,1,331,Sleeping
C2064,159,6,993061.3388202739,2,2,3,223,At Risk
C2065,11,4,9962.35966272106,3,1,1,311,Newbies
C2066,9,4,102439.75746205653,3,1,1,311,Newbies
C2067,107,6,1057566.805379971,3,2,3,323,Champions
C2068,534,3,6828.106677001056,1,1,1,111,Sleeping
C2069,47,6,128226.74284721319,3,2,1,321,Sleeping
C207,124,1,2092.488514176852,3,1,1,311,Newbies
C2070,161,5,100474.69635311459,2,2,1,221,At Risk
C2071,45,9,395104.14788138616,3,3,2,332,Champions
C2072,157,4,2542.9797045043156,2,1,1,211,Sleeping
C2073,37,3,5551.235405252177,3,1,1,311,Newbies
C2074,306,8,381624.9809088129,2,3,2,232,At Risk
C2075,541,4,252137.6470360357,1,1,2,112,Sleeping
C2076,291,7,699805.2325569245,2,3,3,233,At Risk
C2077,117,5,41037.409717546856,3,2,1,321,Sleeping
C2078,607,4,315762.56791772915,1,1,2,112,Sleeping
C2079,787,2,815.395978574806,1,1,1,111,Sleeping
C208,84,9,1739013.5389889216,3,3,3,333,Champions
C2080,659,4,3811.386402129786,1,1,1,111,Sleeping
C2081,130,7,815863.4938909336,3,3,3,333,Champions
C2082,49,2,116477.42453941534,3,1,1,311,Newbies
C2083,41,3,185207.25140147688,3,1,1,311,Newbies
C2084,452,3,864451.1689509298,1,1,3,113,Sleeping
C2085,130,4,672183.7311088566,3,1,3,313,Newbies
C2086,327,7,1950280.7635807616,2,3,3,233,At Risk
C2087,551,11,566707.3710544213,1,3,2,132,At Risk
C2088,74,5,235748.81102702412,3,2,1,321,Sleeping
C2089,424,7,4910.361291865635,1,3,1,131,At Risk
C209,1444,4,533481.0235511919,1,1,2,112,Sleeping
C2090,354,10,1215555.8974612823,2,3,3,233,At Risk
C2091,1110,3,242156.7704075735,1,1,1,111,Sleeping
C2092,176,5,20071.6808834181,2,2,1,221,At Risk
C2093,257,5,663273.8961535142,2,2,3,223,At Risk
C2094,79,5,13776.996744844975,3,2,1,321,Sleeping
C2095,308,9,907992.4966027349,2,3,3,233,At Risk
C2096,893,6,287114.7542843947,1,2,2,122,At Risk
C2097,467,3,190234.35291734076,1,1,1,111,Sleeping
C2098,724,3,440019.8282788176,1,1,2,112,Sleeping
C2099,88,6,343397.4664240032,3,2,2,322,Champions
C210,116,7,715788.4424756675,3,3,3,333,Champions
C2100,599,3,701656.3665804563,1,1,3,113,Sleeping
C2101,67,9,981839.7071376267,3,3,3,333,Champions
C2102,522,3,727424.264413124,1,1,3,113,Sleeping
C2103,92,4,406352.08596181555,3,1,2,312,Newbies
C2104,307,8,356152.8377831218,2,3,2,232,At Risk
C2105,763,1,280197.65552572353,1,1,2,112,Sleeping
C2106,462,6,261391.69318760475,1,2,2,122,At Risk
C2107,48,6,1030817.3318428469,3,2,3,323,Champions
C2108,1402,4,278027.70511641377,1,1,2,112,Sleeping
C2109,1228,2,501029.7408926985,1,1,2,112,Sleeping
C211,63,5,421380.92880310916,3,2,2,322,Champions
C2110,220,6,626546.8424410232,2,2,2,222,At Risk
C2111,412,5,1197098.3744755695,1,2,3,123,At Risk
C2112,5,7,616839.8214932386,3,3,2,332,Champions
C2113,1013,4,9793.334582510883,1,1,1,111,Sleeping
C2114,835,4,195689.93903201993,1,1,1,111,Sleeping
C2115,118,5,1526921.767612995,3,2,3,323,Champions
C2116,2,10,1563253.0106661536,3,3,3,333,Champions
C2117,28,5,340466.76921154326,3,2,2,322,Champions
C2118,369,6,213324.45595745678,2,2,1,221,At Risk
C2119,160,2,132386.38833465538,2,1,1,211,Sleeping
C212,190,8,591984.2330609867,2,3,2,232,At Risk
C2120,840,3,581766.6011727275,1,1,2,112,Sleeping
C2121,187,3,497072.39570624125,2,1,2,212,Sleeping
C2122,223,6,928470.1130229034,2,2,3,223,At Risk
C2123,826,6,659108.1249870551,1,2,2,122,At Risk
C2124,121,8,1640045.49910964,3,3,3,333,Champions
C2125,494,7,195404.32378225742,1,3,1,131,At Risk
C2126,106,7,851247.8584476479,3,3,3,333,Champions
C2127,152,7,121093.51384839487,2,3,1,231,At Risk
C2128,724,2,1148.489454664248,1,1,1,111,Sleeping
C2129,18,5,1133721.1500080395,3,2,3,323,Champions
C213,486,4,1756673.444927448,1,1,3,113,Sleeping
C2130,289,6,239365.33957820435,2,2,1,221,At Risk
C2131,239,6,198344.8061297347,2,2,1,221,At Risk
C2132,166,8,700242.7024734678,2,3,3,233,At Risk
C2133,718,3,77540.97386217747,1,1,1,111,Sleeping
C2134,85,9,1473131.6702103773,3,3,3,333,Champions
C2135,41,2,225715.7796758677,3,1,1,311,Newbies
C2136,44,5,1022619.7004233954,3,2,3,323,Champions
C2137,1162,4,621052.9083387221,1,1,2,112,Sleeping
C2138,745,4,375371.19733697566,1,1,2,112,Sleeping
C2139,187,9,646711.7616419856,2,3,2,232,At Risk
C214,207,3,1666.8902791602197,2,1,1,211,Sleeping
C2140,463,7,480013.9188050568,1,3,2,132,At Risk
C2141,1010,3,564268.321722581,1,1,2,112,Sleeping
C2142,32,8,1121414.930584279,3,3,3,333,Champions
C2143,341,6,15477.301952371912,2,2,1,221,At Risk
C2144,641,1,460.6984026589208,1,1,1,111,Sleeping
C2146,285,11,1694887.4011167276,2,3,3,233,At Risk
C2147,205,8,718978.060977692,2,3,3,233,At Risk
C2148,241,4,759363.0248651842,2,1,3,213,Sleeping
C2149,364,4,5917.553292743751,2,1,1,211,Sleeping
C215,9,6,1096289.559181307,3,2,3,323,Champions
C2150,47,9,1096200.495816312,3,3,3,333,Champions
C2151,1238,6,368836.95881547505,1,2,2,122,At Risk
C2152,149,6,873707.2043388628,2,2,3,223,At Risk
C2153,106,3,106037.7674029476,3,1,1,311,Newbies
C2154,174,6,541578.2174046733,2,2,2,222,At Risk
C2155,542,7,1125280.194315819,1,3,3,133,At Risk
C2156,160,3,18237.138979716132,2,1,1,211,Sleeping
C2157,324,6,130392.21033480618,2,2,1,221,At Risk
C2158,356,10,1265688.3978773528,2,3,3,233,At Risk
C2159,131,9,1977991.480553569,3,3,3,333,Champions
C216,315,6,771419.1100951139,2,2,3,223,At Risk
C2160,225,8,1237897.1339145314,2,3,3,233,At Risk
C2161,194,7,706712.7562364691,2,3,3,233,At Risk
C2162,124,5,255336.51681542362,3,2,2,322,Champions
C2163,116,6,248674.4443469646,3,2,1,321,Sleeping
C2164,164,6,217603.46847893135,2,2,1,221,At Risk
C2165,142,3,661121.9377631915,2,1,2,212,Sleeping
C2166,577,8,554476.9882735382,1,3,2,132,At Risk
C2167,83,7,652382.4664574903,3,3,2,332,Champions
C2168,575,3,187768.51486756658,1,1,1,111,Sleeping
C2169,51,5,568841.3358109125,3,2,2,322,Champions
C217,20,7,670304.0602454661,3,3,3,333,Champions
C2170,20,8,564290.5294961412,3,3,2,332,Champions
C2171,330,3,331160.7927734675,2,1,2,212,Sleeping
C2172,274,2,5786.091733366178,2,1,1,211,Sleeping
C2173,719,3,222492.6549790603,1,1,1,111,Sleeping
C2174,1521,1,750.3505842389712,1,1,1,111,Sleeping
C2175,714,5,663510.6670842012,1,2,3,123,At Risk
C2176,214,7,1084392.3158932333,2,3,3,233,At Risk
C2177,134,9,505134.39750641264,2,3,2,232,At Risk
C2178,598,3,441333.6860242622,1,1,2,112,Sleeping
C2179,181,6,361517.4948608378,2,2,2,222,At Risk
C218,523,5,752699.8614349302,1,2,3,123,At Risk
C2180,372,7,396888.75200177473,1,3,2,132,At Risk
C2181,26,9,868448.5973476835,3,3,3,333,Champions
C2182,363,3,1227.5216634667877,2,1,1,211,Sleeping
C2183,449,5,337121.0501611136,1,2,2,122,At Risk
C2184,454,7,483430.9260862913,1,3,2,132,At Risk
C2185,263,7,1266945.5953872951,2,3,3,233,At Risk
C2186,1,5,4935.982383331446,3,2,1,321,Sleeping
C2187,187,6,784983.9650535946,2,2,3,223,At Risk
C2188,43,8,11970.958535659298,3,3,1,331,Sleeping
C2189,23,5,1576955.0970909703,3,2,3,323,Champions
C219,162,8,20757.970532571548,2,3,1,231,At Risk
C2190,298,5,391228.48806155776,2,2,2,222,At Risk
C2191,149,3,389734.61211443244,2,1,2,212,Sleeping
C2192,122,6,398487.3707527297,3,2,2,322,Champions
C2193,270,5,449633.91221971146,2,2,2,222,At Risk
C2194,243,12,1087044.490181399,2,3,3,233,At Risk
C2195,40,4,824905.1483177213,3,1,3,313,Newbies
C2196,887,2,3326.1521635933195,1,1,1,111,Sleeping
C2197,625,7,370899.41524196597,1,3,2,132,At Risk
C2198,6,5,266927.3868102421,3,2,2,322,Champions
C2199,255,6,68837.88379616968,2,2,1,221,At Risk
C220,693,3,759592.6205696014,1,1,3,113,Sleeping
C2200,120,10,428731.1731593179,3,3,2,332,Champions
C2201,699,6,639487.9441781522,1,2,2,122,At Risk
C2202,212,1,620.0035388413784,2,1,1,211,Sleeping
C2203,477,7,758927.1496595726,1,3,3,133,At Risk
C2204,39,7,985339.430133415,3,3,3,333,Champions
C2205,184,8,241915.62704253537,2,3,1,231,At Risk
C2206,180,6,1367416.76561425,2,2,3,223,At Risk
C2207,44,9,404422.7256379217,3,3,2,332,Champions
C2208,107,8,480517.8290746731,3,3,2,332,Champions
C2209,335,3,5370.508251902137,2,1,1,211,Sleeping
C221,51,11,475465.7355943273,3,3,2,332,Champions
C2210,103,7,910153.4716746989,3,3,3,333,Champions
C2211,192,4,543790.6069989308,2,1,2,212,Sleeping
C2212,105,6,676495.1272183957,3,2,3,323,Champions
C2213,284,2,394118.9743303337,2,1,2,212,Sleeping
C2214,367,5,877081.3569077213,2,2,3,223,At Risk
C2215,216,6,330008.911669351,2,2,2,222,At Risk
C2216,391,7,1294726.666961026,1,3,3,133,At Risk
C2217,115,7,165872.36879430385,3,3,1,331,Sleeping
C2218,136,5,149793.9867511349,2,2,1,221,At Risk
C2219,178,6,837746.5627945602,2,2,3,223,At Risk
C222,137,3,255033.71147176233,2,1,2,212,Sleeping
C2220,40,4,571274.5794287942,3,1,2,312,Newbies
C2221,213,5,759954.9369014001,2,2,3,223,At Risk
C2222,82,7,102843.94699208357,3,3,1,331,Sleeping
C2223,750,5,717154.3858639635,1,2,3,123,At Risk
C2224,24,11,1136445.1703112281,3,3,3,333,Champions
C2225,505,5,5886.737615548693,1,2,1,121,At Risk
C2226,57,8,791457.9123275387,3,3,3,333,Champions
C2227,202,6,1627407.0924657327,2,2,3,223,At Risk
C2228,1018,4,673243.9707504164,1,1,3,113,Sleeping
C2229,99,5,7940.393471631523,3,2,1,321,Sleeping
C223,382,7,647671.4180540625,1,3,2,132,At Risk
C2230,41,7,310566.80103404203,3,3,2,332,Champions
C2231,361,5,271334.00042589,2,2,2,222,At Risk
C2232,1394,2,248782.51104708368,1,1,1,111,Sleeping
C2233,143,9,1588781.7758712203,2,3,3,233,At Risk
C2234,110,3,464643.3130613096,3,1,2,312,Newbies
C2235,448,3,95728.97291719994,1,1,1,111,Sleeping
C2236,447,4,302174.54152155673,1,1,2,112,Sleeping
C2237,759,4,199437.66581126704,1,1,1,111,Sleeping
C2238,557,3,142558.9842110645,1,1,1,111,Sleeping
C2239,12,6,954051.6826012036,3,2,3,323,Champions
C224,16,5,919007.0633451724,3,2,3,323,Champions
C2240,725,4,1186811.709002834,1,1,3,113,Sleeping
C2241,262,3,57236.01519514813,2,1,1,211,Sleeping
C2242,171,4,114618.77884802796,2,1,1,211,Sleeping
C2243,1154,3,249103.35851085544,1,1,2,112,Sleeping
C2244,149,7,280747.69656428846,2,3,2,232,At Risk
C2245,70,7,826710.3272408997,3,3,3,333,Champions
C2246,195,6,378601.4683402005,2,2,2,222,At Risk
C2247,491,4,196262.39917105722,1,1,1,111,Sleeping
C2248,274,6,74466.3725650151,2,2,1,221,At Risk
C2249,361,6,483548.7736993083,2,2,2,222,At Risk
C225,796,2,682807.0199681802,1,1,3,113,Sleeping
C2250,55,8,1801847.2676828546,3,3,3,333,Champions
C2251,676,3,206334.0442615355,1,1,1,111,Sleeping
C2252,491,4,207090.20339118582,1,1,1,111,Sleeping
C2253,688,3,354528.42708533636,1,1,2,112,Sleeping
C2254,303,5,1010677.9576278486,2,2,3,223,At Risk
C2255,1843,1,50.68087396383876,1,1,1,111,Sleeping
C2256,142,6,724874.8723805996,2,2,3,223,At Risk
C2257,661,4,610652.3011107319,1,1,2,112,Sleeping
C2258,373,4,6705.612674930635,1,1,1,111,Sleeping
C2259,80,6,754061.0417132424,3,2,3,323,Champions
C226,74,8,679420.1943649866,3,3,3,333,Champions
C2260,234,3,268910.3359714097,2,1,2,212,Sleeping
C2261,377,9,1060227.5669330559,1,3,3,133,At Risk
C2262,122,6,429954.0833856047,3,2,2,322,Champions
C2263,129,4,215032.7025770346,3,1,1,311,Newbies
C2264,223,5,526861.7261859705,2,2,2,222,At Risk
C2265,344,5,518441.9314309901,2,2,2,222,At Risk
C2266,218,5,944118.2477529341,2,2,3,223,At Risk
C2267,229,3,854546.9065731385,2,1,3,213,Sleeping
C2268,260,5,368448.289219483,2,2,2,222,At Risk
C2269,209,7,480005.051755034,2,3,2,232,At Risk
C227,1105,5,316004.77704520756,1,2,2,122,At Risk
C2270,271,6,243965.70382052253,2,2,1,221,At Risk
C2271,213,6,1609642.874196183,2,2,3,223,At Risk
C2272,846,3,7569.022061671074,1,1,1,111,Sleeping
C2273,530,4,438172.23608524655,1,1,2,112,Sleeping
C2274,1077,4,1411785.9573607238,1,1,3,113,Sleeping
C2275,206,4,397140.39318476693,2,1,2,212,Sleeping
C2276,258,9,1362907.6374534634,2,3,3,233,At Risk
C2277,23,2,163847.30585274706,3,1,1,311,Newbies
C2278,115,9,1756664.7821494734,3,3,3,333,Champions
C2279,1250,3,8098.6744867399875,1,1,1,111,Sleeping
C228,407,3,207879.96126175008,1,1,1,111,Sleeping
C2280,303,3,2896.6812077690984,2,1,1,211,Sleeping
C2281,61,11,915485.2733505572,3,3,3,333,Champions
C2282,49,7,1137018.1147615924,3,3,3,333,Champions
C2283,577,6,1050852.3847191092,1,2,3,123,At Risk
C2284,965,3,441942.9645933345,1,1,2,112,Sleeping
C2285,608,5,381249.86943956115,1,2,2,122,At Risk
C2286,429,9,464352.41685853805,1,3,2,132,At Risk
C2287,414,5,880318.9132974197,1,2,3,123,At Risk
C2288,101,2,353614.2638005573,3,1,2,312,Newbies
C2289,20,6,1822229.955199624,3,2,3,323,Champions
C229,139,4,873774.4370431475,2,1,3,213,Sleeping
C2290,74,8,1320582.7592407735,3,3,3,333,Champions
C2291,235,5,1304707.422917589,2,2,3,223,At Risk
C2292,69,11,1565732.7204692403,3,3,3,333,Champions
C2293,268,5,275308.118881487,2,2,2,222,At Risk
C2294,53,4,11093.50070486319,3,1,1,311,Newbies
C2295,380,3,282673.10206892923,1,1,2,112,Sleeping
C2296,212,3,4418.250559075634,2,1,1,211,Sleeping
C2297,90,5,321216.41733300313,3,2,2,322,Champions
C2298,777,6,221137.06307845813,1,2,1,121,At Risk
C2299,521,4,706388.524320103,1,1,3,113,Sleeping
C230,76,8,445949.63269236835,3,3,2,332,Champions
C2300,826,4,404222.03722109745,1,1,2,112,Sleeping
C2301,41,6,232305.00156650634,3,2,1,321,Sleeping
C2302,90,7,509349.080304444,3,3,2,332,Champions
C2303,144,4,1122969.8792752696,2,1,3,213,Sleeping
C2304,79,4,4540.042984231293,3,1,1,311,Newbies
C2305,624,9,150590.4816752715,1,3,1,131,At Risk
C2306,201,6,1180559.4171912035,2,2,3,223,At Risk
C2307,769,4,511266.13235499564,1,1,2,112,Sleeping
C2308,42,6,1455311.5123028872,3,2,3,323,Champions
C2309,92,8,1038597.1846608634,3,3,3,333,Champions
C231,814,3,402428.8555519376,1,1,2,112,Sleeping
C2310,34,7,1107857.601212218,3,3,3,333,Champions
C2311,125,4,921404.2780304739,3,1,3,313,Newbies
C2312,343,5,687621.2876371053,2,2,3,223,At Risk
C2313,368,4,275318.67257961514,2,1,2,212,Sleeping
C2314,58,5,775560.3121994478,3,2,3,323,Champions
C2315,577,9,847859.3484558236,1,3,3,133,At Risk
C2316,107,5,458845.11382867326,3,2,2,322,Champions
C2317,135,6,1333179.2004216898,2,2,3,223,At Risk
C2318,8,11,1422786.1141522443,3,3,3,333,Champions
C2319,246,3,7904.593289861823,2,1,1,211,Sleeping
C232,724,5,142589.6312852483,1,2,1,121,At Risk
C2320,297,5,326622.2850416494,2,2,2,222,At Risk
C2321,583,1,525.2337257881367,1,1,1,111,Sleeping
C2322,559,8,271329.63135831343,1,3,2,132,At Risk
C2323,323,9,943841.3485124207,2,3,3,233,At Risk
C2324,317,5,14390.485276847034,2,2,1,221,At Risk
C2325,430,5,625123.6867388715,1,2,2,122,At Risk
C2326,406,4,61202.753822817154,1,1,1,111,Sleeping
C2327,170,2,194365.60871257176,2,1,1,211,Sleeping
C2328,541,3,7650.806868031992,1,1,1,111,Sleeping
C2329,356,9,266457.6380672969,2,3,2,232,At Risk
C233,65,8,1169150.9229710589,3,3,3,333,Champions
C2330,206,6,184302.68125630548,2,2,1,221,At Risk
C2331,127,4,9340.501171722379,3,1,1,311,Newbies
C2332,451,5,580754.5355167671,1,2,2,122,At Risk
C2333,139,5,617885.2099463448,2,2,2,222,At Risk
C2334,49,7,513351.66642195533,3,3,2,332,Champions
C2335,1014,1,334640.9526595224,1,1,2,112,Sleeping
C2336,295,6,1113935.4709776137,2,2,3,223,At Risk
C2337,1216,3,495558.08781779767,1,1,2,112,Sleeping
C2338,365,3,293345.2691610145,2,1,2,212,Sleeping
C2339,9,13,1906361.6570193972,3,3,3,333,Champions
C234,235,7,840654.3234439738,2,3,3,233,At Risk
C2340,17,5,323863.6107379349,3,2,2,322,Champions
C2341,689,2,915.9115879520962,1,1,1,111,Sleeping
C2342,218,5,613534.8880346603,2,2,2,222,At Risk
C2343,41,9,440025.15717119747,3,3,2,332,Champions
C2344,628,1,455523.2219177373,1,1,2,112,Sleeping
C2345,1107,5,581574.5851462097,1,2,2,122,At Risk
C2346,22,3,1194.5694185207312,3,1,1,311,Newbies
C2347,99,5,260516.1419328721,3,2,2,322,Champions
C2348,315,10,672997.582476139,2,3,3,233,At Risk
C2349,68,3,163099.06088463214,3,1,1,311,Newbies
C235,248,11,242869.74688506592,2,3,1,231,At Risk
C2350,393,7,847676.8172650272,1,3,3,133,At Risk
C2351,409,7,571288.2377723462,1,3,2,132,At Risk
C2352,474,3,7259.290778364557,1,1,1,111,Sleeping
C2353,307,5,6320.565313394386,2,2,1,221,At Risk
C2354,121,9,1705606.5998115882,3,3,3,333,Champions
C2355,406,7,1139543.0089998792,1,3,3,133,At Risk
C2356,593,1,747371.050703349,1,1,3,113,Sleeping
C2357,644,4,365809.5600281232,1,1,2,112,Sleeping
C2358,19,9,958709.4027416157,3,3,3,333,Champions
C2359,122,4,107033.16288996865,3,1,1,311,Newbies
C236,202,5,5421.768686080856,2,2,1,221,At Risk
C2360,168,3,193375.92415202444,2,1,1,211,Sleeping
C2361,87,8,605331.7239288088,3,3,2,332,Champions
C2362,250,6,457396.0905348721,2,2,2,222,At Risk
C2363,401,8,1377507.1569269649,1,3,3,133,At Risk
C2364,135,5,14382.597928071387,2,2,1,221,At Risk
C2365,351,6,510186.8042230095,2,2,2,222,At Risk
C2366,197,4,477354.9696514278,2,1,2,212,Sleeping
C2367,574,6,2049675.0931972505,1,2,3,123,At Risk
C2368,257,3,335013.6005147223,2,1,2,212,Sleeping
C2369,641,7,1122581.0595833538,1,3,3,133,At Risk
C237,25,7,622726.0723308718,3,3,2,332,Champions
C2370,70,6,12973.898321118148,3,2,1,321,Sleeping
C2371,188,8,874613.358396512,2,3,3,233,At Risk
C2372,196,8,959594.1112961299,2,3,3,233,At Risk
C2373,732,5,664913.5869924249,1,2,3,123,At Risk
C2374,111,5,584969.8079222303,3,2,2,322,Champions
C2375,74,6,612691.496372426,3,2,2,322,Champions
C2376,449,4,932435.6148500205,1,1,3,113,Sleeping
C2377,224,3,425575.12012977025,2,1,2,212,Sleeping
C2378,52,7,618427.0188572063,3,3,2,332,Champions
C2379,256,2,414843.17386417015,2,1,2,212,Sleeping
C238,695,3,450250.3258388153,1,1,2,112,Sleeping
C2380,238,4,330180.0012627376,2,1,2,212,Sleeping
C2381,6,7,181738.8569969572,3,3,1,331,Sleeping
C2382,35,7,306423.854589169,3,3,2,332,Champions
C2383,524,5,671198.2921220422,1,2,3,123,At Risk
C2384,705,6,685552.9398848437,1,2,3,123,At Risk
C2385,294,4,398663.74171288917,2,1,2,212,Sleeping
C2386,131,6,228710.30447165796,3,2,1,321,Sleeping
C2387,244,7,505705.4372389952,2,3,2,232,At Risk
C2388,128,8,1101041.5527862043,3,3,3,333,Champions
C2389,215,9,15654.741624518736,2,3,1,231,At Risk
C239,534,3,128251.80357399533,1,1,1,111,Sleeping
C2390,981,4,2173.8663082205167,1,1,1,111,Sleeping
C2391,75,10,672795.0478966921,3,3,3,333,Champions
C2392,64,6,56706.2113746627,3,2,1,321,Sleeping
C2393,1158,3,4104.884564947459,1,1,1,111,Sleeping
C2394,194,9,969880.0880346408,2,3,3,233,At Risk
C2395,14,10,1117961.0510083982,3,3,3,333,Champions
C2396,129,9,743980.4453758858,3,3,3,333,Champions
C2397,14,8,434923.4139050273,3,3,2,332,Champions
C2398,640,5,966254.3197105511,1,2,3,123,At Risk
C2399,455,3,592616.107588041,1,1,2,112,Sleeping
C240,20,4,656805.0301500937,3,1,2,312,Newbies
C2400,18,6,1171586.118452794,3,2,3,323,Champions
C2401,41,7,555909.4423817024,3,3,2,332,Champions
C2402,401,5,381348.9967438923,1,2,2,122,At Risk
C2403,554,6,168913.59815515112,1,2,1,121,At Risk
C2404,436,4,2938.0518957256445,1,1,1,111,Sleeping
C2405,501,6,562076.7967024036,1,2,2,122,At Risk
C2406,46,6,619790.6903406795,3,2,2,322,Champions
C2407,144,4,906719.1669990146,2,1,3,213,Sleeping
C2408,343,2,408457.07141166774,2,1,2,212,Sleeping
C2409,1230,4,573257.9559300645,1,1,2,112,Sleeping
C241,433,3,237666.88954223646,1,1,1,111,Sleeping
C2410,30,6,61151.67344972399,3,2,1,321,Sleeping
C2411,90,9,1457849.55329637,3,3,3,333,Champions
C2412,747,3,275379.81314725743,1,1,2,112,Sleeping
C2413,746,3,1593.3511649316806,1,1,1,111,Sleeping
C2414,361,5,458152.78169269185,2,2,2,222,At Risk
C2415,1125,2,3786.451103063091,1,1,1,111,Sleeping
C2416,141,4,6831.604676293064,2,1,1,211,Sleeping
C2417,30,4,497927.973372616,3,1,2,312,Newbies
C2418,225,4,5855.186297274683,2,1,1,211,Sleeping
C2419,1102,4,346539.9737297179,1,1,2,112,Sleeping
C242,155,11,826066.5144231126,2,3,3,233,At Risk
C2420,716,4,1075555.780304314,1,1,3,113,Sleeping
C2421,49,8,350201.8946688989,3,3,2,332,Champions
C2422,84,4,375165.61670341535,3,1,2,312,Newbies
C2423,56,8,1156835.2974101994,3,3,3,333,Champions
C2424,140,4,384716.0645402448,2,1,2,212,Sleeping
C2425,667,4,144571.09814923533,1,1,1,111,Sleeping
C2426,1280,3,684466.9216954962,1,1,3,113,Sleeping
C2427,96,6,542258.5127527857,3,2,2,322,Champions
C2428,333,10,373658.69894489826,2,3,2,232,At Risk
C2429,897,3,545146.5752935823,1,1,2,112,Sleeping
C243,26,8,945977.0441878405,3,3,3,333,Champions
C2430,207,5,193647.5493124003,2,2,1,221,At Risk
C2431,320,7,751412.2002765933,2,3,3,233,At Risk
C2432,106,6,602055.3763548277,3,2,2,322,Champions
C2433,505,1,220598.1648310174,1,1,1,111,Sleeping
C2434,344,3,673982.773703604,2,1,3,213,Sleeping
C2435,519,7,767801.5098349305,1,3,3,133,At Risk
C2436,456,4,818054.8037323604,1,1,3,113,Sleeping
C2437,385,6,370821.03505735093,1,2,2,122,At Risk
C2438,52,6,314540.9436329017,3,2,2,322,Champions
C2439,815,4,15526.72726618172,1,1,1,111,Sleeping
C244,509,3,203749.45660010062,1,1,1,111,Sleeping
C2440,194,5,1141327.5744150835,2,2,3,223,At Risk
C2441,4,5,13435.111149835742,3,2,1,321,Sleeping
C2442,15,9,14167.334499232367,3,3,1,331,Sleeping
C2443,1333,5,696015.1220531536,1,2,3,123,At Risk
C2444,152,6,10023.792108341859,2,2,1,221,At Risk
C2445,97,5,296223.37016554474,3,2,2,322,Champions
C2446,37,4,452325.6667424905,3,1,2,312,Newbies
C2447,407,4,323280.1052598367,1,1,2,112,Sleeping
C2448,34,4,5112.4677047699315,3,1,1,311,Newbies
C2449,855,3,745265.0289518301,1,1,3,113,Sleeping
C245,64,7,526899.2248410401,3,3,2,332,Champions
C2450,358,6,477495.52922913333,2,2,2,222,At Risk
C2451,455,8,65619.74252590803,1,3,1,131,At Risk
C2452,713,6,310111.17513480736,1,2,2,122,At Risk
C2453,194,4,9266.045719787175,2,1,1,211,Sleeping
C2454,100,9,184437.2181125871,3,3,1,331,Sleeping
C2455,418,6,310956.6634500075,1,2,2,122,At Risk
C2456,99,6,846611.6659315893,3,2,3,323,Champions
C2457,305,9,513316.8267200118,2,3,2,232,At Risk
C2458,365,6,804030.6311435075,2,2,3,223,At Risk
C2459,104,6,573654.5050374466,3,2,2,322,Champions
C246,423,4,827245.9468841235,1,1,3,113,Sleeping
C2460,283,7,567485.6646669089,2,3,2,232,At Risk
C2461,222,2,509.34631515059067,2,1,1,211,Sleeping
C2462,218,4,29654.89489181951,2,1,1,211,Sleeping
C2463,45,7,192821.34058740092,3,3,1,331,Sleeping
C2464,5,7,397299.95318372396,3,3,2,332,Champions
C2465,501,5,211624.12741226584,1,2,1,121,At Risk
C2466,1068,3,56992.157089287444,1,1,1,111,Sleeping
C2467,243,6,5337.709803844038,2,2,1,221,At Risk
C2468,631,4,382666.9312925993,1,1,2,112,Sleeping
C2469,66,6,327462.4601190947,3,2,2,322,Champions
C247,596,2,120716.2846264695,1,1,1,111,Sleeping
C2470,201,6,128977.74647561046,2,2,1,221,At Risk
C2471,494,4,474602.02976925194,1,1,2,112,Sleeping
C2472,22,5,5643.165427761613,3,2,1,321,Sleeping
C2473,10,11,1922803.2336907238,3,3,3,333,Champions
C2474,69,5,493718.4410045391,3,2,2,322,Champions
C2475,554,6,451292.0297077205,1,2,2,122,At Risk
C2476,359,2,332956.4857149441,2,1,2,212,Sleeping
C2477,179,4,197914.88620347515,2,1,1,211,Sleeping
C2478,87,7,197640.8727899808,3,3,1,331,Sleeping
C2479,136,10,1109598.3216000036,2,3,3,233,At Risk
C248,47,9,747983.4398168839,3,3,3,333,Champions
C2480,43,11,150776.40970059182,3,3,1,331,Sleeping
C2481,305,5,821383.251374948,2,2,3,223,At Risk
C2482,112,7,1538796.8367335815,3,3,3,333,Champions
C2483,60,8,1015037.9783685231,3,3,3,333,Champions
C2484,177,2,3486.9337600231283,2,1,1,211,Sleeping
C2485,270,6,7146.189972375771,2,2,1,221,At Risk
C2486,105,7,235887.30356593325,3,3,1,331,Sleeping
C2487,66,3,221761.50293350822,3,1,1,311,Newbies
C2488,38,6,366196.1063514566,3,2,2,322,Champions
C2489,50,6,306883.22695977584,3,2,2,322,Champions
C249,217,7,128723.18856472027,2,3,1,231,At Risk
C2490,329,4,105584.68488848423,2,1,1,211,Sleeping
C2491,398,4,726805.5803220546,1,1,3,113,Sleeping
C2492,1091,1,3661.8548998094907,1,1,1,111,Sleeping
C2493,100,6,525079.604564717,3,2,2,322,Champions
C2494,66,10,598528.0444112701,3,3,2,332,Champions
C2495,98,8,1126864.7079415286,3,3,3,333,Champions
C2496,185,4,199498.00185154704,2,1,1,211,Sleeping
C2497,255,2,5244.978990237625,2,1,1,211,Sleeping
C2498,366,6,195036.23791534215,2,2,1,221,At Risk
C2499,488,6,934107.1598946977,1,2,3,123,At Risk
C250,48,4,766140.4626886201,3,1,3,313,Newbies
C2500,600,5,483535.0141936692,1,2,2,122,At Risk
C2501,354,5,653904.0354124891,2,2,2,222,At Risk
C2502,288,5,6741.9927818743745,2,2,1,221,At Risk
C2503,126,4,9777.052177023364,3,1,1,311,Newbies
C2504,459,12,2021900.165415644,1,3,3,133,At Risk
C2505,205,9,500049.42439777346,2,3,2,232,At Risk
C2506,24,6,624745.607621079,3,2,2,322,Champions
C2507,138,5,185122.51594408188,2,2,1,221,At Risk
C2508,6,7,1458263.4326613322,3,3,3,333,Champions
C2509,77,9,474356.0005510315,3,3,2,332,Champions
C251,1504,2,826598.9371508171,1,1,3,113,Sleeping
C2510,231,3,286378.3011271743,2,1,2,212,Sleeping
C2511,223,6,1095575.797098761,2,2,3,223,At Risk
C2512,129,7,494824.3985034817,3,3,2,332,Champions
C2513,538,5,657883.3313286616,1,2,2,122,At Risk
C2514,97,6,6309.159685602035,3,2,1,321,Sleeping
C2515,14,5,793423.5060074497,3,2,3,323,Champions
C2516,366,9,469874.49681982317,2,3,2,232,At Risk
C2517,138,5,221252.13884781525,2,2,1,221,At Risk
C2518,642,3,9693.36017404183,1,1,1,111,Sleeping
C2519,49,8,792134.6354028119,3,3,3,333,Champions
C252,49,8,684881.3570439493,3,3,3,333,Champions
C2520,67,4,772533.736206308,3,1,3,313,Newbies
C2521,131,7,759740.1459084286,3,3,3,333,Champions
C2522,128,6,1443486.9346400504,3,2,3,323,Champions
C2523,65,7,503393.03601749433,3,3,2,332,Champions
C2524,647,3,734433.871561033,1,1,3,113,Sleeping
C2525,44,10,1656937.7739861498,3,3,3,333,Champions
C2526,34,6,439631.69428667397,3,2,2,322,Champions
C2527,596,4,2993.867228897094,1,1,1,111,Sleeping
C2528,376,2,52921.84574737676,1,1,1,111,Sleeping
C2529,61,8,1112560.8681939295,3,3,3,333,Champions
C253,37,11,1466998.7538859737,3,3,3,333,Champions
C2530,112,5,604657.1973396109,3,2,2,322,Champions
C2531,319,9,10063.190943854612,2,3,1,231,At Risk
C2532,416,4,785193.939000294,1,1,3,113,Sleeping
C2533,99,7,991348.0100083421,3,3,3,333,Champions
C2534,17,6,454621.55895379005,3,2,2,322,Champions
C2535,100,7,891753.7515155162,3,3,3,333,Champions
C2536,107,7,1368780.6219399534,3,3,3,333,Champions
C2537,644,2,1236988.6749399467,1,1,3,113,Sleeping
C2538,292,7,764009.0169798236,2,3,3,233,At Risk
C2539,131,9,728911.3578691222,3,3,3,333,Champions
C254,997,5,594572.4527394269,1,2,2,122,At Risk
C2540,862,5,269194.7936203051,1,2,2,122,At Risk
C2541,322,5,27971.52033054086,2,2,1,221,At Risk
C2542,94,9,408190.99722401303,3,3,2,332,Champions
C2543,41,9,1126994.4239514004,3,3,3,333,Champions
C2544,286,6,2032669.2842096547,2,2,3,223,At Risk
C2545,792,1,526.4327594609574,1,1,1,111,Sleeping
C2546,518,6,312439.6734659248,1,2,2,122,At Risk
C2547,512,5,360296.82017783425,1,2,2,122,At Risk
C2548,425,5,730526.869735046,1,2,3,123,At Risk
C2549,382,4,5845.097654411017,1,1,1,111,Sleeping
C255,185,7,113587.43405500511,2,3,1,231,At Risk
C2550,17,4,4045.05644990127,3,1,1,311,Newbies
C2551,17,9,932739.016703638,3,3,3,333,Champions
C2552,278,6,590652.40773379,2,2,2,222,At Risk
C2553,569,4,179812.23316056025,1,1,1,111,Sleeping
C2554,207,6,605804.7726596434,2,2,2,222,At Risk
C2555,274,7,941859.4682797642,2,3,3,233,At Risk
C2556,850,5,1106673.0975861403,1,2,3,123,At Risk
C2557,698,8,614139.3888439458,1,3,2,132,At Risk
C2558,16,6,896789.6514031796,3,2,3,323,Champions
C2559,15,6,333365.64962854737,3,2,2,322,Champions
C256,453,6,1199066.2336015943,1,2,3,123,At Risk
C2560,461,3,477482.63142301637,1,1,2,112,Sleeping
C2561,198,7,952387.2804250531,2,3,3,233,At Risk
C2562,54,8,26140.352376769668,3,3,1,331,Sleeping
C2563,188,4,932604.9318956791,2,1,3,213,Sleeping
C2564,90,7,600664.5294114535,3,3,2,332,Champions
C2565,158,5,95399.69531407121,2,2,1,221,At Risk
C2566,280,7,645482.027117135,2,3,2,232,At Risk
C2567,468,2,257364.52563618697,1,1,2,112,Sleeping
C2568,342,4,5193.84350036852,2,1,1,211,Sleeping
C2569,385,4,221329.2888386679,1,1,1,111,Sleeping
C257,755,3,148271.48649628228,1,1,1,111,Sleeping
C2570,33,4,370213.52070474706,3,1,2,312,Newbies
C2571,556,7,404433.5235571383,1,3,2,132,At Risk
C2572,106,8,887621.4599886048,3,3,3,333,Champions
C2573,46,6,73242.23830467553,3,2,1,321,Sleeping
C2574,743,4,64527.62559995715,1,1,1,111,Sleeping
C2575,2,8,64315.596574636475,3,3,1,331,Sleeping
C2576,1418,2,345076.4462455619,1,1,2,112,Sleeping
C2577,253,2,368614.3568549828,2,1,2,212,Sleeping
C2578,287,4,225017.34215929857,2,1,1,211,Sleeping
C2579,453,8,895907.8221328603,1,3,3,133,At Risk
C258,388,6,1219433.5621221855,1,2,3,123,At Risk
C2580,402,5,895932.1689818973,1,2,3,123,At Risk
C2581,715,6,467974.1945316171,1,2,2,122,At Risk
C2582,92,4,417873.30518925976,3,1,2,312,Newbies
C2583,207,11,641725.8443982179,2,3,2,232,At Risk
C2584,528,5,155888.72999582792,1,2,1,121,At Risk
C2585,302,5,319010.3324103925,2,2,2,222,At Risk
C2586,103,5,64341.06400134221,3,2,1,321,Sleeping
C2587,474,6,1169667.593332673,1,2,3,123,At Risk
C2588,891,3,8842.111036271894,1,1,1,111,Sleeping
C2589,23,3,1834.307637808748,3,1,1,311,Newbies
C259,700,3,6090.379682855885,1,1,1,111,Sleeping
C2590,345,6,158005.05406397354,2,2,1,221,At Risk
C2591,952,5,298104.8685646424,1,2,2,122,At Risk
C2592,37,4,1052865.9707491272,3,1,3,313,Newbies
C2593,518,5,256256.83410765984,1,2,2,122,At Risk
C2594,64,3,132377.39686218192,3,1,1,311,Newbies
C2595,280,8,563649.0935816591,2,3,2,232,At Risk
C2596,496,6,739943.4650940051,1,2,3,123,At Risk
C2597,739,4,459421.6143213911,1,1,2,112,Sleeping
C2598,94,5,529717.5636611766,3,2,2,322,Champions
C2599,474,1,7215.213070350624,1,1,1,111,Sleeping
C260,547,8,287453.40820515336,1,3,2,132,At Risk
C2600,49,8,309502.178783392,3,3,2,332,Champions
C2601,80,7,675978.5327224571,3,3,3,333,Champions
C2602,1096,5,4445.036366212094,1,2,1,121,At Risk
C2603,158,10,1253547.632262846,2,3,3,233,At Risk
C2604,387,3,9654.140905305805,1,1,1,111,Sleeping
C2605,96,6,1039545.5219620783,3,2,3,323,Champions
C2606,53,6,10680.387194436913,3,2,1,321,Sleeping
C2607,48,9,228710.11355166428,3,3,1,331,Sleeping
C2608,31,4,13513.704635203161,3,1,1,311,Newbies
C2609,170,8,1110970.191861151,2,3,3,233,At Risk
C261,1229,2,140432.49,1,1,1,111,Sleeping
C2610,199,11,935965.7408953888,2,3,3,233,At Risk
C2611,273,6,1565407.7822300876,2,2,3,223,At Risk
C2612,366,1,3151.40235472882,2,1,1,211,Sleeping
C2613,69,9,443565.6781311045,3,3,2,332,Champions
C2614,395,5,247968.06527558347,1,2,1,121,At Risk
C2615,598,6,890680.3506665826,1,2,3,123,At Risk
C2616,135,2,395378.95946709317,2,1,2,212,Sleeping
C2617,294,6,369883.49003281066,2,2,2,222,At Risk
C2618,14,8,1386649.4664747338,3,3,3,333,Champions
C2619,55,4,9497.490661846605,3,1,1,311,Newbies
C262,93,7,426629.4022933417,3,3,2,332,Champions
C2620,359,3,7784.57505777633,2,1,1,211,Sleeping
C2621,17,6,339044.8626051955,3,2,2,322,Champions
C2622,637,4,147128.28149106225,1,1,1,111,Sleeping
C2623,94,7,1737927.8150768585,3,3,3,333,Champions
C2624,76,5,433076.6927999022,3,2,2,322,Champions
C2625,90,5,687979.7694834787,3,2,3,323,Champions
C2626,263,7,531624.5782148268,2,3,2,232,At Risk
C2627,170,7,163459.52434416534,2,3,1,231,At Risk
C2628,465,7,21993.502981532292,1,3,1,131,At Risk
C2629,255,5,797251.030796503,2,2,3,223,At Risk
C263,147,5,914495.2440235688,2,2,3,223,At Risk
C2630,171,4,346928.935724029,2,1,2,212,Sleeping
C2631,157,7,1559164.4125882266,2,3,3,233,At Risk
C2632,1001,1,84.84371002600415,1,1,1,111,Sleeping
C2633,84,5,1539642.1699432333,3,2,3,323,Champions
C2634,202,8,341183.1480435683,2,3,2,232,At Risk
C2635,426,9,1210408.396345834,1,3,3,133,At Risk
C2636,147,4,659693.4605429637,2,1,2,212,Sleeping
C2637,37,9,363996.3954663154,3,3,2,332,Champions
C2638,755,3,412749.5562631535,1,1,2,112,Sleeping
C2639,319,1,68067.12,2,1,1,211,Sleeping
C264,375,3,98437.78871607038,1,1,1,111,Sleeping
C2640,311,5,514422.4371776842,2,2,2,222,At Risk
C2641,2,13,1039914.8656856527,3,3,3,333,Champions
C2642,21,4,10455.536681853468,3,1,1,311,Newbies
C2643,750,1,363.91148390654473,1,1,1,111,Sleeping
C2644,153,5,333038.60063600674,2,2,2,222,At Risk
C2645,285,6,694199.4729525499,2,2,3,223,At Risk
C2646,39,8,621567.0389752131,3,3,2,332,Champions
C2647,318,5,4166.355800631479,2,2,1,221,At Risk
C2648,40,8,1059890.580789546,3,3,3,333,Champions
C2649,91,8,1246282.734527095,3,3,3,333,Champions
C265,1122,3,5279.732333738675,1,1,1,111,Sleeping
C2650,315,2,169136.7117883545,2,1,1,211,Sleeping
C2651,313,5,460719.25696997985,2,2,2,222,At Risk
C2652,15,8,562014.5889261429,3,3,2,332,Champions
C2653,76,4,356805.6825853413,3,1,2,312,Newbies
C2654,367,5,120942.49511244534,2,2,1,221,At Risk
C2655,441,5,247407.26343806201,1,2,1,121,At Risk
C2656,377,6,1079333.6755993413,1,2,3,123,At Risk
C2657,632,1,743.43,1,1,1,111,Sleeping
C2658,383,8,419364.3419392575,1,3,2,132,At Risk
C2659,544,7,691574.4280662332,1,3,3,133,At Risk
C266,666,6,243872.8498979078,1,2,1,121,At Risk
C2660,93,4,1691685.2306925398,3,1,3,313,Newbies
C2661,223,2,769126.3736005777,2,1,3,213,Sleeping
C2662,74,5,1033263.9405115603,3,2,3,323,Champions
C2663,731,8,240909.41608889584,1,3,1,131,At Risk
C2664,303,4,63387.23732853224,2,1,1,211,Sleeping
C2665,172,8,537722.7385893048,2,3,2,232,At Risk
C2666,445,3,8748.31878566094,1,1,1,111,Sleeping
C2667,473,4,622443.7958118261,1,1,2,112,Sleeping
C2668,371,6,283687.6533561348,1,2,2,122,At Risk
C2669,1180,2,135616.0902456523,1,1,1,111,Sleeping
C267,17,3,300414.8122681106,3,1,2,312,Newbies
C2670,75,6,309664.4740761179,3,2,2,322,Champions
C2671,81,9,850322.4973221729,3,3,3,333,Champions
C2672,522,5,634244.2777603155,1,2,2,122,At Risk
C2673,298,5,990495.6246205936,2,2,3,223,At Risk
C2675,338,8,1066552.7221725911,2,3,3,233,At Risk
C2676,186,9,640294.5628571961,2,3,2,232,At Risk
C2677,115,8,485439.36888711643,3,3,2,332,Champions
C2678,267,4,10140.238101026793,2,1,1,211,Sleeping
C268,356,8,756070.547594377,2,3,3,233,At Risk
C2680,118,6,170756.8848818257,3,2,1,321,Sleeping
C2681,34,5,179876.04096627256,3,2,1,321,Sleeping
C2682,214,4,165891.1170017277,2,1,1,211,Sleeping
C2683,91,10,671599.9163983001,3,3,3,333,Champions
C2684,357,6,749146.7232943268,2,2,3,223,At Risk
C2685,142,5,551872.7445563496,2,2,2,222,At Risk
C2686,540,5,746233.9685687087,1,2,3,123,At Risk
C2687,231,6,9970.42919140932,2,2,1,221,At Risk
C2688,35,8,7800.1552510057,3,3,1,331,Sleeping
C2689,15,6,938365.8854749997,3,2,3,323,Champions
C269,252,6,952535.667080644,2,2,3,223,At Risk
C2690,240,7,527790.636760765,2,3,2,232,At Risk
C2691,71,4,445516.5730598958,3,1,2,312,Newbies
C2692,920,5,75392.08488564215,1,2,1,121,At Risk
C2693,689,8,467295.37475744233,1,3,2,132,At Risk
C2694,5,10,513505.96072552394,3,3,2,332,Champions
C2695,108,6,13948.408741308707,3,2,1,321,Sleeping
C2696,153,5,302116.8874599603,2,2,2,222,At Risk
C2697,218,5,18938.78011560902,2,2,1,221,At Risk
C2698,4,10,405083.57756582357,3,3,2,332,Champions
C2699,86,9,1472785.8139796883,3,3,3,333,Champions
C270,114,6,1250412.996282688,3,2,3,323,Champions
C2700,663,2,627699.626839808,1,1,2,112,Sleeping
C2701,24,3,615591.7480504032,3,1,2,312,Newbies
C2702,84,4,9319.520656561946,3,1,1,311,Newbies
C2703,37,5,89023.94208206741,3,2,1,321,Sleeping
C2704,201,9,1018399.4299695448,2,3,3,233,At Risk
C2705,350,7,786829.2566260365,2,3,3,233,At Risk
C2706,260,3,1065474.3392318685,2,1,3,213,Sleeping
C2707,595,9,307222.458831156,1,3,2,132,At Risk
C2708,180,5,213226.37859586545,2,2,1,221,At Risk
C2709,6,6,395325.4975294015,3,2,2,322,Champions
C271,223,4,631459.9197646008,2,1,2,212,Sleeping
C2710,308,4,394599.8319857867,2,1,2,212,Sleeping
C2711,61,6,1078233.2590007237,3,2,3,323,Champions
C2712,100,4,374167.6928587178,3,1,2,312,Newbies
C2713,110,6,4613.390770920876,3,2,1,321,Sleeping
C2714,230,6,1060583.0164367338,2,2,3,223,At Risk
C2715,145,9,937480.1527063566,2,3,3,233,At Risk
C2716,78,6,288890.5759002742,3,2,2,322,Champions
C2717,168,6,466953.4574429088,2,2,2,222,At Risk
C2718,11,6,146169.28422973413,3,2,1,321,Sleeping
C2719,676,4,607788.9313886458,1,1,2,112,Sleeping
C272,835,8,1052303.546408298,1,3,3,133,At Risk
C2720,23,7,658102.5423659767,3,3,2,332,Champions
C2721,1437,2,4133.207054711794,1,1,1,111,Sleeping
C2722,558,2,118922.95693771978,1,1,1,111,Sleeping
C2723,18,8,198128.09906934967,3,3,1,331,Sleeping
C2724,119,7,478030.5281337238,3,3,2,332,Champions
C2725,55,6,1334763.5122100313,3,2,3,323,Champions
C2726,187,7,100267.95001419922,2,3,1,231,At Risk
C2727,291,7,591167.7246123684,2,3,2,232,At Risk
C2728,106,6,389863.5341330334,3,2,2,322,Champions
C2729,6,5,17554.13493479635,3,2,1,321,Sleeping
C273,414,5,9805.463184652237,1,2,1,121,At Risk
C2730,635,7,1429282.7277027636,1,3,3,133,At Risk
C2731,455,9,764333.938148081,1,3,3,133,At Risk
C2732,29,6,1233939.474092499,3,2,3,323,Champions
C2733,153,5,283428.263763248,2,2,2,222,At Risk
C2734,264,5,635258.9159970882,2,2,2,222,At Risk
C2735,231,6,441363.0448858789,2,2,2,222,At Risk
C2736,185,6,473193.79316949577,2,2,2,222,At Risk
C2737,260,7,301600.77687670325,2,3,2,232,At Risk
C2738,191,2,235273.25306890422,2,1,1,211,Sleeping
C2739,324,7,117856.68099029371,2,3,1,231,At Risk
C274,44,8,1099870.0845659624,3,3,3,333,Champions
C2740,526,8,958971.0588477862,1,3,3,133,At Risk
C2741,87,7,611719.2529366128,3,3,2,332,Champions
C2742,268,4,910291.8135824652,2,1,3,213,Sleeping
C2743,59,7,12857.434797799575,3,3,1,331,Sleeping
C2744,295,10,318586.4061563809,2,3,2,232,At Risk
C2745,41,6,685196.4489577529,3,2,3,323,Champions
C2746,176,5,257976.0194066065,2,2,2,222,At Risk
C2747,149,5,84149.7901093522,2,2,1,221,At Risk
C2748,206,9,695309.28897755,2,3,3,233,At Risk
C2749,63,7,633533.0578854872,3,3,2,332,Champions
C275,3,10,1422513.5972671001,3,3,3,333,Champions
C2750,207,3,439018.5494491651,2,1,2,212,Sleeping
C2751,600,7,608142.061777749,1,3,2,132,At Risk
C2752,51,7,606103.0205513509,3,3,2,332,Champions
C2753,111,5,7588.483300621246,3,2,1,321,Sleeping
C2754,1145,4,13164.217025259384,1,1,1,111,Sleeping
C2755,258,9,25473.519357880767,2,3,1,231,At Risk
C2756,650,2,5654.32912372108,1,1,1,111,Sleeping
C2757,26,5,749504.5879312002,3,2,3,323,Champions
C2758,590,5,160530.5634854682,1,2,1,121,At Risk
C2759,210,7,422528.52763846505,2,3,2,232,At Risk
C276,230,8,1006294.7294431383,2,3,3,233,At Risk
C2760,42,7,962611.7399006999,3,3,3,333,Champions
C2761,60,4,403501.7127384921,3,1,2,312,Newbies
C2762,79,4,92846.89406698482,3,1,1,311,Newbies
C2763,552,5,1030356.0539997594,1,2,3,123,At Risk
C2764,1054,4,13099.026942319942,1,1,1,111,Sleeping
C2765,245,5,760217.680765919,2,2,3,223,At Risk
C2766,19,9,365755.68076528114,3,3,2,332,Champions
C2767,838,3,396313.4047825012,1,1,2,112,Sleeping
C2768,423,5,858376.4599074391,1,2,3,123,At Risk
C2769,751,6,1516941.354420741,1,2,3,123,At Risk
C277,277,8,1186200.7187008169,2,3,3,233,At Risk
C2770,178,7,537932.0868254213,2,3,2,232,At Risk
C2771,205,4,749977.3467264256,2,1,3,213,Sleeping
C2772,538,6,186838.80927586177,1,2,1,121,At Risk
C2773,622,4,2484.917189075769,1,1,1,111,Sleeping
C2774,140,6,823212.2202817798,2,2,3,223,At Risk
C2775,466,2,373591.1935759896,1,1,2,112,Sleeping
C2776,109,6,849258.0194143249,3,2,3,323,Champions
C2777,1030,2,820502.9805130309,1,1,3,113,Sleeping
C2778,231,6,984251.7786158966,2,2,3,223,At Risk
C2779,381,3,4429.571071146238,1,1,1,111,Sleeping
C278,240,4,737816.0091756602,2,1,3,213,Sleeping
C2780,118,6,1390900.779511485,3,2,3,323,Champions
C2781,115,7,863635.4447602511,3,3,3,333,Champions
C2782,499,6,150612.00672136561,1,2,1,121,At Risk
C2783,221,5,6648.331084747442,2,2,1,221,At Risk
C2784,188,2,1799.6689014181443,2,1,1,211,Sleeping
C2785,102,6,1207172.4944378645,3,2,3,323,Champions
C2786,111,5,410113.06723338494,3,2,2,322,Champions
C2787,269,4,408085.4882046625,2,1,2,212,Sleeping
C2788,795,3,275746.413053548,1,1,2,112,Sleeping
C2789,599,8,1519151.1219176536,1,3,3,133,At Risk
C279,137,6,467773.1214241082,2,2,2,222,At Risk
C2790,205,9,251484.53648957712,2,3,2,232,At Risk
C2791,72,5,83080.02401765171,3,2,1,321,Sleeping
C2792,278,8,77343.62091796738,2,3,1,231,At Risk
C2793,1237,1,395.4543757851042,1,1,1,111,Sleeping
C2794,251,5,510952.5320248568,2,2,2,222,At Risk
C2795,29,3,598457.0535257749,3,1,2,312,Newbies
C2796,441,3,312525.0940751012,1,1,2,112,Sleeping
C2797,734,4,510819.3421940288,1,1,2,112,Sleeping
C2798,314,7,768286.0279286143,2,3,3,233,At Risk
C2799,5,3,2964.8519571496117,3,1,1,311,Newbies
C280,384,2,1046.244257088426,1,1,1,111,Sleeping
C2800,211,3,395034.1619831277,2,1,2,212,Sleeping
C2801,386,5,436343.813952166,1,2,2,122,At Risk
C2802,101,3,195250.66008570834,3,1,1,311,Newbies
C2803,169,4,496794.34211598703,2,1,2,212,Sleeping
C2804,178,1,188324.87653026162,2,1,1,211,Sleeping
C2805,367,6,236489.77054510263,2,2,1,221,At Risk
C2806,142,8,1088739.320151405,2,3,3,233,At Risk
C2807,1129,6,851093.3869752699,1,2,3,123,At Risk
C2808,203,5,674806.3220984279,2,2,3,223,At Risk
C2809,689,4,390478.153802164,1,1,2,112,Sleeping
C281,864,6,682146.6790539833,1,2,3,123,At Risk
C2810,1359,1,188506.508532268,1,1,1,111,Sleeping
C2811,3,2,177336.7336428774,3,1,1,311,Newbies
C2812,94,3,947959.461438489,3,1,3,313,Newbies
C2813,975,3,220901.47561297577,1,1,1,111,Sleeping
C2814,233,9,679705.9532117659,2,3,3,233,At Risk
C2815,1252,7,526563.2648177868,1,3,2,132,At Risk
C2816,339,6,5064.815335435947,2,2,1,221,At Risk
C2817,544,3,895897.87942427,1,1,3,113,Sleeping
C2818,808,3,402234.7094904079,1,1,2,112,Sleeping
C2819,388,4,12598.432582091427,1,1,1,111,Sleeping
C282,381,8,1030747.9560320947,1,3,3,133,At Risk
C2820,1320,5,6302.73414689707,1,2,1,121,At Risk
C2821,184,7,958452.1825036611,2,3,3,233,At Risk
C2822,673,5,388778.6299725566,1,2,2,122,At Risk
C2823,106,5,395475.2336130428,3,2,2,322,Champions
C2824,145,11,1688398.4940465053,2,3,3,233,At Risk
C2825,49,3,83439.30103750482,3,1,1,311,Newbies
C2826,99,4,565348.5311077768,3,1,2,312,Newbies
C2827,911,1,356457.93589604774,1,1,2,112,Sleeping
C2828,530,6,11707.79947075041,1,2,1,121,At Risk
C2829,15,7,1746596.3636820542,3,3,3,333,Champions
C283,464,5,349142.05905589066,1,2,2,122,At Risk
C2830,427,4,6644.239445992576,1,1,1,111,Sleeping
C2831,1556,1,82653.29630998564,1,1,1,111,Sleeping
C2832,1117,3,1657.5438320317512,1,1,1,111,Sleeping
C2833,607,3,1114.4062683875281,1,1,1,111,Sleeping
C2834,188,8,724056.1451984099,2,3,3,233,At Risk
C2835,179,5,777194.9656683957,2,2,3,223,At Risk
C2836,51,5,381994.65316657413,3,2,2,322,Champions
C2837,61,4,5924.096632118271,3,1,1,311,Newbies
C2838,166,5,12399.971015283958,2,2,1,221,At Risk
C2839,49,6,1105767.2126576204,3,2,3,323,Champions
C284,564,8,1525114.859303908,1,3,3,133,At Risk
C2840,475,5,680000.5250508821,1,2,3,123,At Risk
C2841,384,4,1423.8360403433244,1,1,1,111,Sleeping
C2842,216,5,9518.767916877812,2,2,1,221,At Risk
C2843,143,5,283589.8643018505,2,2,2,222,At Risk
C2844,136,7,12319.699082081797,2,3,1,231,At Risk
C2845,66,4,11532.132399673774,3,1,1,311,Newbies
C2846,233,10,423409.1555145417,2,3,2,232,At Risk
C2847,404,4,514122.3616676193,1,1,2,112,Sleeping
C2848,832,4,372430.1327885165,1,1,2,112,Sleeping
C2849,215,6,400993.89985410933,2,2,2,222,At Risk
C285,80,5,239148.07405512745,3,2,1,321,Sleeping
C2850,983,4,366753.8524006634,1,1,2,112,Sleeping
C2851,230,5,226322.07279259188,2,2,1,221,At Risk
C2852,27,6,673952.8565574182,3,2,3,323,Champions
C2853,429,8,471929.3469139825,1,3,2,132,At Risk
C2854,19,8,398333.5923025096,3,3,2,332,Champions
C2855,49,8,661926.6481219792,3,3,2,332,Champions
C2856,310,3,73687.99259016434,2,1,1,211,Sleeping
C2857,126,6,613131.5197927521,3,2,2,322,Champions
C2858,114,11,1402551.3971888584,3,3,3,333,Champions
C2859,107,15,1727447.43376746,3,3,3,333,Champions
C286,524,7,898096.9840800011,1,3,3,133,At Risk
C2860,400,7,314609.1281378653,1,3,2,132,At Risk
C2861,481,4,481932.87702419027,1,1,2,112,Sleeping
C2862,50,8,1375822.5160606774,3,3,3,333,Champions
C2863,114,7,986521.7240108878,3,3,3,333,Champions
C2864,624,6,276535.51384002075,1,2,2,122,At Risk
C2865,65,3,1914.3881279039501,3,1,1,311,Newbies
C2866,637,4,275288.32802269055,1,1,2,112,Sleeping
C2867,194,4,4366.168299932402,2,1,1,211,Sleeping
C2868,231,8,8899.836359510333,2,3,1,231,At Risk
C2869,630,2,2745.347798277325,1,1,1,111,Sleeping
C287,319,5,7053.29802331146,2,2,1,221,At Risk
C2870,28,5,1008471.0079854402,3,2,3,323,Champions
C2871,309,6,1194937.4665082684,2,2,3,223,At Risk
C2872,49,5,417060.02245358966,3,2,2,322,Champions
C2873,267,4,1194968.514761885,2,1,3,213,Sleeping
C2874,830,6,888367.2373580623,1,2,3,123,At Risk
C2875,128,4,155976.1491945814,3,1,1,311,Newbies
C2876,75,5,508483.29109253624,3,2,2,322,Champions
C2877,200,8,1004720.1498942593,2,3,3,233,At Risk
C2878,617,5,1044076.3405931335,1,2,3,123,At Risk
C2879,223,7,8600.62035129704,2,3,1,231,At Risk
C288,138,4,521223.45420374384,2,1,2,212,Sleeping
C2880,345,6,304766.8453588141,2,2,2,222,At Risk
C2881,712,6,173320.6176119332,1,2,1,121,At Risk
C2882,226,6,560509.5343894983,2,2,2,222,At Risk
C2883,153,7,708600.001881701,2,3,3,233,At Risk
C2884,439,3,7849.945280689325,1,1,1,111,Sleeping
C2885,85,4,139384.03231750056,3,1,1,311,Newbies
C2886,343,5,323109.13922722475,2,2,2,222,At Risk
C2887,209,8,1870113.0416848753,2,3,3,233,At Risk
C2888,103,5,512733.9772135705,3,2,2,322,Champions
C2889,2,5,374692.5320029269,3,2,2,322,Champions
C289,521,3,100930.11601725064,1,1,1,111,Sleeping
C2890,277,8,316152.80953346856,2,3,2,232,At Risk
C2892,322,8,849946.6866881065,2,3,3,233,At Risk
C2893,855,6,1160347.09687529,1,2,3,123,At Risk
C2894,498,10,724925.8254927141,1,3,3,133,At Risk
C2895,8,5,837938.4761382316,3,2,3,323,Champions
C2896,58,8,1469329.6257900447,3,3,3,333,Champions
C2897,137,3,672099.2502458664,2,1,3,213,Sleeping
C2898,164,7,582345.78533233,2,3,2,232,At Risk
C2899,312,5,1210189.5153244229,2,2,3,223,At Risk
C290,120,6,663034.8666371062,3,2,2,322,Champions
C2900,201,4,689101.6938432315,2,1,3,213,Sleeping
C2901,132,4,309712.50505082094,3,1,2,312,Newbies
C2902,46,4,4342.113333458336,3,1,1,311,Newbies
C2903,60,8,434150.39088343404,3,3,2,332,Champions
C2904,191,5,917184.1653518056,2,2,3,223,At Risk
C2905,183,7,517261.31244355,2,3,2,232,At Risk
C2906,87,5,836500.7887163116,3,2,3,323,Champions
C2907,511,7,798883.5548745743,1,3,3,133,At Risk
C2908,230,2,448458.7360997666,2,1,2,212,Sleeping
C2909,129,3,79483.61499631344,3,1,1,311,Newbies
C291,141,5,349929.3546088797,2,2,2,222,At Risk
C2910,79,7,557750.860411204,3,3,2,332,Champions
C2911,260,7,1766349.7404439254,2,3,3,233,At Risk
C2912,62,4,664153.1317900695,3,1,3,313,Newbies
C2913,353,4,253142.662991217,2,1,2,212,Sleeping
C2914,197,2,40900.72815829214,2,1,1,211,Sleeping
C2915,213,3,9455.466955873653,2,1,1,211,Sleeping
C2916,87,7,1291927.0312780922,3,3,3,333,Champions
C2917,1004,2,262956.29342621466,1,1,2,112,Sleeping
C2918,142,3,3751.2796919750017,2,1,1,211,Sleeping
C2919,67,6,978796.2050428705,3,2,3,323,Champions
C292,522,5,700025.7720461346,1,2,3,123,At Risk
C2920,60,6,158944.20960486072,3,2,1,321,Sleeping
C2921,81,8,15155.807145856643,3,3,1,331,Sleeping
C2922,201,6,435306.37639823335,2,2,2,222,At Risk
C2923,232,5,418924.9732442486,2,2,2,222,At Risk
C2924,37,5,11728.078260117698,3,2,1,321,Sleeping
C2925,17,6,939314.8437219245,3,2,3,323,Champions
C2926,120,4,382105.028729109,3,1,2,312,Newbies
C2927,81,3,99001.52473559558,3,1,1,311,Newbies
C2928,12,6,420540.5449872389,3,2,2,322,Champions
C2929,20,4,418697.921187742,3,1,2,312,Newbies
C293,87,8,169787.387909482,3,3,1,331,Sleeping
C2930,180,9,791771.9525040135,2,3,3,233,At Risk
C2931,464,3,1945.3654645674421,1,1,1,111,Sleeping
C2932,40,4,377085.8163503498,3,1,2,312,Newbies
C2933,86,2,402792.05778900813,3,1,2,312,Newbies
C2934,6,4,402616.9577552402,3,1,2,312,Newbies
C2935,612,5,119356.0460963644,1,2,1,121,At Risk
C2936,187,4,169639.33385498583,2,1,1,211,Sleeping
C2937,299,3,4607.225003944646,2,1,1,211,Sleeping
C2938,280,7,854462.2467518203,2,3,3,233,At Risk
C2939,122,7,856178.2319881631,3,3,3,333,Champions
C294,720,4,149724.8357470318,1,1,1,111,Sleeping
C2940,241,8,1636833.328087368,2,3,3,233,At Risk
C2941,26,4,8868.304574713793,3,1,1,311,Newbies
C2942,17,11,979953.0459346379,3,3,3,333,Champions
C2943,93,4,1750980.229794975,3,1,3,313,Newbies
C2944,770,9,438914.7043147724,1,3,2,132,At Risk
C2945,727,4,127716.54271426595,1,1,1,111,Sleeping
C2946,68,9,1360989.6668271597,3,3,3,333,Champions
C2947,1136,4,68677.3276874629,1,1,1,111,Sleeping
C2948,12,2,266162.7728144282,3,1,2,312,Newbies
C2949,423,4,216207.5799097449,1,1,1,111,Sleeping
C295,245,8,1251361.7970320669,2,3,3,233,At Risk
C2950,74,5,975240.0587159827,3,2,3,323,Champions
C2951,88,2,329629.99520823534,3,1,2,312,Newbies
C2952,48,6,171203.15342067214,3,2,1,321,Sleeping
C2953,64,8,1050216.2084774252,3,3,3,333,Champions
C2954,269,4,94211.6492901438,2,1,1,211,Sleeping
C2955,41,5,259108.34530710088,3,2,2,322,Champions
C2956,156,9,480252.0446568552,2,3,2,232,At Risk
C2957,701,6,1155604.3608907803,1,2,3,123,At Risk
C2958,196,9,732339.8201655392,2,3,3,233,At Risk
C2959,222,7,899142.8713568912,2,3,3,233,At Risk
C296,186,8,747992.6334731884,2,3,3,233,At Risk
C2960,181,8,939757.6562579938,2,3,3,233,At Risk
C2961,837,6,1162612.7953709122,1,2,3,123,At Risk
C2962,284,7,557320.3055176121,2,3,2,232,At Risk
C2963,82,7,553370.8053929771,3,3,2,332,Champions
C2964,2,3,183000.92929283832,3,1,1,311,Newbies
C2965,157,9,714974.4613337996,2,3,3,233,At Risk
C2966,160,5,69347.30148854924,2,2,1,221,At Risk
C2967,312,5,247951.8974058971,2,2,1,221,At Risk
C2968,201,8,416650.67086456914,2,3,2,232,At Risk
C2969,371,4,20674.91978076761,1,1,1,111,Sleeping
C297,33,7,1028771.9024390858,3,3,3,333,Champions
C2970,183,6,652294.8508985558,2,2,2,222,At Risk
C2971,419,9,1582232.012347809,1,3,3,133,At Risk
C2972,687,5,821578.4786430273,1,2,3,123,At Risk
C2973,703,2,146367.0,1,1,1,111,Sleeping
C2974,272,3,330930.34341272153,2,1,2,212,Sleeping
C2975,42,10,1753873.9302829332,3,3,3,333,Champions
C2976,686,5,475573.0462106662,1,2,2,122,At Risk
C2977,1131,4,447697.6574109231,1,1,2,112,Sleeping
C2978,187,4,767352.5958424236,2,1,3,213,Sleeping
C2979,724,5,250864.71024282594,1,2,2,122,At Risk
C298,154,10,1225557.3106745086,2,3,3,233,At Risk
C2980,74,4,4730.0202289845465,3,1,1,311,Newbies
C2981,610,5,882855.2562995735,1,2,3,123,At Risk
C2982,523,3,11141.405567947459,1,1,1,111,Sleeping
C2983,73,6,16516.407864279114,3,2,1,321,Sleeping
C2984,505,3,4371.17881447726,1,1,1,111,Sleeping
C2985,780,5,142908.75531717672,1,2,1,121,At Risk
C2986,16,9,699295.6378093496,3,3,3,333,Champions
C2987,65,7,279964.52333955746,3,3,2,332,Champions
C2988,154,11,2137042.8180690818,2,3,3,233,At Risk
C2989,1031,1,4123.017523469933,1,1,1,111,Sleeping
C299,34,9,430857.9695164555,3,3,2,332,Champions
C2990,126,6,243538.70928351383,3,2,1,321,Sleeping
C2991,126,8,83307.37449482408,3,3,1,331,Sleeping
C2992,10,10,642991.1295720253,3,3,2,332,Champions
C2993,724,4,1147288.8080585399,1,1,3,113,Sleeping
C2994,266,6,485223.3576898236,2,2,2,222,At Risk
C2995,207,6,180025.38287663704,2,2,1,221,At Risk
C2996,655,3,281106.67430841515,1,1,2,112,Sleeping
C2997,128,4,357778.5441709705,3,1,2,312,Newbies
C2998,351,5,593476.7840048608,2,2,2,222,At Risk
C2999,277,6,368358.74778851244,2,2,2,222,At Risk
C300,492,4,354925.5440804427,1,1,2,112,Sleeping
C3000,103,6,623711.7595994126,3,2,2,322,Champions
C3001,220,2,5756.455011230266,2,1,1,211,Sleeping
C3002,419,4,436450.2339127158,1,1,2,112,Sleeping
C3003,239,3,12007.267646794984,2,1,1,211,Sleeping
C3004,128,4,106888.66478038969,3,1,1,311,Newbies
C3005,305,4,170475.93954921875,2,1,1,211,Sleeping
C3006,832,7,740057.9300180335,1,3,3,133,At Risk
C3007,62,10,678288.1994988304,3,3,3,333,Champions
C3008,39,5,411938.44752091414,3,2,2,322,Champions
C3009,463,8,2219466.7258096277,1,3,3,133,At Risk
C301,17,3,1693.2217761415877,3,1,1,311,Newbies
C3010,70,7,1008270.8279379171,3,3,3,333,Champions
C3011,551,7,437369.5745655696,1,3,2,132,At Risk
C3012,272,7,1819356.9247526103,2,3,3,233,At Risk
C3013,245,5,532919.1806954766,2,2,2,222,At Risk
C3014,291,6,487767.58638294076,2,2,2,222,At Risk
C3015,75,6,614820.290406787,3,2,2,322,Champions
C3016,143,6,953031.0314224218,2,2,3,223,At Risk
C3017,537,7,1123564.029112804,1,3,3,133,At Risk
C3018,2,3,677805.2884882742,3,1,3,313,Newbies
C3019,14,8,437994.5005647887,3,3,2,332,Champions
C302,217,4,8550.632289732484,2,1,1,211,Sleeping
C3020,131,5,297292.67916434206,3,2,2,322,Champions
C3021,544,4,484689.73633135087,1,1,2,112,Sleeping
C3022,208,2,72870.02636264524,2,1,1,211,Sleeping
C3023,291,3,1024579.7487052118,2,1,3,213,Sleeping
C3024,297,7,507541.30191449024,2,3,2,232,At Risk
C3025,304,6,53260.66465171463,2,2,1,221,At Risk
C3026,617,4,8451.088458915525,1,1,1,111,Sleeping
C3027,702,6,946594.3953400324,1,2,3,123,At Risk
C3028,180,4,191057.35778231593,2,1,1,211,Sleeping
C3029,347,4,910643.6548706198,2,1,3,213,Sleeping
C303,127,11,339409.4159637574,3,3,2,332,Champions
C3030,114,8,1198554.0029513214,3,3,3,333,Champions
C3031,26,4,8593.162058968075,3,1,1,311,Newbies
C3032,75,5,15491.025497525374,3,2,1,321,Sleeping
C3033,28,5,645042.0552510867,3,2,2,322,Champions
C3034,70,4,7188.193040061698,3,1,1,311,Newbies
C3035,313,4,331258.9570415138,2,1,2,212,Sleeping
C3036,214,8,645569.0024148088,2,3,2,232,At Risk
C3037,739,4,919377.2061352159,1,1,3,113,Sleeping
C3038,95,8,132562.66268910927,3,3,1,331,Sleeping
C3039,611,2,5106.381247176691,1,1,1,111,Sleeping
C304,196,2,994884.302934604,2,1,3,213,Sleeping
C3040,87,4,3626.980935195358,3,1,1,311,Newbies
C3041,32,7,8963.583402392467,3,3,1,331,Sleeping
C3042,449,7,832949.4289548227,1,3,3,133,At Risk
C3043,155,8,1010285.4022455433,2,3,3,233,At Risk
C3044,44,10,1559242.079803422,3,3,3,333,Champions
C3045,313,5,4963.69072593905,2,2,1,221,At Risk
C3046,291,3,158267.9348181711,2,1,1,211,Sleeping
C3047,68,10,985556.2628329647,3,3,3,333,Champions
C3048,9,7,306419.039047813,3,3,2,332,Champions
C3049,482,7,391827.50103592884,1,3,2,132,At Risk
C305,373,4,488516.6664435244,1,1,2,112,Sleeping
C3050,330,4,110898.8357255216,2,1,1,211,Sleeping
C3051,457,1,532.7818237284533,1,1,1,111,Sleeping
C3052,490,6,817440.9260700641,1,2,3,123,At Risk
C3053,689,4,251132.49209596118,1,1,2,112,Sleeping
C3054,38,4,172818.9641301184,3,1,1,311,Newbies
C3055,27,9,1064946.742668828,3,3,3,333,Champions
C3056,121,7,1411774.815717115,3,3,3,333,Champions
C3057,86,7,806702.4121917539,3,3,3,333,Champions
C3058,278,5,8885.207050893143,2,2,1,221,At Risk
C3059,69,7,1222051.40571131,3,3,3,333,Champions
C306,154,4,1596.8920836016423,2,1,1,211,Sleeping
C3060,24,7,1033443.651382359,3,3,3,333,Champions
C3061,167,3,470655.908355297,2,1,2,212,Sleeping
C3062,26,6,1177087.133375856,3,2,3,323,Champions
C3063,270,6,952682.7571902118,2,2,3,223,At Risk
C3064,99,8,496939.0540600682,3,3,2,332,Champions
C3065,63,13,1492155.0277896186,3,3,3,333,Champions
C3066,935,2,4810.273569407616,1,1,1,111,Sleeping
C3067,148,5,821316.6548411315,2,2,3,223,At Risk
C3068,204,5,771534.3801563531,2,2,3,223,At Risk
C3069,232,8,695687.7350508895,2,3,3,233,At Risk
C307,153,5,191296.99405169245,2,2,1,221,At Risk
C3070,584,5,363161.527102351,1,2,2,122,At Risk
C3071,1153,3,642438.896255499,1,1,2,112,Sleeping
C3072,35,7,539930.4769079082,3,3,2,332,Champions
C3073,75,1,2250.0595611633794,3,1,1,311,Newbies
C3074,448,7,767893.1637928904,1,3,3,133,At Risk
C3075,236,5,508005.9925594394,2,2,2,222,At Risk
C3076,548,3,151576.36630194474,1,1,1,111,Sleeping
C3077,894,1,187.72587365291363,1,1,1,111,Sleeping
C3078,108,7,295237.4079121241,3,3,2,332,Champions
C3079,313,4,698893.1976335228,2,1,3,213,Sleeping
C308,1303,4,520365.744492773,1,1,2,112,Sleeping
C3080,119,5,515569.7700721298,3,2,2,322,Champions
C3081,104,7,29714.272475809026,3,3,1,331,Sleeping
C3082,286,4,2456.2355046534963,2,1,1,211,Sleeping
C3083,191,3,77458.45018447046,2,1,1,211,Sleeping
C3084,439,4,532198.9073057426,1,1,2,112,Sleeping
C3085,69,5,278163.74722756905,3,2,2,322,Champions
C3086,625,3,5350.424647471514,1,1,1,111,Sleeping
C3087,196,8,1546233.8706182018,2,3,3,233,At Risk
C3088,521,3,793265.0952819642,1,1,3,113,Sleeping
C3089,594,6,667295.3237468885,1,2,3,123,At Risk
C309,266,4,307419.0811666424,2,1,2,212,Sleeping
C3090,140,5,4810.825467499797,2,2,1,221,At Risk
C3091,1254,3,692236.1709109579,1,1,3,113,Sleeping
C3092,601,4,602325.7274229552,1,1,2,112,Sleeping
C3093,298,5,274147.2168503788,2,2,2,222,At Risk
C3094,547,7,1547782.7921054838,1,3,3,133,At Risk
C3095,239,6,458446.6835386125,2,2,2,222,At Risk
C3096,319,10,698692.0040594845,2,3,3,233,At Risk
C3097,472,4,198808.2132450548,1,1,1,111,Sleeping
C3098,1101,3,922328.5611085602,1,1,3,113,Sleeping
C3099,175,4,199549.3572895799,2,1,1,211,Sleeping
C310,115,9,1676326.258185544,3,3,3,333,Champions
C3100,184,6,503423.6114102423,2,2,2,222,At Risk
C3101,223,9,1398836.0698463605,2,3,3,233,At Risk
C3102,173,3,253495.97257775493,2,1,2,212,Sleeping
C3103,229,10,1072123.3580248414,2,3,3,233,At Risk
C3104,142,3,976078.2340347534,2,1,3,213,Sleeping
C3105,72,7,916901.3668172152,3,3,3,333,Champions
C3106,569,5,834655.6643041458,1,2,3,123,At Risk
C3107,1305,3,2440.988706561712,1,1,1,111,Sleeping
C3108,242,7,603283.2812384799,2,3,2,232,At Risk
C3109,100,2,257532.03353528926,3,1,2,312,Newbies
C311,128,8,1061810.5884379507,3,3,3,333,Champions
C3110,658,5,7017.976947076493,1,2,1,121,At Risk
C3111,9,5,672481.7101791259,3,2,3,323,Champions
C3112,68,7,1710485.6991833092,3,3,3,333,Champions
C3113,543,2,1323.0349614081724,1,1,1,111,Sleeping
C3114,37,5,1320680.7275468279,3,2,3,323,Champions
C3115,187,4,306059.99933395465,2,1,2,212,Sleeping
C3116,173,8,752792.8191232482,2,3,3,233,At Risk
C3117,717,5,159951.42967388872,1,2,1,121,At Risk
C3118,420,5,8882.264945747916,1,2,1,121,At Risk
C3119,207,5,244902.7234183121,2,2,1,221,At Risk
C312,301,5,330332.3372585045,2,2,2,222,At Risk
C3120,140,7,653439.6503952299,2,3,2,232,At Risk
C3121,459,4,441791.15524068754,1,1,2,112,Sleeping
C3122,994,1,1052.0166787938506,1,1,1,111,Sleeping
C3123,357,5,308478.66299004573,2,2,2,222,At Risk
C3124,218,4,912647.1684918369,2,1,3,213,Sleeping
C3125,160,7,148724.00404796813,2,3,1,231,At Risk
C3126,26,8,598908.0683246017,3,3,2,332,Champions
C3127,82,6,758658.2446983762,3,2,3,323,Champions
C3128,157,4,7064.335315363704,2,1,1,211,Sleeping
C3129,329,8,459098.0417136903,2,3,2,232,At Risk
C313,14,6,772292.9127757564,3,2,3,323,Champions
C3130,486,6,483588.9887116129,1,2,2,122,At Risk
C3131,218,7,614738.9105405468,2,3,2,232,At Risk
C3132,64,9,663231.8923585253,3,3,3,333,Champions
C3133,12,3,682988.269216907,3,1,3,313,Newbies
C3134,330,5,872892.2189303043,2,2,3,223,At Risk
C3135,236,8,855686.7748408552,2,3,3,233,At Risk
C3136,257,6,108915.7518879319,2,2,1,221,At Risk
C3137,1313,4,6488.356707462933,1,1,1,111,Sleeping
C3138,577,7,963872.3251816514,1,3,3,133,At Risk
C3139,338,6,62568.87321310115,2,2,1,221,At Risk
C314,123,6,828055.8782685156,3,2,3,323,Champions
C3140,79,12,1330214.273912877,3,3,3,333,Champions
C3141,34,3,497941.05150886124,3,1,2,312,Newbies
C3142,19,7,877952.6230390957,3,3,3,333,Champions
C3143,610,6,367317.80382804025,1,2,2,122,At Risk
C3144,37,7,404412.73607568996,3,3,2,332,Champions
C3145,261,4,270753.7367452036,2,1,2,212,Sleeping
C3146,109,8,1715881.8979023076,3,3,3,333,Champions
C3147,93,7,1280774.1259789232,3,3,3,333,Champions
C3148,8,9,1226438.3165422175,3,3,3,333,Champions
C3149,665,5,1024241.4617734944,1,2,3,123,At Risk
C315,483,6,172354.70303116288,1,2,1,121,At Risk
C3150,130,11,1024916.455871986,3,3,3,333,Champions
C3151,722,2,7149.229123794747,1,1,1,111,Sleeping
C3152,5,4,12721.163978752586,3,1,1,311,Newbies
C3153,261,8,423423.56673902605,2,3,2,232,At Risk
C3154,748,5,590768.1857518905,1,2,2,122,At Risk
C3155,103,4,500044.044556994,3,1,2,312,Newbies
C3156,531,6,437780.7983867303,1,2,2,122,At Risk
C3157,107,4,435748.20747691207,3,1,2,312,Newbies
C3158,212,8,765731.0906001935,2,3,3,233,At Risk
C3159,1447,2,3584.685572394374,1,1,1,111,Sleeping
C316,189,9,1474626.2795724722,2,3,3,233,At Risk
C3160,931,3,2048.97120923496,1,1,1,111,Sleeping
C3161,6,2,56036.36773309465,3,1,1,311,Newbies
C3162,278,7,245965.22765420968,2,3,1,231,At Risk
C3163,66,5,910248.4701771482,3,2,3,323,Champions
C3164,36,6,596828.1942415736,3,2,2,322,Champions
C3165,77,8,602753.6446788532,3,3,2,332,Champions
C3166,211,4,390232.058186152,2,1,2,212,Sleeping
C3167,366,6,849618.5993363706,2,2,3,223,At Risk
C3168,502,6,550057.0247547366,1,2,2,122,At Risk
C3169,1152,2,85226.64539487053,1,1,1,111,Sleeping
C317,244,7,845347.9767183895,2,3,3,233,At Risk
C3170,379,5,209341.0488733608,1,2,1,121,At Risk
C3171,766,3,813664.3668971631,1,1,3,113,Sleeping
C3172,114,4,888535.5589213024,3,1,3,313,Newbies
C3173,579,3,5040.259841465537,1,1,1,111,Sleeping
C3174,447,7,540929.4561656527,1,3,2,132,At Risk
C3175,227,5,158910.43279343078,2,2,1,221,At Risk
C3176,1529,1,5264.327594609575,1,1,1,111,Sleeping
C3177,1225,3,7910.421204415756,1,1,1,111,Sleeping
C3178,214,8,170775.61751573754,2,3,1,231,At Risk
C3179,581,7,443744.6696739987,1,3,2,132,At Risk
C318,128,9,1291156.2609342465,3,3,3,333,Champions
C3180,230,6,852847.1914594541,2,2,3,223,At Risk
C3181,305,5,811769.5771378485,2,2,3,223,At Risk
C3182,284,6,153045.05936198056,2,2,1,221,At Risk
C3183,34,9,403036.9950514568,3,3,2,332,Champions
C3184,390,8,1130118.7884790895,1,3,3,133,At Risk
C3185,35,5,1574380.1651504927,3,2,3,323,Champions
C3186,39,4,642630.8363487822,3,1,2,312,Newbies
C3187,553,7,640665.5870907645,1,3,2,132,At Risk
C3188,1011,4,236267.6708654789,1,1,1,111,Sleeping
C3189,1332,3,464056.7850000679,1,1,2,112,Sleeping
C319,216,8,1792347.5781750884,2,3,3,233,At Risk
C3190,167,5,896746.1291394115,2,2,3,223,At Risk
C3191,265,1,1318.784852843082,2,1,1,211,Sleeping
C3192,444,7,126226.2301909647,1,3,1,131,At Risk
C3193,124,6,1051001.775039812,3,2,3,323,Champions
C3194,807,4,4439.718775667063,1,1,1,111,Sleeping
C3195,1087,1,408631.83866317035,1,1,2,112,Sleeping
C3196,123,2,5922.653650110755,3,1,1,311,Newbies
C3197,70,4,228535.21400774916,3,1,1,311,Newbies
C3198,231,6,733144.7081838679,2,2,3,223,At Risk
C3199,786,6,393632.44534520805,1,2,2,122,At Risk
C320,682,6,505742.33681669494,1,2,2,122,At Risk
C3200,224,7,650147.5645273686,2,3,2,232,At Risk
C3201,140,4,55179.27379644022,2,1,1,211,Sleeping
C3202,38,5,724103.1946958909,3,2,3,323,Champions
C3203,260,3,70469.4213583047,2,1,1,211,Sleeping
C3204,492,3,6370.972674179057,1,1,1,111,Sleeping
C3205,145,4,373411.0130145097,2,1,2,212,Sleeping
C3206,85,7,903683.7399753975,3,3,3,333,Champions
C3207,492,4,235526.96216815745,1,1,1,111,Sleeping
C3208,438,6,1394618.328532264,1,2,3,123,At Risk
C3209,260,8,61460.17753575872,2,3,1,231,At Risk
C321,201,4,3594.004862371023,2,1,1,211,Sleeping
C3210,1373,2,944.2372588678504,1,1,1,111,Sleeping
C3211,86,8,122666.01857047192,3,3,1,331,Sleeping
C3212,81,7,343418.7362900181,3,3,2,332,Champions
C3213,538,3,243456.7999483497,1,1,1,111,Sleeping
C3214,166,2,397532.96378154086,2,1,2,212,Sleeping
C3215,221,1,179368.8437343515,2,1,1,211,Sleeping
C3216,652,5,821909.7669108496,1,2,3,123,At Risk
C3217,25,8,96614.8563646644,3,3,1,331,Sleeping
C3218,504,7,423468.8576836492,1,3,2,132,At Risk
C3219,753,6,1077312.3894991176,1,2,3,123,At Risk
C322,54,4,675779.2474071048,3,1,3,313,Newbies
C3220,7,5,285508.25903855637,3,2,2,322,Champions
C3221,396,2,1514.2017204213237,1,1,1,111,Sleeping
C3222,747,4,11472.189819160827,1,1,1,111,Sleeping
C3223,188,7,800401.2195365825,2,3,3,233,At Risk
C3224,273,8,181592.41086778566,2,3,1,231,At Risk
C3225,356,5,593125.6483211367,2,2,2,222,At Risk
C3226,270,7,1223832.3902691605,2,3,3,233,At Risk
C3227,109,6,964577.8194848053,3,2,3,323,Champions
C3228,343,1,623.2179441265113,2,1,1,211,Sleeping
C3229,198,7,1003104.4529529874,2,3,3,233,At Risk
C323,209,2,1628.7725028503637,2,1,1,211,Sleeping
C3230,25,8,984216.2388554675,3,3,3,333,Champions
C3231,109,5,571907.6235305375,3,2,2,322,Champions
C3232,83,2,3506.7724681892546,3,1,1,311,Newbies
C3233,1795,1,549402.8641277979,1,1,2,112,Sleeping
C3234,356,7,699721.0474297992,2,3,3,233,At Risk
C3235,861,2,525105.7630860631,1,1,2,112,Sleeping
C3236,468,3,335156.34141120757,1,1,2,112,Sleeping
C3237,370,3,1253.1173281769368,1,1,1,111,Sleeping
C3238,606,4,6216.480332872118,1,1,1,111,Sleeping
C3239,72,4,5578.517655002382,3,1,1,311,Newbies
C324,841,4,47426.654654949605,1,1,1,111,Sleeping
C3240,1059,2,279610.24076164805,1,1,2,112,Sleeping
C3241,919,1,1569.3663856326389,1,1,1,111,Sleeping
C3242,27,7,938160.4350570864,3,3,3,333,Champions
C3243,256,5,1117262.9804408664,2,2,3,223,At Risk
C3244,188,4,211305.81353751998,2,1,1,211,Sleeping
C3245,366,5,865907.6860917921,2,2,3,223,At Risk
C3246,96,5,308159.22897592327,3,2,2,322,Champions
C3247,366,8,1643303.951997224,2,3,3,233,At Risk
C3248,503,6,160020.66064079656,1,2,1,121,At Risk
C3249,99,4,841658.7994827571,3,1,3,313,Newbies
C325,205,8,562281.0924479262,2,3,2,232,At Risk
C3250,1427,5,5527.553929305764,1,2,1,121,At Risk
C3251,126,8,684388.2582418113,3,3,3,333,Champions
C3252,513,5,240278.7264238405,1,2,1,121,At Risk
C3253,146,11,1296166.534370176,2,3,3,233,At Risk
C3254,95,7,1098707.5400305544,3,3,3,333,Champions
C3255,5,2,2842.5349031525466,3,1,1,311,Newbies
C3256,198,6,280088.1857013354,2,2,2,222,At Risk
C3257,392,9,120372.08165799624,1,3,1,131,At Risk
C3258,350,5,322931.081047263,2,2,2,222,At Risk
C3259,53,10,17375.961282712582,3,3,1,331,Sleeping
C326,364,7,457238.0416460833,2,3,2,232,At Risk
C3260,496,2,415948.7310194384,1,1,2,112,Sleeping
C3261,114,3,11923.53971111515,3,1,1,311,Newbies
C3262,378,6,3827.0824687430763,1,2,1,121,At Risk
C3263,423,5,633324.7473431316,1,2,2,122,At Risk
C3264,445,7,1110214.12303197,1,3,3,133,At Risk
C3265,6,4,2220.5079283947,3,1,1,311,Newbies
C3266,57,7,1728399.2022580176,3,3,3,333,Champions
C3267,386,5,408894.89708878694,1,2,2,122,At Risk
C3268,234,7,1032902.5917720022,2,3,3,233,At Risk
C3269,32,5,545072.9382237811,3,2,2,322,Champions
C327,129,7,231301.09942333162,3,3,1,331,Sleeping
C3270,84,5,463736.8923634418,3,2,2,322,Champions
C3271,358,3,2858.8619779781557,2,1,1,211,Sleeping
C3272,100,5,499530.8549394638,3,2,2,322,Champions
C3273,471,4,518143.1511380498,1,1,2,112,Sleeping
C3274,571,6,1074995.1234594132,1,2,3,123,At Risk
C3275,592,8,383643.44570086774,1,3,2,132,At Risk
C3276,144,4,929052.9809775103,2,1,3,213,Sleeping
C3277,73,9,1301343.3018347227,3,3,3,333,Champions
C3278,123,8,801095.5097758294,3,3,3,333,Champions
C3279,121,4,3059.950167496526,3,1,1,311,Newbies
C328,349,6,229230.26105138933,2,2,1,221,At Risk
C3280,386,4,60836.98967157757,1,1,1,111,Sleeping
C3281,90,7,1505904.4947152738,3,3,3,333,Champions
C3282,75,8,583587.0099669864,3,3,2,332,Champions
C3283,1128,3,133697.47992814987,1,1,1,111,Sleeping
C3284,426,8,697714.7796346653,1,3,3,133,At Risk
C3285,903,4,8091.25021107883,1,1,1,111,Sleeping
C3286,622,5,445315.3472544125,1,2,2,122,At Risk
C3287,42,6,6879.324629702012,3,2,1,321,Sleeping
C3288,46,10,246900.60553131456,3,3,1,331,Sleeping
C3289,62,4,668772.5584582626,3,1,3,313,Newbies
C329,281,6,817787.1130437634,2,2,3,223,At Risk
C3290,154,8,1456032.9401189303,2,3,3,233,At Risk
C3291,301,8,51848.93902726251,2,3,1,231,At Risk
C3292,561,2,190439.19329039945,1,1,1,111,Sleeping
C3293,26,8,1718433.4673488992,3,3,3,333,Champions
C3294,10,3,7617.196102968424,3,1,1,311,Newbies
C3295,254,3,1868.2430087214093,2,1,1,211,Sleeping
C3296,345,2,52290.609659441696,2,1,1,211,Sleeping
C3297,5,8,8065.4226694545005,3,3,1,331,Sleeping
C3298,487,4,842259.8744877212,1,1,3,113,Sleeping
C3299,641,5,11872.022734254144,1,2,1,121,At Risk
C330,160,9,1032216.328801865,2,3,3,233,At Risk
C3300,530,3,723127.677217532,1,1,3,113,Sleeping
C3301,322,6,63407.78665733827,2,2,1,221,At Risk
C3302,744,8,460089.333233499,1,3,2,132,At Risk
C3303,468,5,288607.4538034795,1,2,2,122,At Risk
C3304,246,6,310429.8233276193,2,2,2,222,At Risk
C3305,21,4,3979.1148766928204,3,1,1,311,Newbies
C3306,394,5,103109.91202764302,1,2,1,121,At Risk
C3307,89,6,147394.98522497783,3,2,1,321,Sleeping
C3308,62,9,1089186.9525494813,3,3,3,333,Champions
C3309,238,5,12986.442274073455,2,2,1,221,At Risk
C331,512,5,78068.82053287912,1,2,1,121,At Risk
C3310,137,8,658741.8491134429,2,3,2,232,At Risk
C3311,147,8,851307.6152108032,2,3,3,233,At Risk
C3312,609,4,449695.3407058386,1,1,2,112,Sleeping
C3313,142,4,1030541.5709582021,2,1,3,213,Sleeping
C3314,47,7,727171.4410722138,3,3,3,333,Champions
C3315,318,4,210344.10636086436,2,1,1,211,Sleeping
C3316,428,6,475389.89878487395,1,2,2,122,At Risk
C3317,43,9,1490513.67858944,3,3,3,333,Champions
C3318,241,5,644748.8027952485,2,2,2,222,At Risk
C3319,436,3,1405.297938681912,1,1,1,111,Sleeping
C332,106,7,1587147.8967674545,3,3,3,333,Champions
C3320,341,3,109966.45316798618,2,1,1,211,Sleeping
C3321,591,4,2534.016138721925,1,1,1,111,Sleeping
C3322,696,4,288511.7065758854,1,1,2,112,Sleeping
C3323,508,3,98803.57707630862,1,1,1,111,Sleeping
C3324,567,4,537994.0293867915,1,1,2,112,Sleeping
C3325,299,4,87330.54852112243,2,1,1,211,Sleeping
C3326,27,5,598679.3842250447,3,2,2,322,Champions
C3327,814,2,112961.36011522754,1,1,1,111,Sleeping
C3328,459,1,596.9071245901432,1,1,1,111,Sleeping
C3329,289,9,155919.7018364024,2,3,1,231,At Risk
C333,210,4,583946.6407426787,2,1,2,212,Sleeping
C3330,4,9,1240569.9366559952,3,3,3,333,Champions
C3331,46,6,1250172.1616947907,3,2,3,323,Champions
C3332,40,6,603104.4534658283,3,2,2,322,Champions
C3333,988,4,3993.916774384208,1,1,1,111,Sleeping
C3334,1302,1,3488.5313262637296,1,1,1,111,Sleeping
C3335,233,5,1146018.5859032364,2,2,3,223,At Risk
C3336,323,7,317799.8453082928,2,3,2,232,At Risk
C3337,1566,2,131223.44532392116,1,1,1,111,Sleeping
C3338,183,6,632485.0176436496,2,2,2,222,At Risk
C3339,834,2,120737.64164260167,1,1,1,111,Sleeping
C334,210,5,663838.684944004,2,2,3,223,At Risk
C3340,132,5,574522.248620578,3,2,2,322,Champions
C3341,152,1,1367.6308916438145,2,1,1,211,Sleeping
C3342,235,6,281021.4508551037,2,2,2,222,At Risk
C3343,199,8,537169.5619855487,2,3,2,232,At Risk
C3344,3,5,178607.9785541383,3,2,1,321,Sleeping
C3345,252,4,238335.29082899966,2,1,1,211,Sleeping
C3346,1131,1,150.02212085698693,1,1,1,111,Sleeping
C3347,921,5,908696.4860769063,1,2,3,123,At Risk
C3348,93,7,749151.4613605614,3,3,3,333,Champions
C3349,670,6,579402.5880754862,1,2,2,122,At Risk
C335,465,4,642670.4098629438,1,1,2,112,Sleeping
C3350,310,3,867336.1176424009,2,1,3,213,Sleeping
C3351,276,4,205148.7920238146,2,1,1,211,Sleeping
C3352,730,5,53379.15782758048,1,2,1,121,At Risk
C3353,253,4,583190.3523405659,2,1,2,212,Sleeping
C3354,778,5,1125272.4185859438,1,2,3,123,At Risk
C3355,226,4,378762.4115522236,2,1,2,212,Sleeping
C3356,306,5,965212.0565765349,2,2,3,223,At Risk
C3357,497,5,861224.1301020428,1,2,3,123,At Risk
C3358,399,5,13204.920409397353,1,2,1,121,At Risk
C3359,122,3,2284.2306412950657,3,1,1,311,Newbies
C336,210,4,2627.485465604086,2,1,1,211,Sleeping
C3360,195,5,191999.4658477125,2,2,1,221,At Risk
C3361,992,3,15451.416563465644,1,1,1,111,Sleeping
C3362,28,6,347523.0351083521,3,2,2,322,Champions
C3363,573,4,484897.0595571421,1,1,2,112,Sleeping
C3364,29,8,799848.6031464533,3,3,3,333,Champions
C3365,565,3,145241.06860274388,1,1,1,111,Sleeping
C3366,30,5,379869.4239415491,3,2,2,322,Champions
C3367,15,6,254369.1993419121,3,2,2,322,Champions
C3368,10,7,365553.4373620659,3,3,2,332,Champions
C3369,466,7,271343.2299993665,1,3,2,132,At Risk
C337,25,6,1127433.1216823666,3,2,3,323,Champions
C3370,565,6,522560.9449258098,1,2,2,122,At Risk
C3371,30,9,1144309.429431902,3,3,3,333,Champions
C3372,371,4,7892.270074896254,1,1,1,111,Sleeping
C3373,156,6,170650.8883938673,2,2,1,221,At Risk
C3374,490,6,258653.58300160442,1,2,2,122,At Risk
C3375,72,4,723690.6258695513,3,1,3,313,Newbies
C3376,745,5,287140.09139101504,1,2,2,122,At Risk
C3377,799,4,1048781.091975364,1,1,3,113,Sleeping
C3378,181,6,987357.9245820966,2,2,3,223,At Risk
C3379,158,3,421361.2208415171,2,1,2,212,Sleeping
C338,12,5,10143.8167740829,3,2,1,321,Sleeping
C3380,131,10,803961.2199651502,3,3,3,333,Champions
C3381,884,5,1010046.2485628177,1,2,3,123,At Risk
C3382,73,10,479507.2048988801,3,3,2,332,Champions
C3383,1165,4,6480.1320443575205,1,1,1,111,Sleeping
C3384,7,9,331702.33214388473,3,3,2,332,Champions
C3385,194,6,700840.7946382985,2,2,3,223,At Risk
C3386,206,7,547956.039414481,2,3,2,232,At Risk
C3387,225,5,14108.83773792425,2,2,1,221,At Risk
C3388,1461,3,1910.2033728049641,1,1,1,111,Sleeping
C3389,765,3,523162.18484319694,1,1,2,112,Sleeping
C339,260,4,6279.770398251042,2,1,1,211,Sleeping
C3390,266,3,225204.79394619045,2,1,1,211,Sleeping
C3391,70,7,1298821.1539771853,3,3,3,333,Champions
C3392,164,9,925959.4445756229,2,3,3,233,At Risk
C3393,279,8,174899.49789193168,2,3,1,231,At Risk
C3394,610,4,211591.03805737675,1,1,1,111,Sleeping
C3395,631,6,16211.026606678872,1,2,1,121,At Risk
C3396,372,4,1191097.7644492919,1,1,3,113,Sleeping
C3397,87,2,491522.62574090227,3,1,2,312,Newbies
C3398,85,9,955915.0892572613,3,3,3,333,Champions
C3399,527,2,4183.732114345761,1,1,1,111,Sleeping
C340,155,3,13893.969182388499,2,1,1,211,Sleeping
C3400,409,7,472363.5944754586,1,3,2,132,At Risk
C3401,280,7,1255301.6979422516,2,3,3,233,At Risk
C3402,2,10,678970.5362936426,3,3,3,333,Champions
C3403,8,3,61556.91110901193,3,1,1,311,Newbies
C3405,276,6,618605.8286373718,2,2,2,222,At Risk
C3406,63,2,1073.504163159938,3,1,1,311,Newbies
C3407,251,6,446759.1729645134,2,2,2,222,At Risk
C3408,1128,4,331349.88377746154,1,1,2,112,Sleeping
C3409,268,7,762674.8359802696,2,3,3,233,At Risk
C341,301,5,69268.95182479585,2,2,1,221,At Risk
C3410,448,5,195443.72667298434,1,2,1,121,At Risk
C3411,307,3,319778.37241320737,2,1,2,212,Sleeping
C3412,54,7,361073.0041903017,3,3,2,332,Champions
C3413,901,5,446996.69246604573,1,2,2,122,At Risk
C3414,270,6,681977.3272062276,2,2,3,223,At Risk
C3415,315,9,421639.3958864723,2,3,2,232,At Risk
C3416,323,5,463246.7335905077,2,2,2,222,At Risk
C3417,436,7,281937.95390462707,1,3,2,132,At Risk
C3418,165,2,124008.13665245641,2,1,1,211,Sleeping
C3419,226,6,400354.2214312968,2,2,2,222,At Risk
C342,490,6,1049932.4755725907,1,2,3,123,At Risk
C3420,12,6,513214.36979645595,3,2,2,322,Champions
C3421,102,8,914432.9565985156,3,3,3,333,Champions
C3422,585,4,117422.38579779431,1,1,1,111,Sleeping
C3423,9,5,126056.57686521512,3,2,1,321,Sleeping
C3424,44,7,5410.921250141493,3,3,1,331,Sleeping
C3425,647,6,539744.2725682707,1,2,2,122,At Risk
C3426,140,9,455614.0213405862,2,3,2,232,At Risk
C3427,75,10,993887.9089673336,3,3,3,333,Champions
C3428,384,4,530489.1944142319,1,1,2,112,Sleeping
C3429,626,4,501980.27180048014,1,1,2,112,Sleeping
C343,253,7,673793.5911944123,2,3,3,233,At Risk
C3430,158,3,745972.9053511838,2,1,3,213,Sleeping
C3431,392,6,461242.8947364781,1,2,2,122,At Risk
C3432,321,5,77750.59866452956,2,2,1,221,At Risk
C3433,286,6,1432194.8638746028,2,2,3,223,At Risk
C3434,495,3,551512.034879657,1,1,2,112,Sleeping
C3435,1325,3,7284.713357587701,1,1,1,111,Sleeping
C3436,216,5,584017.8601876665,2,2,2,222,At Risk
C3437,807,2,6541.8538161618035,1,1,1,111,Sleeping
C3438,8,7,202652.09128538155,3,3,1,331,Sleeping
C3439,151,8,74895.07451273089,2,3,1,231,At Risk
C344,65,6,939648.4793601246,3,2,3,323,Champions
C3440,688,5,997897.2642518624,1,2,3,123,At Risk
C3441,16,3,67689.88142754242,3,1,1,311,Newbies
C3442,160,4,461731.2293120335,2,1,2,212,Sleeping
C3443,174,3,8533.439682297852,2,1,1,211,Sleeping
C3444,564,1,129853.42879942468,1,1,1,111,Sleeping
C3445,224,6,329406.9008833808,2,2,2,222,At Risk
C3446,263,7,900439.7527518002,2,3,3,233,At Risk
C3447,624,6,305791.65358488075,1,2,2,122,At Risk
C3448,132,6,357324.9411297156,3,2,2,322,Champions
C3449,390,2,604.3877457363155,1,1,1,111,Sleeping
C345,291,3,1212.8030348663501,2,1,1,211,Sleeping
C3450,638,4,267312.9885850136,1,1,2,112,Sleeping
C3451,359,5,362337.06843092246,2,2,2,222,At Risk
C3452,310,6,7622.0525511521655,2,2,1,221,At Risk
C3453,489,7,808951.9556296661,1,3,3,133,At Risk
C3454,99,4,10071.456164781554,3,1,1,311,Newbies
C3455,616,5,458152.26355720306,1,2,2,122,At Risk
C3456,30,14,344335.4602351773,3,3,2,332,Champions
C3457,98,8,140665.5671790142,3,3,1,331,Sleeping
C3458,374,8,1046759.2600071209,1,3,3,133,At Risk
C3459,1726,1,626027.5488465347,1,1,2,112,Sleeping
C346,352,5,47506.722767226805,2,2,1,221,At Risk
C3460,826,1,4214.515717564306,1,1,1,111,Sleeping
C3461,1097,5,168969.03497035653,1,2,1,121,At Risk
C3462,442,5,20277.153527898463,1,2,1,121,At Risk
C3463,463,5,646853.7637585232,1,2,2,122,At Risk
C3464,426,5,279575.83094182576,1,2,2,122,At Risk
C3465,273,5,751348.6897133016,2,2,3,223,At Risk
C3466,221,2,8829.616707675292,2,1,1,211,Sleeping
C3467,760,6,4512.878641172297,1,2,1,121,At Risk
C3468,1067,4,1114120.2031686339,1,1,3,113,Sleeping
C3469,173,4,584289.6841658559,2,1,2,212,Sleeping
C347,140,8,396954.6637837874,2,3,2,232,At Risk
C3470,174,4,905743.6257450501,2,1,3,213,Sleeping
C3471,1302,3,460327.4273769485,1,1,2,112,Sleeping
C3472,210,6,664703.001186176,2,2,3,223,At Risk
C3473,1044,3,518200.651602368,1,1,2,112,Sleeping
C3474,447,2,1216.5865397347097,1,1,1,111,Sleeping
C3475,29,8,596862.207934879,3,3,2,332,Champions
C3476,15,9,112788.08582159421,3,3,1,331,Sleeping
C3477,209,5,240727.22225624544,2,2,1,221,At Risk
C3478,105,7,659059.3872278009,3,3,2,332,Champions
C3479,477,4,234551.1349487445,1,1,1,111,Sleeping
C348,105,8,583026.0409197602,3,3,2,332,Champions
C3480,163,4,5653.485226655157,2,1,1,211,Sleeping
C3481,642,2,202729.18953827125,1,1,1,111,Sleeping
C3482,217,3,565208.8666374022,2,1,2,212,Sleeping
C3483,1034,1,270690.5308394577,1,1,2,112,Sleeping
C3484,152,8,1214623.3359859996,2,3,3,233,At Risk
C3485,595,6,9908.33893077192,1,2,1,121,At Risk
C3486,116,2,166180.826484852,3,1,1,311,Newbies
C3487,397,2,18757.261095544964,1,1,1,111,Sleeping
C3488,67,5,245040.2481895063,3,2,1,321,Sleeping
C3489,1406,3,2550.3540061617023,1,1,1,111,Sleeping
C349,574,4,167330.04759524268,1,1,1,111,Sleeping
C3490,159,6,920515.0457762859,2,2,3,223,At Risk
C3491,1027,5,492687.4485982342,1,2,2,122,At Risk
C3492,365,3,8063.817091752688,2,1,1,211,Sleeping
C3493,640,5,746140.7670552721,1,2,3,123,At Risk
C3494,657,5,1246494.7720179583,1,2,3,123,At Risk
C3495,54,7,938188.9189153558,3,3,3,333,Champions
C3496,201,5,1148294.8757234374,2,2,3,223,At Risk
C3497,454,2,6545.9173915117535,1,1,1,111,Sleeping
C3498,413,8,1493973.995758283,1,3,3,133,At Risk
C3499,91,7,599405.314900817,3,3,2,332,Champions
C350,19,5,512681.3289251957,3,2,2,322,Champions
C3500,49,8,623557.6027956697,3,3,2,332,Champions
C3501,419,4,10094.573505420616,1,1,1,111,Sleeping
C3502,77,5,48168.495921961105,3,2,1,321,Sleeping
C3503,1586,2,206322.5180989868,1,1,1,111,Sleeping
C3504,461,4,379777.3864298075,1,1,2,112,Sleeping
C3505,38,7,255699.97336745745,3,3,2,332,Champions
C3506,377,6,122893.78023365735,1,2,1,121,At Risk
C3507,167,4,797794.1803887894,2,1,3,213,Sleeping
C3508,243,4,4529.610388713602,2,1,1,211,Sleeping
C3509,562,2,788480.9483035846,1,1,3,113,Sleeping
C351,6,8,1512665.1274323175,3,3,3,333,Champions
C3510,125,4,806319.1200428924,3,1,3,313,Newbies
C3511,1737,1,281000.04329665314,1,1,2,112,Sleeping
C3512,237,5,653301.9068655056,2,2,2,222,At Risk
C3513,88,2,555925.4964220027,3,1,2,312,Newbies
C3514,1206,1,402284.38896654017,1,1,2,112,Sleeping
C3515,259,8,276956.8877142595,2,3,2,232,At Risk
C3516,465,5,1149001.1140168682,1,2,3,123,At Risk
C3517,258,8,1108934.2045733137,2,3,3,233,At Risk
C3518,602,4,663372.7974431401,1,1,3,113,Sleeping
C3519,414,3,96417.16908010407,1,1,1,111,Sleeping
C352,240,5,661721.7353822961,2,2,2,222,At Risk
C3520,9,4,6227.0659286047785,3,1,1,311,Newbies
C3521,201,7,993827.710428941,2,3,3,233,At Risk
C3522,267,4,720396.6209214077,2,1,3,213,Sleeping
C3523,37,7,943213.6564603867,3,3,3,333,Champions
C3524,368,7,1312994.8227989941,2,3,3,233,At Risk
C3525,501,7,17036.58807644987,1,3,1,131,At Risk
C3527,230,8,711439.531079659,2,3,3,233,At Risk
C3528,1478,2,665652.1032289055,1,1,3,113,Sleeping
C3529,48,4,134626.3687214781,3,1,1,311,Newbies
C353,313,3,6523.3892139930285,2,1,1,211,Sleeping
C3530,1387,1,601.8584716372594,1,1,1,111,Sleeping
C3531,430,6,236850.47249698505,1,2,1,121,At Risk
C3532,8,7,1548286.6698265034,3,3,3,333,Champions
C3533,206,9,1279801.463484051,2,3,3,233,At Risk
C3534,779,4,13328.13139435766,1,1,1,111,Sleeping
C3535,154,6,1098066.351048049,2,2,3,223,At Risk
C3536,619,6,1094866.9391036842,1,2,3,123,At Risk
C3537,530,6,549830.4258925102,1,2,2,122,At Risk
C3538,175,8,538704.2410470917,2,3,2,232,At Risk
C354,272,5,223278.45076303688,2,2,1,221,At Risk
C3540,424,4,43771.53548572317,1,1,1,111,Sleeping
C3541,412,4,456521.2623092135,1,1,2,112,Sleeping
C3542,271,4,739869.2598517132,2,1,3,213,Sleeping
C3543,229,9,184519.95458920984,2,3,1,231,At Risk
C3544,138,7,681517.8385311036,2,3,3,233,At Risk
C3545,25,7,874796.4764252377,3,3,3,333,Champions
C3546,437,5,475666.8186643264,1,2,2,122,At Risk
C3547,554,5,6760.354275026793,1,2,1,121,At Risk
C3548,1,7,765232.0490515928,3,3,3,333,Champions
C3549,254,3,529379.8067158619,2,1,2,212,Sleeping
C355,306,3,68134.39926294051,2,1,1,211,Sleeping
C3550,25,3,442208.7831444184,3,1,2,312,Newbies
C3551,144,5,997090.6324010046,2,2,3,223,At Risk
C3552,1072,5,81103.95889072146,1,2,1,121,At Risk
C3553,488,9,472485.1165856896,1,3,2,132,At Risk
C3554,1117,4,286058.4251882802,1,1,2,112,Sleeping
C3555,173,9,130656.71644742404,2,3,1,231,At Risk
C3556,61,6,404227.64729023195,3,2,2,322,Champions
C3557,250,9,334473.18735311733,2,3,2,232,At Risk
C3558,559,6,266365.6822794576,1,2,2,122,At Risk
C3559,183,5,53374.47161864915,2,2,1,221,At Risk
C356,393,3,3431.1641074287368,1,1,1,111,Sleeping
C3560,222,7,679668.3862403459,2,3,3,233,At Risk
C3561,161,8,857135.9296988342,2,3,3,233,At Risk
C3562,22,4,6345.55147927817,3,1,1,311,Newbies
C3563,221,6,73179.48415866152,2,2,1,221,At Risk
C3564,326,7,302716.94909504504,2,3,2,232,At Risk
C3565,567,3,121662.63186531549,1,1,1,111,Sleeping
C3566,15,7,235825.97398673283,3,3,1,331,Sleeping
C3567,425,7,498257.853574802,1,3,2,132,At Risk
C3568,380,2,504128.2708701577,1,1,2,112,Sleeping
C3569,580,5,59948.06347152006,1,2,1,121,At Risk
C357,161,3,219936.5992547622,2,1,1,211,Sleeping
C3570,221,6,1485029.8349384703,2,2,3,223,At Risk
C3571,508,4,435617.6565638125,1,1,2,112,Sleeping
C3572,450,3,334836.96481943224,1,1,2,112,Sleeping
C3573,1158,4,137764.64602004108,1,1,1,111,Sleeping
C3574,3,9,691339.5568737409,3,3,3,333,Champions
C3575,60,7,997484.3240029954,3,3,3,333,Champions
C3576,48,5,8538.314686520029,3,2,1,321,Sleeping
C3577,844,5,1655630.8450810965,1,2,3,123,At Risk
C3578,53,8,993371.6488093124,3,3,3,333,Champions
C3579,122,4,662790.3643985011,3,1,2,312,Newbies
C358,300,8,1461598.3327608434,2,3,3,233,At Risk
C3580,147,8,385819.1531318019,2,3,2,232,At Risk
C3581,463,6,278428.651080949,1,2,2,122,At Risk
C3582,285,4,6315.091686917289,2,1,1,211,Sleeping
C3583,367,8,574324.5988530153,2,3,2,232,At Risk
C3584,1231,2,8204.117885589609,1,1,1,111,Sleeping
C3585,642,2,2102.196275121343,1,1,1,111,Sleeping
C3586,98,5,9924.462956868725,3,2,1,321,Sleeping
C3587,346,10,988860.032779811,2,3,3,233,At Risk
C3588,267,8,759251.6631103188,2,3,3,233,At Risk
C3589,1363,1,343.5740772471744,1,1,1,111,Sleeping
C359,40,7,1450186.7552895495,3,3,3,333,Champions
C3590,676,2,107747.56793659249,1,1,1,111,Sleeping
C3591,68,6,994800.7525923402,3,2,3,323,Champions
C3592,423,6,1269702.794153483,1,2,3,123,At Risk
C3593,493,3,2989.8628585686447,1,1,1,111,Sleeping
C3594,573,4,375562.3104944665,1,1,2,112,Sleeping
C3595,15,8,1575717.3640060164,3,3,3,333,Champions
C3596,51,6,226466.9150123878,3,2,1,321,Sleeping
C3597,123,5,103209.97268872245,3,2,1,321,Sleeping
C3598,86,5,356191.4721623507,3,2,2,322,Champions
C3599,90,5,345958.12878696935,3,2,2,322,Champions
C360,207,4,480329.6370713628,2,1,2,212,Sleeping
C3600,147,5,1065731.8361001452,2,2,3,223,At Risk
C3601,477,3,338510.8789865821,1,1,2,112,Sleeping
C3602,67,9,73733.5656751986,3,3,1,331,Sleeping
C3603,162,7,846065.8669802811,2,3,3,233,At Risk
C3604,116,5,509177.64464963187,3,2,2,322,Champions
C3605,476,7,1266769.8300424078,1,3,3,133,At Risk
C3606,98,5,489322.8265680538,3,2,2,322,Champions
C3607,1084,4,831657.9984630429,1,1,3,113,Sleeping
C3608,166,6,11146.525897043768,2,2,1,221,At Risk
C3609,364,6,626760.0583616609,2,2,2,222,At Risk
C361,70,8,665458.9555078086,3,3,3,333,Champions
C3610,71,5,131065.80153673493,3,2,1,321,Sleeping
C3611,617,2,642494.1494621696,1,1,2,112,Sleeping
C3612,297,3,518769.5332595515,2,1,2,212,Sleeping
C3613,82,8,719175.1013239918,3,3,3,333,Champions
C3614,261,4,1183179.2506498375,2,1,3,213,Sleeping
C3615,387,4,401139.55612552026,1,1,2,112,Sleeping
C3616,387,6,1390378.9897431626,1,2,3,123,At Risk
C3617,331,7,9022.825966896868,2,3,1,231,At Risk
C3618,30,7,41126.21484586509,3,3,1,331,Sleeping
C3619,266,11,1867105.1011032804,2,3,3,233,At Risk
C362,659,4,2536.859913108325,1,1,1,111,Sleeping
C3620,62,7,204448.59323485446,3,3,1,331,Sleeping
C3621,7,9,253990.63573793482,3,3,2,332,Champions
C3622,1,10,934975.8256367862,3,3,3,333,Champions
C3623,216,6,132596.25086462195,2,2,1,221,At Risk
C3624,265,6,1291542.4165655673,2,2,3,223,At Risk
C3625,401,6,1227075.7530688674,1,2,3,123,At Risk
C3626,2,5,839797.4275003843,3,2,3,323,Champions
C3627,371,2,2036.4788242821867,1,1,1,111,Sleeping
C3628,309,6,1002615.6805145369,2,2,3,223,At Risk
C3629,164,1,943.24,2,1,1,211,Sleeping
C363,55,8,984634.4963945575,3,3,3,333,Champions
C3630,1249,2,3252.1748978529117,1,1,1,111,Sleeping
C3631,82,4,446187.9991961236,3,1,2,312,Newbies
C3632,380,6,1292261.4636978982,1,2,3,123,At Risk
C3633,19,8,529181.7817743012,3,3,2,332,Champions
C3634,472,5,504271.161837096,1,2,2,122,At Risk
C3635,34,9,1311382.7573400682,3,3,3,333,Champions
C3636,269,9,642396.3054321295,2,3,2,232,At Risk
C3637,159,7,390036.37819635036,2,3,2,232,At Risk
C3638,204,7,722810.1457743071,2,3,3,233,At Risk
C3639,889,4,18685.57274190041,1,1,1,111,Sleeping
C364,131,3,1446002.8709008517,3,1,3,313,Newbies
C3640,608,4,1081256.6685127465,1,1,3,113,Sleeping
C3641,66,8,1101841.546498772,3,3,3,333,Champions
C3642,9,8,124848.29974910857,3,3,1,331,Sleeping
C3643,419,4,175118.07816258926,1,1,1,111,Sleeping
C3644,957,4,921143.5780031814,1,1,3,113,Sleeping
C3645,1690,3,834282.5517713834,1,1,3,113,Sleeping
C3646,394,7,309582.5727784336,1,3,2,132,At Risk
C3647,179,6,117679.65302849791,2,2,1,221,At Risk
C3648,160,6,1220033.210531876,2,2,3,223,At Risk
C3649,1094,3,5575.5735721431065,1,1,1,111,Sleeping
C365,224,4,511058.5430175606,2,1,2,212,Sleeping
C3650,833,4,265059.91399758257,1,1,2,112,Sleeping
C3651,323,5,1255641.6670191207,2,2,3,223,At Risk
C3652,348,8,1714703.2041511387,2,3,3,233,At Risk
C3653,677,4,630474.9542868098,1,1,2,112,Sleeping
C3654,253,6,342150.60806666675,2,2,2,222,At Risk
C3655,212,6,1332863.459347217,2,2,3,223,At Risk
C3656,874,5,93680.71693789258,1,2,1,121,At Risk
C3657,34,11,1008633.0277166752,3,3,3,333,Champions
C3658,538,6,525846.0566780764,1,2,2,122,At Risk
C3659,146,4,696422.6329786922,2,1,3,213,Sleeping
C366,451,6,260823.65844068982,1,2,2,122,At Risk
C3660,21,7,894437.5250447529,3,3,3,333,Champions
C3661,1159,2,173613.35983311554,1,1,1,111,Sleeping
C3662,29,5,799094.1471750259,3,2,3,323,Champions
C3663,342,8,445790.98537908134,2,3,2,232,At Risk
C3664,560,6,372086.90710904816,1,2,2,122,At Risk
C3665,143,4,7857.805463622593,2,1,1,211,Sleeping
C3666,145,8,578001.549031662,2,3,2,232,At Risk
C3667,37,3,430095.4680388684,3,1,2,312,Newbies
C3668,219,3,536923.4684285072,2,1,2,212,Sleeping
C3669,155,6,337120.52564704145,2,2,2,222,At Risk
C367,139,7,892519.4918911405,2,3,3,233,At Risk
C3670,294,5,133103.46954877864,2,2,1,221,At Risk
C3671,349,6,159006.72541769716,2,2,1,221,At Risk
C3672,200,2,290287.20930265746,2,1,2,212,Sleeping
C3673,198,5,1097742.4959537375,2,2,3,223,At Risk
C3674,132,5,710048.6433110927,2,2,3,223,At Risk
C3675,144,5,896664.890153818,2,2,3,223,At Risk
C3676,789,5,305421.32444803556,1,2,2,122,At Risk
C3677,149,11,1895697.6589475104,2,3,3,233,At Risk
C3678,63,8,795059.9718693042,3,3,3,333,Champions
C3679,982,7,1002636.6090142837,1,3,3,133,At Risk
C368,356,5,450565.86831269925,2,2,2,222,At Risk
C3680,805,3,1362802.902008426,1,1,3,113,Sleeping
C3681,235,9,694923.2804492272,2,3,3,233,At Risk
C3682,343,5,445457.2324380474,2,2,2,222,At Risk
C3683,462,5,1318076.713216775,1,2,3,123,At Risk
C3684,44,6,1659710.1254144707,3,2,3,323,Champions
C3685,26,4,69829.29784388539,3,1,1,311,Newbies
C3686,154,8,1235469.9693163126,2,3,3,233,At Risk
C3687,186,10,671076.1944887235,2,3,3,233,At Risk
C3688,34,5,183273.9727271335,3,2,1,321,Sleeping
C3689,41,5,19662.547115435493,3,2,1,321,Sleeping
C369,816,8,418691.40483847813,1,3,2,132,At Risk
C3690,3,6,542649.1218465886,3,2,2,322,Champions
C3691,126,4,800424.5520383939,3,1,3,313,Newbies
C3692,1203,1,432.690956503053,1,1,1,111,Sleeping
C3693,396,9,524072.0503540724,1,3,2,132,At Risk
C3694,271,3,3803.6786946503175,2,1,1,211,Sleeping
C3695,1326,6,1395217.4208034384,1,2,3,123,At Risk
C3696,431,5,1635351.892344486,1,2,3,123,At Risk
C3697,978,1,2637.5092313291807,1,1,1,111,Sleeping
C3698,76,4,449652.8947294898,3,1,2,312,Newbies
C3699,82,8,576314.544250125,3,3,2,332,Champions
C370,436,5,389216.3913544856,1,2,2,122,At Risk
C3700,541,9,16367.738609371074,1,3,1,131,At Risk
C3701,358,6,773328.9729516947,2,2,3,223,At Risk
C3702,503,5,554564.1357880792,1,2,2,122,At Risk
C3703,401,8,448979.21994491044,1,3,2,132,At Risk
C3704,209,7,607456.7183348705,2,3,2,232,At Risk
C3705,21,8,2025895.0176288232,3,3,3,333,Champions
C3706,128,7,415597.7644501455,3,3,2,332,Champions
C3707,236,7,1200941.9799783865,2,3,3,233,At Risk
C3708,45,7,1085797.6519184136,3,3,3,333,Champions
C3709,116,4,266280.65708783484,3,1,2,312,Newbies
C371,153,6,167500.29728268628,2,2,1,221,At Risk
C3710,230,7,1169195.0505004474,2,3,3,233,At Risk
C3711,139,10,447214.5508464365,2,3,2,232,At Risk
C3712,592,6,423289.54913685855,1,2,2,122,At Risk
C3713,420,5,317419.26973526564,1,2,2,122,At Risk
C3714,257,4,342123.9762291522,2,1,2,212,Sleeping
C3715,723,5,140002.1806832269,1,2,1,121,At Risk
C3716,306,5,1026944.8859561405,2,2,3,223,At Risk
C3717,129,5,580095.167034894,3,2,2,322,Champions
C3718,785,2,10084.818720617695,1,1,1,111,Sleeping
C3719,119,6,254899.18886196858,3,2,2,322,Champions
C372,161,8,1676129.73391096,2,3,3,233,At Risk
C3720,197,3,13028.002299856365,2,1,1,211,Sleeping
C3721,412,8,1700319.642824128,1,3,3,133,At Risk
C3722,178,3,464575.3268400708,2,1,2,212,Sleeping
C3723,4,8,724147.9729664412,3,3,3,333,Champions
C3724,1029,3,6227.5571860207165,1,1,1,111,Sleeping
C3725,55,7,389396.6890733264,3,3,2,332,Champions
C3726,469,7,876071.9262721383,1,3,3,133,At Risk
C3727,139,5,561715.4531994065,2,2,2,222,At Risk
C3728,700,8,1844933.6233448193,1,3,3,133,At Risk
C3729,609,7,1531843.8649642305,1,3,3,133,At Risk
C373,538,4,32106.151108317135,1,1,1,111,Sleeping
C3730,882,4,402067.8363135118,1,1,2,112,Sleeping
C3731,233,5,845963.0559244619,2,2,3,223,At Risk
C3732,193,2,443.9243746652074,2,1,1,211,Sleeping
C3733,482,2,122826.42886300346,1,1,1,111,Sleeping
C3734,63,5,3039.5913377292427,3,2,1,321,Sleeping
C3735,265,4,8982.728508799137,2,1,1,211,Sleeping
C3736,383,4,6735.8439210734505,1,1,1,111,Sleeping
C3737,327,6,971791.4447014771,2,2,3,223,At Risk
C3738,216,7,1713142.972425554,2,3,3,233,At Risk
C3739,584,5,747352.3030758724,1,2,3,123,At Risk
C374,183,10,861244.8983232491,2,3,3,233,At Risk
C3740,18,5,12755.099459251454,3,2,1,321,Sleeping
C3741,46,4,2156.7380843853684,3,1,1,311,Newbies
C3742,540,6,92640.76311160694,1,2,1,121,At Risk
C3743,229,7,1221901.8068455146,2,3,3,233,At Risk
C3744,376,3,1237698.784823695,1,1,3,113,Sleeping
C3745,251,5,672555.7310525875,2,2,3,223,At Risk
C3746,457,5,202914.36681376005,1,2,1,121,At Risk
C3747,336,3,481299.7484162068,2,1,2,212,Sleeping
C3748,206,2,458005.00792092795,2,1,2,212,Sleeping
C3749,122,3,592170.6280420583,3,1,2,312,Newbies
C375,132,8,1364238.6943719564,2,3,3,233,At Risk
C3750,78,9,1071093.8174238603,3,3,3,333,Champions
C3751,8,9,670736.4019019331,3,3,3,333,Champions
C3752,283,6,1377537.0332174248,2,2,3,223,At Risk
C3753,977,3,110923.77820643086,1,1,1,111,Sleeping
C3754,537,5,1090446.8880116376,1,2,3,123,At Risk
C3755,338,7,1055216.2632771647,2,3,3,233,At Risk
C3756,1465,3,123443.85068415178,1,1,1,111,Sleeping
C3757,271,9,598983.8498324017,2,3,2,232,At Risk
C3758,207,7,784744.9999579749,2,3,3,233,At Risk
C3759,409,7,712273.7000143288,1,3,3,133,At Risk
C376,343,6,637243.0457340501,2,2,2,222,At Risk
C3760,149,3,214783.15427557068,2,1,1,211,Sleeping
C3761,210,5,412492.25430471706,2,2,2,222,At Risk
C3762,63,6,632220.3083227603,3,2,2,322,Champions
C3763,64,8,507349.65076079237,3,3,2,332,Champions
C3764,100,8,873778.6646864711,3,3,3,333,Champions
C3765,226,5,499836.5040154814,2,2,2,222,At Risk
C3766,157,4,415912.43150802975,2,1,2,212,Sleeping
C3767,16,5,372058.87063601497,3,2,2,322,Champions
C3768,69,7,649568.4421233861,3,3,2,332,Champions
C3769,208,7,269248.17810215265,2,3,2,232,At Risk
C377,23,4,713363.253995948,3,1,3,313,Newbies
C3770,21,6,467399.56258176535,3,2,2,322,Champions
C3771,480,4,1604567.8269074839,1,1,3,113,Sleeping
C3772,153,4,315495.53579092503,2,1,2,212,Sleeping
C3773,961,3,585879.3853077814,1,1,2,112,Sleeping
C3774,498,2,1405.432671492864,1,1,1,111,Sleeping
C3775,106,5,4596.814258096449,3,2,1,321,Sleeping
C3776,918,5,328702.73889797216,1,2,2,122,At Risk
C3777,995,2,370652.0742580508,1,1,2,112,Sleeping
C3778,976,3,3363.426198652635,1,1,1,111,Sleeping
C3779,361,6,926637.7420978204,2,2,3,223,At Risk
C378,314,6,524249.6129999969,2,2,2,222,At Risk
C3780,238,5,883293.4482436096,2,2,3,223,At Risk
C3781,53,5,760152.3644612867,3,2,3,323,Champions
C3782,174,3,705298.3176181532,2,1,3,213,Sleeping
C3783,179,3,63929.83431524866,2,1,1,211,Sleeping
C3784,490,4,969831.7173913664,1,1,3,113,Sleeping
C3785,52,2,420671.8155440551,3,1,2,312,Newbies
C3786,482,3,689787.5201622145,1,1,3,113,Sleeping
C3787,178,12,1264745.2123540125,2,3,3,233,At Risk
C3788,238,6,393136.42923018604,2,2,2,222,At Risk
C3789,29,5,234743.70679011452,3,2,1,321,Sleeping
C379,313,7,392371.41460410977,2,3,2,232,At Risk
C3790,308,5,6839.079352590475,2,2,1,221,At Risk
C3791,184,7,563120.775410455,2,3,2,232,At Risk
C3792,1208,2,296704.7809446649,1,1,2,112,Sleeping
C3793,39,10,799950.657966143,3,3,3,333,Champions
C3794,1197,2,507804.11903380544,1,1,2,112,Sleeping
C3795,881,2,660480.0245593165,1,1,2,112,Sleeping
C3796,1054,2,111363.91362888359,1,1,1,111,Sleeping
C3797,234,6,150813.31263698498,2,2,1,221,At Risk
C3798,210,4,666378.4616536263,2,1,3,213,Sleeping
C3799,107,6,148213.16703680187,3,2,1,321,Sleeping
C380,223,7,952724.3866007208,2,3,3,233,At Risk
C3800,27,6,912195.1712823554,3,2,3,323,Champions
C3801,121,8,465468.86356447154,3,3,2,332,Champions
C3802,683,2,8422.924151375319,1,1,1,111,Sleeping
C3803,244,11,429081.78486096073,2,3,2,232,At Risk
C3804,370,6,296088.81489122607,1,2,2,122,At Risk
C3805,53,4,109047.92996840473,3,1,1,311,Newbies
C3806,776,7,1115518.641569164,1,3,3,133,At Risk
C3807,171,3,437196.9233524264,2,1,2,212,Sleeping
C3808,81,7,1682804.9069765243,3,3,3,333,Champions
C3809,226,10,1659772.1380310229,2,3,3,233,At Risk
C381,723,5,865926.5444953104,1,2,3,123,At Risk
C3810,214,8,360199.7376007382,2,3,2,232,At Risk
C3811,514,4,219024.36531375372,1,1,1,111,Sleeping
C3812,185,7,411259.19262121874,2,3,2,232,At Risk
C3813,591,6,289488.17509267584,1,2,2,122,At Risk
C3814,404,6,683047.1247897018,1,2,3,123,At Risk
C3815,159,7,819783.4004179642,2,3,3,233,At Risk
C3816,153,6,697963.4024076026,2,2,3,223,At Risk
C3817,45,7,135560.80774703829,3,3,1,331,Sleeping
C3818,564,5,178053.5309243232,1,2,1,121,At Risk
C3819,289,3,630269.8966210515,2,1,2,212,Sleeping
C382,410,6,656154.2249239414,1,2,2,122,At Risk
C3820,312,11,1374344.018533518,2,3,3,233,At Risk
C3821,95,7,334668.22064012825,3,3,2,332,Champions
C3822,79,8,1463006.0517589608,3,3,3,333,Champions
C3823,66,6,4357.335382145119,3,2,1,321,Sleeping
C3824,186,4,383692.14092041715,2,1,2,212,Sleeping
C3825,21,7,369265.8139538684,3,3,2,332,Champions
C3826,504,8,617971.6442834594,1,3,2,132,At Risk
C3827,76,5,184365.6001074467,3,2,1,321,Sleeping
C3828,177,4,377374.8612290804,2,1,2,212,Sleeping
C3829,174,8,825263.2297256549,2,3,3,233,At Risk
C383,193,6,1496489.2152033197,2,2,3,223,At Risk
C3830,1121,5,9205.164102371826,1,2,1,121,At Risk
C3831,140,4,641636.5969313951,2,1,2,212,Sleeping
C3832,274,8,390646.61753725837,2,3,2,232,At Risk
C3833,466,2,139847.90129722116,1,1,1,111,Sleeping
C3834,337,7,10535.174409437384,2,3,1,231,At Risk
C3835,373,4,117761.7846120567,1,1,1,111,Sleeping
C3836,780,4,337249.02283110324,1,1,2,112,Sleeping
C3837,369,6,898683.9415143435,1,2,3,123,At Risk
C3838,69,7,1180020.4244669476,3,3,3,333,Champions
C3839,76,7,384710.49768876954,3,3,2,332,Champions
C384,116,5,4721.165743334904,3,2,1,321,Sleeping
C3840,748,7,1171853.1523067118,1,3,3,133,At Risk
C3841,61,7,900846.8809686245,3,3,3,333,Champions
C3842,279,3,644160.02961047,2,1,2,212,Sleeping
C3843,6,6,773258.703876378,3,2,3,323,Champions
C3844,264,4,1182705.417714588,2,1,3,213,Sleeping
C3845,115,3,10741.95448455527,3,1,1,311,Newbies
C3846,400,6,942972.2384347299,1,2,3,123,At Risk
C3847,47,5,28610.616134765954,3,2,1,321,Sleeping
C3848,677,5,390835.69838605146,1,2,2,122,At Risk
C3849,97,4,1190214.6241207672,3,1,3,313,Newbies
C385,175,2,595391.8491485217,2,1,2,212,Sleeping
C3850,102,7,526975.5714798095,3,3,2,332,Champions
C3851,475,5,302350.7889340998,1,2,2,122,At Risk
C3852,275,4,505489.04745562124,2,1,2,212,Sleeping
C3853,34,9,617622.8548476847,3,3,2,332,Champions
C3854,350,7,463672.95310126914,2,3,2,232,At Risk
C3855,52,5,1031172.0612004402,3,2,3,323,Champions
C3856,263,5,99301.8202175396,2,2,1,221,At Risk
C3857,441,7,1401531.7130531997,1,3,3,133,At Risk
C3858,329,1,5432.5008971289935,2,1,1,211,Sleeping
C3859,367,4,642481.8992992396,2,1,2,212,Sleeping
C386,439,3,2753.6323337471745,1,1,1,111,Sleeping
C3860,169,10,1045781.8780940244,2,3,3,233,At Risk
C3861,1091,3,331504.12440626125,1,1,2,112,Sleeping
C3862,201,5,877688.2954360304,2,2,3,223,At Risk
C3863,133,6,798728.0403591278,2,2,3,223,At Risk
C3864,39,8,1301295.300917964,3,3,3,333,Champions
C3865,23,4,652259.8752293299,3,1,2,312,Newbies
C3866,77,6,721933.9958217534,3,2,3,323,Champions
C3867,20,7,606868.8444790302,3,3,2,332,Champions
C3868,334,8,191008.08166015046,2,3,1,231,At Risk
C3869,285,5,305331.93912128557,2,2,2,222,At Risk
C3870,3,4,247745.1938615287,3,1,1,311,Newbies
C3871,30,5,300276.3273617538,3,2,2,322,Champions
C3872,197,8,1811749.345582647,2,3,3,233,At Risk
C3873,161,4,5360.796745076077,2,1,1,211,Sleeping
C3874,615,5,917926.2010685015,1,2,3,123,At Risk
C3875,18,9,1105424.2660820938,3,3,3,333,Champions
C3876,150,6,393069.2295557111,2,2,2,222,At Risk
C3877,159,2,429978.8479645535,2,1,2,212,Sleeping
C3878,172,4,654828.3542590572,2,1,2,212,Sleeping
C388,83,6,544346.2595328338,3,2,2,322,Champions
C3880,217,4,94105.42591203794,2,1,1,211,Sleeping
C3881,85,12,935349.9339736826,3,3,3,333,Champions
C3882,9,7,1035757.8419793047,3,3,3,333,Champions
C3883,291,4,873017.5382919902,2,1,3,213,Sleeping
C3884,398,5,963988.9919224367,1,2,3,123,At Risk
C3885,509,2,118092.22107484458,1,1,1,111,Sleeping
C3886,7,11,748746.5309703081,3,3,3,333,Champions
C3887,50,8,332093.42923481076,3,3,2,332,Champions
C3888,372,5,178329.85886428066,1,2,1,121,At Risk
C3889,53,9,966336.0156305201,3,3,3,333,Champions
C389,67,6,600302.0664792976,3,2,2,322,Champions
C3890,483,4,6989.7011949638045,1,1,1,111,Sleeping
C3891,1429,2,3606.684050821922,1,1,1,111,Sleeping
C3892,202,8,737379.6374666718,2,3,3,233,At Risk
C3893,144,7,585266.2206983941,2,3,2,232,At Risk
C3894,13,3,361361.3316231135,3,1,2,312,Newbies
C3895,86,6,5208.691781645588,3,2,1,321,Sleeping
C3896,178,5,95203.56357930104,2,2,1,221,At Risk
C3897,306,6,195202.5537760879,2,2,1,221,At Risk
C3898,56,5,690991.5060393666,3,2,3,323,Champions
C3899,177,6,646991.6622067802,2,2,2,222,At Risk
C390,38,7,103360.10260653778,3,3,1,331,Sleeping
C3900,581,3,513812.7803212977,1,1,2,112,Sleeping
C3901,247,6,346783.23342469643,2,2,2,222,At Risk
C3902,2,7,1316894.943416823,3,3,3,333,Champions
C3903,123,6,373371.74736757093,3,2,2,322,Champions
C3904,43,4,88375.3694546279,3,1,1,311,Newbies
C3905,171,6,137752.16258681222,2,2,1,221,At Risk
C3906,25,8,678138.3163511363,3,3,3,333,Champions
C3907,126,4,6304.240943744038,3,1,1,311,Newbies
C3909,19,8,816774.4271693877,3,3,3,333,Champions
C391,208,5,145297.4603926793,2,2,1,221,At Risk
C3910,219,7,961407.7707596405,2,3,3,233,At Risk
C3911,41,12,1026288.0836513327,3,3,3,333,Champions
C3912,27,5,453728.1208790075,3,2,2,322,Champions
C3913,1158,4,815015.9012526762,1,1,3,113,Sleeping
C3914,94,3,5450.296889158272,3,1,1,311,Newbies
C3915,633,8,693056.5413646714,1,3,3,133,At Risk
C3916,231,10,458718.65864039835,2,3,2,232,At Risk
C3917,598,8,606422.211666112,1,3,2,132,At Risk
C3918,52,3,564556.3995351951,3,1,2,312,Newbies
C3919,196,4,8446.966651586243,2,1,1,211,Sleeping
C392,33,7,2071319.822750423,3,3,3,333,Champions
C3920,817,4,311091.8283706599,1,1,2,112,Sleeping
C3921,130,10,364214.0353899894,3,3,2,332,Champions
C3922,8,5,167496.6588264142,3,2,1,321,Sleeping
C3923,334,7,779773.4167927746,2,3,3,233,At Risk
C3924,147,8,891815.8753205205,2,3,3,233,At Risk
C3925,297,5,706108.4679062053,2,2,3,223,At Risk
C3926,98,5,2721.992863604158,3,2,1,321,Sleeping
C3927,65,7,750505.4869456501,3,3,3,333,Champions
C3928,326,6,1545788.753469721,2,2,3,223,At Risk
C3929,29,7,365922.9473772553,3,3,2,332,Champions
C393,149,6,1181762.7706219747,2,2,3,223,At Risk
C3930,145,2,222259.73147337115,2,1,1,211,Sleeping
C3931,492,7,1115501.2165586806,1,3,3,133,At Risk
C3932,107,11,2182999.006212117,3,3,3,333,Champions
C3933,1014,3,768970.5641141755,1,1,3,113,Sleeping
C3934,161,6,425429.468012815,2,2,2,222,At Risk
C3935,179,4,437551.7668200356,2,1,2,212,Sleeping
C3936,41,6,15182.442504739573,3,2,1,321,Sleeping
C3937,21,6,389480.9256272157,3,2,2,322,Champions
C3938,979,3,183844.87465241124,1,1,1,111,Sleeping
C3939,133,8,334632.0891923367,2,3,2,232,At Risk
C394,276,8,1179983.6135520576,2,3,3,233,At Risk
C3940,349,4,559149.8168262681,2,1,2,212,Sleeping
C3941,635,2,6882.855421193748,1,1,1,111,Sleeping
C3942,145,1,3152.375871448836,2,1,1,211,Sleeping
C3943,910,3,635740.0576419234,1,1,2,112,Sleeping
C3944,152,6,331625.89322712796,2,2,2,222,At Risk
C3945,248,9,496263.1249204625,2,3,2,232,At Risk
C3946,845,2,658992.4152416567,1,1,2,112,Sleeping
C3947,29,4,3077.4439332223706,3,1,1,311,Newbies
C3948,633,3,131992.9046829043,1,1,1,111,Sleeping
C3949,86,7,486813.6080971512,3,3,2,332,Champions
C395,15,3,514554.3556328007,3,1,2,312,Newbies
C3950,934,4,1052316.2797116474,1,1,3,113,Sleeping
C3951,447,4,2919.20181241852,1,1,1,111,Sleeping
C3952,100,4,453350.7019801875,3,1,2,312,Newbies
C3953,1836,1,115976.0606801621,1,1,1,111,Sleeping
C3954,461,7,412067.4687748979,1,3,2,132,At Risk
C3955,457,4,306912.09045889205,1,1,2,112,Sleeping
C3956,610,8,611523.7731073437,1,3,2,132,At Risk
C3957,723,3,390930.78535394475,1,1,2,112,Sleeping
C3958,571,5,359739.360726777,1,2,2,122,At Risk
C3959,296,5,7475.714628128892,2,2,1,221,At Risk
C396,205,4,344825.0903824518,2,1,2,212,Sleeping
C3960,597,3,552308.7401467015,1,1,2,112,Sleeping
C3961,160,5,3305.243716137751,2,2,1,221,At Risk
C3962,89,4,661958.21525395,3,1,2,312,Newbies
C3963,337,8,603311.6500655061,2,3,2,232,At Risk
C3964,732,3,407936.182039481,1,1,2,112,Sleeping
C3965,402,10,399618.03510873823,1,3,2,132,At Risk
C3966,268,4,588160.5799900058,2,1,2,212,Sleeping
C3967,7,7,738851.0945831053,3,3,3,333,Champions
C3968,531,4,2023.231094326518,1,1,1,111,Sleeping
C3969,42,8,895302.2391139793,3,3,3,333,Champions
C397,274,9,694421.9444286823,2,3,3,233,At Risk
C3970,185,5,435362.2788766926,2,2,2,222,At Risk
C3971,43,6,248542.41414643425,3,2,1,321,Sleeping
C3972,176,9,261059.67576396407,2,3,2,232,At Risk
C3973,255,5,835996.5833258305,2,2,3,223,At Risk
C3974,190,4,345814.0496385184,2,1,2,212,Sleeping
C3975,24,4,3524.2462282592073,3,1,1,311,Newbies
C3976,405,4,289286.72303406365,1,1,2,112,Sleeping
C3977,63,3,6630.154374271225,3,1,1,311,Newbies
C3978,615,2,1821.98871087743,1,1,1,111,Sleeping
C3979,77,7,1332805.3781503916,3,3,3,333,Champions
C398,1001,5,827597.2292975734,1,2,3,123,At Risk
C3980,490,1,977.5265476249656,1,1,1,111,Sleeping
C3981,43,6,276981.5263031763,3,2,2,322,Champions
C3982,74,5,1736950.740103445,3,2,3,323,Champions
C3983,11,6,10271.156569190796,3,2,1,321,Sleeping
C3984,409,4,88754.54583175636,1,1,1,111,Sleeping
C3985,89,8,1080165.5146185416,3,3,3,333,Champions
C3986,149,3,3531.788339942258,2,1,1,211,Sleeping
C3987,144,7,1348536.249455992,2,3,3,233,At Risk
C3988,110,4,9146.594420482297,3,1,1,311,Newbies
C3989,353,3,115379.37232843287,2,1,1,211,Sleeping
C399,53,4,307912.88446980494,3,1,2,312,Newbies
C3990,175,6,4164.178967618442,2,2,1,221,At Risk
C3991,467,4,5583.666530944606,1,1,1,111,Sleeping
C3992,592,6,844340.3287348824,1,2,3,123,At Risk
C3993,235,3,7885.882661944318,2,1,1,211,Sleeping
C3994,1072,5,986520.7352587497,1,2,3,123,At Risk
C3995,33,3,3843.044149959308,3,1,1,311,Newbies
C3996,310,4,862535.5184480803,2,1,3,213,Sleeping
C3997,464,3,50369.061614984894,1,1,1,111,Sleeping
C3998,177,8,335096.9133407853,2,3,2,232,At Risk
C3999,103,2,3209.4589665889357,3,1,1,311,Newbies
C400,412,6,757497.4737858464,1,2,3,123,At Risk
C4000,80,6,630255.7089020823,3,2,2,322,Champions
C4001,159,7,325080.99359833775,2,3,2,232,At Risk
C4002,392,1,525.2337257881367,1,1,1,111,Sleeping
C4003,84,4,600173.9319995104,3,1,2,312,Newbies
C4004,292,6,1183565.4450833274,2,2,3,223,At Risk
C4005,163,6,614387.7047485916,2,2,2,222,At Risk
C4006,48,7,1408157.0888355905,3,3,3,333,Champions
C4007,34,9,844063.1732016227,3,3,3,333,Champions
C4008,301,3,223379.89192040658,2,1,1,211,Sleeping
C4009,32,4,180304.0353392007,3,1,1,311,Newbies
C401,37,3,276442.4488794878,3,1,2,312,Newbies
C4010,77,4,223930.28540778425,3,1,1,311,Newbies
C4011,1378,3,477364.9594733339,1,1,2,112,Sleeping
C4012,163,5,95043.49177077363,2,2,1,221,At Risk
C4013,228,3,8123.324035921953,2,1,1,211,Sleeping
C4014,270,5,911142.861069087,2,2,3,223,At Risk
C4015,298,6,361956.0973275566,2,2,2,222,At Risk
C4016,629,2,168488.60709742425,1,1,1,111,Sleeping
C4017,681,4,555817.4780951389,1,1,2,112,Sleeping
C4018,29,7,870727.8213867808,3,3,3,333,Champions
C4019,761,5,758371.7476046575,1,2,3,123,At Risk
C402,551,3,462198.74549576006,1,1,2,112,Sleeping
C4020,475,6,55186.376873921516,1,2,1,121,At Risk
C4021,6,9,1605485.9652195156,3,3,3,333,Champions
C4022,386,8,623010.27574522,1,3,2,132,At Risk
C4023,150,7,507877.4784382491,2,3,2,232,At Risk
C4024,62,5,728828.0159286279,3,2,3,323,Champions
C4025,87,5,219895.38874134189,3,2,1,321,Sleeping
C4026,1656,2,372622.43635429983,1,1,2,112,Sleeping
C4027,254,5,460075.5804566955,2,2,2,222,At Risk
C4028,20,5,2881.4176419325104,3,2,1,321,Sleeping
C4029,775,2,634745.7623367262,1,1,2,112,Sleeping
C403,80,5,1435678.817975573,3,2,3,323,Champions
C4030,176,3,236017.5942124048,2,1,1,211,Sleeping
C4031,275,4,14101.075030542017,2,1,1,211,Sleeping
C4032,236,2,5669.808355307228,2,1,1,211,Sleeping
C4033,19,9,1575443.2535355047,3,3,3,333,Champions
C4034,7,11,929116.9029519858,3,3,3,333,Champions
C4035,266,6,1192616.2252487082,2,2,3,223,At Risk
C4036,111,11,1472500.604336453,3,3,3,333,Champions
C4037,713,3,91544.68126082585,1,1,1,111,Sleeping
C4038,125,3,6285.792602191893,3,1,1,311,Newbies
C4039,23,4,9566.0995969606,3,1,1,311,Newbies
C404,13,6,12770.012540586875,3,2,1,321,Sleeping
C4040,670,4,786324.3571112698,1,1,3,113,Sleeping
C4041,6,8,1919099.5431090288,3,3,3,333,Champions
C4042,45,7,1430669.5531498366,3,3,3,333,Champions
C4043,489,3,242043.7026991401,1,1,1,111,Sleeping
C4044,703,3,427120.46927055944,1,1,2,112,Sleeping
C4045,30,6,997638.6952823862,3,2,3,323,Champions
C4046,34,4,278166.7396117931,3,1,2,312,Newbies
C4047,752,4,944929.0217675719,1,1,3,113,Sleeping
C4048,92,7,896912.2810500013,3,3,3,333,Champions
C4049,277,6,8412.522675060049,2,2,1,221,At Risk
C405,220,9,1001593.024302018,2,3,3,233,At Risk
C4050,397,3,5340.404403375612,1,1,1,111,Sleeping
C4051,357,8,368856.10415632254,2,3,2,232,At Risk
C4052,707,4,570729.03220342,1,1,2,112,Sleeping
C4053,238,4,7599.981537114422,2,1,1,211,Sleeping
C4054,1272,5,637053.6306932789,1,2,2,122,At Risk
C4055,635,5,799476.4380586569,1,2,3,123,At Risk
C4056,20,6,635510.7593491258,3,2,2,322,Champions
C4057,14,6,349890.58094030543,3,2,2,322,Champions
C4058,623,5,444763.74385608674,1,2,2,122,At Risk
C4059,12,5,100403.9762227514,3,2,1,321,Sleeping
C406,475,4,6598.49378963408,1,1,1,111,Sleeping
C4060,348,6,498726.063197569,2,2,2,222,At Risk
C4061,692,6,764503.7298973112,1,2,3,123,At Risk
C4062,358,12,315435.3035558393,2,3,2,232,At Risk
C4063,606,6,1580380.1591869984,1,2,3,123,At Risk
C4064,16,11,177022.57340473754,3,3,1,331,Sleeping
C4065,55,6,384984.51442219387,3,2,2,322,Champions
C4066,203,6,689777.1086282108,2,2,3,223,At Risk
C4067,283,5,649203.6892082422,2,2,2,222,At Risk
C4068,270,6,231828.52762071314,2,2,1,221,At Risk
C4069,103,4,507184.85361540166,3,1,2,312,Newbies
C407,178,6,5905.460453755439,2,2,1,221,At Risk
C4070,536,5,1095260.3045136668,1,2,3,123,At Risk
C4071,230,9,469704.6296310976,2,3,2,232,At Risk
C4072,208,4,242689.22678689373,2,1,1,211,Sleeping
C4073,365,6,1397499.4693427219,2,2,3,223,At Risk
C4074,116,7,795348.8084400397,3,3,3,333,Champions
C4075,250,5,316793.861762018,2,2,2,222,At Risk
C4076,226,8,1796820.697243912,2,3,3,233,At Risk
C4077,897,4,637187.4493257469,1,1,2,112,Sleeping
C4078,353,4,397710.76910862466,2,1,2,212,Sleeping
C4079,82,8,483696.3389028746,3,3,2,332,Champions
C408,182,9,387926.0597438454,2,3,2,232,At Risk
C4080,245,5,291153.75327855395,2,2,2,222,At Risk
C4081,189,8,729734.1509800485,2,3,3,233,At Risk
C4082,216,3,637053.985212111,2,1,2,212,Sleeping
C4083,855,4,226051.30548603347,1,1,1,111,Sleeping
C4085,965,4,69522.7016878147,1,1,1,111,Sleeping
C4086,39,7,280536.2250761423,3,3,2,332,Champions
C4087,168,4,38107.65475599429,2,1,1,211,Sleeping
C4088,306,7,475961.39071988175,2,3,2,232,At Risk
C4089,256,7,1167016.476558853,2,3,3,233,At Risk
C409,1295,1,138451.8157382318,1,1,1,111,Sleeping
C4090,122,8,1175330.298626226,3,3,3,333,Champions
C4091,409,3,5871.840813765897,1,1,1,111,Sleeping
C4092,138,7,1138836.351453718,2,3,3,233,At Risk
C4093,190,9,2051637.4232267695,2,3,3,233,At Risk
C4094,36,4,348814.19513353694,3,1,2,312,Newbies
C4095,166,7,1650234.1258198116,2,3,3,233,At Risk
C4096,921,3,689161.5822354555,1,1,3,113,Sleeping
C4097,315,5,780168.1089234846,2,2,3,223,At Risk
C4098,278,6,561749.7867443694,2,2,2,222,At Risk
C4099,812,1,1820.571134210823,1,1,1,111,Sleeping
C410,105,6,458773.8368130574,3,2,2,322,Champions
C4100,63,4,158773.5798419244,3,1,1,311,Newbies
C4101,574,6,734421.808439955,1,2,3,123,At Risk
C4102,302,6,391683.2616076083,2,2,2,222,At Risk
C4103,106,3,354916.30350064643,3,1,2,312,Newbies
C4104,813,6,377100.38830412785,1,2,2,122,At Risk
C4105,949,2,1050.6297043629427,1,1,1,111,Sleeping
C4106,263,7,316309.56810377364,2,3,2,232,At Risk
C4107,1541,2,115549.35235472882,1,1,1,111,Sleeping
C4108,959,5,417051.2109524714,1,2,2,122,At Risk
C4109,40,5,462908.3568614202,3,2,2,322,Champions
C411,108,4,418714.34908923635,3,1,2,312,Newbies
C4110,323,6,967981.1655215682,2,2,3,223,At Risk
C4111,59,13,1080094.5627855605,3,3,3,333,Champions
C4112,149,9,1067245.1511162748,2,3,3,233,At Risk
C4113,11,4,113463.62266053881,3,1,1,311,Newbies
C4114,200,3,15194.939494906139,2,1,1,211,Sleeping
C4115,269,6,32783.31862744289,2,2,1,221,At Risk
C4116,102,12,868769.2822468162,3,3,3,333,Champions
C4117,199,5,3127.850734115469,2,2,1,221,At Risk
C4118,227,1,5588.588568019757,2,1,1,211,Sleeping
C4119,389,5,1107765.6429354162,1,2,3,123,At Risk
C412,132,10,868079.2507170552,2,3,3,233,At Risk
C4120,201,6,175110.1762795159,2,2,1,221,At Risk
C4121,689,7,518006.19094556186,1,3,2,132,At Risk
C4122,236,5,405291.15160585206,2,2,2,222,At Risk
C4123,58,7,567904.1654387246,3,3,2,332,Champions
C4124,34,7,1752305.0394498145,3,3,3,333,Champions
C4125,54,6,1052572.5935016067,3,2,3,323,Champions
C4126,190,4,237587.6854834178,2,1,1,211,Sleeping
C4127,845,3,217733.9639053423,1,1,1,111,Sleeping
C4128,182,3,32167.971946108897,2,1,1,211,Sleeping
C4129,863,6,1143405.3256473101,1,2,3,123,At Risk
C413,681,2,6530.836539440256,1,1,1,111,Sleeping
C4130,1415,4,542938.8412326525,1,1,2,112,Sleeping
C4131,137,8,833179.3205165569,2,3,3,233,At Risk
C4132,134,8,664693.878231311,2,3,3,233,At Risk
C4133,246,3,154554.00141152382,2,1,1,211,Sleeping
C4134,622,4,168467.42168474008,1,1,1,111,Sleeping
C4135,841,3,173135.70660353708,1,1,1,111,Sleeping
C4136,404,5,765469.6907735094,1,2,3,123,At Risk
C4137,37,6,460245.56781590305,3,2,2,322,Champions
C4138,96,7,5633.238999749201,3,3,1,331,Sleeping
C4139,495,3,74209.33899407725,1,1,1,111,Sleeping
C414,91,8,1303615.5424203097,3,3,3,333,Champions
C4140,251,8,1177679.0533828293,2,3,3,233,At Risk
C4141,2,9,1064785.8995068658,3,3,3,333,Champions
C4142,261,6,10362.811733478038,2,2,1,221,At Risk
C4143,245,4,1244402.082906211,2,1,3,213,Sleeping
C4144,93,9,641017.1005995036,3,3,2,332,Champions
C4145,636,3,19284.246997707985,1,1,1,111,Sleeping
C4146,253,9,486744.1728230615,2,3,2,232,At Risk
C4147,23,10,1448333.1125485054,3,3,3,333,Champions
C4148,204,7,680465.1839024727,2,3,3,233,At Risk
C4149,1278,2,6364.069335697106,1,1,1,111,Sleeping
C415,69,6,900838.7734534855,3,2,3,323,Champions
C4150,47,3,12294.118405245483,3,1,1,311,Newbies
C4151,678,3,1807.7424599031817,1,1,1,111,Sleeping
C4152,189,6,633956.1755695916,2,2,2,222,At Risk
C4153,463,6,1164891.9722363043,1,2,3,123,At Risk
C4154,663,5,11214.83167987951,1,2,1,121,At Risk
C4155,38,6,425520.3493574278,3,2,2,322,Champions
C4156,30,7,2301194.7044013245,3,3,3,333,Champions
C4157,517,5,407530.92639175087,1,2,2,122,At Risk
C4158,1711,2,394610.57947224646,1,1,2,112,Sleeping
C4159,1089,3,440893.6477552033,1,1,2,112,Sleeping
C416,1308,4,196947.0882068262,1,1,1,111,Sleeping
C4160,424,6,379675.9817424656,1,2,2,122,At Risk
C4161,89,9,307489.28511294286,3,3,2,332,Champions
C4162,89,7,488130.93391034886,3,3,2,332,Champions
C4163,756,6,991603.9550957974,1,2,3,123,At Risk
C4164,366,6,559688.876734794,2,2,2,222,At Risk
C4165,143,9,1373705.4824306895,2,3,3,233,At Risk
C4166,187,8,17670.658343296498,2,3,1,231,At Risk
C4167,24,2,476124.3019898901,3,1,2,312,Newbies
C4168,1117,2,195981.21593603422,1,1,1,111,Sleeping
C4169,221,4,12600.233152679595,2,1,1,211,Sleeping
C417,151,4,3513.702743275953,2,1,1,211,Sleeping
C4170,443,3,494852.7998010741,1,1,2,112,Sleeping
C4171,713,3,253597.55737418923,1,1,2,112,Sleeping
C4172,73,10,664895.9500666697,3,3,3,333,Champions
C4173,1350,3,807550.1260748366,1,1,3,113,Sleeping
C4174,159,3,79235.94386068023,2,1,1,211,Sleeping
C4175,408,8,484305.50476775353,1,3,2,132,At Risk
C4176,385,7,236153.97500443112,1,3,1,131,At Risk
C4177,396,3,503213.7481568668,1,1,2,112,Sleeping
C4178,432,6,8312.628064397883,1,2,1,121,At Risk
C4179,617,6,326027.0692039771,1,2,2,122,At Risk
C418,1227,1,3677.771850023642,1,1,1,111,Sleeping
C4180,291,3,694339.3532211258,2,1,3,213,Sleeping
C4181,95,7,421893.6887738084,3,3,2,332,Champions
C4182,634,2,350853.13541233115,1,1,2,112,Sleeping
C4183,261,1,1410.5881275621086,2,1,1,211,Sleeping
C4184,172,5,1121712.3243043392,2,2,3,223,At Risk
C4185,314,7,2028305.4243008192,2,3,3,233,At Risk
C4186,369,3,969039.1691596631,1,1,3,113,Sleeping
C4187,25,6,380746.9728082737,3,2,2,322,Champions
C4188,659,3,687481.535869492,1,1,3,113,Sleeping
C4189,422,6,35779.12923169977,1,2,1,121,At Risk
C419,200,9,964070.5557371592,2,3,3,233,At Risk
C4190,220,12,1401092.4745452572,2,3,3,233,At Risk
C4191,45,8,323718.2782271037,3,3,2,332,Champions
C4192,244,4,469490.7455551062,2,1,2,212,Sleeping
C4193,95,8,1280872.0216701776,3,3,3,333,Champions
C4194,193,8,875030.761545916,2,3,3,233,At Risk
C4195,390,13,2148009.664561701,1,3,3,133,At Risk
C4196,8,7,657983.5677996408,3,3,2,332,Champions
C4197,785,6,579374.562690903,1,2,2,122,At Risk
C4198,28,13,1143533.651725476,3,3,3,333,Champions
C4199,484,8,922644.3688284666,1,3,3,133,At Risk
C420,368,5,486654.3803635977,2,2,2,222,At Risk
C4200,158,6,564301.4302311596,2,2,2,222,At Risk
C4201,218,4,964083.0041647358,2,1,3,213,Sleeping
C4202,42,3,394840.4980007016,3,1,2,312,Newbies
C4203,290,4,532830.2847020281,2,1,2,212,Sleeping
C4204,57,5,563356.218415658,3,2,2,322,Champions
C4205,5,8,1127837.307323629,3,3,3,333,Champions
C4206,1270,2,650184.4746220682,1,1,2,112,Sleeping
C4207,709,2,333760.4277680085,1,1,2,112,Sleeping
C4208,93,6,651232.6248654574,3,2,2,322,Champions
C4209,64,3,75684.26899002997,3,1,1,311,Newbies
C421,22,2,5375.9369038872155,3,1,1,311,Newbies
C4210,28,5,482415.8944093002,3,2,2,322,Champions
C4211,549,6,16730.469105141925,1,2,1,121,At Risk
C4212,405,3,6012.406274049939,1,1,1,111,Sleeping
C4213,1084,3,1831.2402196414218,1,1,1,111,Sleeping
C4214,15,2,368584.0465154261,3,1,2,312,Newbies
C4215,541,5,2270.4477936784306,1,2,1,121,At Risk
C4216,134,4,394550.75261947844,2,1,2,212,Sleeping
C4217,279,1,62912.27471532105,2,1,1,211,Sleeping
C4218,124,9,350601.7525354599,3,3,2,332,Champions
C4219,44,4,448484.0911058864,3,1,2,312,Newbies
C422,158,3,481520.3820566551,2,1,2,212,Sleeping
C4220,735,3,1142203.7742007,1,1,3,113,Sleeping
C4221,158,4,362843.30978890765,2,1,2,212,Sleeping
C4222,763,3,68641.30007991655,1,1,1,111,Sleeping
C4223,380,7,912932.6374859912,1,3,3,133,At Risk
C4224,276,6,546237.7373462099,2,2,2,222,At Risk
C4225,600,6,1275798.7347497211,1,2,3,123,At Risk
C4226,155,5,695038.7434309754,2,2,3,223,At Risk
C4227,31,5,1022564.9687876172,3,2,3,323,Champions
C4228,538,3,363469.741479634,1,1,2,112,Sleeping
C4229,819,4,2905.940375063465,1,1,1,111,Sleeping
C423,564,5,555291.8823083045,1,2,2,122,At Risk
C4230,414,2,845691.6014603566,1,1,3,113,Sleeping
C4231,78,7,557160.4582925163,3,3,2,332,Champions
C4232,36,9,984916.642321802,3,3,3,333,Champions
C4233,254,10,1109559.616386729,2,3,3,233,At Risk
C4234,259,5,266593.9211958956,2,2,2,222,At Risk
C4235,303,3,210569.31768566562,2,1,1,211,Sleeping
C4236,477,3,277718.631734313,1,1,2,112,Sleeping
C4237,522,3,1907.1196469254132,1,1,1,111,Sleeping
C4238,273,4,517808.5133971872,2,1,2,212,Sleeping
C4239,26,5,312727.9861826896,3,2,2,322,Champions
C424,358,5,417451.6700656128,2,2,2,222,At Risk
C4240,284,2,915.0687172223224,2,1,1,211,Sleeping
C4241,530,6,1203088.2956081443,1,2,3,123,At Risk
C4242,114,4,414407.7473875697,3,1,2,312,Newbies
C4243,77,4,9072.009676171101,3,1,1,311,Newbies
C4244,136,5,901409.1356359305,2,2,3,223,At Risk
C4245,133,11,713890.0455089391,2,3,3,233,At Risk
C4246,49,4,130012.30086301267,3,1,1,311,Newbies
C4247,487,5,322372.896089787,1,2,2,122,At Risk
C4248,409,6,191103.68976755356,1,2,1,121,At Risk
C4249,22,3,432298.8861431642,3,1,2,312,Newbies
C425,212,4,1120730.6754620112,2,1,3,213,Sleeping
C4250,751,5,4222.2395045599515,1,2,1,121,At Risk
C4251,131,6,853576.4029732564,3,2,3,323,Champions
C4252,781,5,123895.10651639472,1,2,1,121,At Risk
C4253,94,5,100605.75723826599,3,2,1,321,Sleeping
C4254,84,8,12221.669912993597,3,3,1,331,Sleeping
C4255,9,6,1460576.5270336599,3,2,3,323,Champions
C4256,423,5,1427257.097890187,1,2,3,123,At Risk
C4257,72,4,438003.5001287426,3,1,2,312,Newbies
C4258,77,9,1748643.9431400383,3,3,3,333,Champions
C4259,70,7,170696.16006398055,3,3,1,331,Sleeping
C426,357,4,57147.068542781446,2,1,1,211,Sleeping
C4260,452,5,74679.60736832248,1,2,1,121,At Risk
C4261,153,2,290031.70918911486,2,1,2,212,Sleeping
C4262,122,9,631446.13181495,3,3,2,332,Champions
C4263,107,7,1561751.6908068666,3,3,3,333,Champions
C4264,97,8,821792.6906657913,3,3,3,333,Champions
C4265,126,4,6539.813510860921,3,1,1,311,Newbies
C4266,480,3,852975.7277175055,1,1,3,113,Sleeping
C4267,635,4,589858.6618122266,1,1,2,112,Sleeping
C4268,40,11,1025667.8567638752,3,3,3,333,Champions
C4269,500,2,716.6837257881366,1,1,1,111,Sleeping
C427,136,4,947490.5202151233,2,1,3,213,Sleeping
C4270,268,5,11181.467760876189,2,2,1,221,At Risk
C4271,633,3,349477.65139581554,1,1,2,112,Sleeping
C4272,327,4,254737.4734020632,2,1,2,212,Sleeping
C4273,29,4,7891.4437356325325,3,1,1,311,Newbies
C4274,47,6,997693.9932412978,3,2,3,323,Champions
C4275,187,8,1269608.1127776825,2,3,3,233,At Risk
C4276,246,6,564892.7457918151,2,2,2,222,At Risk
C4277,381,7,958351.8456034625,1,3,3,133,At Risk
C4278,221,10,768882.4393618199,2,3,3,233,At Risk
C4279,84,5,160554.7955568976,3,2,1,321,Sleeping
C428,15,7,1245524.8686063793,3,3,3,333,Champions
C4280,88,11,1202985.6616642785,3,3,3,333,Champions
C4281,155,4,635615.403336284,2,1,2,212,Sleeping
C4282,748,7,293007.65718345705,1,3,2,132,At Risk
C4283,4,7,341540.5833748056,3,3,2,332,Champions
C4284,137,7,1220377.0291047883,2,3,3,233,At Risk
C4285,961,3,324175.588918101,1,1,2,112,Sleeping
C4286,299,6,104217.59751476822,2,2,1,221,At Risk
C4287,368,4,670786.8762073701,2,1,3,213,Sleeping
C4288,689,4,799439.7654558076,1,1,3,113,Sleeping
C4289,95,6,148669.68803597835,3,2,1,321,Sleeping
C429,685,2,214520.96227511362,1,1,1,111,Sleeping
C4290,263,6,1710180.1691572228,2,2,3,223,At Risk
C4291,275,5,825004.3894002084,2,2,3,223,At Risk
C4292,5,4,305387.75996684254,3,2,2,322,Champions
C4293,109,6,254458.42675901522,3,2,2,322,Champions
C4294,26,8,882281.4096063261,3,3,3,333,Champions
C4295,268,4,100884.10319250326,2,2,1,221,At Risk
C4296,220,8,1182005.26481244,2,3,3,233,At Risk
C4297,841,1,459.92,1,1,1,111,Sleeping
C4298,104,5,141544.79296361672,3,2,1,321,Sleeping
C4299,24,4,175666.4121779678,3,2,1,321,Sleeping
C430,8,6,4550.926487990763,3,2,1,321,Sleeping
C4300,55,7,17528.89747901325,3,3,1,331,Sleeping
C4301,189,4,1374788.579278285,2,2,3,223,At Risk
C4302,494,5,785704.3831241508,1,2,3,123,At Risk
C4303,304,12,2027134.8952247044,2,3,3,233,At Risk
C4304,176,2,306553.9791900976,2,1,2,212,Sleeping
C4305,257,3,3153.3760020104296,2,1,1,211,Sleeping
C4306,239,7,92009.38918019243,2,3,1,231,At Risk
C4307,126,3,2415.845554175369,3,1,1,311,Newbies
C4308,94,14,1509938.7027728958,3,3,3,333,Champions
C4309,116,8,397350.1960038866,3,3,2,332,Champions
C431,173,6,870029.4615551755,2,2,3,223,At Risk
C4310,338,5,922272.6208995814,2,2,3,223,At Risk
C4311,246,5,1148128.42630943,2,2,3,223,At Risk
C4312,326,5,710430.1353187995,2,2,3,223,At Risk
C4313,497,5,1423366.7706724566,1,2,3,123,At Risk
C4314,192,4,352534.80094568455,2,2,2,222,At Risk
C4315,265,6,565857.2414390477,2,2,2,222,At Risk
C4316,65,11,1210341.318276432,3,3,3,333,Champions
C4317,233,7,153383.26328309468,2,3,1,231,At Risk
C4318,271,10,1557643.648976215,2,3,3,233,At Risk
C4319,792,4,8833.42361019968,1,2,1,121,At Risk
C432,5,11,959646.6234842181,3,3,3,333,Champions
C4320,153,9,13450.157960482687,2,3,1,231,At Risk
C4321,263,5,1189743.443287729,2,2,3,223,At Risk
C4322,246,7,725892.9153471196,2,3,3,233,At Risk
C4323,121,5,263377.5136461808,3,2,2,322,Champions
C4324,771,6,1222370.2056117286,1,2,3,123,At Risk
C4325,148,7,394667.74469238013,2,3,2,232,At Risk
C4326,577,7,388562.2459072413,1,3,2,132,At Risk
C4327,36,8,903680.337223351,3,3,3,333,Champions
C4328,383,3,496242.8795356226,1,1,2,112,Sleeping
C4329,214,6,7965.246090553633,2,2,1,221,At Risk
C433,48,8,395352.3887125353,3,3,2,332,Champions
C4330,837,3,614655.953679874,1,1,2,112,Sleeping
C4331,1028,4,11367.97107020175,1,2,1,121,At Risk
C4332,661,1,218.84837736507188,1,1,1,111,Sleeping
C4333,397,3,173281.7549183087,1,1,1,111,Sleeping
C4334,360,4,166012.05757419523,2,2,1,221,At Risk
C4335,482,3,7816.3245756965,1,1,1,111,Sleeping
C4336,51,4,10138.219355172652,3,2,1,321,Sleeping
C4337,85,6,9814.865327199306,3,2,1,321,Sleeping
C4338,79,3,123893.52402921446,3,1,1,311,Newbies
C4339,538,4,20040.59846280248,1,2,1,121,At Risk
C434,212,7,344864.0664436758,2,3,2,232,At Risk
C4340,283,8,1534466.1063434014,2,3,3,233,At Risk
C4341,307,4,704287.0480467253,2,2,3,223,At Risk
C4342,168,6,8776.91573155418,2,2,1,221,At Risk
C4343,69,6,397767.19914664637,3,2,2,322,Champions
C4344,126,10,1914057.912862211,3,3,3,333,Champions
C4345,25,8,73769.62584300354,3,3,1,331,Sleeping
C4346,215,7,373862.1661582633,2,3,2,232,At Risk
C4347,264,12,452299.5801522395,2,3,2,232,At Risk
C4348,173,7,1139840.2579739776,2,3,3,233,At Risk
C4349,147,9,469306.90182674036,2,3,2,232,At Risk
C435,486,4,289301.05457731016,1,2,2,122,At Risk
C4350,623,3,129978.49850290279,1,1,1,111,Sleeping
C4351,6,9,220029.50789011538,3,3,1,331,Sleeping
C4352,831,2,503611.06144151144,1,1,2,112,Sleeping
C4353,611,6,1444074.0436377085,1,2,3,123,At Risk
C4354,345,6,497658.46860157413,2,2,2,222,At Risk
C4355,756,2,762914.6222612294,1,1,3,113,Sleeping
C4356,870,8,1054121.1115017736,1,3,3,133,At Risk
C4357,1269,3,169005.8109556776,1,1,1,111,Sleeping
C4358,92,7,16675.94007579831,3,3,1,331,Sleeping
C4359,150,6,56092.6345436508,2,2,1,221,At Risk
C436,1034,5,978089.981666353,1,2,3,123,At Risk
C4360,164,10,571457.4156629139,2,3,2,232,At Risk
C4361,114,6,402511.1572527062,3,2,2,322,Champions
C4362,112,5,125607.9891065745,3,2,1,321,Sleeping
C4363,173,4,6636.243072647099,2,2,1,221,At Risk
C4364,205,8,1353111.7066935452,2,3,3,233,At Risk
C4365,413,6,779125.72909314,1,2,3,123,At Risk
C4366,739,2,225696.5609077469,1,1,1,111,Sleeping
C4367,462,5,461357.02675564983,1,2,2,122,At Risk
C4368,286,3,138963.670056603,2,1,1,211,Sleeping
C4369,195,4,13836.62118991746,2,2,1,221,At Risk
C437,249,6,166555.67701730327,2,2,1,221,At Risk
C4370,775,3,155231.5654990802,1,1,1,111,Sleeping
C4371,453,7,514580.00587025855,1,3,2,132,At Risk
C4372,363,6,1608436.4721950563,2,2,3,223,At Risk
C4373,171,7,604636.9076362465,2,3,2,232,At Risk
C4374,16,7,499577.39055156894,3,3,2,332,Champions
C4375,56,9,56680.39423542564,3,3,1,331,Sleeping
C4376,95,7,977890.8315685607,3,3,3,333,Champions
C4377,476,6,279683.96697089216,1,2,2,122,At Risk
C4378,49,3,4145.028135260213,3,1,1,311,Newbies
C4379,264,4,406856.4301382093,2,2,2,222,At Risk
C438,237,6,468494.5103875206,2,2,2,222,At Risk
C4380,232,6,522170.2117705435,2,2,2,222,At Risk
C4381,199,5,339845.06291798456,2,2,2,222,At Risk
C4382,217,4,717756.8102631344,2,2,3,223,At Risk
C4383,100,5,748461.9738569205,3,2,3,323,Champions
C4384,200,8,921562.3554016593,2,3,3,233,At Risk
C4385,500,5,170015.59140887618,1,2,1,121,At Risk
C4386,9,7,26300.724990467144,3,3,1,331,Sleeping
C4387,1256,3,519284.140532891,1,1,2,112,Sleeping
C4388,320,9,735297.3893981118,2,3,3,233,At Risk
C4389,215,3,7826.11309326457,2,1,1,211,Sleeping
C4390,319,4,77614.36328966469,2,2,1,221,At Risk
C4391,85,6,214414.87784196757,3,2,1,321,Sleeping
C4392,20,5,920622.023434272,3,2,3,323,Champions
C4393,277,7,622383.8087384504,2,3,2,232,At Risk
C4394,107,5,670236.0079419087,3,2,3,323,Champions
C4395,686,5,769018.9987261607,1,2,3,123,At Risk
C4396,175,6,1170833.3206074908,2,2,3,223,At Risk
C4397,788,4,8394.03666799249,1,2,1,121,At Risk
C4398,131,9,16212.216119894827,3,3,1,331,Sleeping
C4399,292,9,623706.5010095941,2,3,2,232,At Risk
C440,193,6,431135.3239707068,2,2,2,222,At Risk
C4400,406,4,8434.262338236174,1,2,1,121,At Risk
C4401,36,6,992200.2340132365,3,2,3,323,Champions
C4402,340,9,759325.958767757,2,3,3,233,At Risk
C4403,140,4,396387.8484795387,2,2,2,222,At Risk
C4404,391,2,1188.7458340213057,1,1,1,111,Sleeping
C4405,269,5,2061623.4183378867,2,2,3,223,At Risk
C4406,1212,1,525.2337257881367,1,1,1,111,Sleeping
C4407,820,6,1263851.4756600927,1,2,3,123,At Risk
C4408,270,4,74409.49589841698,2,2,1,221,At Risk
C4409,138,8,461923.9648053456,2,3,2,232,At Risk
C441,318,3,2272.1813208570156,2,1,1,211,Sleeping
C4410,970,2,99531.22961666528,1,1,1,111,Sleeping
C4411,664,3,159446.8284015852,1,1,1,111,Sleeping
C4412,35,7,460966.4096732329,3,3,2,332,Champions
C4413,678,3,44970.15836843033,1,1,1,111,Sleeping
C4414,29,8,555832.6449596152,3,3,2,332,Champions
C4415,191,7,565645.4489876818,2,3,2,232,At Risk
C4416,247,7,673832.4429925251,2,3,3,233,At Risk
C4417,81,4,356019.73949051497,3,2,2,322,Champions
C4418,314,10,814406.3718334817,2,3,3,233,At Risk
C4419,15,8,1798325.0775577438,3,3,3,333,Champions
C442,858,4,93274.89321876176,1,2,1,121,At Risk
C4420,258,4,589603.6799640472,2,2,2,222,At Risk
C4421,2,3,1065640.2597524705,3,1,3,313,Newbies
C4422,156,4,297904.6242664054,2,2,2,222,At Risk
C4423,985,3,576439.0252353653,1,1,2,112,Sleeping
C4424,547,5,11830.863918388433,1,2,1,121,At Risk
C4425,172,4,1192252.7347925769,2,2,3,223,At Risk
C4426,394,5,394786.5538480559,1,2,2,122,At Risk
C4427,219,12,1719776.3437007566,2,3,3,233,At Risk
C4428,521,2,650956.9147315786,1,1,2,112,Sleeping
C4429,336,6,1033564.9082499716,2,2,3,223,At Risk
C443,318,9,1462724.6629855903,2,3,3,233,At Risk
C4430,131,5,1108052.0731633806,3,2,3,323,Champions
C4431,3,5,206879.96527802636,3,2,1,321,Sleeping
C4432,939,3,4033.8302997957217,1,1,1,111,Sleeping
C4433,278,10,1166478.0436777675,2,3,3,233,At Risk
C4434,87,8,1324705.1333801134,3,3,3,333,Champions
C4435,363,6,3452.5751639025043,2,2,1,221,At Risk
C4436,18,7,538140.7373594336,3,3,2,332,Champions
C4437,332,2,392837.04678117984,2,1,2,212,Sleeping
C4438,4,9,1118051.0926418547,3,3,3,333,Champions
C4439,474,4,10703.007846007062,1,2,1,121,At Risk
C444,437,4,551215.7613379661,1,2,2,122,At Risk
C4440,72,4,4386.048389550631,3,2,1,321,Sleeping
C4441,585,6,3393.4655363993697,1,2,1,121,At Risk
C4442,190,4,857981.1915721477,2,2,3,223,At Risk
C4443,741,6,160668.70807086944,1,2,1,121,At Risk
C4444,545,7,689063.7374324386,1,3,3,133,At Risk
C4445,228,7,406882.0603154196,2,3,2,232,At Risk
C4446,22,6,201294.3264295567,3,2,1,321,Sleeping
C4447,15,10,1245129.1383978701,3,3,3,333,Champions
C4448,141,6,71690.46167617128,2,2,1,221,At Risk
C4449,127,9,914786.9799989334,3,3,3,333,Champions
C445,165,8,639886.7136921819,2,3,2,232,At Risk
C4450,65,8,593710.2105786044,3,3,2,332,Champions
C4451,220,6,88973.02131141865,2,2,1,221,At Risk
C4452,409,4,461069.8609992105,1,2,2,122,At Risk
C4453,542,5,563503.0637014766,1,2,2,122,At Risk
C4454,419,4,1097114.9365767078,1,2,3,123,At Risk
C4455,67,13,809396.3715734626,3,3,3,333,Champions
C4456,820,5,325999.0261816319,1,2,2,122,At Risk
C4457,104,5,595832.5714842257,3,2,2,322,Champions
C4458,804,1,372915.94530957704,1,1,2,112,Sleeping
C4459,290,7,280356.74123710825,2,3,2,232,At Risk
C446,28,4,179860.33150656073,3,2,1,321,Sleeping
C4460,16,8,591062.8572561984,3,3,2,332,Champions
C4461,215,5,937750.4821322608,2,2,3,223,At Risk
C4462,353,4,741117.122011379,2,2,3,223,At Risk
C4463,454,4,46793.061574918276,1,2,1,121,At Risk
C4464,399,4,369515.44744888524,1,2,2,122,At Risk
C4465,7,6,3575.2733628217716,3,2,1,321,Sleeping
C4466,1656,1,943.7062778017828,1,1,1,111,Sleeping
C4467,374,6,727442.8133593835,1,2,3,123,At Risk
C4468,24,3,5752.313932603721,3,1,1,311,Newbies
C4469,36,8,631502.3557615229,3,3,2,332,Champions
C447,482,4,676942.9521830489,1,2,3,123,At Risk
C4470,230,5,7051.149934400273,2,2,1,221,At Risk
C4471,485,5,584520.6276643864,1,2,2,122,At Risk
C4472,692,3,1051837.7807543273,1,1,3,113,Sleeping
C4473,351,9,1086429.3486736324,2,3,3,233,At Risk
C4474,172,12,1137234.2907894964,2,3,3,233,At Risk
C4475,246,6,1711426.1759460606,2,2,3,223,At Risk
C4476,9,9,1001949.2676897808,3,3,3,333,Champions
C4477,47,4,854275.7944710744,3,2,3,323,Champions
C4478,17,7,1168569.1763177356,3,3,3,333,Champions
C4479,35,8,1428164.8287579326,3,3,3,333,Champions
C448,111,10,183476.5038408438,3,3,1,331,Sleeping
C4480,35,5,960041.9501796112,3,2,3,323,Champions
C4481,33,2,5306.77694082374,3,1,1,311,Newbies
C4482,179,3,1613262.6849059868,2,1,3,213,Sleeping
C4483,1206,2,107445.46419183192,1,1,1,111,Sleeping
C4484,249,2,314405.04494057695,2,1,2,212,Sleeping
C4485,119,9,1022007.6585608991,3,3,3,333,Champions
C4486,312,5,439094.0869969499,2,2,2,222,At Risk
C4487,1043,3,69367.96703511656,1,1,1,111,Sleeping
C4488,579,7,427655.59000684816,1,3,2,132,At Risk
C4489,1390,2,435617.956005743,1,1,2,112,Sleeping
C449,297,9,1116568.1218493725,2,3,3,233,At Risk
C4490,45,5,124247.42758306063,3,2,1,321,Sleeping
C4491,442,7,309109.53848142875,1,3,2,132,At Risk
C4492,1231,4,3242.320034243156,1,2,1,121,At Risk
C4493,553,4,94951.43409557393,1,2,1,121,At Risk
C4494,130,5,225225.8212860283,3,2,1,321,Sleeping
C4495,235,3,353617.84840883134,2,1,2,212,Sleeping
C4496,598,6,84501.34209001123,1,2,1,121,At Risk
C4497,237,6,904146.8592069454,2,2,3,223,At Risk
C4498,192,5,4504.927915437042,2,2,1,221,At Risk
C4499,28,11,30914.00751816304,3,3,1,331,Sleeping
C450,771,3,882529.8115988565,1,1,3,113,Sleeping
C4500,133,7,620864.9195771199,2,3,2,232,At Risk
C4501,1261,3,523087.09557080077,1,1,2,112,Sleeping
C4502,43,6,1038178.5613594296,3,2,3,323,Champions
C4503,242,3,182753.7616190185,2,1,1,211,Sleeping
C4504,71,8,988612.4798808334,3,3,3,333,Champions
C4505,243,4,224037.69994963147,2,2,1,221,At Risk
C4506,283,3,329899.77107482083,2,1,2,212,Sleeping
C4507,515,1,2104.033357587701,1,1,1,111,Sleeping
C4508,19,8,426413.08787905675,3,3,2,332,Champions
C4509,17,6,422202.36268736265,3,2,2,322,Champions
C451,342,3,77000.6062130557,2,1,1,211,Sleeping
C4510,240,1,4013.152146647362,2,1,1,211,Sleeping
C4511,706,5,135535.4397874222,1,2,1,121,At Risk
C4512,188,4,474974.9567559053,2,2,2,222,At Risk
C4513,141,5,3766.6215656113964,2,2,1,221,At Risk
C4514,522,5,975830.8140848847,1,2,3,123,At Risk
C4515,497,6,689193.8762635348,1,2,3,123,At Risk
C4516,150,7,791930.12976144,2,3,3,233,At Risk
C4517,289,4,738836.5405003921,2,2,3,223,At Risk
C4518,18,5,351306.0293084644,3,2,2,322,Champions
C4519,190,6,794778.5282731246,2,2,3,223,At Risk
C452,642,3,605445.8030232117,1,1,2,112,Sleeping
C4520,149,3,58378.74117867624,2,1,1,211,Sleeping
C4521,467,5,1392103.7314967865,1,2,3,123,At Risk
C4522,114,7,941271.3512544163,3,3,3,333,Champions
C4523,483,5,841411.1857407986,1,2,3,123,At Risk
C4524,85,5,96276.26220428137,3,2,1,321,Sleeping
C4525,260,3,282662.2518459032,2,1,2,212,Sleeping
C4526,953,1,216115.7048178975,1,1,1,111,Sleeping
C4527,3,7,269465.48675019975,3,3,2,332,Champions
C4528,28,4,5184.350464705651,3,2,1,321,Sleeping
C4529,51,4,389105.0453644336,3,2,2,322,Champions
C453,448,2,2876.6758297948963,1,1,1,111,Sleeping
C4530,261,3,6355.134895368383,2,1,1,211,Sleeping
C4531,451,3,385129.6602167392,1,1,2,112,Sleeping
C4532,180,6,944106.0756779131,2,2,3,223,At Risk
C4533,678,3,6572.685760135799,1,1,1,111,Sleeping
C4534,199,5,563626.5221066191,2,2,2,222,At Risk
C4535,432,5,818002.4521739052,1,2,3,123,At Risk
C4536,409,8,1389785.6057239608,1,3,3,133,At Risk
C4537,854,5,870208.2567335871,1,2,3,123,At Risk
C4538,72,6,11824.497124660866,3,2,1,321,Sleeping
C4539,130,6,312501.9647221286,3,2,2,322,Champions
C454,20,5,14758.717864755037,3,2,1,321,Sleeping
C4540,236,6,33726.96934182499,2,2,1,221,At Risk
C4541,397,3,1135.8402249445585,1,1,1,111,Sleeping
C4542,66,2,704703.5655054839,3,1,3,313,Newbies
C4543,79,13,3032995.2764694705,3,3,3,333,Champions
C4544,1124,2,381528.7740469071,1,1,2,112,Sleeping
C4545,31,6,262612.36618837435,3,2,2,322,Champions
C4546,66,8,14998.678258151856,3,3,1,331,Sleeping
C4547,38,7,505007.6704800941,3,3,2,332,Champions
C4548,61,4,2177.592951624122,3,2,1,321,Sleeping
C4549,255,6,368928.0867143913,2,2,2,222,At Risk
C455,46,4,489690.3826104897,3,2,2,322,Champions
C4550,436,3,676689.8801672583,1,1,3,113,Sleeping
C4551,351,5,207074.68241956536,2,2,1,221,At Risk
C4552,46,7,858936.0481502737,3,3,3,333,Champions
C4553,53,7,919697.2963360555,3,3,3,333,Champions
C4554,205,6,1228303.7796543988,2,2,3,223,At Risk
C4555,253,4,727081.5233682294,2,2,3,223,At Risk
C4556,574,7,263914.8750852532,1,3,2,132,At Risk
C4557,79,5,519550.8573271107,3,2,2,322,Champions
C4558,400,4,5178.720538464853,1,2,1,121,At Risk
C4559,228,3,1651.270144732548,2,1,1,211,Sleeping
C456,1333,1,525.2337257881367,1,1,1,111,Sleeping
C4560,239,8,2008383.5455711514,2,3,3,233,At Risk
C4561,239,4,589004.3327404811,2,2,2,222,At Risk
C4562,784,3,7735.2480281138705,1,1,1,111,Sleeping
C4563,150,5,83246.47265563541,2,2,1,221,At Risk
C4564,432,3,7432.581069616126,1,1,1,111,Sleeping
C4565,369,4,507101.97480379255,1,2,2,122,At Risk
C4566,233,5,211737.96225131024,2,2,1,221,At Risk
C4567,241,6,304601.1191588155,2,2,2,222,At Risk
C4568,1118,5,170982.1897159124,1,2,1,121,At Risk
C4569,626,5,304405.1497871876,1,2,2,122,At Risk
C457,529,2,5345.21736705121,1,1,1,111,Sleeping
C4570,447,6,788457.6104755292,1,2,3,123,At Risk
C4571,425,3,331370.2914450982,1,1,2,112,Sleeping
C4572,1372,3,445445.90906146704,1,1,2,112,Sleeping
C4573,98,6,275156.5620927332,3,2,2,322,Champions
C4574,367,5,145883.4375853956,2,2,1,221,At Risk
C4575,194,11,1295934.3527203752,2,3,3,233,At Risk
C4576,580,8,290867.9731164025,1,3,2,132,At Risk
C4577,265,5,385518.2556585113,2,2,2,222,At Risk
C4578,562,5,351321.7209189207,1,2,2,122,At Risk
C4579,158,3,592725.8184926477,2,1,2,212,Sleeping
C458,523,5,372691.6005466668,1,2,2,122,At Risk
C4580,46,2,440616.176633806,3,1,2,312,Newbies
C4581,193,5,498538.7788529355,2,2,2,222,At Risk
C4582,352,6,1021745.6968294901,2,2,3,223,At Risk
C4583,229,6,255888.52282123416,2,2,2,222,At Risk
C4584,61,5,36312.028576163684,3,2,1,321,Sleeping
C4585,165,5,7704.198621124378,2,2,1,221,At Risk
C4586,24,9,390878.3640751536,3,3,2,332,Champions
C4587,174,7,1386130.8693898066,2,3,3,233,At Risk
C4588,434,3,766558.5048001759,1,1,3,113,Sleeping
C4589,329,2,3314.210235722869,2,1,1,211,Sleeping
C459,412,5,1041128.6323427177,1,2,3,123,At Risk
C4590,26,5,863701.1025098362,3,2,3,323,Champions
C4591,44,8,267278.082137066,3,3,2,332,Champions
C4592,41,5,1020385.9604527974,3,2,3,323,Champions
C4593,23,5,642426.6888795141,3,2,2,322,Champions
C4594,916,2,4677.248355480427,1,1,1,111,Sleeping
C4595,501,3,6402.181799935109,1,1,1,111,Sleeping
C4596,62,4,4993.963049618101,3,2,1,321,Sleeping
C4597,424,4,286668.49519822805,1,2,2,122,At Risk
C4598,114,7,469499.02130483626,3,3,2,332,Champions
C4599,20,5,149055.73054230638,3,2,1,321,Sleeping
C460,116,7,1343798.643706296,3,3,3,333,Champions
C4600,416,6,145354.17920604878,1,2,1,121,At Risk
C4601,555,4,726835.3164863704,1,2,3,123,At Risk
C4602,774,4,8237.663282725878,1,2,1,121,At Risk
C4603,133,7,86467.40244818092,2,3,1,231,At Risk
C4604,548,7,1500796.124344541,1,3,3,133,At Risk
C4605,421,2,121061.7620858938,1,1,1,111,Sleeping
C4606,186,4,11775.11217429217,2,2,1,221,At Risk
C4607,436,6,695718.140290848,1,2,3,123,At Risk
C4608,589,8,770890.5100470391,1,3,3,133,At Risk
C4609,220,2,1397.257195683957,2,1,1,211,Sleeping
C461,51,5,164789.99126044833,3,2,1,321,Sleeping
C4610,407,4,4895.085486644686,1,2,1,121,At Risk
C4611,106,7,146013.0301748829,3,3,1,331,Sleeping
C4612,50,10,2077103.9434270866,3,3,3,333,Champions
C4613,865,3,4460.48173127674,1,1,1,111,Sleeping
C4614,280,6,4572.943015769353,2,2,1,221,At Risk
C4615,96,5,243318.57307684503,3,2,1,321,Sleeping
C4616,130,7,1140266.711240793,3,3,3,333,Champions
C4617,46,3,2684.3817676384197,3,1,1,311,Newbies
C4618,301,8,829538.8312714661,2,3,3,233,At Risk
C4619,403,4,496060.7301260266,1,2,2,122,At Risk
C462,786,4,6751.972403746078,1,2,1,121,At Risk
C4620,87,5,786534.4380444187,3,2,3,323,Champions
C4621,1007,5,159395.46866614345,1,2,1,121,At Risk
C4622,214,3,747921.6068696922,2,1,3,213,Sleeping
C4623,378,6,130153.35315002747,1,2,1,121,At Risk
C4624,626,4,143209.71132276577,1,2,1,121,At Risk
C4625,58,4,809640.4051211311,3,2,3,323,Champions
C4626,526,5,736280.6676981705,1,2,3,123,At Risk
C4627,149,10,272215.84311963565,2,3,2,232,At Risk
C4628,411,4,456008.2099710499,1,2,2,122,At Risk
C4629,594,4,9972.459131852438,1,2,1,121,At Risk
C463,470,4,451131.65116805653,1,2,2,122,At Risk
C4630,312,7,977537.9573879438,2,3,3,233,At Risk
C4631,10,3,600235.1764504792,3,1,2,312,Newbies
C4632,41,7,163406.82984558961,3,3,1,331,Sleeping
C4633,246,6,716226.0636058124,2,2,3,223,At Risk
C4634,36,8,1938760.5849082505,3,3,3,333,Champions
C4635,82,12,701964.3110531907,3,3,3,333,Champions
C4636,101,6,528826.9890532793,3,2,2,322,Champions
C4637,109,6,411637.23051886144,3,2,2,322,Champions
C4638,514,5,408004.7390200852,1,2,2,122,At Risk
C4639,1,8,362376.14759912866,3,3,2,332,Champions
C464,47,6,21144.051580838604,3,2,1,321,Sleeping
C4640,783,3,367377.6766435556,1,1,2,112,Sleeping
C4641,183,8,1105590.797702099,2,3,3,233,At Risk
C4642,128,2,724454.589199272,3,1,3,313,Newbies
C4643,175,6,646162.7308086987,2,2,2,222,At Risk
C4644,964,2,27305.671984355995,1,1,1,111,Sleeping
C4645,231,6,1147274.7409659892,2,2,3,223,At Risk
C4646,878,4,2451.3869278616057,1,2,1,121,At Risk
C4647,467,4,195918.97901577977,1,2,1,121,At Risk
C4648,601,8,386665.15798738087,1,3,2,132,At Risk
C4649,26,4,2488.6670066134175,3,2,1,321,Sleeping
C465,164,8,800099.6482992761,2,3,3,233,At Risk
C4650,8,5,384176.01737526053,3,2,2,322,Champions
C4651,69,7,600136.8699109759,3,3,2,332,Champions
C4652,35,5,422872.6325312803,3,2,2,322,Champions
C4653,373,8,1194244.166595832,1,3,3,133,At Risk
C4654,596,5,6156.496248090084,1,2,1,121,At Risk
C4655,1314,2,33826.7974849954,1,1,1,111,Sleeping
C4656,1045,5,98106.6859132908,1,2,1,121,At Risk
C4657,245,11,1254814.8782802862,2,3,3,233,At Risk
C4658,3,4,262948.6724391617,3,2,2,322,Champions
C4659,407,6,1004923.738093103,1,2,3,123,At Risk
C466,71,6,1244466.4359025322,3,2,3,323,Champions
C4660,45,6,206115.7240888784,3,3,1,331,Sleeping
C4661,177,5,240909.24709416676,2,2,1,221,At Risk
C4662,235,3,286224.17285530886,2,1,2,212,Sleeping
C4663,674,2,680.0927594609574,1,1,1,111,Sleeping
C4664,538,3,14888.167889403725,1,1,1,111,Sleeping
C4665,894,6,661745.9219491071,1,3,2,132,At Risk
C4666,28,8,943513.1821194832,3,3,3,333,Champions
C4667,696,3,118150.98149971053,1,1,1,111,Sleeping
C4668,613,4,352696.377666401,1,2,2,122,At Risk
C4669,114,8,826499.3480837911,3,3,3,333,Champions
C467,227,8,1189577.1322404852,2,3,3,233,At Risk
C4670,13,8,1472225.142446989,3,3,3,333,Champions
C4671,581,5,704742.0308533084,1,2,3,123,At Risk
C4672,165,5,745497.5565105325,2,2,3,223,At Risk
C4673,1344,1,2093.4209883744197,1,1,1,111,Sleeping
C4674,126,3,554116.9220068016,3,1,2,312,Newbies
C4675,117,6,206468.91927698918,3,3,1,331,Sleeping
C4676,37,4,348292.639836186,3,2,2,322,Champions
C4677,4,11,1122135.2865800818,3,3,3,333,Champions
C4678,393,5,752360.9848758676,1,2,3,123,At Risk
C4679,287,7,748422.0262525112,2,3,3,233,At Risk
C468,114,6,474860.852714013,3,3,2,332,Champions
C4680,468,7,3790.3356170216775,1,3,1,131,At Risk
C4681,344,5,503994.16167581093,2,2,2,222,At Risk
C4682,780,3,5039.543320297128,1,1,1,111,Sleeping
C4683,201,7,724319.220497087,2,3,3,233,At Risk
C4684,5,5,415010.25519772357,3,2,2,322,Champions
C4685,54,6,4851.893591563465,3,3,1,331,Sleeping
C4686,411,6,889127.678810878,1,3,3,133,At Risk
C4687,26,3,489636.568792531,3,1,2,312,Newbies
C4688,778,4,4746.627199633689,1,2,1,121,At Risk
C4689,5,8,557621.1759044033,3,3,2,332,Champions
C469,327,5,38228.8378504098,2,2,1,221,At Risk
C4690,91,8,235602.34603888882,3,3,1,331,Sleeping
C4691,490,1,309016.029803582,1,1,2,112,Sleeping
C4692,99,9,1050068.4307542774,3,3,3,333,Champions
C4693,620,6,322212.21060211543,1,3,2,132,At Risk
C4694,52,9,1243171.452491102,3,3,3,333,Champions
C4695,92,9,391603.4733711646,3,3,2,332,Champions
C4696,208,6,754675.6165988755,2,3,3,233,At Risk
C4697,116,7,505508.2707945962,3,3,2,332,Champions
C4698,625,7,18290.69032100685,1,3,1,131,At Risk
C4699,310,5,711262.9435559269,2,2,3,223,At Risk
C470,215,4,986471.580861087,2,2,3,223,At Risk
C4700,24,6,1113792.6937797158,3,3,3,333,Champions
C4701,1023,4,774611.7972446503,1,2,3,123,At Risk
C4702,928,2,295272.539959041,1,1,2,112,Sleeping
C4703,342,3,2733.924529510035,2,1,1,211,Sleeping
C4704,85,6,698971.9704689663,3,3,3,333,Champions
C4705,1190,1,618363.654531965,1,1,2,112,Sleeping
C4706,147,12,2634497.323991838,2,3,3,233,At Risk
C4707,19,8,702928.7778610077,3,3,3,333,Champions
C4708,123,4,9233.43176238579,3,2,1,321,Sleeping
C4709,103,6,9922.002299395393,3,3,1,331,Sleeping
C471,18,3,1359.1798574496434,3,1,1,311,Newbies
C4710,179,9,1075822.855072124,2,3,3,233,At Risk
C4711,912,2,271515.65103784384,1,1,2,112,Sleeping
C4712,302,5,185328.7127339777,2,2,1,221,At Risk
C4713,133,5,411511.593727819,2,2,2,222,At Risk
C4714,251,5,600219.8966360221,2,2,2,222,At Risk
C4715,554,5,449228.25887401745,1,2,2,122,At Risk
C4716,598,5,632102.0389829867,1,2,2,122,At Risk
C4717,635,7,383215.7293048204,1,3,2,132,At Risk
C4718,41,6,762523.5237623757,3,3,3,333,Champions
C4719,836,5,55278.31289088151,1,2,1,121,At Risk
C472,182,6,111228.94996333771,2,3,1,231,At Risk
C4720,149,6,1053018.9718795808,2,3,3,233,At Risk
C4721,951,5,448212.2507685154,1,2,2,122,At Risk
C4722,1462,1,513698.01,1,1,2,112,Sleeping
C4723,362,6,611084.2806180308,2,3,2,232,At Risk
C4724,248,8,1102337.1025237131,2,3,3,233,At Risk
C4725,217,4,3288.342977932927,2,2,1,221,At Risk
C4726,298,6,659105.3268612291,2,3,2,232,At Risk
C4727,1314,2,219233.49083965455,1,1,1,111,Sleeping
C4728,360,5,810520.6205926529,2,2,3,223,At Risk
C4729,220,4,620900.990122713,2,2,2,222,At Risk
C473,530,5,139276.74804412597,1,2,1,121,At Risk
C4730,1266,3,106461.48770557628,1,1,1,111,Sleeping
C4731,208,7,659026.5478970637,2,3,2,232,At Risk
C4732,411,6,145970.61439380996,1,3,1,131,At Risk
C4733,279,7,237143.30186077717,2,3,1,231,At Risk
C4734,690,1,80387.87648425138,1,1,1,111,Sleeping
C4735,371,4,218490.0388487195,1,2,1,121,At Risk
C4736,321,8,150554.87098920252,2,3,1,231,At Risk
C4737,368,5,7182.036729845502,2,2,1,221,At Risk
C4738,55,10,1513393.8457492685,3,3,3,333,Champions
C4739,87,7,874989.8164469856,3,3,3,333,Champions
C474,1112,3,592645.5607945607,1,1,2,112,Sleeping
C4740,15,7,734763.0460303985,3,3,3,333,Champions
C4741,947,3,178827.8587896926,1,1,1,111,Sleeping
C4742,385,6,217426.68146216328,1,3,1,131,At Risk
C4743,1284,2,748587.7659467687,1,1,3,113,Sleeping
C4744,65,4,231281.46957746986,3,2,1,321,Sleeping
C4745,879,4,352323.2444980649,1,2,2,122,At Risk
C4746,325,3,5643.532728054313,2,1,1,211,Sleeping
C4747,1757,2,500304.6149329012,1,1,2,112,Sleeping
C4748,31,7,497843.4070034651,3,3,2,332,Champions
C4749,1358,3,33147.09263913543,1,1,1,111,Sleeping
C475,433,2,303151.20578763244,1,1,2,112,Sleeping
C4750,13,7,647961.5427716733,3,3,2,332,Champions
C4751,52,3,264278.38731851673,3,1,2,312,Newbies
C4752,388,8,1597322.2307574416,1,3,3,133,At Risk
C4753,173,3,690933.0117815693,2,1,3,213,Sleeping
C4754,42,8,900803.5421173204,3,3,3,333,Champions
C4755,873,5,17546.197970440022,1,2,1,121,At Risk
C4756,61,6,1689836.0123526861,3,3,3,333,Champions
C4757,394,5,538692.4291900502,1,2,2,122,At Risk
C4758,647,11,1695287.925222124,1,3,3,133,At Risk
C4759,21,3,1786.2962648171379,3,1,1,311,Newbies
C476,111,6,723145.9921492226,3,3,3,333,Champions
C4760,109,6,175333.21701029033,3,3,1,331,Sleeping
C4761,341,6,1046827.7279540668,2,3,3,233,At Risk
C4762,272,6,847776.8998673381,2,3,3,233,At Risk
C4763,85,7,905672.0887121249,3,3,3,333,Champions
C4764,712,3,3832.9880145773654,1,1,1,111,Sleeping
C4765,256,7,215632.7640190088,2,3,1,231,At Risk
C4766,146,7,243196.62565758004,2,3,1,231,At Risk
C4767,141,7,736189.4765416664,2,3,3,233,At Risk
C4768,19,3,231322.34248180268,3,1,1,311,Newbies
C4769,688,4,788097.224229189,1,2,3,123,At Risk
C477,761,6,746644.6719714729,1,3,3,133,At Risk
C4770,245,8,1609099.377982777,2,3,3,233,At Risk
C4771,105,4,571820.8868126163,3,2,2,322,Champions
C4772,55,4,526027.4204882917,3,2,2,322,Champions
C4773,180,3,4404.585840157263,2,1,1,211,Sleeping
C4774,48,8,8614.677479941362,3,3,1,331,Sleeping
C4775,452,5,557237.3531602606,1,2,2,122,At Risk
C4776,92,10,429050.5262638262,3,3,2,332,Champions
C4777,426,6,902991.1026031403,1,3,3,133,At Risk
C4778,1,4,945774.9858004097,3,2,3,323,Champions
C4779,273,8,298781.5786245734,2,3,2,232,At Risk
C478,247,7,1506794.4198708064,2,3,3,233,At Risk
C4780,1205,9,1172032.2792254784,1,3,3,133,At Risk
C4781,42,8,371612.7281902173,3,3,2,332,Champions
C4782,1363,3,4221.174625881441,1,1,1,111,Sleeping
C4783,314,7,1041656.5247756349,2,3,3,233,At Risk
C4784,718,3,340367.33154954744,1,1,2,112,Sleeping
C4785,160,5,805642.1823331257,2,2,3,223,At Risk
C4786,481,5,551357.2724639549,1,2,2,122,At Risk
C4787,298,8,1174248.2229329483,2,3,3,233,At Risk
C4788,895,10,1873812.9228822286,1,3,3,133,At Risk
C4789,44,5,642950.9593157324,3,2,2,322,Champions
C479,309,8,818292.1872223946,2,3,3,233,At Risk
C4790,166,8,196170.62254386043,2,3,1,231,At Risk
C4791,521,4,275010.05310781876,1,2,2,122,At Risk
C4792,28,2,172013.47062617162,3,1,1,311,Newbies
C4793,126,9,1527755.6388359093,3,3,3,333,Champions
C4794,260,10,421091.5179701607,2,3,2,232,At Risk
C4795,312,4,418923.61470346985,2,2,2,222,At Risk
C4796,41,4,477898.281583521,3,2,2,322,Champions
C4797,528,6,3621.956893288351,1,3,1,131,At Risk
C4798,60,10,788586.7767457989,3,3,3,333,Champions
C4799,381,5,31604.574949234793,1,2,1,121,At Risk
C480,451,3,153023.46927311737,1,1,1,111,Sleeping
C4800,882,6,2049879.9409452828,1,3,3,133,At Risk
C4801,60,7,848822.8581041335,3,3,3,333,Champions
C4802,424,2,9212.17169211917,1,1,1,111,Sleeping
C4803,233,4,441015.2999065975,2,2,2,222,At Risk
C4804,670,3,9526.732156099852,1,1,1,111,Sleeping
C4805,135,7,941832.4074489184,2,3,3,233,At Risk
C4806,164,5,185631.86230224397,2,2,1,221,At Risk
C4807,129,7,1205413.9422616223,3,3,3,333,Champions
C4808,212,4,225106.66957614437,2,2,1,221,At Risk
C4809,500,5,404879.77889732283,1,2,2,122,At Risk
C481,86,6,406346.14441048284,3,3,2,332,Champions
C4810,43,4,4742.431644693092,3,2,1,321,Sleeping
C4811,521,4,119252.72033787057,1,2,1,121,At Risk
C4812,159,13,991730.9615737334,2,3,3,233,At Risk
C4813,306,6,8173.738562614179,2,3,1,231,At Risk
C4814,172,8,1274425.5193482528,2,3,3,233,At Risk
C4815,46,10,1169121.1127768883,3,3,3,333,Champions
C4816,448,9,1342283.146888291,1,3,3,133,At Risk
C4817,337,6,24273.19147971404,2,3,1,231,At Risk
C4818,185,4,105202.37469768559,2,2,1,221,At Risk
C4819,157,11,1056881.8821602226,2,3,3,233,At Risk
C482,724,3,426013.5948981664,1,1,2,112,Sleeping
C4820,12,10,62876.42807498829,3,3,1,331,Sleeping
C4821,202,6,642913.1996193571,2,3,2,232,At Risk
C4822,284,3,6982.340890167962,2,1,1,211,Sleeping
C4823,232,4,36629.26374387882,2,2,1,221,At Risk
C4824,99,8,221850.5825665562,3,3,1,331,Sleeping
C4825,402,3,169024.12565246838,1,1,1,111,Sleeping
C4826,486,9,749705.280831036,1,3,3,133,At Risk
C4827,325,3,1573.7518329071556,2,1,1,211,Sleeping
C4828,524,3,98045.55784604835,1,1,1,111,Sleeping
C4829,1628,2,492555.17461161065,1,1,2,112,Sleeping
C483,411,6,663134.2692877238,1,3,3,133,At Risk
C4830,894,3,7339.202855100787,1,1,1,111,Sleeping
C4831,36,8,1174014.6228290447,3,3,3,333,Champions
C4832,74,5,779601.046331551,3,2,3,323,Champions
C4833,147,5,633498.6922717569,2,2,2,222,At Risk
C4834,127,8,15159.086196715201,3,3,1,331,Sleeping
C4835,262,3,457672.6181270571,2,1,2,212,Sleeping
C4836,469,4,646007.8631430116,1,2,2,122,At Risk
C4837,152,5,491391.22648804466,2,2,2,222,At Risk
C4838,1154,7,2456114.125629097,1,3,3,133,At Risk
C4839,75,7,18680.63237063505,3,3,1,331,Sleeping
C484,217,7,628433.4842736411,2,3,2,232,At Risk
C4840,352,6,435164.5098776716,2,3,2,232,At Risk
C4841,5,7,1564445.7912093988,3,3,3,333,Champions
C4842,1519,1,549.4697039987436,1,1,1,111,Sleeping
C4843,239,9,62131.16815126831,2,3,1,231,At Risk
C4844,54,9,765092.1755175303,3,3,3,333,Champions
C4845,477,7,824438.9108193567,1,3,3,133,At Risk
C4846,133,3,593016.8814605154,2,1,2,212,Sleeping
C4847,378,7,512804.90219975985,1,3,2,132,At Risk
C4848,960,2,1241.0361609581744,1,1,1,111,Sleeping
C4849,323,5,1380786.5371114323,2,2,3,223,At Risk
C485,210,6,651791.9253330851,2,3,2,232,At Risk
C4850,140,9,316804.10943054355,2,3,2,232,At Risk
C4851,376,8,767705.7041078821,1,3,3,133,At Risk
C4852,118,2,211251.3860857411,3,1,1,311,Newbies
C4853,253,5,117126.07734582869,2,2,1,221,At Risk
C4854,51,3,389068.8483386818,3,1,2,312,Newbies
C4855,534,4,3899.9935954172784,1,2,1,121,At Risk
C4856,40,7,811257.1549749019,3,3,3,333,Champions
C4857,501,3,1785.3130868030134,1,1,1,111,Sleeping
C4858,79,7,1362968.923590075,3,3,3,333,Champions
C4859,155,8,13009.820762899086,2,3,1,231,At Risk
C486,517,9,2317661.228112548,1,3,3,133,At Risk
C4860,1388,4,12379.939660352533,1,2,1,121,At Risk
C4861,334,3,9345.792833041047,2,1,1,211,Sleeping
C4862,615,6,660934.8752485835,1,3,2,132,At Risk
C4863,125,12,941460.1469833509,3,3,3,333,Champions
C4864,218,6,380787.79523018055,2,3,2,232,At Risk
C4865,119,4,532830.567502078,3,2,2,322,Champions
C4866,129,4,267261.13406092365,3,2,2,322,Champions
C4867,84,6,99731.59512590378,3,3,1,331,Sleeping
C4868,385,5,400435.1547441308,1,2,2,122,At Risk
C4869,57,5,929490.999990095,3,2,3,323,Champions
C487,75,7,784097.3772204865,3,3,3,333,Champions
C4870,411,8,594566.9772527999,1,3,2,132,At Risk
C4871,90,2,1492.365244037907,3,1,1,311,Newbies
C4872,321,6,471857.98843680666,2,3,2,232,At Risk
C4873,525,4,122765.528108908,1,2,1,121,At Risk
C4874,52,5,511536.59486292256,3,2,2,322,Champions
C4875,494,7,1230759.2481134138,1,3,3,133,At Risk
C4876,71,3,3866.9684078894934,3,1,1,311,Newbies
C4877,514,6,186481.96204364696,1,3,1,131,At Risk
C4878,530,5,334444.04167319095,1,2,2,122,At Risk
C4879,82,7,1109215.694376327,3,3,3,333,Champions
C488,471,1,74.34121504639579,1,1,1,111,Sleeping
C4880,393,4,439222.69478633226,1,2,2,122,At Risk
C4881,2,8,935971.67145736,3,3,3,333,Champions
C4882,414,3,823366.4083211976,1,1,3,113,Sleeping
C4883,957,2,297182.6838030284,1,1,2,112,Sleeping
C4884,306,5,176794.08928842391,2,2,1,221,At Risk
C4885,396,8,238825.58785362766,1,3,1,131,At Risk
C4886,10,3,267594.01401295146,3,1,2,312,Newbies
C4887,293,5,86517.63356801035,2,2,1,221,At Risk
C4888,165,12,1169656.647605072,2,3,3,233,At Risk
C4889,1225,3,226634.99794267854,1,1,1,111,Sleeping
C489,1433,2,677.4513129292241,1,1,1,111,Sleeping
C4890,298,2,58775.5418470249,2,1,1,211,Sleeping
C4891,108,7,1036982.5111322631,3,3,3,333,Champions
C4892,50,5,1043120.307240524,3,2,3,323,Champions
C4893,10,4,1677.6440580588785,3,2,1,321,Sleeping
C4894,243,9,1102423.441093669,2,3,3,233,At Risk
C4895,554,6,381603.0686745323,1,3,2,132,At Risk
C4896,221,5,203516.67847903713,2,2,1,221,At Risk
C4897,289,4,1057572.2303747316,2,2,3,223,At Risk
C4898,136,7,947981.8992930835,2,3,3,233,At Risk
C4899,437,3,458608.8246446311,1,1,2,112,Sleeping
C490,44,9,653320.5517523304,3,3,2,332,Champions
C4900,614,3,11608.16999526418,1,1,1,111,Sleeping
C4901,154,6,579899.694009607,2,3,2,232,At Risk
C4902,1366,2,2688.6423492204717,1,1,1,111,Sleeping
C4903,610,8,513980.00173824513,1,3,2,132,At Risk
C4904,559,3,839394.3260317569,1,1,3,113,Sleeping
C4905,145,8,451914.0601288217,2,3,2,232,At Risk
C4906,69,6,1141627.1664237676,3,3,3,333,Champions
C4907,804,3,683850.9842998135,1,1,3,113,Sleeping
C4908,1585,2,1011.012755179897,1,1,1,111,Sleeping
C4909,15,4,930955.7501311346,3,2,3,323,Champions
C491,389,6,33097.80068157224,1,3,1,131,At Risk
C4910,262,8,235475.80150631373,2,3,1,231,At Risk
C4911,260,6,325517.3945966091,2,3,2,232,At Risk
C4912,78,6,820510.9574169709,3,3,3,333,Champions
C4913,5,6,1057081.36297733,3,3,3,333,Champions
C4914,359,6,416425.2701374552,2,3,2,232,At Risk
C4915,69,8,353520.5231372032,3,3,2,332,Champions
C4916,12,10,1341429.6534802201,3,3,3,333,Champions
C4917,9,5,93697.7826630142,3,2,1,321,Sleeping
C4918,457,4,163927.53952280025,1,2,1,121,At Risk
C4919,18,10,1139133.7627673533,3,3,3,333,Champions
C492,1515,1,785.2,1,1,1,111,Sleeping
C4920,223,8,539504.8479139924,2,3,2,232,At Risk
C4921,113,6,906883.8217384245,3,3,3,333,Champions
C4922,404,5,479141.4648203556,1,2,2,122,At Risk
C4923,398,6,1090020.8520587618,1,3,3,133,At Risk
C4924,10,7,878973.4824158007,3,3,3,333,Champions
C4926,196,5,4360.107426805214,2,2,1,221,At Risk
C4927,638,2,3098.240749432573,1,1,1,111,Sleeping
C4928,466,6,395528.8547029994,1,3,2,132,At Risk
C4929,1109,6,552413.4099173574,1,3,2,132,At Risk
C493,58,7,216261.822738187,3,3,1,331,Sleeping
C4930,3,9,590504.3826101361,3,3,2,332,Champions
C4931,698,3,672491.0541999387,1,1,3,113,Sleeping
C4932,259,5,490017.9683956524,2,2,2,222,At Risk
C4933,86,5,487158.5835544683,3,2,2,322,Champions
C4934,426,3,4698.38131944499,1,1,1,111,Sleeping
C4935,367,3,10840.733511536197,2,1,1,211,Sleeping
C4936,68,6,9719.672090633949,3,3,1,331,Sleeping
C4937,170,4,500013.88111829484,2,2,2,222,At Risk
C4938,1525,1,192.5244019302588,1,1,1,111,Sleeping
C4939,185,11,1302419.262006459,2,3,3,233,At Risk
C494,913,1,403288.19999999995,1,1,2,112,Sleeping
C4940,291,6,459996.36085670185,2,3,2,232,At Risk
C4941,264,5,2252.4383282574872,2,2,1,221,At Risk
C4942,168,2,405144.3575451332,2,1,2,212,Sleeping
C4943,43,6,126461.77802575458,3,3,1,331,Sleeping
C4944,247,3,124903.0811600525,2,1,1,211,Sleeping
C4946,84,8,1859833.0450557016,3,3,3,333,Champions
C4947,457,5,508300.04187834525,1,2,2,122,At Risk
C4948,164,4,455163.1902730276,2,2,2,222,At Risk
C4949,44,6,854735.1242048414,3,3,3,333,Champions
C495,342,4,1101078.1673466396,2,2,3,223,At Risk
C4950,130,5,18614.659394855567,3,2,1,321,Sleeping
C4951,699,6,419003.42004001857,1,3,2,132,At Risk
C4952,855,5,519640.0973981782,1,2,2,122,At Risk
C4953,266,4,243196.66892812273,2,2,1,221,At Risk
C4954,13,3,85941.48504714161,3,1,1,311,Newbies
C4955,85,6,1221077.2132778664,3,3,3,333,Champions
C4956,243,5,441640.1906621955,2,2,2,222,At Risk
C4957,564,5,222867.42541211593,1,2,1,121,At Risk
C4958,173,8,309280.74146057334,2,3,2,232,At Risk
C4959,350,4,679730.7117016546,2,2,3,223,At Risk
C496,216,5,13563.60754085252,2,2,1,221,At Risk
C4960,4,3,395709.8918639337,3,1,2,312,Newbies
C4961,260,4,453621.9029152218,2,2,2,222,At Risk
C4962,736,5,79267.32643602601,1,2,1,121,At Risk
C4963,18,9,1454159.3022107726,3,3,3,333,Champions
C4964,4,5,522673.46991682204,3,2,2,322,Champions
C4965,212,9,401496.4708744253,2,3,2,232,At Risk
C4966,644,3,6630.562128544213,1,1,1,111,Sleeping
C4967,176,3,585614.9954495517,2,1,2,212,Sleeping
C4968,572,4,508339.33003205975,1,2,2,122,At Risk
C4969,1066,10,1167857.2493830575,1,3,3,133,At Risk
C497,130,7,1251411.4333137206,3,3,3,333,Champions
C4970,579,1,390.26,1,1,1,111,Sleeping
C4971,56,7,346980.9344171536,3,3,2,332,Champions
C4972,420,4,65324.5187510426,1,2,1,121,At Risk
C4973,228,6,888446.8784209283,2,3,3,233,At Risk
C4974,98,4,414761.1038226618,3,2,2,322,Champions
C4975,580,5,543182.4404165244,1,2,2,122,At Risk
C4976,49,9,197972.99308876233,3,3,1,331,Sleeping
C4977,622,6,580002.1504956384,1,3,2,132,At Risk
C4978,181,5,220107.31423162084,2,2,1,221,At Risk
C498,659,3,112822.37117285145,1,1,1,111,Sleeping
C4980,1167,3,32235.54268726926,1,1,1,111,Sleeping
C4981,87,7,923494.1326945444,3,3,3,333,Champions
C4982,250,8,1438707.1184815415,2,3,3,233,At Risk
C4983,201,7,700052.2020022094,2,3,3,233,At Risk
C4984,151,6,648549.0673750585,2,3,2,232,At Risk
C4985,419,7,1887403.3857152364,1,3,3,133,At Risk
C4986,276,5,212419.50322291267,2,2,1,221,At Risk
C4987,1636,3,117206.87575392163,1,1,1,111,Sleeping
C4988,243,5,864135.2651076285,2,2,3,223,At Risk
C4989,475,6,100731.94494757515,1,3,1,131,At Risk
C499,55,8,1178763.9325928476,3,3,3,333,Champions
C4990,1028,3,9381.384378324397,1,1,1,111,Sleeping
C4991,623,2,5300.9412001115215,1,1,1,111,Sleeping
C4992,131,4,1067973.5584752818,3,2,3,323,Champions
C4993,139,9,636022.4799440075,2,3,2,232,At Risk
C4994,179,6,257407.730286652,2,3,2,232,At Risk
C4995,665,4,73378.09492171988,1,2,1,121,At Risk
C4996,839,1,76158.89023927982,1,1,1,111,Sleeping
C4997,701,3,468521.3870345805,1,1,2,112,Sleeping
C4998,323,4,113132.40875440944,2,2,1,221,At Risk
C4999,360,5,645700.2543512973,2,2,2,222,At Risk
C500,447,4,10280.541360160427,1,2,1,121,At Risk
C5000,745,3,180990.31394069563,1,1,1,111,Sleeping
C501,1584,2,5896.096846687173,1,1,1,111,Sleeping
C502,23,5,7990.139145093596,3,2,1,321,Sleeping
C503,397,5,618671.0253913198,1,2,2,122,At Risk
C504,36,3,386700.3415639997,3,1,2,312,Newbies
C505,140,5,12080.077247813364,2,2,1,221,At Risk
C506,817,4,542834.7799663937,1,2,2,122,At Risk
C507,890,4,793988.0200043316,1,2,3,123,At Risk
C508,216,6,332616.7839857552,2,3,2,232,At Risk
C509,565,10,959728.6217636126,1,3,3,133,At Risk
C510,272,5,204576.34996734702,2,2,1,221,At Risk
C511,710,9,426659.68594240415,1,3,2,132,At Risk
C512,171,4,382846.0913792851,2,2,2,222,At Risk
C513,704,6,468525.74953634705,1,3,2,132,At Risk
C514,249,4,338903.5926807533,2,2,2,222,At Risk
C515,96,5,499848.4278143828,3,2,2,322,Champions
C516,524,4,294526.24457703694,1,2,2,122,At Risk
C517,669,2,643794.3492469557,1,1,2,112,Sleeping
C518,49,8,1394101.7641321444,3,3,3,333,Champions
C519,226,2,386387.89526096045,2,1,2,212,Sleeping
C520,592,1,864416.2700276097,1,1,3,113,Sleeping
C521,460,5,99542.31033809391,1,2,1,121,At Risk
C522,459,3,338494.79098013643,1,1,2,112,Sleeping
C523,470,6,1433601.9563047548,1,3,3,133,At Risk
C524,32,3,1046498.6584680176,3,1,3,313,Newbies
C525,72,4,384568.0559943542,3,2,2,322,Champions
C526,1157,3,5548.878562047236,1,1,1,111,Sleeping
C527,1035,4,14101.763768554203,1,2,1,121,At Risk
C528,202,3,1779.348915558729,2,1,1,211,Sleeping
C529,1471,3,6752.698177259757,1,1,1,111,Sleeping
C530,914,7,326306.13048309536,1,3,2,132,At Risk
C531,1124,4,373536.24850154604,1,2,2,122,At Risk
C532,1030,2,1355.72752420103,1,1,1,111,Sleeping
C533,59,4,203220.69730355428,3,2,1,321,Sleeping
C534,490,6,1082081.7373789381,1,3,3,133,At Risk
C535,69,7,447663.6509602586,3,3,2,332,Champions
C536,56,3,2814.66377432622,3,1,1,311,Newbies
C537,387,5,907452.0282150512,1,2,3,123,At Risk
C538,8,9,1467301.5821167454,3,3,3,333,Champions
C539,108,5,523983.281225102,3,2,2,322,Champions
C540,22,4,802971.744953529,3,2,3,323,Champions
C541,245,5,755663.936399106,2,2,3,223,At Risk
C542,322,3,163755.54771939048,2,1,1,211,Sleeping
C543,640,5,330070.61738691357,1,2,2,122,At Risk
C544,274,4,417838.18741109566,2,2,2,222,At Risk
C545,960,1,397983.1661524838,1,1,2,112,Sleeping
C546,50,7,1044144.2249745356,3,3,3,333,Champions
C547,213,8,581749.2153121531,2,3,2,232,At Risk
C548,1226,3,1436868.69102497,1,1,3,113,Sleeping
C549,322,5,1482104.2653570706,2,2,3,223,At Risk
C550,7,9,788354.2912570331,3,3,3,333,Champions
C551,227,6,159410.96933651523,2,3,1,231,At Risk
C552,840,5,457729.6611717509,1,2,2,122,At Risk
C553,507,4,304829.65850730496,1,2,2,122,At Risk
C554,78,7,946208.5780503912,3,3,3,333,Champions
C555,162,1,716.674845993221,2,1,1,211,Sleeping
C556,210,2,1316.67848697761,2,1,1,211,Sleeping
C557,594,7,1824215.4323262314,1,3,3,133,At Risk
C558,20,10,738298.008364619,3,3,3,333,Champions
C559,418,4,3941.676127617693,1,2,1,121,At Risk
C560,92,6,441957.6788067617,3,3,2,332,Champions
C561,456,5,952743.9222092404,1,2,3,123,At Risk
C562,207,2,7582.293714060992,2,1,1,211,Sleeping
C563,42,4,329902.49265071854,3,2,2,322,Champions
C564,441,8,287109.3691521489,1,3,2,132,At Risk
C565,526,6,10286.984319697744,1,3,1,131,At Risk
C566,117,6,445548.4799084179,3,3,2,332,Champions
C567,123,2,581419.3622427203,3,1,2,312,Newbies
C568,131,2,7539.704014947405,3,1,1,311,Newbies
C569,262,3,4133.497577145165,2,1,1,211,Sleeping
C570,50,4,6024.923342033499,3,2,1,321,Sleeping
C571,462,5,451831.05072933855,1,2,2,122,At Risk
C572,158,7,35521.79820903749,2,3,1,231,At Risk
C573,89,7,644300.5548863657,3,3,2,332,Champions
C574,28,8,151754.82293338815,3,3,1,331,Sleeping
C575,621,3,569659.4561477107,1,1,2,112,Sleeping
C576,767,3,434606.6182458927,1,1,2,112,Sleeping
C577,371,10,2128295.517198499,1,3,3,133,At Risk
C578,133,5,478649.28023498505,2,2,2,222,At Risk
C579,143,3,117848.89275686226,2,1,1,211,Sleeping
C580,127,3,6036.030462361856,3,1,1,311,Newbies
C581,560,5,858045.3382457949,1,2,3,123,At Risk
C582,58,5,303237.0109354586,3,2,2,322,Champions
C583,356,5,788491.154909067,2,2,3,223,At Risk
C584,27,6,13046.274899500026,3,3,1,331,Sleeping
C585,80,8,1371823.844968664,3,3,3,333,Champions
C586,39,4,152161.76695966575,3,2,1,321,Sleeping
C587,46,2,318124.3764433305,3,1,2,312,Newbies
C588,215,8,16727.302966467556,2,3,1,231,At Risk
C589,273,6,421617.79118496925,2,3,2,232,At Risk
C590,806,4,700750.8073456569,1,2,3,123,At Risk
C591,904,5,336790.11566639185,1,2,2,122,At Risk
C592,214,2,1354.2650779490648,2,1,1,211,Sleeping
C593,21,7,1268475.589943423,3,3,3,333,Champions
C594,29,5,164022.68528562816,3,2,1,321,Sleeping
C595,265,5,1072372.80061883,2,2,3,223,At Risk
C596,290,6,7102.535145590824,2,3,1,231,At Risk
C597,439,7,711652.635582927,1,3,3,133,At Risk
C598,454,4,7624.838883672312,1,2,1,121,At Risk
C599,307,2,4659.770062289544,2,1,1,211,Sleeping
C600,123,5,160895.01005959936,3,2,1,321,Sleeping
C601,125,6,902758.3257097732,3,3,3,333,Champions
C602,803,3,1423.1555541779794,1,1,1,111,Sleeping
C603,156,3,2919.912267147922,2,1,1,211,Sleeping
C604,194,3,2666.165800378209,2,1,1,211,Sleeping
C605,330,5,710811.7395050913,2,2,3,223,At Risk
C606,278,6,10306.590508910667,2,3,1,231,At Risk
C607,196,7,641117.3273932699,2,3,2,232,At Risk
C608,58,7,968263.7420416714,3,3,3,333,Champions
C609,510,3,234997.5810000822,1,1,1,111,Sleeping
C610,802,5,46757.240068238076,1,2,1,121,At Risk
C611,412,6,320101.4909164354,1,3,2,132,At Risk
C612,453,7,995086.0661026691,1,3,3,133,At Risk
C613,78,7,558359.7266470451,3,3,2,332,Champions
C614,356,7,374614.27900538617,2,3,2,232,At Risk
C615,307,5,1156469.3311649219,2,2,3,223,At Risk
C616,57,6,9356.695432605704,3,3,1,331,Sleeping
C617,231,7,669910.5157725206,2,3,3,233,At Risk
C618,136,8,346532.3057878457,2,3,2,232,At Risk
C619,155,8,1213480.4516432632,2,3,3,233,At Risk
C620,508,8,479590.16279068607,1,3,2,132,At Risk
C621,439,4,87315.15604336967,1,2,1,121,At Risk
C622,30,5,37848.77508658734,3,2,1,321,Sleeping
C623,802,2,170434.82913420076,1,1,1,111,Sleeping
C624,198,8,1426593.648647607,2,3,3,233,At Risk
C625,17,6,758205.1288534064,3,3,3,333,Champions
C626,250,4,621664.0390645879,2,2,2,222,At Risk
C627,10,11,1479241.8007121591,3,3,3,333,Champions
C628,801,10,760531.364148808,1,3,3,133,At Risk
C629,278,8,1342483.4957197006,2,3,3,233,At Risk
C630,627,7,1334973.07318179,1,3,3,133,At Risk
C631,145,2,188058.40422956078,2,1,1,211,Sleeping
C632,25,2,7377.75632231699,3,1,1,311,Newbies
C633,70,6,635725.5051117446,3,3,2,332,Champions
C634,36,10,1525128.1023242013,3,3,3,333,Champions
C635,544,8,1298523.8021940128,1,3,3,133,At Risk
C636,110,5,4877.066308865412,3,2,1,321,Sleeping
C637,243,7,1163224.0492841806,2,3,3,233,At Risk
C638,431,4,219939.04612203286,1,2,1,121,At Risk
C639,948,4,676702.8380112597,1,2,3,123,At Risk
C640,935,2,800448.0393264993,1,1,3,113,Sleeping
C641,167,8,1089979.2923559884,2,3,3,233,At Risk
C642,28,3,252728.57955175944,3,1,2,312,Newbies
C643,548,10,1571171.0280858958,1,3,3,133,At Risk
C644,187,9,1235940.1036821743,2,3,3,233,At Risk
C645,46,7,729660.5639334287,3,3,3,333,Champions
C646,233,3,3310.7720072188713,2,1,1,211,Sleeping
C647,11,3,667582.0419605701,3,1,3,313,Newbies
C648,483,3,482774.13685956574,1,1,2,112,Sleeping
C649,311,5,138123.26544570643,2,2,1,221,At Risk
C650,422,4,765478.6057397948,1,2,3,123,At Risk
C651,686,5,303470.93076988205,1,2,2,122,At Risk
C652,170,6,2275753.7719571283,2,3,3,233,At Risk
C653,197,6,1042114.6345851155,2,3,3,233,At Risk
C654,68,8,4567.381126108113,3,3,1,331,Sleeping
C655,1162,3,86133.35826937364,1,1,1,111,Sleeping
C656,604,6,748752.2546426316,1,3,3,133,At Risk
C657,13,8,617485.0683114326,3,3,2,332,Champions
C658,203,11,1939514.0118186723,2,3,3,233,At Risk
C659,438,5,721923.4522737388,1,2,3,123,At Risk
C660,119,5,517311.42152349587,3,2,2,322,Champions
C661,72,3,65945.78238070657,3,1,1,311,Newbies
C662,78,10,1584401.7277727008,3,3,3,333,Champions
C663,1067,2,1067.524530826361,1,1,1,111,Sleeping
C664,518,3,207254.49611455805,1,1,1,111,Sleeping
C665,1427,1,570542.9984636403,1,1,2,112,Sleeping
C666,75,6,503355.3848622319,3,3,2,332,Champions
C667,91,6,445434.6077820865,3,3,2,332,Champions
C668,365,5,135275.16637545382,2,2,1,221,At Risk
C669,194,6,1173784.5047887885,2,3,3,233,At Risk
C670,648,4,114399.55945755377,1,2,1,121,At Risk
C671,398,7,46646.714954296316,1,3,1,131,At Risk
C672,144,9,69633.2402243775,2,3,1,231,At Risk
C673,531,1,180936.8597892391,1,1,1,111,Sleeping
C674,657,6,406501.54699457134,1,3,2,132,At Risk
C675,11,5,10309.604558524445,3,2,1,321,Sleeping
C676,262,6,186143.6925318716,2,3,1,231,At Risk
C677,379,2,2460.232245219269,1,1,1,111,Sleeping
C678,337,5,746674.9985054537,2,2,3,223,At Risk
C679,463,2,130061.00467226715,1,1,1,111,Sleeping
C680,238,7,434718.5622458708,2,3,2,232,At Risk
C681,70,7,1420589.0749612988,3,3,3,333,Champions
C682,234,3,518830.09387679334,2,1,2,212,Sleeping
C683,38,6,880077.5788083305,3,3,3,333,Champions
C684,486,6,297437.07632915507,1,3,2,132,At Risk
C685,41,7,395183.3587797287,3,3,2,332,Champions
C686,493,6,471201.2953111376,1,3,2,132,At Risk
C687,334,5,839480.4709700078,2,2,3,223,At Risk
C688,165,4,509573.3117155048,2,2,2,222,At Risk
C689,569,4,317236.5851872661,1,2,2,122,At Risk
C690,153,7,1381280.2021779714,2,3,3,233,At Risk
C691,272,4,688939.4479315369,2,2,3,223,At Risk
C692,442,6,11450.375451284675,1,3,1,131,At Risk
C693,394,3,5128.45566820895,1,1,1,111,Sleeping
C694,131,8,688867.5014239618,3,3,3,333,Champions
C695,31,6,807073.7468174469,3,3,3,333,Champions
C696,479,7,984056.529915232,1,3,3,133,At Risk
C697,663,4,9941.937256084348,1,2,1,121,At Risk
C698,910,4,7018.12173859905,1,2,1,121,At Risk
C699,108,6,348249.6458247304,3,3,2,332,Champions
C700,1092,3,7237.584065741641,1,1,1,111,Sleeping
C701,238,7,1094789.1492726863,2,3,3,233,At Risk
C702,317,4,71912.07544035622,2,2,1,221,At Risk
C703,102,7,150061.56155942474,3,3,1,331,Sleeping
C704,110,5,74390.8643294727,3,2,1,321,Sleeping
C705,116,2,1970.3223040040923,3,1,1,311,Newbies
C706,444,5,1041060.5728941743,1,2,3,123,At Risk
C707,533,6,383462.0649996539,1,3,2,132,At Risk
C708,110,3,381038.1903470005,3,1,2,312,Newbies
C709,20,9,1077676.9032983985,3,3,3,333,Champions
C710,259,6,1227514.8399051563,2,3,3,233,At Risk
C711,141,4,870423.8843690405,2,2,3,223,At Risk
C712,76,6,4797.795448015615,3,3,1,331,Sleeping
C713,43,4,212168.81312052096,3,2,1,321,Sleeping
C714,18,5,646830.0941654668,3,2,2,322,Champions
C715,308,8,436752.2532177232,2,3,2,232,At Risk
C716,327,3,3099.903197283289,2,1,1,211,Sleeping
C717,62,2,136838.76043964256,3,1,1,311,Newbies
C718,485,8,972308.6807391531,1,3,3,133,At Risk
C719,629,4,411215.7666850497,1,2,2,122,At Risk
C720,271,8,1044815.6109943641,2,3,3,233,At Risk
C721,169,8,490094.94292826054,2,3,2,232,At Risk
C722,1042,1,939.4454706124604,1,1,1,111,Sleeping
C723,385,8,1133952.21308435,1,3,3,133,At Risk
C724,7,5,1250580.3822581568,3,2,3,323,Champions
C725,108,2,8805.13906370181,3,1,1,311,Newbies
C726,43,9,2515483.1989711304,3,3,3,333,Champions
C727,154,4,213991.8012462135,2,2,1,221,At Risk
C728,874,2,487943.33029085177,1,1,2,112,Sleeping
C729,509,9,1370905.4915188458,1,3,3,133,At Risk
C730,685,5,480504.2014594602,1,2,2,122,At Risk
C731,89,5,572833.2681232993,3,2,2,322,Champions
C732,848,2,282074.51,1,1,2,112,Sleeping
C733,214,6,548049.9600882551,2,3,2,232,At Risk
C734,179,7,236029.16446269915,2,3,1,231,At Risk
C735,231,4,769130.7912257363,2,2,3,223,At Risk
C736,93,7,236706.82542503392,3,3,1,331,Sleeping
C737,443,4,941632.8056664229,1,2,3,123,At Risk
C738,778,3,310991.3745893667,1,1,2,112,Sleeping
C739,379,5,548985.1325213085,1,2,2,122,At Risk
C740,918,5,824680.3596738304,1,2,3,123,At Risk
C741,174,6,671998.3970748943,2,3,3,233,At Risk
C742,591,2,1833.8761380625158,1,1,1,111,Sleeping
C743,597,1,145375.77798457813,1,1,1,111,Sleeping
C744,63,7,277461.8998006899,3,3,2,332,Champions
C745,78,4,238612.00591293152,3,2,1,321,Sleeping
C746,98,5,640525.4866937372,3,2,2,322,Champions
C747,479,6,669922.7760422787,1,3,3,133,At Risk
C748,655,5,1514824.050735387,1,2,3,123,At Risk
C749,134,6,826135.5619821799,2,3,3,233,At Risk
C750,163,7,742862.7514307807,2,3,3,233,At Risk
C751,553,4,476347.44759906613,1,2,2,122,At Risk
C752,244,4,949693.7664038157,2,2,3,223,At Risk
C753,158,5,11978.117279292916,2,2,1,221,At Risk
C754,294,3,248084.78753711696,2,1,1,211,Sleeping
C755,20,9,463881.4671404728,3,3,2,332,Champions
C756,131,6,321551.7643257585,3,3,2,332,Champions
C757,363,2,116765.19271355929,2,1,1,211,Sleeping
C758,91,6,721611.8328323175,3,3,3,333,Champions
C759,306,8,14164.171398811643,2,3,1,231,At Risk
C760,47,7,45710.6425672485,3,3,1,331,Sleeping
C761,878,1,4728.563807173254,1,1,1,111,Sleeping
C762,100,6,708523.0494888927,3,3,3,333,Champions
C763,981,3,837877.6317809799,1,1,3,113,Sleeping
C764,1210,4,156022.43790925652,1,2,1,121,At Risk
C765,488,3,325635.1490001059,1,1,2,112,Sleeping
C766,351,4,31210.097088599163,2,2,1,221,At Risk
C767,401,5,293687.8574051068,1,2,2,122,At Risk
C768,251,7,395315.615044574,2,3,2,232,At Risk
C769,168,7,828606.7379362187,2,3,3,233,At Risk
C770,288,6,386451.25114231335,2,3,2,232,At Risk
C771,367,3,8971.557615848693,2,1,1,211,Sleeping
C772,1420,1,842.2301607296752,1,1,1,111,Sleeping
C773,681,2,507829.78559768223,1,1,2,112,Sleeping
C774,3,7,772122.4598274706,3,3,3,333,Champions
C775,48,8,125683.5758931485,3,3,1,331,Sleeping
C776,566,8,355358.6307037618,1,3,2,132,At Risk
C777,191,4,809364.3931939004,2,2,3,223,At Risk
C778,139,8,4944.40418893907,2,3,1,231,At Risk
C779,439,6,410832.8190911221,1,3,2,132,At Risk
C780,405,7,81961.92250191719,1,3,1,131,At Risk
C781,123,6,456632.22856580315,3,3,2,332,Champions
C782,798,4,982087.7489499439,1,2,3,123,At Risk
C783,42,7,943518.8331237073,3,3,3,333,Champions
C784,393,8,1533472.398535801,1,3,3,133,At Risk
C785,113,7,744192.5764727389,3,3,3,333,Champions
C786,33,9,1045295.8742189537,3,3,3,333,Champions
C787,502,2,631595.9999428291,1,1,2,112,Sleeping
C788,2,4,736340.7600624908,3,2,3,323,Champions
C789,599,5,10116.991583433928,1,2,1,121,At Risk
C790,115,4,146673.00541521754,3,2,1,321,Sleeping
C791,12,5,233858.4459300104,3,2,1,321,Sleeping
C792,18,6,726353.9517871276,3,3,3,333,Champions
C793,216,7,1115039.9275263455,2,3,3,233,At Risk
C794,415,2,3412.5412996461964,1,1,1,111,Sleeping
C795,621,5,533106.7127118935,1,2,2,122,At Risk
C796,4,3,681955.2874943262,3,1,3,313,Newbies
C797,70,5,3933.390596877728,3,2,1,321,Sleeping
C798,130,6,722382.7577551645,3,3,3,333,Champions
C799,103,6,418086.7414864537,3,3,2,332,Champions
C800,564,3,5003.620588978164,1,1,1,111,Sleeping
C801,129,4,193495.7472857913,3,2,1,321,Sleeping
C802,269,6,319181.8853871569,2,3,2,232,At Risk
C803,665,3,218108.73140171004,1,1,1,111,Sleeping
C804,244,6,202139.50688498217,2,3,1,231,At Risk
C805,463,5,358632.7598283351,1,2,2,122,At Risk
C806,372,5,459136.28748772974,1,2,2,122,At Risk
C807,204,9,640568.4255194191,2,3,2,232,At Risk
C808,335,4,142513.29190676645,2,2,1,221,At Risk
C809,134,10,118440.16518825937,2,3,1,231,At Risk
C810,17,6,296512.3131200989,3,3,2,332,Champions
C811,95,8,910800.5824875453,3,3,3,333,Champions
C812,815,4,3396.011820340648,1,2,1,121,At Risk
C813,752,4,1056111.583976902,1,2,3,123,At Risk
C814,5,6,629680.9532722307,3,3,2,332,Champions
C815,54,11,917549.7941964923,3,3,3,333,Champions
C816,531,3,281098.3673150499,1,1,2,112,Sleeping
C817,398,3,7742.135027668131,1,1,1,111,Sleeping
C818,130,6,574505.9721604397,3,3,2,332,Champions
C819,228,5,88841.5478764572,2,2,1,221,At Risk
C820,396,3,607837.7072424806,1,1,2,112,Sleeping
C821,212,3,556348.1551568931,2,1,2,212,Sleeping
C822,211,3,368651.8561675258,2,1,2,212,Sleeping
C823,958,2,717816.4332419621,1,1,3,113,Sleeping
C824,574,5,794791.5745106474,1,2,3,123,At Risk
C825,577,3,576904.3248307654,1,1,2,112,Sleeping
C826,841,3,11164.78916333157,1,1,1,111,Sleeping
C827,255,4,237652.153004746,2,2,1,221,At Risk
C828,43,9,2207290.2064322727,3,3,3,333,Champions
C829,391,4,574865.0660912191,1,2,2,122,At Risk
C830,661,7,1410440.6348597296,1,3,3,133,At Risk
C831,55,4,854019.3321728394,3,2,3,323,Champions
C832,228,7,843463.6215843712,2,3,3,233,At Risk
C833,161,5,7237.533530497476,2,2,1,221,At Risk
C834,373,4,284488.6094927526,1,2,2,122,At Risk
C835,189,4,146110.5381883463,2,2,1,221,At Risk
C836,90,5,191248.19074539962,3,2,1,321,Sleeping
C837,10,4,129177.89359085508,3,2,1,321,Sleeping
C838,343,4,802402.5526317096,2,2,3,223,At Risk
C839,95,8,212862.90061088602,3,3,1,331,Sleeping
C840,192,3,559513.1650572188,2,1,2,212,Sleeping
C841,56,8,1803493.625113679,3,3,3,333,Champions
C842,162,4,24869.888033681105,2,2,1,221,At Risk
C843,196,6,355898.6241385097,2,3,2,232,At Risk
C844,824,3,402015.9096331353,1,1,2,112,Sleeping
C845,628,5,7755.619487410957,1,2,1,121,At Risk
C846,40,5,814436.942957237,3,2,3,323,Champions
C847,35,2,9180.825650992529,3,1,1,311,Newbies
C848,91,9,617187.5931976178,3,3,2,332,Champions
C849,188,10,1085271.8619583584,2,3,3,233,At Risk
C850,7,5,12695.798702622395,3,2,1,321,Sleeping
C851,96,10,1936907.7758266474,3,3,3,333,Champions
C852,262,6,91794.6497749196,2,3,1,231,At Risk
C853,430,7,594931.4566776701,1,3,2,132,At Risk
C854,1209,3,290648.3026354096,1,1,2,112,Sleeping
C855,145,8,406532.3636690971,2,3,2,232,At Risk
C856,642,6,1490611.219921242,1,3,3,133,At Risk
C857,977,1,285.050680602194,1,1,1,111,Sleeping
C858,337,7,911393.586117777,2,3,3,233,At Risk
C859,51,7,971797.4344581708,3,3,3,333,Champions
C860,290,6,1200667.6851122784,2,3,3,233,At Risk
C861,1024,4,9617.08027967367,1,2,1,121,At Risk
C862,710,5,31218.992543341454,1,2,1,121,At Risk
C863,80,6,393135.39943433966,3,3,2,332,Champions
C864,225,5,1007719.4480298061,2,2,3,223,At Risk
C865,188,9,949573.1533589428,2,3,3,233,At Risk
C866,195,8,503311.89567179,2,3,2,232,At Risk
C867,392,7,133549.9160679512,1,3,1,131,At Risk
C868,96,6,1475707.790709121,3,3,3,333,Champions
C869,135,5,325023.04174707376,2,2,2,222,At Risk
C870,152,6,298896.2537441249,2,3,2,232,At Risk
C871,46,6,598521.9401129938,3,3,2,332,Champions
C872,126,5,831819.5119789566,3,2,3,323,Champions
C873,74,3,452861.53755290795,3,1,2,312,Newbies
C874,43,3,164637.47032172003,3,1,1,311,Newbies
C875,89,3,920131.4816712833,3,1,3,313,Newbies
C876,42,13,621810.6128046212,3,3,2,332,Champions
C877,45,4,436385.85032188636,3,2,2,322,Champions
C878,858,5,918159.743723359,1,2,3,123,At Risk
C879,111,14,1785412.1115952572,3,3,3,333,Champions
C880,253,4,593579.3075278192,2,2,2,222,At Risk
C881,796,6,761726.6998883164,1,3,3,133,At Risk
C882,52,9,1110232.4667250786,3,3,3,333,Champions
C883,167,6,206591.07869869997,2,3,1,231,At Risk
C884,1210,3,6735.131035621957,1,1,1,111,Sleeping
C885,191,10,1579476.0618908908,2,3,3,233,At Risk
C886,419,3,2552.406501924046,1,1,1,111,Sleeping
C887,310,4,377671.83417965943,2,2,2,222,At Risk
C888,589,5,659229.4436315582,1,2,2,122,At Risk
C889,500,2,51045.878628054124,1,1,1,111,Sleeping
C890,290,4,299098.6678879311,2,2,2,222,At Risk
C891,50,9,1021849.43285718,3,3,3,333,Champions
C892,81,7,598562.8376148554,3,3,2,332,Champions
C893,545,3,13756.621668319627,1,1,1,111,Sleeping
C894,68,10,624018.8409611308,3,3,2,332,Champions
C895,41,3,2102.5069923530828,3,1,1,311,Newbies
C896,155,11,753966.2087600462,2,3,3,233,At Risk
C897,226,8,1504645.8282001968,2,3,3,233,At Risk
C898,13,8,1261499.5553717087,3,3,3,333,Champions
C899,506,8,475986.9942455239,1,3,2,132,At Risk
C900,85,5,663726.2659574342,3,2,3,323,Champions
C901,98,9,799538.707399741,3,3,3,333,Champions
C902,287,3,165784.4023879382,2,1,1,211,Sleeping
C903,50,6,2047965.3551835774,3,3,3,333,Champions
C904,467,7,527067.4107738043,1,3,2,132,At Risk
C905,384,8,1284433.3661772641,1,3,3,133,At Risk
C906,224,5,615659.8346926218,2,2,2,222,At Risk
C907,301,9,717871.8109229526,2,3,3,233,At Risk
C908,1131,2,3726.8427305504324,1,1,1,111,Sleeping
C909,42,10,2260273.140701081,3,3,3,333,Champions
C910,5,2,476388.18832351273,3,1,2,312,Newbies
C911,691,4,743263.0527307031,1,2,3,123,At Risk
C912,668,3,693840.4753863718,1,1,3,113,Sleeping
C913,192,13,1377757.961407233,2,3,3,233,At Risk
C914,127,6,1315445.867208573,3,3,3,333,Champions
C915,230,9,1203577.4620762079,2,3,3,233,At Risk
C916,1184,1,3782.344435121206,1,1,1,111,Sleeping
C917,349,7,372850.0250631001,2,3,2,232,At Risk
C918,156,6,851052.2069197665,2,3,3,233,At Risk
C919,481,6,595417.6487078392,1,3,2,132,At Risk
C920,60,7,265744.6297862923,3,3,2,332,Champions
C921,515,5,405610.93670508167,1,2,2,122,At Risk
C922,349,8,1048828.1763859296,2,3,3,233,At Risk
C923,146,5,7586.606460449202,2,2,1,221,At Risk
C924,6,8,1027701.3206611135,3,3,3,333,Champions
C925,1123,1,526.0083393969253,1,1,1,111,Sleeping
C926,41,5,363006.32569400524,3,2,2,322,Champions
C927,720,8,285414.8314786501,1,3,2,132,At Risk
C928,282,4,641682.0572123089,2,2,2,222,At Risk
C929,92,5,933893.0802262095,3,2,3,323,Champions
C930,66,5,1355800.6486212788,3,2,3,323,Champions
C931,474,4,223914.079628565,1,2,1,121,At Risk
C932,749,6,155235.10256493895,1,3,1,131,At Risk
C933,432,8,362919.74440353905,1,3,2,132,At Risk
C934,112,7,512786.9979679812,3,3,2,332,Champions
C935,124,3,6817.595558303538,3,1,1,311,Newbies
C936,462,6,324648.5572733104,1,3,2,132,At Risk
C937,116,4,71019.72733779562,3,2,1,321,Sleeping
C938,47,4,645188.2230675585,3,2,2,322,Champions
C939,89,6,723433.042722755,3,3,3,333,Champions
C940,234,7,129760.77223960156,2,3,1,231,At Risk
C941,548,6,452471.6070201935,1,3,2,132,At Risk
C942,131,10,211845.48628544586,3,3,1,331,Sleeping
C943,547,2,196892.52654321064,1,1,1,111,Sleeping
C944,23,7,188183.59766595854,3,3,1,331,Sleeping
C945,45,3,531573.4340656577,3,1,2,312,Newbies
C946,183,2,282235.77222562145,2,1,2,212,Sleeping
C947,9,6,715837.8526930516,3,3,3,333,Champions
C948,279,7,1223578.2239517139,2,3,3,233,At Risk
C949,170,3,1322.919005640883,2,1,1,211,Sleeping
C950,340,7,626359.525346531,2,3,2,232,At Risk
C951,244,7,878124.811440093,2,3,3,233,At Risk
C952,1367,2,6179.613278079479,1,1,1,111,Sleeping
C953,983,4,810852.9521287635,1,2,3,123,At Risk
C954,129,7,641572.0351763824,3,3,2,332,Champions
C955,85,3,9254.633020763906,3,1,1,311,Newbies
C956,1450,3,427427.3831861146,1,1,2,112,Sleeping
C957,203,8,954345.5712450031,2,3,3,233,At Risk
C958,161,4,13085.522816021756,2,2,1,221,At Risk
C959,229,6,12689.662297212322,2,3,1,231,At Risk
C960,516,5,30066.641189601334,1,2,1,121,At Risk
C961,505,4,262327.8640963226,1,2,2,122,At Risk
C962,164,8,67108.48180262807,2,3,1,231,At Risk
C963,21,6,235884.0906943043,3,3,1,331,Sleeping
C964,413,5,780902.4519688912,1,2,3,123,At Risk
C965,169,9,185600.1523920851,2,3,1,231,At Risk
C966,648,4,275850.42741667095,1,2,2,122,At Risk
C967,150,6,567663.5225248564,2,3,2,232,At Risk
C968,711,9,1154587.5546027957,1,3,3,133,At Risk
C969,884,3,4960.814228267482,1,1,1,111,Sleeping
C970,388,3,232907.42830557888,1,1,1,111,Sleeping
C971,750,5,534891.2353929459,1,2,2,122,At Risk
C972,45,9,601659.5893516167,3,3,2,332,Champions
C973,32,8,1551927.5814236575,3,3,3,333,Champions
C974,140,5,206418.4097931654,2,2,1,221,At Risk
C975,111,9,835743.193992026,3,3,3,333,Champions
C976,137,7,447241.5355763066,2,3,2,232,At Risk
C977,81,6,1036618.8390228038,3,3,3,333,Champions
C978,230,3,164756.0010039653,2,1,1,211,Sleeping
C979,32,10,688466.6826162005,3,3,3,333,Champions
C980,1449,3,756111.2366420901,1,1,3,113,Sleeping
C981,464,4,632578.3639819429,1,2,2,122,At Risk
C982,6,5,217224.7355635901,3,2,1,321,Sleeping
C983,45,4,195613.68667105745,3,2,1,321,Sleeping
C984,66,8,612893.1564436425,3,3,2,332,Champions
C985,27,3,6280.776173447301,3,1,1,311,Newbies
C986,227,5,11585.07377948741,2,2,1,221,At Risk
C987,126,7,460097.78095992137,3,3,2,332,Champions
C988,418,4,1050602.7351120226,1,2,3,123,At Risk
C989,620,5,610207.8509283444,1,2,2,122,At Risk
C990,3,4,497821.7823089821,3,2,2,322,Champions
C991,58,5,5763.971530368003,3,2,1,321,Sleeping
C992,188,5,1027639.3800869759,2,2,3,223,At Risk
C993,86,5,860441.0029905423,3,2,3,323,Champions
C994,1124,2,1077.9423700779666,1,1,1,111,Sleeping
C995,985,3,3468.394621422636,1,1,1,111,Sleeping
C996,560,5,945662.2046414979,1,2,3,123,At Risk
C997,320,4,377858.56739293516,2,2,2,222,At Risk
C998,357,4,891968.4343632612,2,2,3,223,At Risk
C999,14,3,460929.3594369595,3,1,2,312,Newbies
